{"type":"FeatureCollection","scene_date":"2026-09-26","features":[{"type":"Feature","geometry":{"type":"Polygon","coordinates":[[[12.594457757461122,46.19116116804091],[12.594497067027676,46.190260635706814],[12.595143914466611,46.190274252617264],[12.59516356327353,46.1898239861743],[12.595810405906711,46.189837599215124],[12.59579076237243,46.19028786587081],[12.59708445958422,46.19031508140712],[12.597064826126603,46.19076534844595],[12.595771118369248,46.190738132484384],[12.595751473897149,46.191188399055875],[12.594457757461122,46.19116116804091]]]},"properties":{"ndvi_class":"dense","color":"#238b45","area_m2":17511}},{"type":"Feature","geometry":{"type":"Polygon","coordinates":[[[12.594556027858902,46.18890983688988],[12.59457568053107,46.188459570533375],[12.595222506880265,46.18847318659277],[12.595202859480343,46.18892345316205],[12.594556027858902,46.18890983688988]]]},"properties":{"ndvi_class":"sparse","color":"#c7e9c0","area_m2":2502}},{"type":"Feature","geometry":{"type":"Polygon","coordinates":[[[12.59457568053107,46.188459570533375],[12.594595332734142,46.18800930413476],[12.595888975355102,46.188036532171424],[12.595869333696287,46.1884867989955],[12.59457568053107,46.188459570533375]]]},"properties":{"ndvi_class":"bare","color":"#d9d9d9","area_m2":5003}},{"type":"Feature","geometry":{"type":"Polygon","coordinates":[[[12.595869333696287,46.1884867989955],[12.595888975355102,46.188036532171424],[12.596535797365682,46.188050140704824],[12.596516160979014,46.18850040774152],[12.595869333696287,46.1884867989955]]]},"properties":{"ndvi_class":"sparse","color":"#c7e9c0","area_m2":2502}},{"type":"Feature","geometry":{"type":"Polygon","coordinates":[[[12.60231803810031,46.189072990809336],[12.602357216441312,46.18817245295562],[12.603650870247838,46.188199593232234],[12.60367044817263,46.18774932381821],[12.604317270501554,46.187762888259485],[12.604278124729143,46.18866342746939],[12.6029844594475,46.18863629408224],[12.602964875315614,46.18908656320014],[12.60231803810031,46.189072990809336]]]},"properties":{"ndvi_class":"dense","color":"#238b45","area_m2":12508}},{"type":"Feature","geometry":{"type":"Polygon","coordinates":[[[12.596535797365682,46.188050140704824],[12.596555433283642,46.18759987362602],[12.597849068160281,46.187627079297776],[12.59782944278641,46.18807734680166],[12.596535797365682,46.188050140704824]]]},"properties":{"ndvi_class":"sparse","color":"#c7e9c0","area_m2":5003}},{"type":"Feature","geometry":{"type":"Polygon","coordinates":[[[12.599123090072393,46.188104538271894],[12.599142704902125,46.18765427034312],[12.599789523972186,46.187667860380884],[12.599769914414548,46.188118128522],[12.599123090072393,46.188104538271894]]]},"properties":{"ndvi_class":"sparse","color":"#c7e9c0","area_m2":2502}},{"type":"Feature","geometry":{"type":"Polygon","coordinates":[[[12.603004043111918,46.18818602492228],[12.603023626308888,46.18773575572027],[12.60367044817263,46.18774932381821],[12.603650870247838,46.188199593232234],[12.603004043111918,46.18818602492228]]]},"properties":{"ndvi_class":"moderate","color":"#74c476","area_m2":2502}},{"type":"Feature","geometry":{"type":"Polygon","coordinates":[[[12.603023626308888,46.18773575572027],[12.603043209038418,46.187285486476185],[12.603690025630113,46.18729905436213],[12.60367044817263,46.18774932381821],[12.603023626308888,46.18773575572027]]]},"properties":{"ndvi_class":"sparse","color":"#c7e9c0","area_m2":2502}},{"type":"Feature","geometry":{"type":"Polygon","coordinates":[[[12.60367044817263,46.18774932381821],[12.603690025630113,46.18729905436213],[12.604336842686973,46.18731261859146],[12.604317270501554,46.187762888259485],[12.60367044817263,46.18774932381821]]]},"properties":{"ndvi_class":"moderate","color":"#74c476","area_m2":2502}},{"type":"Feature","geometry":{"type":"Polygon","coordinates":[[[12.604317270501554,46.187762888259485],[12.604336842686973,46.18731261859146],[12.604983660208868,46.18732617916419],[12.604964093295528,46.1877764490441],[12.604317270501554,46.187762888259485]]]},"properties":{"ndvi_class":"dense","color":"#238b45","area_m2":2502}},{"type":"Feature","geometry":{"type":"Polygon","coordinates":[[[12.60753184282798,46.18828092630065],[12.607570934944329,46.187380384888854],[12.60821775478954,46.187393927178434],[12.608237294875872,46.18694365619788],[12.609530925414951,46.186970729384036],[12.609511395872701,46.18742100078762],[12.60819821423679,46.18784419811695],[12.608178673217607,46.188294469013435],[12.60753184282798,46.18828092630065]]]},"properties":{"ndvi_class":"dense","color":"#238b45","area_m2":12508}},{"type":"Feature","geometry":{"type":"Polygon","coordinates":[[[12.603043209038418,46.187285486476185],[12.603062791300527,46.18683521719005],[12.603709602620299,46.18684878486398],[12.603690025630113,46.18729905436213],[12.603043209038418,46.187285486476185]]]},"properties":{"ndvi_class":"moderate","color":"#74c476","area_m2":2502}},{"type":"Feature","geometry":{"type":"Polygon","coordinates":[[[12.603690025630113,46.18729905436213],[12.603709602620299,46.18684878486398],[12.604356414405219,46.186862348881384],[12.604336842686973,46.18731261859146],[12.603690025630113,46.18729905436213]]]},"properties":{"ndvi_class":"sparse","color":"#c7e9c0","area_m2":2502}},{"type":"Feature","geometry":{"type":"Polygon","coordinates":[[[12.605630478195677,46.187339736080304],[12.605650039370007,46.18688946594649],[12.606963216357594,46.186466297786026],[12.606924115563533,46.18736683894264],[12.605630478195677,46.187339736080304]]]},"properties":{"ndvi_class":"dense","color":"#238b45","area_m2":7505}},{"type":"Feature","geometry":{"type":"Polygon","coordinates":[[[12.603709602620299,46.18684878486398],[12.603729179143198,46.186398515323795],[12.604375985656306,46.18641207912924],[12.604356414405219,46.186862348881384],[12.603709602620299,46.18684878486398]]]},"properties":{"ndvi_class":"moderate","color":"#74c476","area_m2":2502}},{"type":"Feature","geometry":{"type":"Polygon","coordinates":[[[12.604356414405219,46.186862348881384],[12.604375985656306,46.18641207912924],[12.60566960007743,46.186439195770646],[12.605650039370007,46.18688946594649],[12.604356414405219,46.186862348881384]]]},"properties":{"ndvi_class":"sparse","color":"#c7e9c0","area_m2":5003}},{"type":"Feature","geometry":{"type":"Polygon","coordinates":[[[12.605650039370007,46.18688946594649],[12.60566960007743,46.186439195770646],[12.606316407985194,46.18645274860659],[12.606296852549624,46.1869030189942],[12.605650039370007,46.18688946594649]]]},"properties":{"ndvi_class":"moderate","color":"#74c476","area_m2":2502}},{"type":"Feature","geometry":{"type":"Polygon","coordinates":[[[12.604375985656306,46.18641207912924],[12.605061923191908,46.185525099224016],[12.605708720091608,46.18553865529283],[12.60566960007743,46.186439195770646],[12.604375985656306,46.18641207912924]]]},"properties":{"ndvi_class":"moderate","color":"#74c476","area_m2":7505}},{"type":"Feature","geometry":{"type":"Polygon","coordinates":[[[12.60896224450787,46.1851561094306],[12.609001309007734,46.18425556658412],[12.610294877215603,46.18428262991969],[12.610255833801196,46.18518317361193],[12.60896224450787,46.1851561094306]]]},"properties":{"ndvi_class":"moderate","color":"#74c476","area_m2":10006}},{"type":"Feature","geometry":{"type":"Polygon","coordinates":[[[12.603062791300527,46.18683521719005],[12.603141115675005,46.18503413962493],[12.603787905908336,46.1850477064509],[12.60380748056224,46.18459743674248],[12.605101051881425,46.184624559001655],[12.605140178703087,46.183724018611116],[12.605786954517688,46.18373757383267],[12.605708720091608,46.18553865529283],[12.605061923191908,46.185525099224016],[12.605042358146669,46.18597536927214],[12.604395556440252,46.18596180933506],[12.603709602620299,46.18684878486398],[12.603062791300527,46.18683521719005]]]},"properties":{"ndvi_class":"dense","color":"#238b45","area_m2":37524}},{"type":"Feature","geometry":{"type":"Polygon","coordinates":[[[12.60566960007743,46.186439195770646],[12.605747838238324,46.18463811464683],[12.60639462505993,46.18465166663573],[12.606433730796969,46.18375112539806],[12.607080507540799,46.18376467330729],[12.607002315285085,46.18556575646125],[12.606355517456041,46.185552207705236],[12.606316407985194,46.18645274860659],[12.60566960007743,46.186439195770646]]]},"properties":{"ndvi_class":"sparse","color":"#c7e9c0","area_m2":20013}},{"type":"Feature","geometry":{"type":"Polygon","coordinates":[[[12.614822380546823,46.18437723642127],[12.614841864656436,46.18392696303387],[12.615488647428087,46.18394046341219],[12.615469168589764,46.18439073701056],[12.614822380546823,46.18437723642127]]]},"properties":{"ndvi_class":"moderate","color":"#74c476","area_m2":2502}},{"type":"Feature","geometry":{"type":"Polygon","coordinates":[[[12.612901519119555,46.1838864399613],[12.612921018577536,46.1834361671651],[12.613567794688901,46.18344967830107],[12.613548300502048,46.18389995130841],[12.612901519119555,46.1838864399613]]]},"properties":{"ndvi_class":"moderate","color":"#74c476","area_m2":2502}},{"type":"Feature","geometry":{"type":"Polygon","coordinates":[[[12.606433730796969,46.18375112539806],[12.606472834667265,46.18285058399224],[12.607119600869247,46.18286413147809],[12.607080507540799,46.18376467330729],[12.606433730796969,46.18375112539806]]]},"properties":{"ndvi_class":"bare","color":"#d9d9d9","area_m2":5003}},{"type":"Feature","geometry":{"type":"Polygon","coordinates":[[[12.612921018577536,46.1834361671651],[12.6129405175701,46.182985894326876],[12.613587288410464,46.18299940525175],[12.613567794688901,46.18344967830107],[12.612921018577536,46.1834361671651]]]},"properties":{"ndvi_class":"dense","color":"#238b45","area_m2":2502}},{"type":"Feature","geometry":{"type":"Polygon","coordinates":[[[12.5938108999436,46.19114754704788],[12.593830560234322,46.19069728111471],[12.592536857146568,46.19067002858347],[12.592556527513427,46.19021976303404],[12.59385022005575,46.19024701513945],[12.593869879407903,46.18979674912207],[12.595183211611436,46.189373719689215],[12.595222506880265,46.18847318659277],[12.596516160979014,46.18850040774152],[12.596535797365682,46.188050140704824],[12.602357216441312,46.18817245295562],[12.60231803810031,46.189072990809336],[12.602964875315614,46.18908656320014],[12.6029844594475,46.18863629408224],[12.604278124729143,46.18866342746939],[12.604317270501554,46.187762888259485],[12.604964093295528,46.1877764490441],[12.604356414405219,46.186862348881384],[12.606924115563533,46.18736683894264],[12.606355517456041,46.185552207705236],[12.607002315285085,46.18556575646125],[12.607139146833664,46.182413860500446],[12.607785908229292,46.1824274041186],[12.607746826375553,46.183327946455115],[12.6083935987771,46.18334148684039],[12.608354525599838,46.18424202943194],[12.607707742656133,46.18422848862351],[12.607649113578608,46.18557930156084],[12.608942711558608,46.185606380790794],[12.608923178143108,46.18605665210898],[12.609569983101002,46.1860701864508],[12.609530925414951,46.186970729384036],[12.608237294875872,46.18694365619788],[12.60821775478954,46.187393927178434],[12.607570934944329,46.187380384888854],[12.607512296069954,46.18873119694349],[12.606218626139393,46.188704100124255],[12.606199068369776,46.189154370301665],[12.605552228829007,46.18914081619505],[12.60418025212164,46.19091477475825],[12.60159281796626,46.19086048911587],[12.601612414513955,46.19041022059044],[12.59579076237243,46.19028786587081],[12.595810405906711,46.189837599215124],[12.59516356327353,46.1898239861743],[12.595143914466611,46.190274252617264],[12.594497067027676,46.190260635706814],[12.594457757461122,46.19116116804091],[12.5938108999436,46.19114754704788]]]},"properties":{"ndvi_class":"moderate","color":"#74c476","area_m2":302697}},{"type":"Feature","geometry":{"type":"Polygon","coordinates":[[[12.603141115675005,46.18503413962493],[12.603199854048599,46.18368333100949],[12.605806511957148,46.183287303362526],[12.60584562543569,46.18238676229611],[12.60649238590242,46.18240031322628],[12.60639462505993,46.18465166663573],[12.605747838238324,46.18463811464683],[12.605786954517688,46.18373757383267],[12.605140178703087,46.183724018611116],[12.605101051881425,46.184624559001655],[12.60380748056224,46.18459743674248],[12.603787905908336,46.1850477064509],[12.603141115675005,46.18503413962493]]]},"properties":{"ndvi_class":"moderate","color":"#74c476","area_m2":35023}},{"type":"Feature","geometry":{"type":"Polygon","coordinates":[[[12.610353438842658,46.18293181406618],[12.610372958453183,46.18248154203098],[12.611019722168873,46.182495067368976],[12.611000207829168,46.18294533961552],[12.610353438842658,46.18293181406618]]]},"properties":{"ndvi_class":"moderate","color":"#74c476","area_m2":2502}},{"type":"Feature","geometry":{"type":"Polygon","coordinates":[[[12.620074462813584,46.18268403821259],[12.620093902896361,46.182233762971286],[12.621387434130568,46.182260699887294],[12.621368004589604,46.1827109755495],[12.620074462813584,46.18268403821259]]]},"properties":{"ndvi_class":"moderate","color":"#74c476","area_m2":5003}},{"type":"Feature","geometry":{"type":"Polygon","coordinates":[[[12.621387434130568,46.182260699887294],[12.621406863207788,46.18181042418313],[12.622053624246591,46.181823886946624],[12.62203420044017,46.18227416286114],[12.621387434130568,46.182260699887294]]]},"properties":{"ndvi_class":"moderate","color":"#74c476","area_m2":2502}},{"type":"Feature","geometry":{"type":"Polygon","coordinates":[[[12.606511936670934,46.181950042418265],[12.606551036808083,46.181049500676124],[12.607197781927868,46.18106304731527],[12.607158692331565,46.181963589480745],[12.606511936670934,46.181950042418265]]]},"properties":{"ndvi_class":"moderate","color":"#74c476","area_m2":5003}},{"type":"Feature","geometry":{"type":"Polygon","coordinates":[[[12.620093902896361,46.182233762971286],[12.620779536514751,46.181346682227904],[12.622073047589405,46.18137361099015],[12.621387434130568,46.182260699887294],[12.620093902896361,46.182233762971286]]]},"properties":{"ndvi_class":"dense","color":"#238b45","area_m2":10006}},{"type":"Feature","geometry":{"type":"Polygon","coordinates":[[[12.622053624246591,46.181823886946624],[12.622073047589405,46.18137361099015],[12.623366560509945,46.18140052512841],[12.623347147708525,46.18185080150544],[12.622053624246591,46.181823886946624]]]},"properties":{"ndvi_class":"moderate","color":"#74c476","area_m2":5003}},{"type":"Feature","geometry":{"type":"Polygon","coordinates":[[[12.606472834667265,46.18285058399224],[12.606511936670934,46.181950042418265],[12.607158692331565,46.181963589480745],[12.607217326026296,46.180612776169475],[12.607864066340175,46.180626318941165],[12.607785908229292,46.1824274041186],[12.606472834667265,46.18285058399224]]]},"properties":{"ndvi_class":"sparse","color":"#c7e9c0","area_m2":15010}},{"type":"Feature","geometry":{"type":"Polygon","coordinates":[[[12.602592247214785,46.18276922230015],[12.602631412465975,46.181868683268725],[12.60198466005945,46.18185511061477],[12.602043420241692,46.180504302388414],[12.60269015683742,46.18051787440616],[12.602650994390489,46.18141841368993],[12.604591238589787,46.181459109080485],[12.604571672476528,46.181909379295156],[12.603278165337745,46.18188225226678],[12.60323901062774,46.18278279172226],[12.602592247214785,46.18276922230015]]]},"properties":{"ndvi_class":"moderate","color":"#74c476","area_m2":20013}},{"type":"Feature","geometry":{"type":"Polygon","coordinates":[[[12.614900314195015,46.18257614261967],[12.614292522274779,46.181662092487294],[12.614939278228986,46.181675595466906],[12.61497824040302,46.18077504814617],[12.616271732617962,46.18080204229385],[12.616252262304274,46.181252316397014],[12.615605510695021,46.18123882094023],[12.615547081153542,46.18258964236518],[12.614900314195015,46.18257614261967]]]},"properties":{"ndvi_class":"dense","color":"#238b45","area_m2":15010}},{"type":"Feature","geometry":{"type":"Polygon","coordinates":[[[12.607903142597536,46.17972577610026],[12.607922680026746,46.17927550461677],[12.608569404994796,46.179289043098024],[12.608549872835471,46.17973931479306],[12.607903142597536,46.17972577610026]]]},"properties":{"ndvi_class":"sparse","color":"#c7e9c0","area_m2":2502}},{"type":"Feature","geometry":{"type":"Polygon","coordinates":[[[12.607922680026746,46.17927550461677],[12.607942216989658,46.17882523309124],[12.608588936687948,46.17883877136095],[12.608569404994796,46.179289043098024],[12.607922680026746,46.17927550461677]]]},"properties":{"ndvi_class":"bare","color":"#d9d9d9","area_m2":2502}},{"type":"Feature","geometry":{"type":"Polygon","coordinates":[[[12.608569404994796,46.179289043098024],[12.608588936687948,46.17883877136095],[12.609235656850265,46.17885230597509],[12.609216130426887,46.17930257792366],[12.608569404994796,46.179289043098024]]]},"properties":{"ndvi_class":"moderate","color":"#74c476","area_m2":2502}},{"type":"Feature","geometry":{"type":"Polygon","coordinates":[[[12.620210533649628,46.17953211064228],[12.620249406855942,46.17863155953022],[12.621542853764677,46.17865849307921],[12.620857267413092,46.17954557966551],[12.620210533649628,46.17953211064228]]]},"properties":{"ndvi_class":"moderate","color":"#74c476","area_m2":7505}},{"type":"Feature","geometry":{"type":"Polygon","coordinates":[[[12.598888190006384,46.17863531348449],[12.598907800276471,46.178185044884444],[12.599554508195824,46.17819863411905],[12.599534903195183,46.17864890293143],[12.598888190006384,46.17863531348449]]]},"properties":{"ndvi_class":"dense","color":"#238b45","area_m2":2502}},{"type":"Feature","geometry":{"type":"Polygon","coordinates":[[[12.607942216989658,46.17882523309124],[12.60796175348629,46.17837496152369],[12.60925518280761,46.17840203398454],[12.609235656850265,46.17885230597509],[12.607942216989658,46.17882523309124]]]},"properties":{"ndvi_class":"sparse","color":"#c7e9c0","area_m2":5003}},{"type":"Feature","geometry":{"type":"Polygon","coordinates":[[[12.630577681708333,46.17929689742428],[12.630597033759566,46.178846618486844],[12.631243764354368,46.17886002859813],[12.631224417573247,46.1793103077451],[12.630577681708333,46.17929689742428]]]},"properties":{"ndvi_class":"dense","color":"#238b45","area_m2":2502}},{"type":"Feature","geometry":{"type":"Polygon","coordinates":[[[12.622073047589405,46.18137361099015],[12.62209247046863,46.180923334991725],[12.622739221427663,46.18093679367855],[12.622778055254644,46.180036241135234],[12.624052131333894,46.18051342341328],[12.624090943152929,46.17961286994524],[12.625384416677038,46.179639760466664],[12.625403811351593,46.17918948324954],[12.62734400928296,46.17922979098333],[12.627382765623658,46.17832923516365],[12.628656844734264,46.17880636621858],[12.628637476872768,46.179256644527044],[12.627990742847723,46.17924321958308],[12.627951995197423,46.180143775654706],[12.62730525109219,46.180130346635295],[12.627285871302993,46.18058062439838],[12.625992373933142,46.180553754972095],[12.625306833349613,46.18144086891573],[12.622073047589405,46.18137361099015]]]},"properties":{"ndvi_class":"dense","color":"#238b45","area_m2":72547}},{"type":"Feature","geometry":{"type":"Polygon","coordinates":[[[12.611822542137299,46.17890640787587],[12.612508263370275,46.178019378075845],[12.613801688642432,46.17804639893699],[12.613782200038155,46.17849667244834],[12.614428918638433,46.178510177606675],[12.614409434838775,46.17896045128703],[12.611822542137299,46.17890640787587]]]},"properties":{"ndvi_class":"sparse","color":"#c7e9c0","area_m2":15010}},{"type":"Feature","geometry":{"type":"Polygon","coordinates":[[[12.64157225384004,46.17952437568433],[12.641610778295188,46.17862381065869],[12.642257511416688,46.17863715841278],[12.642218997502106,46.17953772385555],[12.64157225384004,46.17952437568433]]]},"properties":{"ndvi_class":"moderate","color":"#74c476","area_m2":5003}},{"type":"Feature","geometry":{"type":"Polygon","coordinates":[[[12.60925518280761,46.17840203398454],[12.609274708298939,46.17795176195193],[12.609921418385955,46.17796529248766],[12.609901898164164,46.17841556473168],[12.60925518280761,46.17840203398454]]]},"properties":{"ndvi_class":"bare","color":"#d9d9d9","area_m2":2502}},{"type":"Feature","geometry":{"type":"Polygon","coordinates":[[[12.609901898164164,46.17841556473168],[12.609921418385955,46.17796529248766],[12.611861551429007,46.178005862162024],[12.61184204701591,46.17845613503996],[12.609901898164164,46.17841556473168]]]},"properties":{"ndvi_class":"sparse","color":"#c7e9c0","area_m2":7505}},{"type":"Feature","geometry":{"type":"Polygon","coordinates":[[[12.61184204701591,46.17845613503996],[12.611861551429007,46.178005862162024],[12.612508263370275,46.178019378075845],[12.61248876422677,46.178469651164974],[12.61184204701591,46.17845613503996]]]},"properties":{"ndvi_class":"bare","color":"#d9d9d9","area_m2":2502}},{"type":"Feature","geometry":{"type":"Polygon","coordinates":[[[12.613782200038155,46.17849667244834],[12.613801688642432,46.17804639893699],[12.614448401973076,46.17805990388431],[12.614428918638433,46.178510177606675],[12.613782200038155,46.17849667244834]]]},"properties":{"ndvi_class":"bare","color":"#d9d9d9","area_m2":2502}},{"type":"Feature","geometry":{"type":"Polygon","coordinates":[[[12.614428918638433,46.178510177606675],[12.614448401973076,46.17805990388431],[12.615095115766595,46.178073405176114],[12.615075637701597,46.17852367910944],[12.614428918638433,46.178510177606675]]]},"properties":{"ndvi_class":"sparse","color":"#c7e9c0","area_m2":2502}},{"type":"Feature","geometry":{"type":"Polygon","coordinates":[[[12.62801011597928,46.17879294148438],[12.628029488648457,46.17834266334375],[12.628676212133506,46.17835608786819],[12.628656844734264,46.17880636621858],[12.62801011597928,46.17879294148438]]]},"properties":{"ndvi_class":"moderate","color":"#74c476","area_m2":2502}},{"type":"Feature","geometry":{"type":"Polygon","coordinates":[[[12.628656844734264,46.17880636621858],[12.628676212133506,46.17835608786819],[12.629989016881211,46.177932647138384],[12.629950303624533,46.178833204719815],[12.628656844734264,46.17880636621858]]]},"properties":{"ndvi_class":"dense","color":"#238b45","area_m2":7505}},{"type":"Feature","geometry":{"type":"Polygon","coordinates":[[[12.609274708298939,46.17795176195193],[12.609294233324265,46.177501489877294],[12.612527762048401,46.177569104944695],[12.612508263370275,46.178019378075845],[12.609274708298939,46.17795176195193]]]},"properties":{"ndvi_class":"moderate","color":"#74c476","area_m2":12508}},{"type":"Feature","geometry":{"type":"Polygon","coordinates":[[[12.613801688642432,46.17804639893699],[12.613821176781585,46.17759612538365],[12.615114593366714,46.17762313120079],[12.615095115766595,46.178073405176114],[12.613801688642432,46.17804639893699]]]},"properties":{"ndvi_class":"moderate","color":"#74c476","area_m2":5003}},{"type":"Feature","geometry":{"type":"Polygon","coordinates":[[[12.62542320556325,46.178739205990496],[12.625442599312027,46.17828892868951],[12.624795878129488,46.17827548588685],[12.62481527668514,46.17782520875396],[12.626108708971476,46.177852090283594],[12.62606993247642,46.178752645347515],[12.62542320556325,46.178739205990496]]]},"properties":{"ndvi_class":"dense","color":"#238b45","area_m2":7505}},{"type":"Feature","geometry":{"type":"Polygon","coordinates":[[[12.628029488648457,46.17834266334375],[12.628048860855268,46.17789238516119],[12.62869557907051,46.17790580947587],[12.628676212133506,46.17835608786819],[12.628029488648457,46.17834266334375]]]},"properties":{"ndvi_class":"dense","color":"#238b45","area_m2":2502}},{"type":"Feature","geometry":{"type":"Polygon","coordinates":[[[12.64096404563132,46.178610459248794],[12.640983312439372,46.17816017688181],[12.641630039833162,46.17817352808309],[12.641610778295188,46.17862381065869],[12.64096404563132,46.178610459248794]]]},"properties":{"ndvi_class":"moderate","color":"#74c476","area_m2":2502}},{"type":"Feature","geometry":{"type":"Polygon","coordinates":[[[12.642904244995693,46.178650502511076],[12.642923495993465,46.17820021951839],[12.643570224759724,46.17821355975243],[12.643550979032074,46.17866384295354],[12.642904244995693,46.178650502511076]]]},"properties":{"ndvi_class":"moderate","color":"#74c476","area_m2":2502}},{"type":"Feature","geometry":{"type":"Polygon","coordinates":[[[12.615095115766595,46.178073405176114],[12.615114593366714,46.17762313120079],[12.61642747839922,46.17719984795703],[12.616388544741756,46.17810039679316],[12.615095115766595,46.178073405176114]]]},"properties":{"ndvi_class":"sparse","color":"#c7e9c0","area_m2":7505}},{"type":"Feature","geometry":{"type":"Polygon","coordinates":[[[12.612274242929464,46.183422652372926],[12.612313250991038,46.18252210707682],[12.613606781666753,46.1825491321604],[12.61368475003941,46.18074803937505],[12.614331494989736,46.18076154558853],[12.614389950574092,46.179410724925404],[12.610509582682692,46.17932963660801],[12.610529098566477,46.178879364236664],[12.609235656850265,46.17885230597509],[12.60925518280761,46.17840203398454],[12.614409434838775,46.17896045128703],[12.615095115766595,46.178073405176114],[12.616388544741756,46.17810039679316],[12.61644694453105,46.176749573475995],[12.617093643904132,46.176763063168856],[12.61695740811214,46.179914985129976],[12.617604144835473,46.179928472642615],[12.617565226683237,46.18082902181803],[12.616918479419372,46.18081553388387],[12.61684061645876,46.1826166308879],[12.616193848574833,46.182603138454596],[12.616174376402181,46.1830534123898],[12.614234059713981,46.183012912520475],[12.614214571263432,46.183463185780866],[12.613567794688901,46.18344967830107],[12.613587288410464,46.18299940525175],[12.612274242929464,46.183422652372926]],[[12.614900314195015,46.18257614261967],[12.615547081153542,46.18258964236518],[12.615605510695021,46.18123882094023],[12.616252262304274,46.181252316397014],[12.616271732617962,46.18080204229385],[12.61497824040302,46.18077504814617],[12.614939278228986,46.181675595466906],[12.614292522274779,46.181662092487294],[12.614900314195015,46.18257614261967]]]},"properties":{"ndvi_class":"moderate","color":"#74c476","area_m2":150097}},{"type":"Feature","geometry":{"type":"Polygon","coordinates":[[[12.633850016568013,46.17846335245923],[12.633907989518493,46.17711251212847],[12.634554701330778,46.17712590312395],[12.635162786508591,46.178039851563156],[12.633850016568013,46.17846335245923]]]},"properties":{"ndvi_class":"dense","color":"#238b45","area_m2":10006}},{"type":"Feature","geometry":{"type":"Polygon","coordinates":[[[12.626755425805625,46.177865525565046],[12.62679418991061,46.176964969913556],[12.628087603881852,46.176991828670324],[12.627402143100264,46.17787895719093],[12.626755425805625,46.177865525565046]]]},"properties":{"ndvi_class":"dense","color":"#238b45","area_m2":7505}},{"type":"Feature","geometry":{"type":"Polygon","coordinates":[[[12.631909836458176,46.17842315565529],[12.631301801927277,46.17750919090573],[12.63261456727131,46.177085719170854],[12.633222619453402,46.17799967732123],[12.631909836458176,46.17842315565529]]]},"properties":{"ndvi_class":"dense","color":"#238b45","area_m2":12508}},{"type":"Feature","geometry":{"type":"Polygon","coordinates":[[[12.609960457431919,46.17706474787355],[12.609979976256117,46.176614475503484],[12.610626670998982,46.17662800174968],[12.610607157443958,46.17707827433111],[12.609960457431919,46.17706474787355]]]},"properties":{"ndvi_class":"very_dense","color":"#00441b","area_m2":2502}},{"type":"Feature","geometry":{"type":"Polygon","coordinates":[[[12.630008372816583,46.1774823682848],[12.63002772828999,46.177032089389314],[12.630674437345876,46.177045502317974],[12.630655087142067,46.177495781423055],[12.630008372816583,46.1774823682848]]]},"properties":{"ndvi_class":"dense","color":"#238b45","area_m2":2502}},{"type":"Feature","geometry":{"type":"Polygon","coordinates":[[[12.636456233506582,46.17806661611276],[12.636475536744099,46.177616335165844],[12.63582881828558,46.177602954927956],[12.63584812633211,46.17715267414826],[12.637141553168297,46.1771794305503],[12.637122255661222,46.17762971174809],[12.637768975036819,46.1776430846747],[12.637749682339035,46.17809336603959],[12.636456233506582,46.17806661611276]]]},"properties":{"ndvi_class":"dense","color":"#238b45","area_m2":10006}},{"type":"Feature","geometry":{"type":"Polygon","coordinates":[[[12.607805448456567,46.18197713288727],[12.607864066340175,46.180626318941165],[12.607217326026296,46.180612776169475],[12.607315039521774,46.17836141981],[12.606021612985657,46.17833432541617],[12.606041164824468,46.17788405444152],[12.6047477506853,46.17785694584932],[12.604767312596126,46.17740667525621],[12.604120611492904,46.17739311568886],[12.60414017820604,46.176942845265565],[12.604786874040085,46.176956404621045],[12.604825995527452,46.1760558632246],[12.606119367513543,46.176082970122536],[12.606099817541171,46.17653324126534],[12.607373662022226,46.1770106054899],[12.607981289516653,46.17792468991409],[12.609274708298939,46.17795176195193],[12.60925518280761,46.17840203398454],[12.60796175348629,46.17837496152369],[12.607903142597536,46.17972577610026],[12.608549872835471,46.17973931479306],[12.608452205045822,46.18199067263784],[12.607805448456567,46.18197713288727]]]},"properties":{"ndvi_class":"moderate","color":"#74c476","area_m2":75049}},{"type":"Feature","geometry":{"type":"Polygon","coordinates":[[[12.598986236676707,46.17638397006347],[12.599005844606808,46.17593370125304],[12.59965252618083,46.17594728942602],[12.599632923519543,46.17639755844878],[12.598986236676707,46.17638397006347]]]},"properties":{"ndvi_class":"dense","color":"#238b45","area_m2":2502}},{"type":"Feature","geometry":{"type":"Polygon","coordinates":[[[12.606099817541171,46.17653324126534],[12.606119367513543,46.176082970122536],[12.606766054203316,46.17609651808871],[12.606746509499914,46.1765467894432],[12.606099817541171,46.17653324126534]]]},"properties":{"ndvi_class":"dense","color":"#238b45","area_m2":2502}},{"type":"Feature","geometry":{"type":"Polygon","coordinates":[[[12.606746509499914,46.1765467894432],[12.606766054203316,46.17609651808871],[12.607412741357411,46.17611006239968],[12.607393201922987,46.1765603339658],[12.606746509499914,46.1765467894432]]]},"properties":{"ndvi_class":"very_dense","color":"#00441b","area_m2":2502}},{"type":"Feature","geometry":{"type":"Polygon","coordinates":[[[12.631321146861476,46.17705891159113],[12.631340491333978,46.176608632234604],[12.631987196039663,46.17662203764277],[12.631967856836662,46.177072317208754],[12.631321146861476,46.17705891159113]]]},"properties":{"ndvi_class":"dense","color":"#238b45","area_m2":2502}},{"type":"Feature","geometry":{"type":"Polygon","coordinates":[[[12.624854072407521,46.17692465436238],[12.624892866278097,46.17602409980304],[12.625539561113188,46.17603754155548],[12.625500777781214,46.1769380965349],[12.624854072407521,46.17692465436238]]]},"properties":{"ndvi_class":"dense","color":"#238b45","area_m2":5003}},{"type":"Feature","geometry":{"type":"Polygon","coordinates":[[[12.606119367513543,46.176082970122536],[12.606138917019337,46.17563269893769],[12.60678559844027,46.175646246692175],[12.606766054203316,46.17609651808871],[12.606119367513543,46.176082970122536]]]},"properties":{"ndvi_class":"very_dense","color":"#00441b","area_m2":2502}},{"type":"Feature","geometry":{"type":"Polygon","coordinates":[[[12.61644694453105,46.176749573475995],[12.616505340139105,46.175398749780975],[12.617152023705003,46.17541223884151],[12.617093643904132,46.176763063168856],[12.61644694453105,46.176749573475995]]]},"properties":{"ndvi_class":"sparse","color":"#c7e9c0","area_m2":7505}},{"type":"Feature","geometry":{"type":"Polygon","coordinates":[[[12.603199854048599,46.18368333100949],[12.603278165337745,46.18188225226678],[12.604571672476528,46.181909379295156],[12.604591238589787,46.181459109080485],[12.602650994390489,46.18141841368993],[12.60269015683742,46.18051787440616],[12.602043420241692,46.180504302388414],[12.602102176216732,46.1791534937835],[12.604042339970293,46.179194196961504],[12.604022770922054,46.17964446717454],[12.605316226288831,46.17967158477239],[12.605355342839271,46.17877104345684],[12.602768476123305,46.17871679533392],[12.602200093493483,46.17690214526742],[12.601553399519572,46.1768885712908],[12.601572986841795,46.17643830167351],[12.600279610828087,46.176411143178875],[12.600299208220543,46.17596087394386],[12.59965252618083,46.17594728942602],[12.599691730099922,46.17504675125427],[12.601631746003713,46.17508749256921],[12.602239257132593,46.17600160556656],[12.602885941033831,46.17601517546382],[12.602905516883627,46.17556490533827],[12.603552195981159,46.17557847136839],[12.603532625400135,46.17602874170592],[12.604825995527452,46.1760558632246],[12.604786874040085,46.176956404621045],[12.60414017820604,46.176942845265565],[12.604120611492904,46.17739311568886],[12.604767312596126,46.17740667525621],[12.6047477506853,46.17785694584932],[12.606041164824468,46.17788405444152],[12.606021612985657,46.17833432541617],[12.607315039521774,46.17836141981],[12.607197781927868,46.18106304731527],[12.606551036808083,46.181049500676124],[12.60649238590242,46.18240031322628],[12.60584562543569,46.18238676229611],[12.605806511957148,46.183287303362526],[12.603199854048599,46.18368333100949]]]},"properties":{"ndvi_class":"dense","color":"#238b45","area_m2":237654}},{"type":"Feature","geometry":{"type":"Polygon","coordinates":[[[12.610019012507015,46.17571393063727],[12.610038529933744,46.175263658141134],[12.611331888269474,46.17529070571033],[12.611312381380356,46.17574097862907],[12.610019012507015,46.17571393063727]]]},"properties":{"ndvi_class":"moderate","color":"#74c476","area_m2":5003}},{"type":"Feature","geometry":{"type":"Polygon","coordinates":[[[12.628126345059142,46.176091272011746],[12.628145714954334,46.17564099361959],[12.628792406822415,46.1756544168855],[12.628773042196404,46.1761046954874],[12.628126345059142,46.176091272011746]]]},"properties":{"ndvi_class":"dense","color":"#238b45","area_m2":2502}},{"type":"Feature","geometry":{"type":"Polygon","coordinates":[[[12.630066437850981,46.17613153147258],[12.630085791938587,46.17568125245135],[12.63073248518643,46.175694664751276],[12.630713136368046,46.176144943982074],[12.630066437850981,46.17613153147258]]]},"properties":{"ndvi_class":"dense","color":"#238b45","area_m2":2502}},{"type":"Feature","geometry":{"type":"Polygon","coordinates":[[[12.632653234676852,46.17618515957817],[12.632672567687488,46.17573487971899],[12.633319262773268,46.175748277397496],[12.633299935031909,46.17619855746604],[12.632653234676852,46.17618515957817]]]},"properties":{"ndvi_class":"dense","color":"#238b45","area_m2":2502}},{"type":"Feature","geometry":{"type":"Polygon","coordinates":[[[12.609530925414951,46.186970729384036],[12.609569983101002,46.1860701864508],[12.608923178143108,46.18605665210898],[12.608942711558608,46.185606380790794],[12.607649113578608,46.18557930156084],[12.607707742656133,46.18422848862351],[12.608354525599838,46.18424202943194],[12.6083935987771,46.18334148684039],[12.607746826375553,46.183327946455115],[12.607805448456567,46.18197713288727],[12.608452205045822,46.18199067263784],[12.608569404994796,46.179289043098024],[12.609216130426887,46.17930257792366],[12.609235656850265,46.17885230597509],[12.610529098566477,46.178879364236664],[12.610509582682692,46.17932963660801],[12.614389950574092,46.179410724925404],[12.614331494989736,46.18076154558853],[12.61368475003941,46.18074803937505],[12.613606781666753,46.1825491321604],[12.612313250991038,46.18252210707682],[12.612274242929464,46.183422652372926],[12.613548300502048,46.18389995130841],[12.614234059713981,46.183012912520475],[12.616174376402181,46.1830534123898],[12.616193848574833,46.182603138454596],[12.61684061645876,46.1826166308879],[12.616918479419372,46.18081553388387],[12.617565226683237,46.18082902181803],[12.617604144835473,46.179928472642615],[12.61695740811214,46.179914985129976],[12.617093643904132,46.176763063168856],[12.61774034373955,46.17677654920635],[12.617779253532957,46.17587599927532],[12.619072633513664,46.17590295954164],[12.619111520374227,46.17500240860019],[12.621051562195822,46.17504282032214],[12.621012706948909,46.1759433725265],[12.62230609154707,46.175970296239946],[12.622286673766434,46.17642057269988],[12.62358007074821,46.17644748221254],[12.623560663042767,46.17689775905099],[12.622267255522354,46.17687084911787],[12.622247836814825,46.17732112549388],[12.619014299742389,46.177253785639024],[12.618994854223793,46.177704060920874],[12.622228417643829,46.177771401827954],[12.62218957791138,46.17867195437025],[12.622836302519472,46.17868541200563],[12.6221507363249,46.1795725067447],[12.620857267413092,46.17954557966551],[12.620798969935064,46.18089640665025],[12.620152220360783,46.18088293699562],[12.62019109635061,46.17998238613536],[12.61825088202111,46.17994195649948],[12.618153609509422,46.18219333017664],[12.620093902896361,46.182233762971286],[12.620055022266797,46.18313431341191],[12.618761471796319,46.183107361029286],[12.618742020243252,46.18355763576549],[12.616801682190694,46.18351717913799],[12.616782214359674,46.18396745320006],[12.614841864656436,46.18392696303387],[12.614822380546823,46.18437723642127],[12.613528805849887,46.18435022427375],[12.612843017952981,46.18523725809793],[12.612196221219705,46.185223742461034],[12.612176714628308,46.18567401487803],[12.611529913086901,46.18566049537348],[12.611510400758167,46.18611076753724],[12.61019726518475,46.186533988835166],[12.610177741380589,46.1869842604922],[12.609530925414951,46.186970729384036]],[[12.60896224450787,46.1851561094306],[12.610255833801196,46.18518317361193],[12.610294877215603,46.18428262991969],[12.609001309007734,46.18425556658412],[12.60896224450787,46.1851561094306]],[[12.610353438842658,46.18293181406618],[12.611000207829168,46.18294533961552],[12.611019722168873,46.182495067368976],[12.610372958453183,46.18248154203098],[12.610353438842658,46.18293181406618]],[[12.620210533649628,46.17953211064228],[12.620857267413092,46.17954557966551],[12.621542853764677,46.17865849307921],[12.620249406855942,46.17863155953022],[12.620210533649628,46.17953211064228]]]},"properties":{"ndvi_class":"dense","color":"#238b45","area_m2":552859}},{"type":"Feature","geometry":{"type":"Polygon","coordinates":[[[12.62943909915054,46.17566783649608],[12.629458458045326,46.17521755764256],[12.630105145564288,46.17523097338819],[12.630085791938587,46.17568125245135],[12.62943909915054,46.17566783649608]]]},"properties":{"ndvi_class":"dense","color":"#238b45","area_m2":2502}},{"type":"Feature","geometry":{"type":"Polygon","coordinates":[[[12.641079639582289,46.17590876441909],[12.6410989036315,46.17545848180098],[12.64174559940744,46.175471831750585],[12.641726340627558,46.175922114577304],[12.641079639582289,46.17590876441909]]]},"properties":{"ndvi_class":"sparse","color":"#c7e9c0","area_m2":2502}},{"type":"Feature","geometry":{"type":"Polygon","coordinates":[[[12.638319253127717,46.1799078613959],[12.637711095562047,46.17899392864374],[12.639023850386735,46.1785703830844],[12.639062415162945,46.177669819561],[12.640355857121477,46.17769653982465],[12.640375128279677,46.177246257582645],[12.641021844675969,46.17725961202229],[12.641002578787585,46.177709894472976],[12.64164930091142,46.17772324546562],[12.641668561529972,46.17727296280633],[12.644255433520632,46.177326329386126],[12.644274672600547,46.176876045851095],[12.645568100799352,46.17690270679051],[12.645587328880787,46.176452422797034],[12.646899965450954,46.176028784245986],[12.646919182075726,46.17557849975251],[12.65144609088077,46.17567164234306],[12.651465270161362,46.175221356352345],[12.65211196797345,46.17523464760709],[12.652092793962277,46.175684933805485],[12.653386201491774,46.17571150576381],[12.653347873175038,46.17661207886563],[12.652054444567035,46.176585506076876],[12.652035269182939,46.17703579214989],[12.650741831857612,46.17700920432321],[12.650722645476023,46.177459489938954],[12.649429199434229,46.17743288707394],[12.649410002054681,46.17788317223217],[12.646823094365283,46.17782992180166],[12.646803875447153,46.178280206086],[12.645510413801457,46.178253558519906],[12.64482521283001,46.17914079644707],[12.642238254689204,46.179087441155104],[12.642257511416688,46.17863715841278],[12.641610778295188,46.17862381065869],[12.64157225384004,46.17952437568433],[12.639632025600289,46.179484309235164],[12.639612746871755,46.179934591059144],[12.638319253127717,46.1799078613959]],[[12.64096404563132,46.178610459248794],[12.641610778295188,46.17862381065869],[12.641630039833162,46.17817352808309],[12.640983312439372,46.17816017688181],[12.64096404563132,46.178610459248794]],[[12.642904244995693,46.178650502511076],[12.643550979032074,46.17866384295354],[12.643570224759724,46.17821355975243],[12.642923495993465,46.17820021951839],[12.642904244995693,46.178650502511076]]]},"properties":{"ndvi_class":"dense","color":"#238b45","area_m2":230149}},{"type":"Feature","geometry":{"type":"Polygon","coordinates":[[[12.6157807742193,46.17718635439796],[12.615897595655735,46.174484708146956],[12.616544268221748,46.17449820044103],[12.61642747839922,46.17719984795703],[12.6157807742193,46.17718635439796]]]},"properties":{"ndvi_class":"bare","color":"#d9d9d9","area_m2":15010}},{"type":"Feature","geometry":{"type":"Polygon","coordinates":[[[12.597046178943684,46.176343182976524],[12.597105048748098,46.174992378330835],[12.59645837957524,46.1749787759625],[12.596497634306616,46.174078239746656],[12.597144292942831,46.174091841689936],[12.597124671079609,46.17454211003143],[12.598418000286882,46.17456930337825],[12.5983395502997,46.176370378022995],[12.597046178943684,46.176343182976524]]]},"properties":{"ndvi_class":"dense","color":"#238b45","area_m2":25016}},{"type":"Feature","geometry":{"type":"Polygon","coordinates":[[[12.63396595831822,46.17576167142066],[12.634004601878912,46.17486111073931],[12.63529797326934,46.17488788698268],[12.635278662257683,46.175338167762696],[12.63396595831822,46.17576167142066]]]},"properties":{"ndvi_class":"dense","color":"#238b45","area_m2":7505}},{"type":"Feature","geometry":{"type":"Polygon","coordinates":[[[12.636552745087242,46.17581521095945],[12.636572046021364,46.175364929803145],[12.637884721554434,46.17494139560608],[12.637846141223534,46.175841958796454],[12.636552745087242,46.17581521095945]]]},"properties":{"ndvi_class":"dense","color":"#238b45","area_m2":7505}},{"type":"Feature","geometry":{"type":"Polygon","coordinates":[[[12.618464840690672,46.17498893071586],[12.618484288693635,46.17453865539277],[12.619130963108462,46.1745521330665],[12.619111520374227,46.17500240860019],[12.618464840690672,46.17498893071586]]]},"properties":{"ndvi_class":"dense","color":"#238b45","area_m2":2502}},{"type":"Feature","geometry":{"type":"Polygon","coordinates":[[[12.62881177098627,46.175204138241654],[12.628831134687978,46.17475385955589],[12.629477816478092,46.17476727874712],[12.629458458045326,46.17521755764256],[12.62881177098627,46.175204138241654]]]},"properties":{"ndvi_class":"dense","color":"#238b45","area_m2":2502}},{"type":"Feature","geometry":{"type":"Polygon","coordinates":[[[12.615114593366714,46.17762313120079],[12.61527039743386,46.17402093788654],[12.615917064268825,46.17403443362482],[12.615761302353448,46.177636628626175],[12.615114593366714,46.17762313120079]]]},"properties":{"ndvi_class":"moderate","color":"#74c476","area_m2":20013}},{"type":"Feature","geometry":{"type":"Polygon","coordinates":[[[12.654660457451925,46.176188350086846],[12.654052064142352,46.17527449943857],[12.655345463864235,46.175301049048905],[12.655364611071128,46.17485076177114],[12.656011306345105,46.17486403088574],[12.655973022013205,46.175764605814166],[12.654660457451925,46.176188350086846]]]},"properties":{"ndvi_class":"dense","color":"#238b45","area_m2":12508}},{"type":"Feature","geometry":{"type":"Polygon","coordinates":[[[12.638531409771696,46.174954763623695],[12.638550693977571,46.17450448175682],[12.639197377383953,46.17451784591031],[12.639178098447102,46.174968127986],[12.638531409771696,46.174954763623695]]]},"properties":{"ndvi_class":"sparse","color":"#c7e9c0","area_m2":2502}},{"type":"Feature","geometry":{"type":"Polygon","coordinates":[[[12.615897595655735,46.174484708146956],[12.61593653241729,46.17358415906071],[12.616583194446338,46.173597650933154],[12.617190941250152,46.17451168908003],[12.615897595655735,46.174484708146956]]]},"properties":{"ndvi_class":"sparse","color":"#c7e9c0","area_m2":7505}},{"type":"Feature","geometry":{"type":"Polygon","coordinates":[[[12.617210399326137,46.17406141413632],[12.617229856937747,46.173611139150644],[12.618523183307161,46.17363810462068],[12.61850373623246,46.17408838002771],[12.617210399326137,46.17406141413632]]]},"properties":{"ndvi_class":"sparse","color":"#c7e9c0","area_m2":5003}},{"type":"Feature","geometry":{"type":"Polygon","coordinates":[[[12.616563731566293,46.17404792570809],[12.616602656861895,46.17314737611624],[12.618542629917755,46.173187829171674],[12.618523183307161,46.17363810462068],[12.617229856937747,46.173611139150644],[12.617210399326137,46.17406141413632],[12.616563731566293,46.17404792570809]]]},"properties":{"ndvi_class":"bare","color":"#d9d9d9","area_m2":10006}},{"type":"Feature","geometry":{"type":"Polygon","coordinates":[[[12.630143851430029,46.17433041513614],[12.630182555448306,46.17342985671645],[12.630829222351919,46.17344326796856],[12.630790528870957,46.17434382680737],[12.630143851430029,46.17433041513614]]]},"properties":{"ndvi_class":"dense","color":"#238b45","area_m2":5003}},{"type":"Feature","geometry":{"type":"Polygon","coordinates":[[[12.612703229211885,46.17351664487425],[12.612722723237008,46.17306637132306],[12.613369377684133,46.173079881259135],[12.613349888927239,46.173530155021425],[12.612703229211885,46.17351664487425]]]},"properties":{"ndvi_class":"moderate","color":"#74c476","area_m2":2502}},{"type":"Feature","geometry":{"type":"Polygon","coordinates":[[[12.61593653241729,46.17358415906071],[12.615956000101145,46.173133884454614],[12.616602656861895,46.17314737611624],[12.616583194446338,46.173597650933154],[12.61593653241729,46.17358415906071]]]},"properties":{"ndvi_class":"moderate","color":"#74c476","area_m2":2502}},{"type":"Feature","geometry":{"type":"Polygon","coordinates":[[[12.617249314084997,46.17316086412296],[12.617268770767902,46.17271058905332],[12.61856207606425,46.17273755368068],[12.618542629917755,46.173187829171674],[12.617249314084997,46.17316086412296]]]},"properties":{"ndvi_class":"moderate","color":"#74c476","area_m2":5003}},{"type":"Feature","geometry":{"type":"Polygon","coordinates":[[[12.624362574018528,46.17330899097112],[12.624381972750516,46.172858713586955],[12.625028630243735,46.17287215752419],[12.625009236780093,46.173322435118415],[12.624362574018528,46.17330899097112]]]},"properties":{"ndvi_class":"dense","color":"#238b45","area_m2":2502}},{"type":"Feature","geometry":{"type":"Polygon","coordinates":[[[12.618523183307161,46.17363810462068],[12.61856207606425,46.17273755368068],[12.61987481835465,46.172314227734525],[12.61983594759841,46.17321477960066],[12.618523183307161,46.17363810462068]]]},"properties":{"ndvi_class":"sparse","color":"#c7e9c0","area_m2":10006}},{"type":"Feature","geometry":{"type":"Polygon","coordinates":[[[12.595850976136665,46.17406463414852],[12.595870608067864,46.17361436619005],[12.595223955632404,46.173600757149686],[12.59526322862511,46.172700221531755],[12.594616587191956,46.17268660926198],[12.594655868845521,46.17178607390106],[12.59724239523507,46.1718404993512],[12.597203155722891,46.172741036412944],[12.597849799021178,46.17275463406394],[12.59783018383064,46.17320490274416],[12.596536887164385,46.17317770336248],[12.596497634306616,46.174078239746656],[12.595850976136665,46.17406463414852]]]},"properties":{"ndvi_class":"dense","color":"#238b45","area_m2":37524}},{"type":"Feature","geometry":{"type":"Polygon","coordinates":[[[12.61856207606425,46.17273755368068],[12.618581521746664,46.17228727814774],[12.619228169819745,46.17230075476854],[12.61920872940543,46.17275103051207],[12.61856207606425,46.17273755368068]]]},"properties":{"ndvi_class":"moderate","color":"#74c476","area_m2":2502}},{"type":"Feature","geometry":{"type":"Polygon","coordinates":[[[12.619855383208447,46.17276450368857],[12.61987481835465,46.172314227734525],[12.620521467351253,46.17232769704568],[12.620502037473175,46.17277797321019],[12.619855383208447,46.17276450368857]]]},"properties":{"ndvi_class":"bare","color":"#d9d9d9","area_m2":2502}},{"type":"Feature","geometry":{"type":"Polygon","coordinates":[[[12.658008770544283,46.173552951725995],[12.658027894847802,46.173102663452156],[12.659321247333631,46.17312916712575],[12.659302133567978,46.17357945581374],[12.658008770544283,46.173552951725995]]]},"properties":{"ndvi_class":"sparse","color":"#c7e9c0","area_m2":5003}},{"type":"Feature","geometry":{"type":"Polygon","coordinates":[[[12.659302133567978,46.17357945581374],[12.659321247333631,46.17312916712575],[12.660614601635787,46.17315565617841],[12.660595498408053,46.17360594528031],[12.659302133567978,46.17357945581374]]]},"properties":{"ndvi_class":"bare","color":"#d9d9d9","area_m2":5003}},{"type":"Feature","geometry":{"type":"Polygon","coordinates":[[[12.660595498408053,46.17360594528031],[12.660614601635787,46.17315565617841],[12.661261279467677,46.17316889522186],[12.661242181508921,46.17361918453063],[12.660595498408053,46.17360594528031]]]},"properties":{"ndvi_class":"sparse","color":"#c7e9c0","area_m2":2502}},{"type":"Feature","geometry":{"type":"Polygon","coordinates":[[[12.661242181508921,46.17361918453063],[12.661261279467677,46.17316889522186],[12.66190795775327,46.17318213061006],[12.661888865063508,46.17363242012564],[12.661242181508921,46.17361918453063]]]},"properties":{"ndvi_class":"bare","color":"#d9d9d9","area_m2":2502}},{"type":"Feature","geometry":{"type":"Polygon","coordinates":[[[12.619228169819745,46.17230075476854],[12.619247609770117,46.17185047898304],[12.619894253037035,46.17186395173851],[12.61987481835465,46.172314227734525],[12.619228169819745,46.17230075476854]]]},"properties":{"ndvi_class":"moderate","color":"#74c476","area_m2":2502}},{"type":"Feature","geometry":{"type":"Polygon","coordinates":[[[12.62820382186627,46.17429015819153],[12.628261924618034,46.172939322386185],[12.626949227828653,46.17336274563034],[12.62698798268324,46.17246218914024],[12.626341329076517,46.172448756377726],[12.626360711078283,46.171998478279676],[12.627654008215766,46.17202533973008],[12.627634636750287,46.17247561824785],[12.628927946264858,46.17250246549833],[12.628947307193993,46.17205218656107],[12.629593957373075,46.172065604494264],[12.62953588900442,46.173416441809316],[12.628889223020387,46.173403023247104],[12.62885049792756,46.17430358082822],[12.62820382186627,46.17429015819153]]]},"properties":{"ndvi_class":"dense","color":"#238b45","area_m2":30019}},{"type":"Feature","geometry":{"type":"Polygon","coordinates":[[[12.658027894847802,46.173102663452156],[12.658047018694903,46.172652375136536],[12.661280376970643,46.172718605871324],[12.661261279467677,46.17316889522186],[12.658027894847802,46.173102663452156]]]},"properties":{"ndvi_class":"moderate","color":"#74c476","area_m2":12508}},{"type":"Feature","geometry":{"type":"Polygon","coordinates":[[[12.661261279467677,46.17316889522186],[12.661280376970643,46.172718605871324],[12.66192704998737,46.172731841052716],[12.66190795775327,46.17318213061006],[12.661261279467677,46.17316889522186]]]},"properties":{"ndvi_class":"sparse","color":"#c7e9c0","area_m2":2502}},{"type":"Feature","geometry":{"type":"Polygon","coordinates":[[[12.66190795775327,46.17318213061006],[12.66192704998737,46.172731841052716],[12.663220397381407,46.172758300449864],[12.663201315685082,46.17320859042066],[12.66190795775327,46.17318213061006]]]},"properties":{"ndvi_class":"bare","color":"#d9d9d9","area_m2":5003}},{"type":"Feature","geometry":{"type":"Polygon","coordinates":[[[12.621756507313323,46.17370545433343],[12.621834185607398,46.171904348076254],[12.6231274762944,46.17193126069415],[12.62314688417347,46.17148098360446],[12.62379352494068,46.17149443422102],[12.624401371019552,46.17240843616086],[12.623108067952153,46.17238153774189],[12.623069249878077,46.173282091711535],[12.621756507313323,46.17370545433343]]]},"properties":{"ndvi_class":"dense","color":"#238b45","area_m2":25016}},{"type":"Feature","geometry":{"type":"Polygon","coordinates":[[[12.594009238414243,46.171772458402096],[12.59404852872775,46.170871923298236],[12.595341768987296,46.17089914979074],[12.595322134599618,46.171349417789145],[12.594009238414243,46.171772458402096]]]},"properties":{"ndvi_class":"dense","color":"#238b45","area_m2":7505}},{"type":"Feature","geometry":{"type":"Polygon","coordinates":[[[12.601396684111295,46.18049072671494],[12.601435865768641,46.179590188111305],[12.600789140643545,46.17957660920646],[12.6008087360406,46.17912634005371],[12.599515297726626,46.179099171701736],[12.599554508195824,46.17819863411905],[12.598280707894368,46.17772118356469],[12.598418000286882,46.17456930337825],[12.597124671079609,46.17454211003143],[12.597144292942831,46.174091841689936],[12.596497634306616,46.174078239746656],[12.596536887164385,46.17317770336248],[12.59783018383064,46.17320490274416],[12.597849799021178,46.17275463406394],[12.597203155722891,46.172741036412944],[12.59724239523507,46.1718404993512],[12.594655868845521,46.17178607390106],[12.595341768987296,46.17089914979074],[12.59792825510237,46.17095355892225],[12.597889027997937,46.17185409657726],[12.598535661226748,46.171867690148744],[12.598476832862806,46.173218496952856],[12.599123482360833,46.17323208750679],[12.599084271647795,46.1741326255905],[12.600377593113459,46.17415979658308],[12.600357997591738,46.174610065986386],[12.60165133145615,46.174637222783645],[12.601670916441174,46.17418695295603],[12.603610904921906,46.1742276601035],[12.60357176609512,46.17512820098883],[12.604845555570888,46.1756055924633],[12.604825995527452,46.1760558632246],[12.603532625400135,46.17602874170592],[12.603552195981159,46.17557847136839],[12.602239257132593,46.17600160556656],[12.601631746003713,46.17508749256921],[12.599691730099922,46.17504675125427],[12.59965252618083,46.17594728942602],[12.600299208220543,46.17596087394386],[12.600279610828087,46.176411143178875],[12.601572986841795,46.17643830167351],[12.601553399519572,46.1768885712908],[12.602200093493483,46.17690214526742],[12.602768476123305,46.17871679533392],[12.605355342839271,46.17877104345684],[12.605316226288831,46.17967158477239],[12.604022770922054,46.17964446717454],[12.604042339970293,46.179194196961504],[12.602102176216732,46.1791534937835],[12.602043420241692,46.180504302388414],[12.601396684111295,46.18049072671494]],[[12.598986236676707,46.17638397006347],[12.599632923519543,46.17639755844878],[12.59965252618083,46.17594728942602],[12.599005844606808,46.17593370125304],[12.598986236676707,46.17638397006347]]]},"properties":{"ndvi_class":"moderate","color":"#74c476","area_m2":235153}},{"type":"Feature","geometry":{"type":"Polygon","coordinates":[[[12.61987481835465,46.172314227734525],[12.620560325716344,46.171427144590766],[12.621853604022313,46.17145407140708],[12.621168116809429,46.172341162702],[12.61987481835465,46.172314227734525]]]},"properties":{"ndvi_class":"sparse","color":"#c7e9c0","area_m2":10006}},{"type":"Feature","geometry":{"type":"Polygon","coordinates":[[[12.619894253037035,46.17186395173851],[12.619913687255615,46.17141367570053],[12.620560325716344,46.171427144590766],[12.620540896765638,46.171877420839195],[12.619894253037035,46.17186395173851]]]},"properties":{"ndvi_class":"moderate","color":"#74c476","area_m2":2502}},{"type":"Feature","geometry":{"type":"Polygon","coordinates":[[[12.634120521494399,46.17215942768986],[12.634139839816577,46.171709147035],[12.634786488402487,46.17172253551985],[12.634767175348482,46.172172816383906],[12.634120521494399,46.17215942768986]]]},"properties":{"ndvi_class":"sparse","color":"#c7e9c0","area_m2":2502}},{"type":"Feature","geometry":{"type":"Polygon","coordinates":[[[12.662573723457667,46.1727450725789],[12.662592809967359,46.172294782773065],[12.66323947862233,46.172308010437334],[12.663220397381407,46.172758300449864],[12.662573723457667,46.1727450725789]]]},"properties":{"ndvi_class":"sparse","color":"#c7e9c0","area_m2":2502}},{"type":"Feature","geometry":{"type":"Polygon","coordinates":[[[12.663220397381407,46.172758300449864],[12.66323947862233,46.172308010437334],[12.663886147730608,46.17232123444646],[12.663867071758466,46.172771524665606],[12.663220397381407,46.172758300449864]]]},"properties":{"ndvi_class":"bare","color":"#d9d9d9","area_m2":2502}},{"type":"Feature","geometry":{"type":"Polygon","coordinates":[[[12.61144891982823,46.1725890673155],[12.610841289370322,46.17167500058094],[12.610194652580102,46.1716614766594],[12.610233678584565,46.170760930868795],[12.610880304839572,46.17077445436772],[12.611487926623974,46.1716885208478],[12.612134564340936,46.171702037459994],[12.612095568080962,46.17260258435009],[12.61144891982823,46.1725890673155]]]},"properties":{"ndvi_class":"moderate","color":"#74c476","area_m2":15010}},{"type":"Feature","geometry":{"type":"Polygon","coordinates":[[[12.656734544179297,46.17307614515766],[12.656126148376917,46.17216230509785],[12.657438605264412,46.171738541681826],[12.657400348402208,46.17263911802405],[12.658047018694903,46.172652375136536],[12.658027894847802,46.173102663452156],[12.656734544179297,46.17307614515766]]]},"properties":{"ndvi_class":"sparse","color":"#c7e9c0","area_m2":12508}},{"type":"Feature","geometry":{"type":"Polygon","coordinates":[[[12.59404852872775,46.170871923298236],[12.594068173181288,46.17042165568315],[12.59536140290642,46.170448881750254],[12.595341768987296,46.17089914979074],[12.59404852872775,46.170871923298236]]]},"properties":{"ndvi_class":"moderate","color":"#74c476","area_m2":5003}},{"type":"Feature","geometry":{"type":"Polygon","coordinates":[[[12.620560325716344,46.171427144590766],[12.620579754203385,46.17097686830036],[12.621226387857895,46.17099033332548],[12.621206964638617,46.17144060982628],[12.620560325716344,46.171427144590766]]]},"properties":{"ndvi_class":"moderate","color":"#74c476","area_m2":2502}},{"type":"Feature","geometry":{"type":"Polygon","coordinates":[[[12.621206964638617,46.17144060982628],[12.621226387857895,46.17099033332548],[12.621873021973816,46.17100379469594],[12.621853604022313,46.17145407140708],[12.621206964638617,46.17144060982628]]]},"properties":{"ndvi_class":"bare","color":"#d9d9d9","area_m2":2502}},{"type":"Feature","geometry":{"type":"Polygon","coordinates":[[[12.621853604022313,46.17145407140708],[12.621873021973816,46.17100379469594],[12.622519656551017,46.17101725241171],[12.622500243867306,46.17146752933313],[12.621853604022313,46.17145407140708]]]},"properties":{"ndvi_class":"sparse","color":"#c7e9c0","area_m2":2502}},{"type":"Feature","geometry":{"type":"Polygon","coordinates":[[[12.654832821510979,46.17213576570151],[12.654851970787831,46.171685478338674],[12.655498628724915,46.17169874965701],[12.655479484716546,46.17214903722723],[12.654832821510979,46.17213576570151]]]},"properties":{"ndvi_class":"sparse","color":"#c7e9c0","area_m2":2502}},{"type":"Feature","geometry":{"type":"Polygon","coordinates":[[[12.663886147730608,46.17232123444646],[12.66390522324749,46.17187094418554],[12.664551887540275,46.17188416433291],[12.664532817292065,46.17233445480039],[12.663886147730608,46.17232123444646]]]},"properties":{"ndvi_class":"bare","color":"#d9d9d9","area_m2":2502}},{"type":"Feature","geometry":{"type":"Polygon","coordinates":[[[12.657400348402208,46.17263911802405],[12.657457733010755,46.17128825344806],[12.658104387497842,46.17130150993911],[12.658047018694903,46.172652375136536],[12.657400348402208,46.17263911802405]]]},"properties":{"ndvi_class":"moderate","color":"#74c476","area_m2":7505}},{"type":"Feature","geometry":{"type":"Polygon","coordinates":[[[12.621226387857895,46.17099033332548],[12.621245810613647,46.17054005678273],[12.621892439461917,46.17055351794284],[12.621873021973816,46.17100379469594],[12.621226387857895,46.17099033332548]]]},"properties":{"ndvi_class":"sparse","color":"#c7e9c0","area_m2":2502}},{"type":"Feature","geometry":{"type":"Polygon","coordinates":[[[12.654205313305663,46.171672203365326],[12.654224467393856,46.17122191616813],[12.654871119607682,46.171235190934055],[12.654851970787831,46.171685478338674],[12.654205313305663,46.171672203365326]]]},"properties":{"ndvi_class":"sparse","color":"#c7e9c0","area_m2":2502}},{"type":"Feature","geometry":{"type":"Polygon","coordinates":[[[12.656145287116791,46.17171201732032],[12.656164425399915,46.17126172950101],[12.65681107897807,46.17127499330203],[12.656791945963331,46.1717252813286],[12.656145287116791,46.17171201732032]]]},"properties":{"ndvi_class":"water","color":"#2166ac","area_m2":2502}},{"type":"Feature","geometry":{"type":"Polygon","coordinates":[[[12.656791945963331,46.1717252813286],[12.65681107897807,46.17127499330203],[12.657457733010755,46.17128825344806],[12.657438605264412,46.171738541681826],[12.656791945963331,46.1717252813286]]]},"properties":{"ndvi_class":"bare","color":"#d9d9d9","area_m2":2502}},{"type":"Feature","geometry":{"type":"Polygon","coordinates":[[[12.664551887540275,46.17188416433291],[12.664570957333366,46.17143387382371],[12.665217616810637,46.17144709010943],[12.665198552286105,46.17189738082515],[12.664551887540275,46.17188416433291]]]},"properties":{"ndvi_class":"bare","color":"#d9d9d9","area_m2":2502}},{"type":"Feature","geometry":{"type":"Polygon","coordinates":[[[12.616033866190717,46.17133278561033],[12.616092260880153,46.16998196103626],[12.616738880766354,46.16999545122231],[12.616719421601811,46.17044572633312],[12.617366047217697,46.17045921307539],[12.617327138030669,46.171359763592505],[12.616033866190717,46.17133278561033]]]},"properties":{"ndvi_class":"moderate","color":"#74c476","area_m2":12508}},{"type":"Feature","geometry":{"type":"Polygon","coordinates":[[[12.623166291589376,46.171030706472806],[12.623851729995888,46.170143602069736],[12.625144981306674,46.17017049107813],[12.625125590619795,46.170620768924],[12.625772222233806,46.170634208156294],[12.6257528363519,46.17108448617021],[12.623166291589376,46.171030706472806]]]},"properties":{"ndvi_class":"dense","color":"#238b45","area_m2":15010}},{"type":"Feature","geometry":{"type":"Polygon","coordinates":[[[12.596027646652129,46.170012221007006],[12.596047274367207,46.169561952669696],[12.596693879861604,46.16957555614213],[12.596674257413518,46.170025824692],[12.596027646652129,46.170012221007006]]]},"properties":{"ndvi_class":"moderate","color":"#74c476","area_m2":2502}},{"type":"Feature","geometry":{"type":"Polygon","coordinates":[[[12.599907318210038,46.170093788301514],[12.599926914322964,46.169643518689725],[12.600573522612233,46.169657100236286],[12.600553931766383,46.17010737006028],[12.599907318210038,46.170093788301514]]]},"properties":{"ndvi_class":"very_dense","color":"#00441b","area_m2":2502}},{"type":"Feature","geometry":{"type":"Polygon","coordinates":[[[12.65551777227641,46.171248462045014],[12.655536915371039,46.17079817439123],[12.6561835632263,46.17081144163991],[12.656164425399915,46.17126172950101],[12.65551777227641,46.171248462045014]]]},"properties":{"ndvi_class":"water","color":"#2166ac","area_m2":2502}},{"type":"Feature","geometry":{"type":"Polygon","coordinates":[[[12.656164425399915,46.17126172950101],[12.6561835632263,46.17081144163991],[12.656830211536198,46.17082470523368],[12.65681107897807,46.17127499330203],[12.656164425399915,46.17126172950101]]]},"properties":{"ndvi_class":"bare","color":"#d9d9d9","area_m2":2502}},{"type":"Feature","geometry":{"type":"Polygon","coordinates":[[[12.65681107897807,46.17127499330203],[12.656830211536198,46.17082470523368],[12.65747686030061,46.17083796517251],[12.657457733010755,46.17128825344806],[12.65681107897807,46.17127499330203]]]},"properties":{"ndvi_class":"sparse","color":"#c7e9c0","area_m2":2502}},{"type":"Feature","geometry":{"type":"Polygon","coordinates":[[[12.665217616810637,46.17144709010943],[12.665236680880188,46.17099679935196],[12.665883335541917,46.17101001177616],[12.665864276740812,46.17146030274009],[12.665217616810637,46.17144709010943]]]},"properties":{"ndvi_class":"bare","color":"#d9d9d9","area_m2":2502}},{"type":"Feature","geometry":{"type":"Polygon","coordinates":[[[12.594107460682,46.169521120326664],[12.594127103729203,46.169070852585264],[12.594773702557656,46.16908446680784],[12.594754064777279,46.16953473476195],[12.594107460682,46.169521120326664]]]},"properties":{"ndvi_class":"moderate","color":"#74c476","area_m2":2502}},{"type":"Feature","geometry":{"type":"Polygon","coordinates":[[[12.621873021973816,46.17100379469594],[12.621950689145955,46.16920268743182],[12.622597302653249,46.1692161443065],[12.622519656551017,46.17101725241171],[12.621873021973816,46.17100379469594]]]},"properties":{"ndvi_class":"bare","color":"#d9d9d9","area_m2":10006}},{"type":"Feature","geometry":{"type":"Polygon","coordinates":[[[12.641252999474952,46.1718562193493],[12.641272259386813,46.171405936354496],[12.639978964044271,46.17137922924519],[12.6399982340326,46.17092894662584],[12.640644876206991,46.17094230179924],[12.640683404268321,46.170041736017595],[12.641330036364621,46.17005508711895],[12.641349294438012,46.16960480395674],[12.64264254946757,46.16963149477824],[12.642623301929586,46.17008177835751],[12.641976668918417,46.170068434565586],[12.64189965310079,46.17186956763021],[12.641252999474952,46.1718562193493]]]},"properties":{"ndvi_class":"sparse","color":"#c7e9c0","area_m2":25016}},{"type":"Feature","geometry":{"type":"Polygon","coordinates":[[[12.621245810613647,46.17054005678273],[12.620638036882662,46.169626039177366],[12.621950689145955,46.16920268743182],[12.621892439461917,46.17055351794284],[12.621245810613647,46.17054005678273]]]},"properties":{"ndvi_class":"moderate","color":"#74c476","area_m2":10006}},{"type":"Feature","geometry":{"type":"Polygon","coordinates":[[[12.652950328498884,46.170745068847445],[12.652988655461785,46.169844495074145],[12.653635290961237,46.169857776527365],[12.653596974534342,46.17075835071573],[12.652950328498884,46.170745068847445]]]},"properties":{"ndvi_class":"sparse","color":"#c7e9c0","area_m2":5003}},{"type":"Feature","geometry":{"type":"Polygon","coordinates":[[[12.653596974534342,46.17075835071573],[12.653635290961237,46.169857776527365],[12.654281926915798,46.16987105432582],[12.654243621024936,46.17077162892913],[12.653596974534342,46.17075835071573]]]},"properties":{"ndvi_class":"bare","color":"#d9d9d9","area_m2":5003}},{"type":"Feature","geometry":{"type":"Polygon","coordinates":[[[12.6561835632263,46.17081144163991],[12.656221837508907,46.16991086579241],[12.656868475282664,46.16992412897168],[12.656830211536198,46.17082470523368],[12.6561835632263,46.17081144163991]]]},"properties":{"ndvi_class":"sparse","color":"#c7e9c0","area_m2":5003}},{"type":"Feature","geometry":{"type":"Polygon","coordinates":[[[12.656830211536198,46.17082470523368],[12.656868475282664,46.16992412897168],[12.657515113510911,46.16993738849613],[12.658123509519413,46.17085122145642],[12.656830211536198,46.17082470523368]]]},"properties":{"ndvi_class":"moderate","color":"#74c476","area_m2":7505}},{"type":"Feature","geometry":{"type":"Polygon","coordinates":[[[12.600593112990571,46.16920683037023],[12.600612702901413,46.1687565604621],[12.60125930112226,46.16877013793001],[12.601239716478256,46.169220408050286],[12.600593112990571,46.16920683037023]]]},"properties":{"ndvi_class":"very_dense","color":"#00441b","area_m2":2502}},{"type":"Feature","geometry":{"type":"Polygon","coordinates":[[[12.622577891822555,46.16966642139573],[12.622597302653249,46.1692161443065],[12.623243916621645,46.16922959752672],[12.623224511058254,46.169679874826166],[12.622577891822555,46.16966642139573]]]},"properties":{"ndvi_class":"sparse","color":"#c7e9c0","area_m2":2502}},{"type":"Feature","geometry":{"type":"Polygon","coordinates":[[[12.655479484716546,46.17214903722723],[12.654871119607682,46.171235190934055],[12.654224467393856,46.17122191616813],[12.654243621024936,46.17077162892913],[12.654890267970544,46.17078490348764],[12.65494771031732,46.16943404089771],[12.656221837508907,46.16991086579241],[12.6561835632263,46.17081144163991],[12.655536915371039,46.17079817439123],[12.65551777227641,46.171248462045014],[12.656791945963331,46.1717252813286],[12.656772812491964,46.17217556931339],[12.655479484716546,46.17214903722723]]]},"properties":{"ndvi_class":"bare","color":"#d9d9d9","area_m2":27518}},{"type":"Feature","geometry":{"type":"Polygon","coordinates":[[[12.62645761414914,46.16974708716044],[12.626496372140021,46.16884653041922],[12.627142983605157,46.168859961502704],[12.627104236148924,46.16976051866366],[12.62645761414914,46.16974708716044]]]},"properties":{"ndvi_class":"dense","color":"#238b45","area_m2":5003}},{"type":"Feature","geometry":{"type":"Polygon","coordinates":[[[12.621950689145955,46.16920268743182],[12.621970104780594,46.16875241051091],[12.622616713020722,46.168765867175324],[12.622597302653249,46.1692161443065],[12.621950689145955,46.16920268743182]]]},"properties":{"ndvi_class":"sparse","color":"#c7e9c0","area_m2":2502}},{"type":"Feature","geometry":{"type":"Polygon","coordinates":[[[12.65040211801759,46.16979133271361],[12.65042130188417,46.16934104659495],[12.651067930294166,46.169354342459464],[12.651048751695349,46.16980462878588],[12.65040211801759,46.16979133271361]]]},"properties":{"ndvi_class":"sparse","color":"#c7e9c0","area_m2":2502}},{"type":"Feature","geometry":{"type":"Polygon","coordinates":[[[12.65234202041757,46.169831209966155],[12.652361188480828,46.1693809232244],[12.65300781825724,46.16939420812481],[12.652988655461785,46.169844495074145],[12.65234202041757,46.169831209966155]]]},"properties":{"ndvi_class":"sparse","color":"#c7e9c0","area_m2":2502}},{"type":"Feature","geometry":{"type":"Polygon","coordinates":[[[12.652988655461785,46.169844495074145],[12.65300781825724,46.16939420812481],[12.65365444848888,46.1694074893705],[12.653635290961237,46.169857776527365],[12.652988655461785,46.169844495074145]]]},"properties":{"ndvi_class":"bare","color":"#d9d9d9","area_m2":2502}},{"type":"Feature","geometry":{"type":"Polygon","coordinates":[[[12.662041593823778,46.17003010283203],[12.662060682868608,46.16957981298247],[12.662707319460251,46.16959304306146],[12.662688235683424,46.17004333311775],[12.662041593823778,46.17003010283203]]]},"properties":{"ndvi_class":"dense","color":"#238b45","area_m2":2502}},{"type":"Feature","geometry":{"type":"Polygon","coordinates":[[[12.596086528392208,46.168661415868826],[12.596125780543764,46.167760878899585],[12.596772364971452,46.16777448152184],[12.596733123353,46.16867501891616],[12.596086528392208,46.168661415868826]]]},"properties":{"ndvi_class":"moderate","color":"#74c476","area_m2":5003}},{"type":"Feature","geometry":{"type":"Polygon","coordinates":[[[12.621970104780594,46.16875241051091],[12.621989519951901,46.16830213354803],[12.622636122924991,46.16831559000219],[12.622616713020722,46.168765867175324],[12.621970104780594,46.16875241051091]]]},"properties":{"ndvi_class":"moderate","color":"#74c476","area_m2":2502}},{"type":"Feature","geometry":{"type":"Polygon","coordinates":[[[12.634255740068484,46.16900746222614],[12.634275055163736,46.16855718127804],[12.634921666875933,46.16857056829855],[12.634902357047977,46.169020849455826],[12.634255740068484,46.16900746222614]]]},"properties":{"ndvi_class":"dense","color":"#238b45","area_m2":2502}},{"type":"Feature","geometry":{"type":"Polygon","coordinates":[[[12.651067930294166,46.169354342459464],[12.651087108435297,46.16890405609124],[12.651733732033241,46.168917348093366],[12.65171455915976,46.16936763466928],[12.651067930294166,46.169354342459464]]]},"properties":{"ndvi_class":"sparse","color":"#c7e9c0","area_m2":2502}},{"type":"Feature","geometry":{"type":"Polygon","coordinates":[[[12.65171455915976,46.16936763466928],[12.651733732033241,46.168917348093366],[12.652380356086647,46.16893063644085],[12.652361188480828,46.1693809232244],[12.65171455915976,46.16936763466928]]]},"properties":{"ndvi_class":"bare","color":"#d9d9d9","area_m2":2502}},{"type":"Feature","geometry":{"type":"Polygon","coordinates":[[[12.65494771031732,46.16943404089771],[12.654986002930473,46.168533465628855],[12.655632623991695,46.16854673549567],[12.655594341913877,46.169447311179226],[12.65494771031732,46.16943404089771]]]},"properties":{"ndvi_class":"sparse","color":"#c7e9c0","area_m2":5003}},{"type":"Feature","geometry":{"type":"Polygon","coordinates":[[[12.622636122924991,46.16831559000219],[12.622655532366068,46.167865312787114],[12.623948729161487,46.16789221431205],[12.623929330254278,46.16834249194747],[12.622636122924991,46.16831559000219]]]},"properties":{"ndvi_class":"moderate","color":"#74c476","area_m2":5003}},{"type":"Feature","geometry":{"type":"Polygon","coordinates":[[[12.625869144704096,46.16838281745771],[12.625888527810401,46.167932539192186],[12.626535128281084,46.167945973510285],[12.626515750441774,46.168396251985705],[12.625869144704096,46.16838281745771]]]},"properties":{"ndvi_class":"dense","color":"#238b45","area_m2":2502}},{"type":"Feature","geometry":{"type":"Polygon","coordinates":[[[12.650440485292934,46.16889076043449],[12.650459668243899,46.168440474232234],[12.651752904449175,46.16846706147567],[12.651733732033241,46.168917348093366],[12.650440485292934,46.16889076043449]]]},"properties":{"ndvi_class":"bare","color":"#d9d9d9","area_m2":5003}},{"type":"Feature","geometry":{"type":"Polygon","coordinates":[[[12.66531293260883,46.169195635904856],[12.665331994403667,46.168745344938756],[12.66597862272505,46.16875855633073],[12.66595956619803,46.16920884750326],[12.66531293260883,46.169195635904856]]]},"properties":{"ndvi_class":"moderate","color":"#74c476","area_m2":2502}},{"type":"Feature","geometry":{"type":"Polygon","coordinates":[[[12.666587148526087,46.16967234678409],[12.666644302303663,46.168321472647335],[12.667290926262597,46.168334676523514],[12.667233788288558,46.16968555127925],[12.666587148526087,46.16967234678409]]]},"properties":{"ndvi_class":"bare","color":"#d9d9d9","area_m2":7505}},{"type":"Feature","geometry":{"type":"Polygon","coordinates":[[[12.649166433861405,46.1684138723705],[12.649185626889311,46.1679635865421],[12.649832238585292,46.16797688909239],[12.649813050824743,46.168427175128656],[12.649166433861405,46.1684138723705]]]},"properties":{"ndvi_class":"sparse","color":"#c7e9c0","area_m2":2502}},{"type":"Feature","geometry":{"type":"Polygon","coordinates":[[[12.649813050824743,46.168427175128656],[12.649832238585292,46.16797688909239],[12.650478850737079,46.16799018798816],[12.650459668243899,46.168440474232234],[12.649813050824743,46.168427175128656]]]},"properties":{"ndvi_class":"bare","color":"#d9d9d9","area_m2":2502}},{"type":"Feature","geometry":{"type":"Polygon","coordinates":[[[12.654339382324071,46.16852019210744],[12.654358533212742,46.16806990461773],[12.655005148551679,46.168083177931756],[12.654986002930473,46.168533465628855],[12.654339382324071,46.16852019210744]]]},"properties":{"ndvi_class":"bare","color":"#d9d9d9","area_m2":2502}},{"type":"Feature","geometry":{"type":"Polygon","coordinates":[[[12.623948729161487,46.16789221431205],[12.623987525587134,46.16699165891535],[12.624634114142596,46.16700510377621],[12.624595328250477,46.16790565959307],[12.623948729161487,46.16789221431205]]]},"properties":{"ndvi_class":"moderate","color":"#74c476","area_m2":5003}},{"type":"Feature","geometry":{"type":"Polygon","coordinates":[[[12.655575200189759,46.16989759895834],[12.655632623991695,46.16854673549567],[12.654986002930473,46.168533465628855],[12.65502429371599,46.16763289019286],[12.65631751522344,46.16765942544257],[12.656240973965156,46.16946057780599],[12.656887606471033,46.16947384077801],[12.656868475282664,46.16992412897168],[12.655575200189759,46.16989759895834]]]},"properties":{"ndvi_class":"moderate","color":"#74c476","area_m2":20013}},{"type":"Feature","geometry":{"type":"Polygon","coordinates":[[[12.62461472142793,46.167455381705615],[12.624634114142596,46.16700510377621],[12.625280703158715,46.167018544982874],[12.625261315710768,46.167468823122306],[12.62461472142793,46.167455381705615]]]},"properties":{"ndvi_class":"sparse","color":"#c7e9c0","area_m2":2502}},{"type":"Feature","geometry":{"type":"Polygon","coordinates":[[[12.625907910454158,46.167482260884746],[12.625927292635373,46.167031982535356],[12.626573882572444,46.16704541643362],[12.62655450565797,46.16749569499292],[12.625907910454158,46.167482260884746]]]},"properties":{"ndvi_class":"sparse","color":"#c7e9c0","area_m2":2502}},{"type":"Feature","geometry":{"type":"Polygon","coordinates":[[[12.645952575250874,46.16789701897325],[12.645971794156713,46.16744673414317],[12.647911607969576,46.1674866850237],[12.647892404865269,46.16793697047803],[12.645952575250874,46.16789701897325]]]},"properties":{"ndvi_class":"sparse","color":"#c7e9c0","area_m2":7505}},{"type":"Feature","geometry":{"type":"Polygon","coordinates":[[[12.647892404865269,46.16793697047803],[12.647911607969576,46.1674866850237],[12.649204819459195,46.16751330067188],[12.649185626889311,46.1679635865421],[12.647892404865269,46.16793697047803]]]},"properties":{"ndvi_class":"bare","color":"#d9d9d9","area_m2":5003}},{"type":"Feature","geometry":{"type":"Polygon","coordinates":[[[12.654358533212742,46.16806990461773],[12.654377683644393,46.167619617086245],[12.65502429371599,46.16763289019286],[12.655005148551679,46.168083177931756],[12.654358533212742,46.16806990461773]]]},"properties":{"ndvi_class":"sparse","color":"#c7e9c0","area_m2":2502}},{"type":"Feature","geometry":{"type":"Polygon","coordinates":[[[12.633628443910368,46.16854379060307],[12.633705720750031,46.16674266722869],[12.634352310935517,46.166756057066756],[12.634960285149422,46.16767000585835],[12.634313683971442,46.167656619256185],[12.634275055163736,46.16855718127804],[12.633628443910368,46.16854379060307]]]},"properties":{"ndvi_class":"dense","color":"#238b45","area_m2":12508}},{"type":"Feature","geometry":{"type":"Polygon","coordinates":[[[12.593519800588767,46.16815669952495],[12.593539447496193,46.16770643187],[12.592265940743232,46.167228919159655],[12.592305253278363,46.16632838449066],[12.593578739904553,46.16680589643384],[12.593598385405514,46.16635562865259],[12.594911153899561,46.16593258995026],[12.59489151939927,46.166382858199064],[12.595538087095814,46.166396467491495],[12.595498827221892,46.16729700428811],[12.594225311934224,46.16681951324678],[12.594166388417369,46.16817031697617],[12.593519800588767,46.16815669952495]]]},"properties":{"ndvi_class":"moderate","color":"#74c476","area_m2":30019}},{"type":"Feature","geometry":{"type":"Polygon","coordinates":[[[12.596831223887609,46.166423675114686],[12.596850842589975,46.165973406228126],[12.597497406418974,46.165987004346405],[12.597477792982609,46.16643727344544],[12.596831223887609,46.166423675114686]]]},"properties":{"ndvi_class":"very_dense","color":"#00441b","area_m2":2502}},{"type":"Feature","geometry":{"type":"Polygon","coordinates":[[[12.624634114142596,46.16700510377621],[12.624653506394482,46.16655482580487],[12.625300090144012,46.16656826680152],[12.625280703158715,46.167018544982874],[12.624634114142596,46.16700510377621]]]},"properties":{"ndvi_class":"moderate","color":"#74c476","area_m2":2502}},{"type":"Feature","geometry":{"type":"Polygon","coordinates":[[[12.626573882572444,46.16704541643362],[12.626593259024517,46.16659513783239],[12.627239844155241,46.1666085678666],[12.627220472969798,46.167058846677676],[12.626573882572444,46.16704541643362]]]},"properties":{"ndvi_class":"moderate","color":"#74c476","area_m2":2502}},{"type":"Feature","geometry":{"type":"Polygon","coordinates":[[[12.64403198445273,46.16740675037295],[12.644051218700968,46.16695646612578],[12.645991012603917,46.16699644927126],[12.645971794156713,46.16744673414317],[12.64403198445273,46.16740675037295]]]},"properties":{"ndvi_class":"sparse","color":"#c7e9c0","area_m2":7505}},{"type":"Feature","geometry":{"type":"Polygon","coordinates":[[[12.645971794156713,46.16744673414317],[12.645991012603917,46.16699644927126],[12.647284210822066,46.16702308642981],[12.647265002908954,46.16747337171793],[12.645971794156713,46.16744673414317]]]},"properties":{"ndvi_class":"bare","color":"#d9d9d9","area_m2":5003}},{"type":"Feature","geometry":{"type":"Polygon","coordinates":[[[12.653731074027716,46.16760634032513],[12.65375022926956,46.167156052959314],[12.654396833619037,46.16716932951297],[12.654377683644393,46.167619617086245],[12.653731074027716,46.16760634032513]]]},"properties":{"ndvi_class":"sparse","color":"#c7e9c0","area_m2":2502}},{"type":"Feature","geometry":{"type":"Polygon","coordinates":[[[12.654377683644393,46.167619617086245],[12.654396833619037,46.16716932951297],[12.65504343842342,46.1671826024122],[12.65502429371599,46.16763289019286],[12.654377683644393,46.167619617086245]]]},"properties":{"ndvi_class":"moderate","color":"#74c476","area_m2":2502}},{"type":"Feature","geometry":{"type":"Polygon","coordinates":[[[12.661452233989046,46.16866599983789],[12.66152860303852,46.16686484051533],[12.662175207571387,46.16687807300846],[12.662098859591614,46.168679233158116],[12.661452233989046,46.16866599983789]]]},"properties":{"ndvi_class":"dense","color":"#238b45","area_m2":10006}},{"type":"Feature","geometry":{"type":"Polygon","coordinates":[[[12.591678348744962,46.165864489744166],[12.591698009105691,46.16541422251731],[12.59234456393732,46.165427849653206],[12.592324908842357,46.16587811709298],[12.591678348744962,46.165864489744166]]]},"properties":{"ndvi_class":"moderate","color":"#74c476","area_m2":2502}},{"type":"Feature","geometry":{"type":"Polygon","coordinates":[[[12.626593259024517,46.16659513783239],[12.626612635014204,46.16614485918923],[12.627259214878421,46.16615828901359],[12.627239844155241,46.1666085678666],[12.626593259024517,46.16659513783239]]]},"properties":{"ndvi_class":"sparse","color":"#c7e9c0","area_m2":2502}},{"type":"Feature","geometry":{"type":"Polygon","coordinates":[[[12.633059131023442,46.1667292737364],[12.633078454347451,46.166278992997356],[12.633725038807397,46.166292386280375],[12.633705720750031,46.16674266722869],[12.633059131023442,46.1667292737364]]]},"properties":{"ndvi_class":"dense","color":"#238b45","area_m2":2502}},{"type":"Feature","geometry":{"type":"Polygon","coordinates":[[[12.641464833227595,46.16690310410449],[12.641484088084189,46.16645282064932],[12.643423860703058,46.16649284702134],[12.643404621646958,46.16694313110196],[12.641464833227595,46.16690310410449]]]},"properties":{"ndvi_class":"sparse","color":"#c7e9c0","area_m2":7505}},{"type":"Feature","geometry":{"type":"Polygon","coordinates":[[[12.643404621646958,46.16694313110196],[12.643423860703058,46.16649284702134],[12.644717044734247,46.166519512998],[12.644697816211883,46.16696979749529],[12.643404621646958,46.16694313110196]]]},"properties":{"ndvi_class":"bare","color":"#d9d9d9","area_m2":5003}},{"type":"Feature","geometry":{"type":"Polygon","coordinates":[[[12.628436207915959,46.16888681270633],[12.628455570416268,46.16843653364341],[12.627181729212081,46.16795940417404],[12.626573882572444,46.16704541643362],[12.630511465027853,46.16577510338042],[12.630492121099028,46.166225383323706],[12.631765952947465,46.16670247578916],[12.631746618628828,46.16715275606759],[12.629160246922336,46.167099115484504],[12.629140891074975,46.167549394882876],[12.630434086542783,46.16757622290211],[12.6304147407674,46.16802650267775],[12.629768137536706,46.16801309028572],[12.629729434066624,46.16891364929212],[12.628436207915959,46.16888681270633]]]},"properties":{"ndvi_class":"dense","color":"#238b45","area_m2":65042}},{"type":"Feature","geometry":{"type":"Polygon","coordinates":[[[12.653065303899792,46.16804334702603],[12.653084464866083,46.167593059909514],[12.652437856159619,46.16757977583943],[12.65249535211614,46.16622891486183],[12.653769384054288,46.166705765551704],[12.653731074027716,46.16760634032513],[12.654377683644393,46.167619617086245],[12.654358533212742,46.16806990461773],[12.653065303899792,46.16804334702603]]]},"properties":{"ndvi_class":"bare","color":"#d9d9d9","area_m2":17511}},{"type":"Feature","geometry":{"type":"Polygon","coordinates":[[[12.667309971344903,46.16788438485483],[12.667367103864878,46.16653350959847],[12.668013707206567,46.166546708994936],[12.667956590488663,46.16789758487006],[12.667309971344903,46.16788438485483]]]},"properties":{"ndvi_class":"bare","color":"#d9d9d9","area_m2":7505}},{"type":"Feature","geometry":{"type":"Polygon","coordinates":[[[12.625300090144012,46.16656826680152],[12.62533886272671,46.165667710312995],[12.625985436403932,46.16568114723559],[12.625946674354067,46.16658170414403],[12.625300090144012,46.16656826680152]]]},"properties":{"ndvi_class":"sparse","color":"#c7e9c0","area_m2":5003}},{"type":"Feature","geometry":{"type":"Polygon","coordinates":[[[12.65375022926956,46.167156052959314],[12.653788538381908,46.16625547810232],[12.654435132197358,46.16626875424108],[12.654396833619037,46.16716932951297],[12.65375022926956,46.167156052959314]]]},"properties":{"ndvi_class":"moderate","color":"#74c476","area_m2":5003}},{"type":"Feature","geometry":{"type":"Polygon","coordinates":[[[12.635664794940054,46.16633254420437],[12.635684096736794,46.16588226258669],[12.636977259251509,46.165909015847035],[12.636957967987925,46.16635929788276],[12.635664794940054,46.16633254420437]]]},"properties":{"ndvi_class":"sparse","color":"#c7e9c0","area_m2":5003}},{"type":"Feature","geometry":{"type":"Polygon","coordinates":[[[12.638897730996389,46.1663994009938],[12.638917006460137,46.165949118331454],[12.640210173555467,46.165975835050226],[12.640190908625012,46.16642611813003],[12.638897730996389,46.1663994009938]]]},"properties":{"ndvi_class":"sparse","color":"#c7e9c0","area_m2":5003}},{"type":"Feature","geometry":{"type":"Polygon","coordinates":[[[12.653122785426904,46.16669248555111],[12.653141945021458,46.16624219830924],[12.653788538381908,46.16625547810232],[12.653769384054288,46.166705765551704],[12.653122785426904,46.16669248555111]]]},"properties":{"ndvi_class":"sparse","color":"#c7e9c0","area_m2":2502}},{"type":"Feature","geometry":{"type":"Polygon","coordinates":[[[12.66088199895917,46.16685160436772],[12.6609010953496,46.166401314639536],[12.661547694161852,46.16641455058032],[12.66152860303852,46.16686484051533],[12.66088199895917,46.16685160436772]]]},"properties":{"ndvi_class":"sparse","color":"#c7e9c0","area_m2":2502}},{"type":"Feature","geometry":{"type":"Polygon","coordinates":[[[12.622597302653249,46.1692161443065],[12.622636122924991,46.16831559000219],[12.623929330254278,46.16834249194747],[12.62461472142793,46.167455381705615],[12.625261315710768,46.167468823122306],[12.625985436403932,46.16568114723559],[12.627278585139358,46.165708010118664],[12.62729795493806,46.1652577311818],[12.627944524729747,46.16527115693249],[12.627905795202773,46.16617171518385],[12.626612635014204,46.16614485918923],[12.625888527810401,46.167932539192186],[12.624575934610224,46.16835593743858],[12.624556540507152,46.16880621524216],[12.623263321721943,46.16877932018534],[12.623243916621645,46.16922959752672],[12.622597302653249,46.1692161443065]]]},"properties":{"ndvi_class":"bare","color":"#d9d9d9","area_m2":40026}},{"type":"Feature","geometry":{"type":"Polygon","coordinates":[[[12.627239844155241,46.1666085678666],[12.627925160197314,46.16572143607914],[12.628571735715267,46.16573485838555],[12.628591094981418,46.165284579029176],[12.62986488813066,46.1657616920362],[12.629845538935387,46.166211971769926],[12.627239844155241,46.1666085678666]]]},"properties":{"ndvi_class":"moderate","color":"#74c476","area_m2":15010}},{"type":"Feature","geometry":{"type":"Polygon","coordinates":[[[12.640190908625012,46.16642611813003],[12.640210173555467,46.165975835050226],[12.642149927630339,46.16601588272201],[12.642169176301405,46.16556559897458],[12.64928158515876,46.16571215677287],[12.649262394420838,46.16616244281034],[12.642796513236629,46.166029224637555],[12.642777269372921,46.166479508551596],[12.640190908625012,46.16642611813003]]]},"properties":{"ndvi_class":"bare","color":"#d9d9d9","area_m2":37524}},{"type":"Feature","geometry":{"type":"Polygon","coordinates":[[[12.654243621024936,46.17077162892913],[12.654281926915798,46.16987105432582],[12.653635290961237,46.169857776527365],[12.65365444848888,46.1694074893705],[12.652361188480828,46.1693809232244],[12.651752904449175,46.16846706147567],[12.650459668243899,46.168440474232234],[12.650478850737079,46.16799018798816],[12.649185626889311,46.1679635865421],[12.649204819459195,46.16751330067188],[12.647265002908954,46.16747337171793],[12.647284210822066,46.16702308642981],[12.644697816211883,46.16696979749529],[12.644717044734247,46.166519512998],[12.642777269372921,46.166479508551596],[12.642796513236629,46.166029224637555],[12.649262394420838,46.16616244281034],[12.64928158515876,46.16571215677287],[12.652514516520279,46.16577862778571],[12.652437856159619,46.16757977583943],[12.654986002930473,46.168533465628855],[12.654890267970544,46.17078490348764],[12.654243621024936,46.17077162892913]]]},"properties":{"ndvi_class":"water","color":"#2166ac","area_m2":162606}},{"type":"Feature","geometry":{"type":"Polygon","coordinates":[[[12.65764898536958,46.16678536881306],[12.657687230364678,46.16588479138483],[12.658333821640623,46.16589804539043],[12.658295587179461,46.16679862323286],[12.65764898536958,46.16678536881306]]]},"properties":{"ndvi_class":"moderate","color":"#74c476","area_m2":5003}},{"type":"Feature","geometry":{"type":"Polygon","coordinates":[[[12.626632010541522,46.16569458050414],[12.62665138560648,46.16524430177712],[12.62729795493806,46.1652577311818],[12.627278585139358,46.165708010118664],[12.626632010541522,46.16569458050414]]]},"properties":{"ndvi_class":"sparse","color":"#c7e9c0","area_m2":2502}},{"type":"Feature","geometry":{"type":"Polygon","coordinates":[[[12.627925160197314,46.16572143607914],[12.627944524729747,46.16527115693249],[12.628591094981418,46.165284579029176],[12.628571735715267,46.16573485838555],[12.627925160197314,46.16572143607914]]]},"properties":{"ndvi_class":"sparse","color":"#c7e9c0","area_m2":2502}},{"type":"Feature","geometry":{"type":"Polygon","coordinates":[[[12.629218311693089,46.16574827703792],[12.629237665692942,46.165297997471875],[12.629884236864205,46.16531141226055],[12.62986488813066,46.1657616920362],[12.629218311693089,46.16574827703792]]]},"properties":{"ndvi_class":"dense","color":"#238b45","area_m2":2502}},{"type":"Feature","geometry":{"type":"Polygon","coordinates":[[[12.635684096736794,46.16588226258669],[12.63570339807293,46.16543198092709],[12.636996550054741,46.165458733769434],[12.636977259251509,46.165909015847035],[12.635684096736794,46.16588226258669]]]},"properties":{"ndvi_class":"water","color":"#2166ac","area_m2":5003}},{"type":"Feature","geometry":{"type":"Polygon","coordinates":[[[12.638917006460137,46.165949118331454],[12.63893628146391,46.16549883562723],[12.642169176301405,46.16556559897458],[12.642149927630339,46.16601588272201],[12.638917006460137,46.165949118331454]]]},"properties":{"ndvi_class":"water","color":"#2166ac","area_m2":12508}},{"type":"Feature","geometry":{"type":"Polygon","coordinates":[[[12.65249535211614,46.16622891486183],[12.652514516520279,46.16577862778571],[12.6531611041588,46.16579191102555],[12.653141945021458,46.16624219830924],[12.65249535211614,46.16622891486183]]]},"properties":{"ndvi_class":"sparse","color":"#c7e9c0","area_m2":2502}},{"type":"Feature","geometry":{"type":"Polygon","coordinates":[[[12.653141945021458,46.16624219830924],[12.6531611041588,46.16579191102555],[12.653807692252437,46.16580519061114],[12.653788538381908,46.16625547810232],[12.653141945021458,46.16624219830924]]]},"properties":{"ndvi_class":"moderate","color":"#74c476","area_m2":2502}},{"type":"Feature","geometry":{"type":"Polygon","coordinates":[[[12.62665138560648,46.16524430177712],[12.626670760209095,46.16479402300819],[12.627317324274543,46.16480745220302],[12.62729795493806,46.1652577311818],[12.62665138560648,46.16524430177712]]]},"properties":{"ndvi_class":"moderate","color":"#74c476","area_m2":2502}},{"type":"Feature","geometry":{"type":"Polygon","coordinates":[[[12.62729795493806,46.1652577311818],[12.627317324274543,46.16480745220302],[12.627963888800085,46.16482087774394],[12.627944524729747,46.16527115693249],[12.62729795493806,46.1652577311818]]]},"properties":{"ndvi_class":"sparse","color":"#c7e9c0","area_m2":2502}},{"type":"Feature","geometry":{"type":"Polygon","coordinates":[[[12.618153609509422,46.18219333017664],[12.61825088202111,46.17994195649948],[12.62019109635061,46.17998238613536],[12.620152220360783,46.18088293699562],[12.620798969935064,46.18089640665025],[12.620857267413092,46.17954557966551],[12.6221507363249,46.1795725067447],[12.6221701573499,46.17912223057845],[12.622816887227929,46.17913568842411],[12.622836302519472,46.17868541200563],[12.62218957791138,46.17867195437025],[12.622228417643829,46.177771401827954],[12.618994854223793,46.177704060920874],[12.619014299742389,46.177253785639024],[12.622247836814825,46.17732112549388],[12.622267255522354,46.17687084911787],[12.623560663042767,46.17689775905099],[12.62358007074821,46.17644748221254],[12.621012706948909,46.1759433725265],[12.621051562195822,46.17504282032214],[12.619111520374227,46.17500240860019],[12.619072633513664,46.17590295954164],[12.617779253532957,46.17587599927532],[12.61774034373955,46.17677654920635],[12.617093643904132,46.176763063168856],[12.617152023705003,46.17541223884151],[12.616505340139105,46.175398749780975],[12.616544268221748,46.17449820044103],[12.617190941250152,46.17451168908003],[12.617210399326137,46.17406141413632],[12.61850373623246,46.17408838002771],[12.619189288527156,46.173201306213635],[12.61983594759841,46.17321477960066],[12.619855383208447,46.17276450368857],[12.620502037473175,46.17277797321019],[12.6211875409558,46.17189088628512],[12.621834185607398,46.171904348076254],[12.621853604022313,46.17145407140708],[12.622500243867306,46.17146752933313],[12.622577891822555,46.16966642139573],[12.623224511058254,46.169679874826166],[12.623263321721943,46.16877932018534],[12.624556540507152,46.16880621524216],[12.624575934610224,46.16835593743858],[12.625888527810401,46.167932539192186],[12.625907910454158,46.167482260884746],[12.627201101322083,46.16750912544683],[12.627181729212081,46.16795940417404],[12.628455570416268,46.16843653364341],[12.628436207915959,46.16888681270633],[12.629729434066624,46.16891364929212],[12.629768137536706,46.16801309028572],[12.6304147407674,46.16802650267775],[12.630434086542783,46.16757622290211],[12.629140891074975,46.167549394882876],[12.629160246922336,46.167099115484504],[12.631746618628828,46.16715275606759],[12.631765952947465,46.16670247578916],[12.630492121099028,46.166225383323706],[12.630511465027853,46.16577510338042],[12.62986488813066,46.1657616920362],[12.629257019230954,46.16484771786394],[12.631196718324837,46.164887950639276],[12.631177380585424,46.16533823087586],[12.632470526144077,46.16536503487503],[12.632451198475913,46.16581531548856],[12.635684096736794,46.16588226258669],[12.635664794940054,46.16633254420437],[12.636957967987925,46.16635929788276],[12.636977259251509,46.165909015847035],[12.638917006460137,46.165949118331454],[12.638897730996389,46.1663994009938],[12.644051218700968,46.16695646612578],[12.64403198445273,46.16740675037295],[12.645971794156713,46.16744673414317],[12.645952575250874,46.16789701897325],[12.649185626889311,46.1679635865421],[12.649166433861405,46.1684138723705],[12.650459668243899,46.168440474232234],[12.651067930294166,46.169354342459464],[12.652361188480828,46.1693809232244],[12.65234202041757,46.169831209966155],[12.652988655461785,46.169844495074145],[12.652950328498884,46.170745068847445],[12.654243621024936,46.17077162892913],[12.654205313305663,46.171672203365326],[12.654851970787831,46.171685478338674],[12.654832821510979,46.17213576570151],[12.656126148376917,46.17216230509785],[12.656107009180275,46.17261259283361],[12.656753678563957,46.172625857256406],[12.656658002073844,46.17487729634491],[12.654052064142352,46.17527449943857],[12.654032905939514,46.175724786259686],[12.654679610842415,46.175738063100056],[12.653994588162073,46.17662535977655],[12.653347873175038,46.17661207886563],[12.653386201491774,46.17571150576381],[12.652092793962277,46.175684933805485],[12.65211196797345,46.17523464760709],[12.651465270161362,46.175221356352345],[12.65144609088077,46.17567164234306],[12.646919182075726,46.17557849975251],[12.646899965450954,46.176028784245986],[12.645587328880787,46.176452422797034],[12.645568100799352,46.17690270679051],[12.644274672600547,46.176876045851095],[12.644255433520632,46.177326329386126],[12.641668561529972,46.17727296280633],[12.64164930091142,46.17772324546562],[12.640375128279677,46.177246257582645],[12.640355857121477,46.17769653982465],[12.639062415162945,46.177669819561],[12.639023850386735,46.1785703830844],[12.638377119554631,46.178557017051375],[12.638357831206037,46.17900729854143],[12.636417625649374,46.17896717788092],[12.636436929808346,46.17851689701777],[12.635790200810007,46.178503516361744],[12.635104842411122,46.179390692897925],[12.633811365628207,46.179363912470286],[12.633830691328734,46.17891363248571],[12.633183958896119,46.178900236997464],[12.633164627925423,46.179350516772715],[12.631224417573247,46.1793103077451],[12.631205070330362,46.17976058685018],[12.627971369253777,46.17969349763985],[12.628656844734264,46.17880636621858],[12.629950303624533,46.178833204719815],[12.629989016881211,46.177932647138384],[12.629342297745866,46.17791923013493],[12.629322936078685,46.17836950873696],[12.628048860855268,46.17789238516119],[12.628029488648457,46.17834266334375],[12.627382765623658,46.17832923516365],[12.62734400928296,46.17922979098333],[12.625403811351593,46.17918948324954],[12.625384416677038,46.179639760466664],[12.624090943152929,46.17961286994524],[12.624052131333894,46.18051342341328],[12.622778055254644,46.180036241135234],[12.622739221427663,46.18093679367855],[12.62209247046863,46.180923334991725],[12.622073047589405,46.18137361099015],[12.620779536514751,46.181346682227904],[12.620093902896361,46.182233762971286],[12.618153609509422,46.18219333017664]],[[12.630577681708333,46.17929689742428],[12.631224417573247,46.1793103077451],[12.631243764354368,46.17886002859813],[12.630597033759566,46.178846618486844],[12.630577681708333,46.17929689742428]],[[12.62542320556325,46.178739205990496],[12.62606993247642,46.178752645347515],[12.626108708971476,46.177852090283594],[12.62481527668514,46.17782520875396],[12.62542320556325,46.178739205990496]],[[12.631909836458176,46.17842315565529],[12.633222619453402,46.17799967732123],[12.63261456727131,46.177085719170854],[12.631301801927277,46.17750919090573],[12.631909836458176,46.17842315565529]],[[12.633850016568013,46.17846335245923],[12.635162786508591,46.178039851563156],[12.634554701330778,46.17712590312395],[12.633907989518493,46.17711251212847],[12.633850016568013,46.17846335245923]],[[12.626755425805625,46.177865525565046],[12.627402143100264,46.17787895719093],[12.628087603881852,46.176991828670324],[12.62679418991061,46.176964969913556],[12.626755425805625,46.177865525565046]],[[12.636456233506582,46.17806661611276],[12.637749682339035,46.17809336603959],[12.637141553168297,46.1771794305503],[12.63584812633211,46.17715267414826],[12.636456233506582,46.17806661611276]],[[12.630008372816583,46.1774823682848],[12.630655087142067,46.177495781423055],[12.630674437345876,46.177045502317974],[12.63002772828999,46.177032089389314],[12.630008372816583,46.1774823682848]],[[12.624854072407521,46.17692465436238],[12.625500777781214,46.1769380965349],[12.625539561113188,46.17603754155548],[12.624892866278097,46.17602409980304],[12.624854072407521,46.17692465436238]],[[12.631321146861476,46.17705891159113],[12.631967856836662,46.177072317208754],[12.631987196039663,46.17662203764277],[12.631340491333978,46.176608632234604],[12.631321146861476,46.17705891159113]],[[12.628126345059142,46.176091272011746],[12.628773042196404,46.1761046954874],[12.628792406822415,46.1756544168855],[12.628145714954334,46.17564099361959],[12.628126345059142,46.176091272011746]],[[12.630066437850981,46.17613153147258],[12.630713136368046,46.176144943982074],[12.63073248518643,46.175694664751276],[12.630085791938587,46.17568125245135],[12.630066437850981,46.17613153147258]],[[12.632653234676852,46.17618515957817],[12.633299935031909,46.17619855746604],[12.633319262773268,46.175748277397496],[12.632672567687488,46.17573487971899],[12.632653234676852,46.17618515957817]],[[12.62943909915054,46.17566783649608],[12.630085791938587,46.17568125245135],[12.630105145564288,46.17523097338819],[12.629458458045326,46.17521755764256],[12.62943909915054,46.17566783649608]],[[12.63396595831822,46.17576167142066],[12.634612654322215,46.175775061788435],[12.63529797326934,46.17488788698268],[12.634004601878912,46.17486111073931],[12.63396595831822,46.17576167142066]],[[12.636552745087242,46.17581521095945],[12.637846141223534,46.175841958796454],[12.637884721554434,46.17494139560608],[12.636572046021364,46.175364929803145],[12.636552745087242,46.17581521095945]],[[12.641079639582289,46.17590876441909],[12.641726340627558,46.175922114577304],[12.64174559940744,46.175471831750585],[12.6410989036315,46.17545848180098],[12.641079639582289,46.17590876441909]],[[12.618464840690672,46.17498893071586],[12.619111520374227,46.17500240860019],[12.619130963108462,46.1745521330665],[12.618484288693635,46.17453865539277],[12.618464840690672,46.17498893071586]],[[12.62881177098627,46.175204138241654],[12.629458458045326,46.17521755764256],[12.629477816478092,46.17476727874712],[12.628831134687978,46.17475385955589],[12.62881177098627,46.175204138241654]],[[12.638531409771696,46.174954763623695],[12.639178098447102,46.174968127986],[12.639197377383953,46.17451784591031],[12.638550693977571,46.17450448175682],[12.638531409771696,46.174954763623695]],[[12.62820382186627,46.17429015819153],[12.62885049792756,46.17430358082822],[12.628889223020387,46.173403023247104],[12.62953588900442,46.173416441809316],[12.629593957373075,46.172065604494264],[12.628947307193993,46.17205218656107],[12.628927946264858,46.17250246549833],[12.626360711078283,46.171998478279676],[12.626341329076517,46.172448756377726],[12.62698798268324,46.17246218914024],[12.626949227828653,46.17336274563034],[12.628261924618034,46.172939322386185],[12.62820382186627,46.17429015819153]],[[12.630143851430029,46.17433041513614],[12.630790528870957,46.17434382680737],[12.630829222351919,46.17344326796856],[12.630182555448306,46.17342985671645],[12.630143851430029,46.17433041513614]],[[12.621756507313323,46.17370545433343],[12.623069249878077,46.173282091711535],[12.623108067952153,46.17238153774189],[12.624401371019552,46.17240843616086],[12.62379352494068,46.17149443422102],[12.62314688417347,46.17148098360446],[12.6231274762944,46.17193126069415],[12.621834185607398,46.171904348076254],[12.621756507313323,46.17370545433343]],[[12.624362574018528,46.17330899097112],[12.625009236780093,46.173322435118415],[12.625028630243735,46.17287215752419],[12.624381972750516,46.172858713586955],[12.624362574018528,46.17330899097112]],[[12.634120521494399,46.17215942768986],[12.634767175348482,46.172172816383906],[12.634786488402487,46.17172253551985],[12.634139839816577,46.171709147035],[12.634120521494399,46.17215942768986]],[[12.641252999474952,46.1718562193493],[12.64189965310079,46.17186956763021],[12.641976668918417,46.170068434565586],[12.642623301929586,46.17008177835751],[12.64264254946757,46.16963149477824],[12.641349294438012,46.16960480395674],[12.641330036364621,46.17005508711895],[12.640683404268321,46.170041736017595],[12.640644876206991,46.17094230179924],[12.6399982340326,46.17092894662584],[12.639978964044271,46.17137922924519],[12.641272259386813,46.171405936354496],[12.641252999474952,46.1718562193493]],[[12.623166291589376,46.171030706472806],[12.6257528363519,46.17108448617021],[12.625772222233806,46.170634208156294],[12.625125590619795,46.170620768924],[12.625144981306674,46.17017049107813],[12.623851729995888,46.170143602069736],[12.623166291589376,46.171030706472806]],[[12.62645761414914,46.16974708716044],[12.627104236148924,46.16976051866366],[12.627142983605157,46.168859961502704],[12.626496372140021,46.16884653041922],[12.62645761414914,46.16974708716044]],[[12.65040211801759,46.16979133271361],[12.651048751695349,46.16980462878588],[12.651067930294166,46.169354342459464],[12.65042130188417,46.16934104659495],[12.65040211801759,46.16979133271361]],[[12.634255740068484,46.16900746222614],[12.634902357047977,46.169020849455826],[12.634921666875933,46.16857056829855],[12.634275055163736,46.16855718127804],[12.634255740068484,46.16900746222614]],[[12.625869144704096,46.16838281745771],[12.626515750441774,46.168396251985705],[12.626535128281084,46.167945973510285],[12.625888527810401,46.167932539192186],[12.625869144704096,46.16838281745771]],[[12.633628443910368,46.16854379060307],[12.634275055163736,46.16855718127804],[12.634313683971442,46.167656619256185],[12.634960285149422,46.16767000585835],[12.634352310935517,46.166756057066756],[12.633705720750031,46.16674266722869],[12.633628443910368,46.16854379060307]],[[12.633059131023442,46.1667292737364],[12.633705720750031,46.16674266722869],[12.633725038807397,46.166292386280375],[12.633078454347451,46.166278992997356],[12.633059131023442,46.1667292737364]]]},"properties":{"ndvi_class":"moderate","color":"#74c476","area_m2":2886874}},{"type":"Feature","geometry":{"type":"Polygon","coordinates":[[[12.640229438026198,46.165525551928546],[12.640248702037216,46.16507526876504],[12.641541849897106,46.165101970032644],[12.641522596418932,46.16555225361338],[12.640229438026198,46.165525551928546]]]},"properties":{"ndvi_class":"sparse","color":"#c7e9c0","area_m2":5003}},{"type":"Feature","geometry":{"type":"Polygon","coordinates":[[[12.642169176301405,46.16556559897458],[12.642188424513133,46.16511531518533],[12.642834999586386,46.165128656683926],[12.642815756641111,46.16557894068166],[12.642169176301405,46.16556559897458]]]},"properties":{"ndvi_class":"dense","color":"#238b45","area_m2":2502}},{"type":"Feature","geometry":{"type":"Polygon","coordinates":[[[12.64928158515876,46.16571215677287],[12.649300775438729,46.1652618706936],[12.649947355533198,46.16527517199679],[12.649928170519836,46.165725458283895],[12.64928158515876,46.16571215677287]]]},"properties":{"ndvi_class":"sparse","color":"#c7e9c0","area_m2":2502}},{"type":"Feature","geometry":{"type":"Polygon","coordinates":[[[12.649928170519836,46.165725458283895],[12.649947355533198,46.16527517199679],[12.651887098550462,46.16531505398134],[12.651867929336996,46.165765340891625],[12.649928170519836,46.165725458283895]]]},"properties":{"ndvi_class":"bare","color":"#d9d9d9","area_m2":7505}},{"type":"Feature","geometry":{"type":"Polygon","coordinates":[[[12.651867929336996,46.165765340891625],[12.651887098550462,46.16531505398134],[12.652533680467087,46.16532834066781],[12.652514516520279,46.16577862778571],[12.651867929336996,46.165765340891625]]]},"properties":{"ndvi_class":"sparse","color":"#c7e9c0","area_m2":2502}},{"type":"Feature","geometry":{"type":"Polygon","coordinates":[[[12.627944524729747,46.16527115693249],[12.628629812127825,46.16438402019071],[12.631216055602799,46.16443767036075],[12.631196718324837,46.164887950639276],[12.629257019230954,46.16484771786394],[12.629237665692942,46.165297997471875],[12.627944524729747,46.16527115693249]]]},"properties":{"ndvi_class":"bare","color":"#d9d9d9","area_m2":15010}},{"type":"Feature","geometry":{"type":"Polygon","coordinates":[[[12.63503751616712,46.1658688804753],[12.635056822769691,46.16541859902482],[12.633117099612129,46.16537843139356],[12.633155743032445,46.164477869622196],[12.634448870280533,46.16450465086015],[12.63442955933321,46.16495493218526],[12.640248702037216,46.16507526876504],[12.640229438026198,46.165525551928546],[12.63893628146391,46.16549883562723],[12.638917006460137,46.165949118331454],[12.636977259251509,46.165909015847035],[12.636996550054741,46.165458733769434],[12.63570339807293,46.16543198092709],[12.635684096736794,46.16588226258669],[12.63503751616712,46.1658688804753]]]},"properties":{"ndvi_class":"bare","color":"#d9d9d9","area_m2":42528}},{"type":"Feature","geometry":{"type":"Polygon","coordinates":[[[12.64410891869174,46.165605613133316],[12.644793954235238,46.164718374590485],[12.646067881806628,46.16519530936536],[12.646048665193838,46.16564559440457],[12.64410891869174,46.165605613133316]]]},"properties":{"ndvi_class":"sparse","color":"#c7e9c0","area_m2":10006}},{"type":"Feature","geometry":{"type":"Polygon","coordinates":[[[12.658047018694903,46.172652375136536],[12.658104387497842,46.17130150993911],[12.657457733010755,46.17128825344806],[12.658142631084633,46.170400932931976],[12.657495987133991,46.170387676855206],[12.656887606471033,46.16947384077801],[12.656240973965156,46.16946057780599],[12.65631751522344,46.16765942544257],[12.65502429371599,46.16763289019286],[12.65504343842342,46.1671826024122],[12.654396833619037,46.16716932951297],[12.654435132197358,46.16626875424108],[12.6531611041588,46.16579191102555],[12.653199421061883,46.16489133633283],[12.6557665968761,46.165394719287164],[12.656374916372485,46.166308560731366],[12.657687230364678,46.16588479138483],[12.65764898536958,46.16678536881306],[12.657002384013964,46.16677211073883],[12.656944997296833,46.16812297594641],[12.657591614454251,46.16813623464213],[12.657553364895422,46.16903681165266],[12.658199993042338,46.169050067108046],[12.658808391330364,46.169963896580576],[12.659455030921322,46.16997714514056],[12.659474141038029,46.169526856118495],[12.662041593823778,46.17003010283203],[12.662003414367396,46.17093068240591],[12.661356762424884,46.17091744805173],[12.661280376970643,46.172718605871324],[12.658047018694903,46.172652375136536]]]},"properties":{"ndvi_class":"dense","color":"#238b45","area_m2":175114}},{"type":"Feature","geometry":{"type":"Polygon","coordinates":[[[12.664153163544386,46.16601716699589],[12.664191301378628,46.165116585263775],[12.664837886656414,46.16512980231289],[12.664799759355876,46.16603038445806],[12.664153163544386,46.16601716699589]]]},"properties":{"ndvi_class":"sparse","color":"#c7e9c0","area_m2":5003}},{"type":"Feature","geometry":{"type":"Polygon","coordinates":[[[12.627963888800085,46.16482087774394],[12.627983252408347,46.16437059851346],[12.628629812127825,46.16438402019071],[12.628610453785598,46.16483429963091],[12.627963888800085,46.16482087774394]]]},"properties":{"ndvi_class":"sparse","color":"#c7e9c0","area_m2":2502}},{"type":"Feature","geometry":{"type":"Polygon","coordinates":[[[12.63442955933321,46.16495493218526],[12.634448870280533,46.16450465086015],[12.63638856459266,46.164544795312445],[12.636369269443883,46.16499507726482],[12.63442955933321,46.16495493218526]]]},"properties":{"ndvi_class":"sparse","color":"#c7e9c0","area_m2":7505}},{"type":"Feature","geometry":{"type":"Polygon","coordinates":[[[12.636369269443883,46.16499507726482],[12.63638856459266,46.164544795312445],[12.637035130280204,46.16455816948862],[12.637015840397634,46.16500845164997],[12.636369269443883,46.16499507726482]]]},"properties":{"ndvi_class":"moderate","color":"#74c476","area_m2":2502}},{"type":"Feature","geometry":{"type":"Polygon","coordinates":[[[12.637015840397634,46.16500845164997],[12.637035130280204,46.16455816948862],[12.6396213976112,46.16461162965343],[12.639602128793603,46.16506191265014],[12.637015840397634,46.16500845164997]]]},"properties":{"ndvi_class":"sparse","color":"#c7e9c0","area_m2":10006}},{"type":"Feature","geometry":{"type":"Polygon","coordinates":[[[12.632451198475913,46.16581531548856],[12.632470526144077,46.16536503487503],[12.631177380585424,46.16533823087586],[12.631216055602799,46.16443767036075],[12.628629812127825,46.16438402019071],[12.62864917000811,46.163933740708586],[12.6292957249215,46.163947158522284],[12.629315077074065,46.16349687878861],[12.632547832204715,46.16356391200199],[12.63252850638133,46.1640141927831],[12.634468180767044,46.16405436949317],[12.634448870280533,46.16450465086015],[12.633155743032445,46.164477869622196],[12.633117099612129,46.16537843139356],[12.635056822769691,46.16541859902482],[12.63503751616712,46.1658688804753],[12.632451198475913,46.16581531548856]]]},"properties":{"ndvi_class":"sparse","color":"#c7e9c0","area_m2":60039}},{"type":"Feature","geometry":{"type":"Polygon","coordinates":[[[12.594382420691543,46.163217368115916],[12.594402057177494,46.16276709978511],[12.595695107855942,46.16279431862131],[12.595675481900143,46.163244587377406],[12.594382420691543,46.163217368115916]]]},"properties":{"ndvi_class":"moderate","color":"#74c476","area_m2":5003}},{"type":"Feature","geometry":{"type":"Polygon","coordinates":[[[12.62533886272671,46.165667710312995],[12.624123298496249,46.16383971370573],[12.62218364618474,46.16379936161187],[12.622203056260302,46.163349084187516],[12.624789239201144,46.1634028788312],[12.624769850188299,46.163853157096106],[12.625416402340916,46.163866596832705],[12.62539701813123,46.16431687526568],[12.626043576010138,46.16433031155843],[12.626004816735133,46.16523086871847],[12.62665138560648,46.16524430177712],[12.626632010541522,46.16569458050414],[12.62533886272671,46.165667710312995]]]},"properties":{"ndvi_class":"moderate","color":"#74c476","area_m2":30019}},{"type":"Feature","geometry":{"type":"Polygon","coordinates":[[[12.646733670508407,46.16475834365012],[12.646752880937784,46.16430805831912],[12.646106313656514,46.164294739161434],[12.64614474367223,46.163394168790205],[12.647437857626675,46.16342080261922],[12.648046016869172,46.16433468567244],[12.649339154624851,46.16436129840961],[12.649319965260755,46.16481158457251],[12.646733670508407,46.16475834365012]]]},"properties":{"ndvi_class":"dense","color":"#238b45","area_m2":22515}},{"type":"Feature","geometry":{"type":"Polygon","coordinates":[[[12.654511723870513,46.16446760319589],[12.654550016965562,46.16356702742257],[12.6558431427626,46.163593566248906],[12.655824006975962,46.16404385457113],[12.654511723870513,46.16446760319589]]]},"properties":{"ndvi_class":"dense","color":"#238b45","area_m2":7505}},{"type":"Feature","geometry":{"type":"Polygon","coordinates":[[[12.6396213976112,46.16461162965343],[12.63969846828363,46.16281049724807],[12.641638110396539,46.16285055150115],[12.641599607574996,46.16375111903931],[12.642246166392448,46.16376446356644],[12.642284658682232,46.16286389561127],[12.642931207425084,46.16287723606757],[12.642911966775655,46.163327520274535],[12.643558521241381,46.16334085728543],[12.643520049097146,46.16424142599061],[12.64416661455188,46.16425475976431],[12.644147383057437,46.16470504426248],[12.642854242072465,46.16467837264434],[12.64287348409936,46.16422808856292],[12.641580355475124,46.164201402745604],[12.641561102915832,46.164651686410046],[12.6396213976112,46.16461162965343]]]},"properties":{"ndvi_class":"dense","color":"#238b45","area_m2":50032}},{"type":"Feature","geometry":{"type":"Polygon","coordinates":[[[12.599593864972753,46.16242561737471],[12.59961345840267,46.16197534725995],[12.600259976705605,46.161988928852765],[12.600240388540614,46.162439199179744],[12.599593864972753,46.16242561737471]]]},"properties":{"ndvi_class":"moderate","color":"#74c476","area_m2":2502}},{"type":"Feature","geometry":{"type":"Polygon","coordinates":[[[12.652610331681302,46.16352719177822],[12.652629493341669,46.163076904451344],[12.653276049382036,46.1630901864459],[12.653256892987716,46.163540473980326],[12.652610331681302,46.16352719177822]]]},"properties":{"ndvi_class":"moderate","color":"#74c476","area_m2":2502}},{"type":"Feature","geometry":{"type":"Polygon","coordinates":[[[12.660139880207849,46.169089811545895],[12.660158984144756,46.16863952223336],[12.658865736115752,46.16861303001015],[12.658884850131885,46.16816274106981],[12.658238232065978,46.168149489683266],[12.65892307679574,46.167262163063846],[12.657629862187507,46.16723565746451],[12.65764898536958,46.16678536881306],[12.658295587179461,46.16679862323286],[12.658333821640623,46.16589804539043],[12.657687230364678,46.16588479138483],[12.657706352177732,46.165434502608086],[12.658352938186898,46.165447756406564],[12.658391169910898,46.164547178313555],[12.657117145123681,46.16407037919591],[12.656508836406898,46.16315654160981],[12.659075965207606,46.16365984936959],[12.659037745840955,46.16456042804372],[12.660311799228555,46.1650372062299],[12.66029269893851,46.16548749587648],[12.659646111567412,46.16547425304077],[12.659627005554738,46.16592454243866],[12.660273598192658,46.16593778548128],[12.660216293220099,46.167288654045215],[12.660862902113012,46.167301894054155],[12.660786510170857,46.16910305238239],[12.660139880207849,46.169089811545895]]]},"properties":{"ndvi_class":"dense","color":"#238b45","area_m2":90058}},{"type":"Feature","geometry":{"type":"Polygon","coordinates":[[[12.661547694161852,46.16641455058032],[12.66230879900072,46.16372604113943],[12.662955367119741,46.16373926853124],[12.662993521468556,46.16283868720816],[12.663640079508358,46.16285191053264],[12.662879052958944,46.165540430676494],[12.66223246377368,46.16552720245793],[12.662194293427607,46.1664277828667],[12.661547694161852,46.16641455058032]]]},"properties":{"ndvi_class":"dense","color":"#238b45","area_m2":25016}},{"type":"Feature","geometry":{"type":"Polygon","coordinates":[[[12.637739547513931,46.16322069264876],[12.63777811260517,46.16232012753138],[12.638424652879703,46.16233349335531],[12.638386098319808,46.1632340588904],[12.637739547513931,46.16322069264876]]]},"properties":{"ndvi_class":"dense","color":"#238b45","area_m2":5003}},{"type":"Feature","geometry":{"type":"Polygon","coordinates":[[[12.626767626287482,46.16254262853452],[12.626786998116316,46.16209234951399],[12.627433530587613,46.1621057774499],[12.627414164024156,46.162556056680245],[12.626767626287482,46.16254262853452]]]},"properties":{"ndvi_class":"moderate","color":"#74c476","area_m2":2502}},{"type":"Feature","geometry":{"type":"Polygon","coordinates":[[[12.628707240877462,46.16258290201072],[12.628726596910122,46.162132622360915],[12.629373130761081,46.16214603933604],[12.629353779993842,46.16259631919547],[12.628707240877462,46.16258290201072]]]},"properties":{"ndvi_class":"dense","color":"#238b45","area_m2":2502}},{"type":"Feature","geometry":{"type":"Polygon","coordinates":[[[12.650689827952014,46.16303703654424],[12.650709004952812,46.16258674979851],[12.651355554361452,46.16260004254707],[12.651336382626532,46.163050329500514],[12.650689827952014,46.16303703654424]]]},"properties":{"ndvi_class":"moderate","color":"#74c476","area_m2":2502}},{"type":"Feature","geometry":{"type":"Polygon","coordinates":[[[12.657801954398586,46.163183058097765],[12.657821073473967,46.1627327690704],[12.659114182750228,46.162759270528404],[12.659095074206915,46.16320955996988],[12.657801954398586,46.163183058097765]]]},"properties":{"ndvi_class":"sparse","color":"#c7e9c0","area_m2":5003}},{"type":"Feature","geometry":{"type":"Polygon","coordinates":[[[12.621556511677408,46.163335626392296],[12.621575926555325,46.16288534913626],[12.620282849304187,46.162858423005474],[12.620321698731443,46.16195786920897],[12.621614754921335,46.161984794498316],[12.621634168409454,46.16153451711642],[12.62228069193102,46.161547974070544],[12.622241875021942,46.162448529212924],[12.622888409534946,46.16246198293398],[12.622869005651111,46.162912260652476],[12.621556511677408,46.163335626392296]]]},"properties":{"ndvi_class":"moderate","color":"#74c476","area_m2":22515}},{"type":"Feature","geometry":{"type":"Polygon","coordinates":[[[12.642303904138236,46.162413611570905],[12.642323149135,46.161963327488714],[12.643616226015142,46.16199000391385],[12.643596991549549,46.162440288412874],[12.642303904138236,46.162413611570905]]]},"properties":{"ndvi_class":"dense","color":"#238b45","area_m2":5003}},{"type":"Feature","geometry":{"type":"Polygon","coordinates":[[[12.668146963647322,46.16339466382633],[12.66818503282776,46.16249407911703],[12.667538476885513,46.16248088157667],[12.667557516060386,46.16203058936566],[12.668850617865044,46.16205698038004],[12.668793530574062,46.16340785812505],[12.668146963647322,46.16339466382633]]]},"properties":{"ndvi_class":"sparse","color":"#c7e9c0","area_m2":10006}},{"type":"Feature","geometry":{"type":"Polygon","coordinates":[[[12.627317324274543,46.16480745220302],[12.627375429510817,46.163456615015136],[12.62866852742647,46.163483461184555],[12.628687884382915,46.163033181618594],[12.628041340460783,46.16301976057049],[12.628118784729073,46.16121864272627],[12.629411830910334,46.16124547949141],[12.629431180292373,46.160795199506225],[12.632017257108911,46.16084882835655],[12.63199792878718,46.161299109179694],[12.633271662228307,46.16177618330262],[12.633252343514865,46.1622264644606],[12.631959270760051,46.16219967070029],[12.631920610887935,46.16310023205329],[12.632567157566937,46.16311363117899],[12.632586482468012,46.16266335031408],[12.635819196417865,46.16273029009014],[12.635799897845057,46.16318057200101],[12.636446447276429,46.163193949204064],[12.636407859281002,46.164094513318204],[12.635761299317865,46.16408113569709],[12.635741999363454,46.16453141748231],[12.634448870280533,46.16450465086015],[12.634468180767044,46.16405436949317],[12.63252850638133,46.1640141927831],[12.632547832204715,46.16356391200199],[12.629315077074065,46.16349687878861],[12.628629812127825,46.16438402019071],[12.627983252408347,46.16437059851346],[12.627963888800085,46.16482087774394],[12.627317324274543,46.16480745220302]],[[12.628707240877462,46.16258290201072],[12.629353779993842,46.16259631919547],[12.629373130761081,46.16214603933604],[12.628726596910122,46.162132622360915],[12.628707240877462,46.16258290201072]]]},"properties":{"ndvi_class":"moderate","color":"#74c476","area_m2":152599}},{"type":"Feature","geometry":{"type":"Polygon","coordinates":[[[12.643635460021759,46.161539719372975],[12.643654693569415,46.16108943479026],[12.644947751215375,46.16111609576741],[12.644928528198443,46.16156638076671],[12.643635460021759,46.161539719372975]]]},"properties":{"ndvi_class":"sparse","color":"#c7e9c0","area_m2":5003}},{"type":"Feature","geometry":{"type":"Polygon","coordinates":[[[12.614561381547455,46.16048569923701],[12.614580851557452,46.16003542404583],[12.615227354205594,46.160048920555134],[12.615207889460214,46.16049919595718],[12.614561381547455,46.16048569923701]]]},"properties":{"ndvi_class":"moderate","color":"#74c476","area_m2":2502}},{"type":"Feature","geometry":{"type":"Polygon","coordinates":[[[12.655292278049938,46.16132885746148],[12.655311416362448,46.16087856909588],[12.655957947893588,46.16089183543822],[12.655938814846554,46.161342124011114],[12.655292278049938,46.16132885746148]]]},"properties":{"ndvi_class":"moderate","color":"#74c476","area_m2":2502}},{"type":"Feature","geometry":{"type":"Polygon","coordinates":[[[12.593893011672554,46.159601606881466],[12.593912649674492,46.15915133842657],[12.594559132198224,46.15916495162306],[12.594539499460339,46.15961522029067],[12.593893011672554,46.159601606881466]]]},"properties":{"ndvi_class":"moderate","color":"#74c476","area_m2":2502}},{"type":"Feature","geometry":{"type":"Polygon","coordinates":[[[12.613934349371764,46.16002192388332],[12.613953824181666,46.159571648861096],[12.614600321102873,46.159585148812674],[12.614580851557452,46.16003542404583],[12.613934349371764,46.16002192388332]]]},"properties":{"ndvi_class":"moderate","color":"#74c476","area_m2":2502}},{"type":"Feature","geometry":{"type":"Polygon","coordinates":[[[12.625532697885873,46.16116492535421],[12.625571459367604,46.160264367859234],[12.624924949337187,46.1602509298025],[12.62494433464909,46.15980065120209],[12.626237344640819,46.15982752324231],[12.626845110829384,46.16074151220088],[12.625532697885873,46.16116492535421]]]},"properties":{"ndvi_class":"moderate","color":"#74c476","area_m2":12508}},{"type":"Feature","geometry":{"type":"Polygon","coordinates":[[[12.66430570396071,46.16241483906582],[12.66432476946527,46.16196454788676],[12.663678221504364,46.161951328629364],[12.663735431085335,46.16060045546146],[12.665047554285529,46.160176597530736],[12.665028495866098,46.16062688908322],[12.665675028935603,46.160640100413566],[12.665617866745572,46.16199097543994],[12.66430570396071,46.16241483906582]]]},"properties":{"ndvi_class":"dense","color":"#238b45","area_m2":27518}},{"type":"Feature","geometry":{"type":"Polygon","coordinates":[[[12.637150859909559,46.161856475641144],[12.637189432770697,46.160955910690326],[12.636542909208316,46.16094253818585],[12.636600780843407,46.159591691072414],[12.637247288610924,46.15960506295005],[12.637228003791028,46.160055345572026],[12.637874517281446,46.160068714005185],[12.63783595679118,46.16096927954127],[12.638482481269637,46.160982644738695],[12.638443929469654,46.161883210524984],[12.637150859909559,46.161856475641144]]]},"properties":{"ndvi_class":"dense","color":"#238b45","area_m2":22515}},{"type":"Feature","geometry":{"type":"Polygon","coordinates":[[[12.659818045165968,46.16142164658072],[12.659856247618006,46.16052106690805],[12.661168396971977,46.16009725406113],[12.661130216493069,46.16099783464475],[12.659818045165968,46.16142164658072]]]},"properties":{"ndvi_class":"sparse","color":"#c7e9c0","area_m2":10006}},{"type":"Feature","geometry":{"type":"Polygon","coordinates":[[[12.621045898828642,46.16017022474235],[12.6210847321651,46.159269670021565],[12.621731228901771,46.15928312957759],[12.622338913821334,46.160197141042325],[12.621045898828642,46.16017022474235]]]},"properties":{"ndvi_class":"moderate","color":"#74c476","area_m2":7505}},{"type":"Feature","geometry":{"type":"Polygon","coordinates":[[[12.660464585141328,46.16143488755421],[12.660483681329682,46.16098459753186],[12.661130216493069,46.16099783464475],[12.661187486528139,46.1596469637067],[12.662480526623103,46.159673425730865],[12.662404207788555,46.16147458855212],[12.660464585141328,46.16143488755421]]]},"properties":{"ndvi_class":"bare","color":"#d9d9d9","area_m2":22515}},{"type":"Feature","geometry":{"type":"Polygon","coordinates":[[[12.619733457788099,46.16059357070585],[12.619752885680771,46.160143293829194],[12.618459874378718,46.16011634830291],[12.61847931233698,46.15966607180532],[12.617832812643009,46.15965259377286],[12.617871697696865,46.15875204107293],[12.61851818686209,46.1587655186842],[12.619125812492642,46.159679546184556],[12.620418814188538,46.15970648398338],[12.620379969396097,46.160607038199494],[12.619733457788099,46.16059357070585]]]},"properties":{"ndvi_class":"moderate","color":"#74c476","area_m2":17511}},{"type":"Feature","geometry":{"type":"Polygon","coordinates":[[[12.588740806286621,46.15904230134886],[12.588760485930912,46.15859203455551],[12.588114012873346,46.1585783886959],[12.588133697311756,46.15812812207363],[12.589426633366928,46.15815540971366],[12.589387285075414,46.15905594376879],[12.588740806286621,46.15904230134886]]]},"properties":{"ndvi_class":"dense","color":"#238b45","area_m2":7505}},{"type":"Feature","geometry":{"type":"Polygon","coordinates":[[[12.593285810414473,46.15868745329286],[12.59330545274307,46.15823718496652],[12.593951924272668,46.158250801390466],[12.59393228720786,46.15870106992956],[12.593285810414473,46.15868745329286]]]},"properties":{"ndvi_class":"moderate","color":"#74c476","area_m2":2502}},{"type":"Feature","geometry":{"type":"Polygon","coordinates":[[[12.626903219382587,46.1593906745104],[12.62692258797597,46.15894039519639],[12.627569083593128,46.158953821663665],[12.627549720264247,46.159404101187484],[12.626903219382587,46.1593906745104]]]},"properties":{"ndvi_class":"moderate","color":"#74c476","area_m2":2502}},{"type":"Feature","geometry":{"type":"Polygon","coordinates":[[[12.593951924272668,46.158250801390466],[12.593971560868933,46.15780053280926],[12.594618027601259,46.15781414536767],[12.594598396268669,46.15826441416156],[12.593951924272668,46.158250801390466]]]},"properties":{"ndvi_class":"moderate","color":"#74c476","area_m2":2502}},{"type":"Feature","geometry":{"type":"Polygon","coordinates":[[[12.643085116093033,46.159274960905535],[12.643104352610795,46.15882467632199],[12.643750854423732,46.1588380112491],[12.643731623170686,46.159288296041005],[12.643085116093033,46.159274960905535]]]},"properties":{"ndvi_class":"dense","color":"#238b45","area_m2":2502}},{"type":"Feature","geometry":{"type":"Polygon","coordinates":[[[12.66323947862233,46.172308010437334],[12.663392112156966,46.16870568883451],[12.664038739119501,46.16871891119064],[12.664057810994786,46.16826862059586],[12.663411189299902,46.16825539844633],[12.663468417997178,46.166904527031356],[12.664742564992935,46.16738125736285],[12.664799759355876,46.16603038445806],[12.666092952337337,46.16605680841927],[12.666112005681205,46.16560651695467],[12.66675859758397,46.16561972324733],[12.666853831150457,46.16336826426668],[12.666207265580582,46.16335505900576],[12.666340610346262,46.16020301612492],[12.666987139055356,46.16021621994153],[12.667044264198399,46.1588653431764],[12.667690777564177,46.15887854272059],[12.66759559304717,46.16113000481852],[12.666949053354706,46.16111680424302],[12.666872876500232,46.16291797234537],[12.667519437256306,46.16293117374595],[12.66746231564252,46.16428205000352],[12.668108892649931,46.164295248368795],[12.668013707206567,46.166546708994936],[12.667367103864878,46.16653350959847],[12.667290926262597,46.168334676523514],[12.666644302303663,46.168321472647335],[12.666549043734339,46.17057292933332],[12.665902393888176,46.17055972077053],[12.665883335541917,46.17101001177616],[12.665236680880188,46.17099679935196],[12.665217616810637,46.17144709010943],[12.664570957333366,46.17143387382371],[12.663886147730608,46.17232123444646],[12.66323947862233,46.172308010437334]],[[12.66531293260883,46.169195635904856],[12.66595956619803,46.16920884750326],[12.66597862272505,46.16875855633073],[12.665331994403667,46.168745344938756],[12.66531293260883,46.169195635904856]]]},"properties":{"ndvi_class":"sparse","color":"#c7e9c0","area_m2":207635}},{"type":"Feature","geometry":{"type":"Polygon","coordinates":[[[12.640422057451609,46.161022718409725],[12.639814060499889,46.160108797384204],[12.639167545636003,46.160095439911295],[12.639186814661326,46.159645156662855],[12.638540305520008,46.15963179574528],[12.638598125631184,46.15828094637505],[12.639244618978642,46.158294306666335],[12.639225351332634,46.158744590040364],[12.640499092352902,46.159221583830195],[12.641107091600261,46.160135501369716],[12.641753607836495,46.160148847882304],[12.641734359411492,46.1605991319234],[12.640422057451609,46.161022718409725]]]},"properties":{"ndvi_class":"dense","color":"#238b45","area_m2":32521}},{"type":"Feature","geometry":{"type":"Polygon","coordinates":[[[12.590092770273527,46.157718780750635],[12.590112437982283,46.15726851340467],[12.590758896650934,46.15728214766664],[12.590739234205644,46.15773241522563],[12.590092770273527,46.157718780750635]]]},"properties":{"ndvi_class":"dense","color":"#238b45","area_m2":2502}},{"type":"Feature","geometry":{"type":"Polygon","coordinates":[[[12.617244656088657,46.15828828360628],[12.617264102719869,46.15783800736203],[12.61791058089509,46.15785148820511],[12.617891139527924,46.15830176466001],[12.617244656088657,46.15828828360628]]]},"properties":{"ndvi_class":"moderate","color":"#74c476","area_m2":2502}},{"type":"Feature","geometry":{"type":"Polygon","coordinates":[[[12.651944603446275,46.16396419299965],[12.65196377083006,46.163513905922166],[12.650024091008616,46.163474026430244],[12.65004327373303,46.16302373993408],[12.646163957992307,46.162943883541836],[12.646183171853885,46.16249359825165],[12.646829718071265,46.16250691657691],[12.646868133887773,46.16160634545485],[12.646221598201588,46.16159302754581],[12.646240810687743,46.161142742130146],[12.64688734110852,46.1611560598311],[12.646906547870943,46.160705774165514],[12.651432236726409,46.16079889431535],[12.651413066821348,46.16124918143598],[12.652706135410792,46.16127575472589],[12.652686975579336,46.16172604221994],[12.65333351582232,46.1617393235919],[12.653390978148867,46.160388460361794],[12.652744453702137,46.16037517961241],[12.652763612162055,46.159924891992965],[12.653410131343614,46.15993817253485],[12.65344843636204,46.15903759675559],[12.65280192771044,46.159024316628724],[12.652821084798937,46.158574028883926],[12.654760596323941,46.15861385768194],[12.655368828559952,46.159527703748424],[12.656661860485334,46.15955423153591],[12.656623607204319,46.160454809305016],[12.657270134378896,46.160468068132865],[12.657308377129539,46.15956748994941],[12.658620521941243,46.15914370624736],[12.658582301163463,46.16004428534269],[12.65922882443499,46.16005753300268],[12.65917150564434,46.16140840195346],[12.65852496657657,46.16139515367246],[12.658505854135491,46.16184544303219],[12.655919681342949,46.16179241254222],[12.655881412965991,46.16269298947911],[12.655234860372207,46.16267972230756],[12.654550016965562,46.16356702742257],[12.651944603446275,46.16396419299965]],[[12.652610331681302,46.16352719177822],[12.653256892987716,46.163540473980326],[12.653276049382036,46.1630901864459],[12.652629493341669,46.163076904451344],[12.652610331681302,46.16352719177822]],[[12.650689827952014,46.16303703654424],[12.651336382626532,46.163050329500514],[12.651355554361452,46.16260004254707],[12.650709004952812,46.16258674979851],[12.650689827952014,46.16303703654424]],[[12.655292278049938,46.16132885746148],[12.655938814846554,46.161342124011114],[12.655957947893588,46.16089183543822],[12.655311416362448,46.16087856909588],[12.655292278049938,46.16132885746148]]]},"properties":{"ndvi_class":"dense","color":"#238b45","area_m2":285185}},{"type":"Feature","geometry":{"type":"Polygon","coordinates":[[[12.663773568530786,46.15969987314083],[12.663830771286424,46.1583489993469],[12.665123783415666,46.15837543090354],[12.665066612250188,46.15972630593653],[12.663773568530786,46.15969987314083]]]},"properties":{"ndvi_class":"dense","color":"#238b45","area_m2":15010}},{"type":"Feature","geometry":{"type":"Polygon","coordinates":[[[12.612072805213364,46.15818030366814],[12.612111782234532,46.15727975451195],[12.612758251447366,46.15729326436751],[12.612719284953945,46.15819381394588],[12.612072805213364,46.15818030366814]]]},"properties":{"ndvi_class":"moderate","color":"#74c476","area_m2":5003}},{"type":"Feature","geometry":{"type":"Polygon","coordinates":[[[12.588173064779573,46.15722758870271],[12.58819274780901,46.15677732195405],[12.588839199812615,46.15679096696085],[12.58881952204648,46.15724123392271],[12.588173064779573,46.15722758870271]]]},"properties":{"ndvi_class":"dense","color":"#238b45","area_m2":2502}},{"type":"Feature","geometry":{"type":"Polygon","coordinates":[[[12.616617625006533,46.15782452286598],[12.616637076437646,46.15737424679043],[12.617283548887075,46.157387731075794],[12.617264102719869,46.15783800736203],[12.616617625006533,46.15782452286598]]]},"properties":{"ndvi_class":"moderate","color":"#74c476","area_m2":2502}},{"type":"Feature","geometry":{"type":"Polygon","coordinates":[[[12.656053606280736,46.15864039194716],[12.656072736588653,46.158190103123616],[12.65671923698398,46.158203364568955],[12.656700111940795,46.1586536535997],[12.656053606280736,46.15864039194716]]]},"properties":{"ndvi_class":"sparse","color":"#c7e9c0","area_m2":2502}},{"type":"Feature","geometry":{"type":"Polygon","coordinates":[[[12.582295776409508,46.15845541158265],[12.582315508220397,46.15800514688184],[12.581669045107379,46.157991464707976],[12.58168878171088,46.157541200178784],[12.582335239560484,46.15755488213887],[12.582374700828323,46.15665435252643],[12.58172825350517,46.156640670993895],[12.581747988695986,46.15619040633819],[12.584333759747498,46.156245109698375],[12.58429433099996,46.15714564067706],[12.583001423484726,46.157118295447454],[12.58294224525473,46.15846909031753],[12.582295776409508,46.15845541158265]]]},"properties":{"ndvi_class":"moderate","color":"#74c476","area_m2":27518}},{"type":"Feature","geometry":{"type":"Polygon","coordinates":[[[12.611465313484565,46.15726624100353],[12.611484806561323,46.156815966573575],[12.612131270047616,46.15682947987085],[12.612111782234532,46.15727975451195],[12.611465313484565,46.15726624100353]]]},"properties":{"ndvi_class":"moderate","color":"#74c476","area_m2":2502}},{"type":"Feature","geometry":{"type":"Polygon","coordinates":[[[12.626980690983254,46.15758955700278],[12.627000057728107,46.15713927752106],[12.627646532288514,46.15715270314922],[12.62762717080766,46.15760298284072],[12.626980690983254,46.15758955700278]]]},"properties":{"ndvi_class":"moderate","color":"#74c476","area_m2":2502}},{"type":"Feature","geometry":{"type":"Polygon","coordinates":[[[12.652821084798937,46.158574028883926],[12.652212905202001,46.15766017011135],[12.654152383774685,46.15770000862441],[12.654133238129495,46.15815029686774],[12.654779737161286,46.158163569273],[12.654760596323941,46.15861385768194],[12.652821084798937,46.158574028883926]]]},"properties":{"ndvi_class":"moderate","color":"#74c476","area_m2":15010}},{"type":"Feature","geometry":{"type":"Polygon","coordinates":[[[12.659951745772048,46.15826961699567],[12.659970844035643,46.15781932688793],[12.660617341889981,46.15783256620636],[12.660598248891079,46.15828285652096],[12.659951745772048,46.15826961699567]]]},"properties":{"ndvi_class":"bare","color":"#d9d9d9","area_m2":2502}},{"type":"Feature","geometry":{"type":"Polygon","coordinates":[[[12.663184265901076,46.158335778088485],[12.663203337841093,46.157885486946945],[12.663849837961683,46.15789870799878],[12.663830771286424,46.1583489993469],[12.663184265901076,46.158335778088485]]]},"properties":{"ndvi_class":"sparse","color":"#c7e9c0","area_m2":2502}},{"type":"Feature","geometry":{"type":"Polygon","coordinates":[[[12.665123783415666,46.15837543090354],[12.665142839561373,46.15792513914242],[12.66643584297157,46.15795155567266],[12.66641679735547,46.158401847846555],[12.665123783415666,46.15837543090354]]]},"properties":{"ndvi_class":"dense","color":"#238b45","area_m2":5003}},{"type":"Feature","geometry":{"type":"Polygon","coordinates":[[[12.640518349929387,46.15877130008067],[12.640537607046365,46.15832101628929],[12.639244618978642,46.158294306666335],[12.639263886164906,46.15784402325044],[12.638617398081818,46.15783066316792],[12.638655941603531,46.156930096628045],[12.639948897170587,46.15695681230506],[12.639929636167901,46.15740709601338],[12.642534813793445,46.15701019982264],[12.643104352610795,46.15882467632199],[12.640518349929387,46.15877130008067]]]},"properties":{"ndvi_class":"dense","color":"#238b45","area_m2":50032}},{"type":"Feature","geometry":{"type":"Polygon","coordinates":[[[12.6431620594101,46.157473822320306],[12.64318129409192,46.15702353756939],[12.643827774847251,46.15703687166309],[12.643808545429644,46.157487156622345],[12.6431620594101,46.157473822320306]]]},"properties":{"ndvi_class":"sparse","color":"#c7e9c0","area_m2":2502}},{"type":"Feature","geometry":{"type":"Polygon","coordinates":[[[12.6625568381735,46.157872262241774],[12.662575914923053,46.15742197126515],[12.663222409326027,46.15743519576368],[12.663203337841093,46.157885486946945],[12.6625568381735,46.157872262241774]]]},"properties":{"ndvi_class":"sparse","color":"#c7e9c0","area_m2":2502}},{"type":"Feature","geometry":{"type":"Polygon","coordinates":[[[12.664496338535155,46.15791192539728],[12.664515399490814,46.1574616338009],[12.665161895252375,46.15747484733959],[12.665142839561373,46.15792513914242],[12.664496338535155,46.15791192539728]]]},"properties":{"ndvi_class":"sparse","color":"#c7e9c0","area_m2":2502}},{"type":"Feature","geometry":{"type":"Polygon","coordinates":[[[12.59728233562403,46.1560674800761],[12.597301943562396,46.15561721022157],[12.597948386307944,46.15563080345398],[12.597928783632698,46.156081073520895],[12.59728233562403,46.1560674800761]]]},"properties":{"ndvi_class":"dense","color":"#238b45","area_m2":2502}},{"type":"Feature","geometry":{"type":"Polygon","coordinates":[[[12.604393289306017,46.15621680707497],[12.60441283934931,46.155766534887285],[12.60505928720929,46.155780087941395],[12.605039742429266,46.156230360340864],[12.604393289306017,46.15621680707497]]]},"properties":{"ndvi_class":"moderate","color":"#74c476","area_m2":2502}},{"type":"Feature","geometry":{"type":"Polygon","coordinates":[[[12.665808391466554,46.15748805722497],[12.665827441438319,46.157037765173975],[12.666473932840425,46.15705097119971],[12.666454888133218,46.15750126345704],[12.665808391466554,46.15748805722497]]]},"properties":{"ndvi_class":"dense","color":"#238b45","area_m2":2502}},{"type":"Feature","geometry":{"type":"Polygon","coordinates":[[[12.610191880977805,46.15678892902066],[12.610230886789871,46.15588838087961],[12.611523791319538,46.15591541758762],[12.61154328300102,46.15546514303165],[12.612189730697047,46.155478655695504],[12.612150757395723,46.15637920518774],[12.611504299172974,46.15636569210161],[12.611484806561323,46.156815966573575],[12.610191880977805,46.15678892902066]]]},"properties":{"ndvi_class":"moderate","color":"#74c476","area_m2":15010}},{"type":"Feature","geometry":{"type":"Polygon","coordinates":[[[12.608937984113016,46.15586132956092],[12.608957496847548,46.15541105585006],[12.610250388997907,46.155438106746075],[12.610230886789871,46.15588838087961],[12.608937984113016,46.15586132956092]]]},"properties":{"ndvi_class":"moderate","color":"#74c476","area_m2":5003}},{"type":"Feature","geometry":{"type":"Polygon","coordinates":[[[12.59536261812043,46.155576408609214],[12.595401864171096,46.15467587004894],[12.5960482949934,46.1546894738138],[12.596009059468514,46.15559001279919],[12.59536261812043,46.155576408609214]]]},"properties":{"ndvi_class":"dense","color":"#238b45","area_m2":5003}},{"type":"Feature","geometry":{"type":"Polygon","coordinates":[[[12.638675212674636,46.15647981329531],[12.638713753437417,46.155579246504246],[12.640006677421223,46.15560596092899],[12.63996815771369,46.15650652855489],[12.638675212674636,46.15647981329531]]]},"properties":{"ndvi_class":"sparse","color":"#c7e9c0","area_m2":10006}},{"type":"Feature","geometry":{"type":"Polygon","coordinates":[[[12.666473932840425,46.15705097119971],[12.666512020891574,46.15615038655987],[12.66715850221726,46.15616358851977],[12.66712042469488,46.157064173572195],[12.666473932840425,46.15705097119971]]]},"properties":{"ndvi_class":"dense","color":"#238b45","area_m2":5003}},{"type":"Feature","geometry":{"type":"Polygon","coordinates":[[[12.596675114016056,46.1551533436525],[12.596694726281623,46.15470307392626],[12.597987590255324,46.154730263193926],[12.597967988515482,46.155180533345],[12.596675114016056,46.1551533436525]]]},"properties":{"ndvi_class":"dense","color":"#238b45","area_m2":5003}},{"type":"Feature","geometry":{"type":"Polygon","coordinates":[[[12.661321100667745,46.156494930056716],[12.66135927203726,46.155594348638125],[12.663298690715232,46.15563403061323],[12.663260550930708,46.15653461327194],[12.661321100667745,46.156494930056716]]]},"properties":{"ndvi_class":"sparse","color":"#c7e9c0","area_m2":15010}},{"type":"Feature","geometry":{"type":"Polygon","coordinates":[[[12.630309792211813,46.155405246592906],[12.63032913032931,46.15495496585331],[12.631622031868504,46.15498177483231],[12.631602704277904,46.1554320559908],[12.630309792211813,46.155405246592906]]]},"properties":{"ndvi_class":"dense","color":"#238b45","area_m2":5003}},{"type":"Feature","geometry":{"type":"Polygon","coordinates":[[[12.656814855354963,46.15595191878862],[12.656833977660268,46.15550162950722],[12.657480446924007,46.155514886056345],[12.657461329882697,46.15596517554487],[12.656814855354963,46.15595191878862]]]},"properties":{"ndvi_class":"sparse","color":"#c7e9c0","area_m2":2502}},{"type":"Feature","geometry":{"type":"Polygon","coordinates":[[[12.580553827499783,46.15391171097061],[12.580573570390127,46.15346144648958],[12.58121997993725,46.15347513383012],[12.581200242309164,46.153925398525004],[12.580553827499783,46.15391171097061]]]},"properties":{"ndvi_class":"dense","color":"#238b45","area_m2":2502}},{"type":"Feature","geometry":{"type":"Polygon","coordinates":[[[12.629682680248592,46.15494155588475],[12.629702023167987,46.15449127531278],[12.630348467985403,46.15450468507181],[12.63032913032931,46.15495496585331],[12.629682680248592,46.15494155588475]]]},"properties":{"ndvi_class":"dense","color":"#238b45","area_m2":2502}},{"type":"Feature","geometry":{"type":"Polygon","coordinates":[[[12.632268483326735,46.154995173842735],[12.632287805192838,46.15454489243299],[12.632934251846633,46.15455828758138],[12.632914935243885,46.15500856920043],[12.632268483326735,46.154995173842735]]]},"properties":{"ndvi_class":"dense","color":"#238b45","area_m2":2502}},{"type":"Feature","geometry":{"type":"Polygon","coordinates":[[[12.656833977660268,46.15550162950722],[12.656853099509307,46.155051340184066],[12.657499563509173,46.15506459652606],[12.657480446924007,46.155514886056345],[12.656833977660268,46.15550162950722]]]},"properties":{"ndvi_class":"bare","color":"#d9d9d9","area_m2":2502}},{"type":"Feature","geometry":{"type":"Polygon","coordinates":[[[12.663945164513924,46.15564725063218],[12.663964228459658,46.15519695903365],[12.664610697447142,46.15521017519305],[12.664591638765426,46.15566046699808],[12.663945164513924,46.15564725063218]]]},"properties":{"ndvi_class":"dense","color":"#238b45","area_m2":2502}},{"type":"Feature","geometry":{"type":"Polygon","coordinates":[[[12.634227146530444,46.15458506692014],[12.634246452145797,46.154134784840785],[12.634892894912294,46.15414816882201],[12.634873594560212,46.15459845111049],[12.634227146530444,46.15458506692014]]]},"properties":{"ndvi_class":"dense","color":"#238b45","area_m2":2502}},{"type":"Feature","geometry":{"type":"Polygon","coordinates":[[[12.663964228459658,46.15519695903365],[12.663983291950514,46.154746667393404],[12.665276219850355,46.15477309564622],[12.665257166887296,46.15522338769943],[12.663964228459658,46.15519695903365]]]},"properties":{"ndvi_class":"sparse","color":"#c7e9c0","area_m2":5003}},{"type":"Feature","geometry":{"type":"Polygon","coordinates":[[[12.644339677352175,46.160202197398064],[12.644378130705135,46.159301627523114],[12.645024638696256,46.15931495535186],[12.644416582223016,46.15840105748085],[12.64635607597775,46.158441028757814],[12.646375285255056,46.157990743049375],[12.64702177882148,46.15800405929375],[12.647060185472366,46.15710348733525],[12.64641370243463,46.15709017150701],[12.646432910336921,46.15663988567309],[12.645159174130542,46.15616295801414],[12.645197608698911,46.15526238696973],[12.645844069768295,46.155275709271486],[12.645901702391463,46.153924851766675],[12.64719459431788,46.15395148416314],[12.647175394428658,46.15440177045605],[12.647821846339363,46.154415081383206],[12.647783455713762,46.15531565425953],[12.64972284576258,46.15535556637159],[12.649761204806389,46.15445499224801],[12.65040765853995,46.15446828856403],[12.650388484510458,46.15491857585449],[12.651034943963031,46.1549318687254],[12.651054112728913,46.15448158122725],[12.652347022472545,46.15450815559527],[12.652327864233927,46.15495844350866],[12.652974325051998,46.15497172542098],[12.652936017731028,46.155872301537464],[12.654875434497434,46.15591212660163],[12.654837156933036,46.15681270379551],[12.655483640626096,46.1568259719255],[12.655407101075074,46.15862712664123],[12.654760596323941,46.15861385768194],[12.654152383774685,46.15770000862441],[12.652212905202001,46.15766017011135],[12.652821084798937,46.158574028883926],[12.651528079390513,46.1585474580852],[12.651547246551191,46.15809717071378],[12.64896126225705,46.15804398610752],[12.648276379897267,46.158931253445985],[12.645671147143927,46.15932827952723],[12.645651931226586,46.159778564902076],[12.644339677352175,46.160202197398064]]]},"properties":{"ndvi_class":"dense","color":"#238b45","area_m2":282684}},{"type":"Feature","geometry":{"type":"Polygon","coordinates":[[[12.643943141718006,46.1543351610289],[12.64396236792411,46.15388487577677],[12.645255257112584,46.153911530089395],[12.645236041433192,46.154361815758],[12.643943141718006,46.1543351610289]]]},"properties":{"ndvi_class":"sparse","color":"#c7e9c0","area_m2":5003}},{"type":"Feature","geometry":{"type":"Polygon","coordinates":[[[12.655579304792436,46.154574527590846],[12.655598436256179,46.1541242385986],[12.656244888820275,46.15413750183193],[12.656225762620124,46.15458779103143],[12.655579304792436,46.154574527590846]]]},"properties":{"ndvi_class":"dense","color":"#238b45","area_m2":2502}},{"type":"Feature","geometry":{"type":"Polygon","coordinates":[[[12.662690365861803,46.15472022452884],[12.662709439425292,46.154269933260025],[12.663355896979454,46.15428315631216],[12.663336828679705,46.154733447787585],[12.662690365861803,46.15472022452884]]]},"properties":{"ndvi_class":"sparse","color":"#c7e9c0","area_m2":2502}},{"type":"Feature","geometry":{"type":"Polygon","coordinates":[[[12.607057217748649,46.15446990583258],[12.60711579773014,46.15311908609888],[12.60840863447118,46.15314615679551],[12.608428149675003,46.15269588304391],[12.609720977745054,46.15272293870857],[12.609701473066197,46.15317321288291],[12.610347893058636,46.15318673544814],[12.610289392018046,46.154537558352935],[12.607057217748649,46.15446990583258]]]},"properties":{"ndvi_class":"moderate","color":"#74c476","area_m2":42528}},{"type":"Feature","geometry":{"type":"Polygon","coordinates":[[[12.660958381786674,46.16505044520447],[12.661034757323428,46.16324928537321],[12.660388195830889,46.16323604722608],[12.661072942358043,46.16234870520708],[12.659779840890671,46.16232222608636],[12.659798943256234,46.16187193635441],[12.660445488497286,46.161885177534806],[12.660464585141328,46.16143488755421],[12.662404207788555,46.16147458855212],[12.662480526623103,46.159673425730865],[12.659247929786723,46.159607243268894],[12.659343449707364,46.15735579397363],[12.658696958024938,46.15734254755559],[12.658735173331067,46.15644196795914],[12.65808869263117,46.15642871830194],[12.6581078048645,46.15597842864809],[12.659400756189818,46.15600492389538],[12.659438958232538,46.15510434363441],[12.658146027963085,46.15507784921511],[12.6581269166418,46.155528138952484],[12.656853099509307,46.155051340184066],[12.656833977660268,46.15550162950722],[12.656187508850712,46.15548836930512],[12.656225762620124,46.15458779103143],[12.658811598472427,46.15464080826509],[12.658849808307874,46.15374022816751],[12.660123613740076,46.15421700452285],[12.660085424047832,46.155117585364636],[12.661378357038926,46.1551440578662],[12.66069370932992,46.156031404530395],[12.660047232533083,46.15601816603942],[12.660028136092237,46.15646845631418],[12.66067461815326,46.15648169501202],[12.660636434433306,46.15738227584998],[12.661929420973191,46.15740874311336],[12.661910338959036,46.157859033883284],[12.66126384019782,46.157845801871474],[12.661225664273946,46.158746382872586],[12.663773568530786,46.15969987314083],[12.663754500035571,46.16015016432201],[12.663107973589947,46.160136942237216],[12.663050749577597,46.161487814910515],[12.663697291819746,46.16150103761514],[12.663678221504364,46.161951328629364],[12.661738580340128,46.16191164893414],[12.66170040674852,46.162812229597336],[12.662346963881902,46.16282546022972],[12.662327881668995,46.16327575070545],[12.661681319269505,46.163262519866336],[12.661604964798384,46.16506368052481],[12.660958381786674,46.16505044520447]],[[12.659951745772048,46.15826961699567],[12.660598248891079,46.15828285652096],[12.660617341889981,46.15783256620636],[12.659970844035643,46.15781932688793],[12.659951745772048,46.15826961699567]]]},"properties":{"ndvi_class":"sparse","color":"#c7e9c0","area_m2":162606}},{"type":"Feature","geometry":{"type":"Polygon","coordinates":[[[12.576655573559284,46.15427977210317],[12.576048716695984,46.153365532846735],[12.575402310903417,46.15335181628939],[12.57546166303501,46.15200102773186],[12.576754443518471,46.1520284559088],[12.57671489695013,46.15292898251313],[12.577361298420032,46.15294269155212],[12.577301990815714,46.15429348178477],[12.576655573559284,46.15427977210317]]]},"properties":{"ndvi_class":"moderate","color":"#74c476","area_m2":25016}},{"type":"Feature","geometry":{"type":"Polygon","coordinates":[[[12.603844608514185,46.153951889856586],[12.60386416148797,46.15350161767048],[12.603217740871099,46.15348805837051],[12.603256855944,46.15258751429585],[12.604549676592377,46.15261462839616],[12.604491034858068,46.15396544571605],[12.603844608514185,46.153951889856586]]]},"properties":{"ndvi_class":"moderate","color":"#74c476","area_m2":12508}},{"type":"Feature","geometry":{"type":"Polygon","coordinates":[[[12.61422642273443,46.15326779414044],[12.614245890575473,46.1528175184883],[12.614892308544537,46.15283101527622],[12.614872845966092,46.15328129113925],[12.61422642273443,46.15326779414044]]]},"properties":{"ndvi_class":"moderate","color":"#74c476","area_m2":2502}},{"type":"Feature","geometry":{"type":"Polygon","coordinates":[[[12.618104969055622,46.153348721347555],[12.618124405320863,46.15289844443094],[12.61941724726354,46.15292539052643],[12.619397821523675,46.15337566786407],[12.618104969055622,46.153348721347555]]]},"properties":{"ndvi_class":"dense","color":"#238b45","area_m2":5003}},{"type":"Feature","geometry":{"type":"Polygon","coordinates":[[[12.620044248449826,46.1533891356437],[12.620063668926981,46.152938858095624],[12.620710091051661,46.15295232201247],[12.620690675837226,46.1534025997709],[12.620044248449826,46.1533891356437]]]},"properties":{"ndvi_class":"dense","color":"#238b45","area_m2":2502}},{"type":"Feature","geometry":{"type":"Polygon","coordinates":[[[12.631680011873442,46.15363093110546],[12.631699337619514,46.15318064977938],[12.632345768025122,46.15319404795238],[12.632326447542018,46.15364432948782],[12.631680011873442,46.15363093110546]]]},"properties":{"ndvi_class":"sparse","color":"#c7e9c0","area_m2":2502}},{"type":"Feature","geometry":{"type":"Polygon","coordinates":[[[12.656244888820275,46.15413750183193],[12.656264014564078,46.15368721259065],[12.65691046231896,46.153700471963994],[12.656891341838639,46.15415076141247],[12.656244888820275,46.15413750183193]]]},"properties":{"ndvi_class":"dense","color":"#238b45","area_m2":2502}},{"type":"Feature","geometry":{"type":"Polygon","coordinates":[[[12.660770069481417,46.15423024218642],[12.660789158380572,46.15377995149606],[12.662082060696143,46.153806415451136],[12.662062982324148,46.15425670655502],[12.660770069481417,46.15423024218642]]]},"properties":{"ndvi_class":"dense","color":"#238b45","area_m2":5003}},{"type":"Feature","geometry":{"type":"Polygon","coordinates":[[[12.594109003924745,46.154648651562034],[12.594187532507954,46.15284757563741],[12.5948339413481,46.152861185856416],[12.595519591087172,46.15197425335786],[12.596812390048946,46.152001454685],[12.596126760426603,46.15288839533792],[12.595480350654357,46.152874792423255],[12.595460729735766,46.153325061892815],[12.594814315167197,46.15331145511337],[12.594755433814836,46.15466226263169],[12.594109003924745,46.154648651562034]]]},"properties":{"ndvi_class":"sparse","color":"#c7e9c0","area_m2":22515}},{"type":"Feature","geometry":{"type":"Polygon","coordinates":[[[12.667690777564177,46.15887854272059],[12.667843049172138,46.15527620119478],[12.668489520873779,46.15528939543604],[12.668470493776448,46.15573968847894],[12.669763449063609,46.1557660664145],[12.669155014406687,46.15485229273356],[12.670466959938798,46.15442836879435],[12.670504979373483,46.15352778118035],[12.672444338087166,46.15356730663778],[12.672425344387605,46.15401760108324],[12.671132427599813,46.153991254019445],[12.670371903413955,46.15667983709963],[12.669059902971107,46.15710375877005],[12.669021855219492,46.15800434489269],[12.668375351479384,46.15799115306776],[12.668337291382109,46.1588917386113],[12.667690777564177,46.15887854272059]]]},"properties":{"ndvi_class":"sparse","color":"#c7e9c0","area_m2":70045}},{"type":"Feature","geometry":{"type":"Polygon","coordinates":[[[12.583218374091201,46.15216537767758],[12.583238094050376,46.15171511217282],[12.583884484423777,46.151728784050306],[12.583864769726418,46.15217904976867],[12.583218374091201,46.15216537767758]]]},"properties":{"ndvi_class":"moderate","color":"#74c476","area_m2":2502}},{"type":"Feature","geometry":{"type":"Polygon","coordinates":[[[12.645274472333497,46.15346124437895],[12.64529368709594,46.15301095862669],[12.64594012184844,46.15302427988766],[12.645920912349121,46.153474565848086],[12.645274472333497,46.15346124437895]]]},"properties":{"ndvi_class":"dense","color":"#238b45","area_m2":2502}},{"type":"Feature","geometry":{"type":"Polygon","coordinates":[[[12.66402141756766,46.15384608398771],[12.664040479693975,46.153395792222256],[12.664686927626644,46.15340900755563],[12.664667870763845,46.153859299527575],[12.66402141756766,46.15384608398771]]]},"properties":{"ndvi_class":"dense","color":"#238b45","area_m2":2502}},{"type":"Feature","geometry":{"type":"Polygon","coordinates":[[[12.580514340305927,46.154812239806176],[12.580534084138385,46.15436197540948],[12.57988766453553,46.15434828398899],[12.579966656203606,46.15254722683618],[12.579320258118463,46.15253353261934],[12.57937951270777,46.151182739953775],[12.580672277776614,46.15121012345187],[12.58061305475773,46.15256091740102],[12.583178932761362,46.15306590856062],[12.583119767237665,46.154416704568995],[12.582473345759917,46.154403027757496],[12.582453617715027,46.154853292795615],[12.581807191443277,46.15483961211811],[12.581846657587317,46.153939082427215],[12.581200242309164,46.153925398525004],[12.5811607656402,46.154825927788295],[12.580514340305927,46.154812239806176]],[[12.580553827499783,46.15391171097061],[12.581200242309164,46.153925398525004],[12.58121997993725,46.15347513383012],[12.580573570390127,46.15346144648958],[12.580553827499783,46.15391171097061]]]},"properties":{"ndvi_class":"moderate","color":"#74c476","area_m2":60039}},{"type":"Feature","geometry":{"type":"Polygon","coordinates":[[[12.642023037566483,46.15384486691277],[12.642061520181322,46.15294429753328],[12.643373615670006,46.15252068775898],[12.643315924014766,46.153871543141435],[12.642023037566483,46.15384486691277]]]},"properties":{"ndvi_class":"sparse","color":"#c7e9c0","area_m2":12508}},{"type":"Feature","geometry":{"type":"Polygon","coordinates":[[[12.647879428842849,46.153064221755095],[12.647898622094754,46.15261393512874],[12.648545053408391,46.15262724157144],[12.64852586541954,46.15307752840569],[12.647879428842849,46.153064221755095]]]},"properties":{"ndvi_class":"dense","color":"#238b45","area_m2":2502}},{"type":"Feature","geometry":{"type":"Polygon","coordinates":[[[12.660808246824267,46.15332966076395],[12.660827334812517,46.15287936999008],[12.661473775216901,46.15289260338046],[12.661454692491976,46.1533428943611],[12.660808246824267,46.15332966076395]]]},"properties":{"ndvi_class":"dense","color":"#238b45","area_m2":2502}},{"type":"Feature","geometry":{"type":"Polygon","coordinates":[[[12.666626274139855,46.15344863163909],[12.666645314757707,46.152998339006274],[12.667291759236651,46.15301153952225],[12.667272723882245,46.15346183236132],[12.666626274139855,46.15344863163909]]]},"properties":{"ndvi_class":"sparse","color":"#c7e9c0","area_m2":2502}},{"type":"Feature","geometry":{"type":"Polygon","coordinates":[[[12.620083088940786,46.152488580505604],[12.620121927578388,46.15158802519964],[12.620768333915652,46.151601488485376],[12.621375923126047,46.152515504266205],[12.620083088940786,46.152488580505604]]]},"properties":{"ndvi_class":"dense","color":"#238b45","area_m2":7505}},{"type":"Feature","geometry":{"type":"Polygon","coordinates":[[[12.657576025288709,46.15326343798724],[12.657614253441983,46.15236285846724],[12.658907119642308,46.15238935770794],[12.658888016319976,46.15283964790289],[12.657576025288709,46.15326343798724]]]},"properties":{"ndvi_class":"bare","color":"#d9d9d9","area_m2":7505}},{"type":"Feature","geometry":{"type":"Polygon","coordinates":[[[12.57289591185346,46.15149586547614],[12.572915715527284,46.151045603354795],[12.57226933839388,46.151031869610115],[12.572289146856562,46.15058160766113],[12.57358189107101,46.15060907106964],[12.573542294718637,46.15150959578358],[12.57289591185346,46.15149586547614]]]},"properties":{"ndvi_class":"moderate","color":"#74c476","area_m2":7505}},{"type":"Feature","geometry":{"type":"Polygon","coordinates":[[[12.591014465752789,46.15142866556698],[12.591034121631349,46.150978397418356],[12.591680507091393,46.15099202504634],[12.591660856474562,46.1514422934079],[12.591014465752789,46.15142866556698]]]},"properties":{"ndvi_class":"dense","color":"#238b45","area_m2":2502}},{"type":"Feature","geometry":{"type":"Polygon","coordinates":[[[12.592953639318067,46.151469538133846],[12.5929732794114,46.1510192693466],[12.594266053597131,46.151046499039204],[12.594246424027352,46.1514967682519],[12.592953639318067,46.151469538133846]]]},"properties":{"ndvi_class":"sparse","color":"#c7e9c0","area_m2":5003}},{"type":"Feature","geometry":{"type":"Polygon","coordinates":[[[12.603295969150462,46.15168697005299],[12.603315525053814,46.151236697868484],[12.603961919359477,46.15125025610919],[12.603942368718117,46.15170052850556],[12.603295969150462,46.15168697005299]]]},"properties":{"ndvi_class":"moderate","color":"#74c476","area_m2":2502}},{"type":"Feature","geometry":{"type":"Polygon","coordinates":[[[12.612972533926019,46.15234023868335],[12.612365087540134,46.15142618090127],[12.613657889592078,46.1514531914725],[12.613618945707794,46.15235374256487],[12.612972533926019,46.15234023868335]]]},"properties":{"ndvi_class":"moderate","color":"#74c476","area_m2":7505}},{"type":"Feature","geometry":{"type":"Polygon","coordinates":[[[12.65048435008313,46.15266713898417],[12.650503521825296,46.15221685148471],[12.651149949698091,46.15223014310947],[12.651130783218907,46.15268043081662],[12.65048435008313,46.15266713898417]]]},"properties":{"ndvi_class":"bare","color":"#d9d9d9","area_m2":2502}},{"type":"Feature","geometry":{"type":"Polygon","coordinates":[[[12.655009391588889,46.15276010510689],[12.65502852648989,46.15230981615482],[12.656321389057512,46.15233634461618],[12.656302264682683,46.152786633982764],[12.655009391588889,46.15276010510689]]]},"properties":{"ndvi_class":"sparse","color":"#c7e9c0","area_m2":5003}},{"type":"Feature","geometry":{"type":"Polygon","coordinates":[[[12.668584649550736,46.153037929595946],[12.668603673924284,46.1525876363028],[12.669896555519058,46.152614011353336],[12.669877541672243,46.153064305058614],[12.668584649550736,46.153037929595946]]]},"properties":{"ndvi_class":"dense","color":"#238b45","area_m2":5003}},{"type":"Feature","geometry":{"type":"Polygon","coordinates":[[[12.607154848721752,46.15221853939959],[12.607213421715368,46.15086771903542],[12.608506205834356,46.15089478761727],[12.609113581964609,46.15180886465031],[12.60846717868584,46.15179533541463],[12.60844766441322,46.15224560925029],[12.607154848721752,46.15221853939959]]]},"properties":{"ndvi_class":"moderate","color":"#74c476","area_m2":17511}},{"type":"Feature","geometry":{"type":"Polygon","coordinates":[[[12.577381066678157,46.15249242805685],[12.57744036862279,46.15114163731794],[12.576793988199839,46.15112792913571],[12.576813759832937,46.15067766568588],[12.578126271264203,46.150254814049894],[12.578733130876879,46.15116904272698],[12.57808674951518,46.151155341848366],[12.578027463355614,46.152506133229664],[12.577381066678157,46.15249242805685]]]},"properties":{"ndvi_class":"moderate","color":"#74c476","area_m2":17511}},{"type":"Feature","geometry":{"type":"Polygon","coordinates":[[[12.664705984034748,46.15295871554195],[12.664744095486927,46.152058131389396],[12.665390528082376,46.15207134245069],[12.665352427156629,46.15297192701612],[12.664705984034748,46.15295871554195]]]},"properties":{"ndvi_class":"dense","color":"#238b45","area_m2":5003}},{"type":"Feature","geometry":{"type":"Polygon","coordinates":[[[12.667291759236651,46.15301153952225],[12.66732982858294,46.152110953718925],[12.667976262987452,46.15212415016974],[12.667938204167703,46.15302473638547],[12.667291759236651,46.15301153952225]]]},"properties":{"ndvi_class":"sparse","color":"#c7e9c0","area_m2":5003}},{"type":"Feature","geometry":{"type":"Polygon","coordinates":[[[12.603961919359477,46.15125025610919],[12.603981469534395,46.15079998367079],[12.604627859042491,46.150813538047686],[12.604608314129452,46.15126381069788],[12.603961919359477,46.15125025610919]]]},"properties":{"ndvi_class":"moderate","color":"#74c476","area_m2":2502}},{"type":"Feature","geometry":{"type":"Polygon","coordinates":[[[12.634304366228172,46.15278393835137],[12.634323670001113,46.15233365610446],[12.631091568307287,46.1522666855948],[12.631110897932684,46.15181640435241],[12.633696557319917,46.151869987227684],[12.634381578556564,46.1509828091124],[12.635674390869061,46.15100957049502],[12.636282224044384,46.15192351166549],[12.634989389765495,46.1518967567513],[12.634950793205602,46.152797321705236],[12.634304366228172,46.15278393835137]]]},"properties":{"ndvi_class":"dense","color":"#238b45","area_m2":32521}},{"type":"Feature","geometry":{"type":"Polygon","coordinates":[[[12.641376595027792,46.15383152331945],[12.641415088168849,46.15293095435695],[12.640122225515348,46.152904257046664],[12.64014148192286,46.15245397291978],[12.639495056544963,46.15244061899452],[12.639533578507057,46.15154005103247],[12.640179993359572,46.15155340454042],[12.640199248388797,46.151103120287985],[12.642746422903555,46.152057067093324],[12.642707952650778,46.15295763705707],[12.642061520181322,46.15294429753328],[12.642023037566483,46.15384486691277],[12.641376595027792,46.15383152331945]]]},"properties":{"ndvi_class":"moderate","color":"#74c476","area_m2":40026}},{"type":"Feature","geometry":{"type":"Polygon","coordinates":[[[12.597517600010422,46.150664239044424],[12.597537202335692,46.15021396868494],[12.598183581933577,46.15022755936891],[12.598163984869922,46.15067782994074],[12.597517600010422,46.150664239044424]]]},"properties":{"ndvi_class":"sparse","color":"#c7e9c0","area_m2":2502}},{"type":"Feature","geometry":{"type":"Polygon","coordinates":[[[12.611738174239596,46.150962395161415],[12.611757660806129,46.15051212014338],[12.613696831618107,46.15055264021215],[12.613677360837368,46.15100291586331],[12.611738174239596,46.150962395161415]]]},"properties":{"ndvi_class":"moderate","color":"#74c476","area_m2":7505}},{"type":"Feature","geometry":{"type":"Polygon","coordinates":[[[12.66086550942273,46.151978788317095],[12.660884596044717,46.15152849741799],[12.661531020659881,46.15154173018806],[12.661511939300839,46.151992021293935],[12.66086550942273,46.151978788317095]]]},"properties":{"ndvi_class":"bare","color":"#d9d9d9","area_m2":2502}},{"type":"Feature","geometry":{"type":"Polygon","coordinates":[[[12.657556910527969,46.15371372768459],[12.657576025288709,46.15326343798724],[12.656283139851542,46.15323692330761],[12.656302264682683,46.152786633982764],[12.656948701910979,46.15279989294176],[12.657006057877654,46.15144902409515],[12.65827979444478,46.15192581988416],[12.658964426874581,46.15103848687253],[12.65961084486665,46.15105173039317],[12.659515356849074,46.153303182611424],[12.658868912541838,46.15328993805608],[12.658849808307874,46.15374022816751],[12.657556910527969,46.15371372768459]],[[12.657576025288709,46.15326343798724],[12.658222468688342,46.15327668984802],[12.658907119642308,46.15238935770794],[12.657614253441983,46.15236285846724],[12.657576025288709,46.15326343798724]]]},"properties":{"ndvi_class":"sparse","color":"#c7e9c0","area_m2":40026}},{"type":"Feature","geometry":{"type":"Polygon","coordinates":[[[12.651777216809908,46.15269371899649],[12.651796378026093,46.1522434310817],[12.650522693110041,46.15176656394342],[12.650561034307305,46.15086598873547],[12.651853858931663,46.15089256708655],[12.651834699086956,46.15134285512674],[12.653108386280458,46.15181970769691],[12.653089236047228,46.15226999606858],[12.651777216809908,46.15269371899649]]]},"properties":{"ndvi_class":"moderate","color":"#74c476","area_m2":22515}},{"type":"Feature","geometry":{"type":"Polygon","coordinates":[[[12.607232945114948,46.15041744549665],[12.607252468048738,46.14996717191583],[12.607898849352939,46.14998070760977],[12.607879331680843,46.15043098140209],[12.607232945114948,46.15041744549665]]]},"properties":{"ndvi_class":"moderate","color":"#74c476","area_m2":2502}},{"type":"Feature","geometry":{"type":"Polygon","coordinates":[[[12.667995291716275,46.151673856999324],[12.668014319991086,46.15122356378718],[12.668660744321487,46.151236756173084],[12.668641721309644,46.151687049591374],[12.667995291716275,46.151673856999324]]]},"properties":{"ndvi_class":"dense","color":"#238b45","area_m2":2502}},{"type":"Feature","geometry":{"type":"Polygon","coordinates":[[[12.672520308353636,46.151766128439036],[12.672539299787376,46.15131583378513],[12.673185727277772,46.15132900060316],[12.673166741107096,46.15177929546283],[12.672520308353636,46.151766128439036]]]},"properties":{"ndvi_class":"moderate","color":"#74c476","area_m2":2502}},{"type":"Feature","geometry":{"type":"Polygon","coordinates":[[[12.660199987657485,46.152415842338236],[12.660276354286172,46.15061467948558],[12.661569182012174,46.150641147851054],[12.661550101563655,46.15109143904042],[12.662196521369172,46.151104667951266],[12.662139293080918,46.15245554188905],[12.660199987657485,46.152415842338236]],[[12.66086550942273,46.151978788317095],[12.661511939300839,46.151992021293935],[12.661531020659881,46.15154173018806],[12.660884596044717,46.15152849741799],[12.66086550942273,46.151978788317095]]]},"properties":{"ndvi_class":"sparse","color":"#c7e9c0","area_m2":25016}},{"type":"Feature","geometry":{"type":"Polygon","coordinates":[[[12.582024231932573,46.14988669673107],[12.582063687720423,46.148986166112564],[12.582710045588955,46.14899984401157],[12.5826706003233,46.149900375057506],[12.582024231932573,46.14988669673107]]]},"properties":{"ndvi_class":"moderate","color":"#74c476","area_m2":5003}},{"type":"Feature","geometry":{"type":"Polygon","coordinates":[[[12.626624743224191,46.150821934031015],[12.626663472916018,46.14992137418745],[12.627309862809696,46.14993480011167],[12.62727114364196,46.1508353603748],[12.626624743224191,46.150821934031015]]]},"properties":{"ndvi_class":"dense","color":"#238b45","area_m2":5003}},{"type":"Feature","geometry":{"type":"Polygon","coordinates":[[[12.569116796023135,46.14916210235625],[12.569136628899509,46.148711841312085],[12.57107567573682,46.14875308314502],[12.571055858642762,46.149203344833545],[12.569116796023135,46.14916210235625]]]},"properties":{"ndvi_class":"moderate","color":"#74c476","area_m2":7505}},{"type":"Feature","geometry":{"type":"Polygon","coordinates":[[[12.639572098630987,46.150639482902996],[12.639591358003676,46.150189198775465],[12.640237757069057,46.150202551657486],[12.64021850295862,46.15065283599366],[12.639572098630987,46.150639482902996]]]},"properties":{"ndvi_class":"moderate","color":"#74c476","area_m2":2502}},{"type":"Feature","geometry":{"type":"Polygon","coordinates":[[[12.657671592251582,46.151011988873975],[12.657690704276085,46.150561698926026],[12.658337116098053,46.15057494954448],[12.658318009336183,46.151025239699464],[12.657671592251582,46.151011988873975]]]},"properties":{"ndvi_class":"dense","color":"#238b45","area_m2":2502}},{"type":"Feature","geometry":{"type":"Polygon","coordinates":[[[12.65109244888859,46.15358100610554],[12.651111616282412,46.15313071848199],[12.649818739940004,46.15310413074908],[12.649857094407839,46.15220355620743],[12.64921066744584,46.15219025727765],[12.649249030609015,46.15128968298437],[12.648602614628112,46.151276380817784],[12.6492873919416,46.15038910852384],[12.650580204219857,46.15041570106878],[12.650599373675034,46.149965413360306],[12.65124577523479,46.14997870394669],[12.651226611041965,46.15042899186283],[12.652519426051532,46.15045556249404],[12.653127536056775,46.151369419283476],[12.65377395522396,46.151382695883186],[12.65379309928072,46.150932407220495],[12.655085928453657,46.1509589490479],[12.655066794922258,46.151409238125325],[12.654420374845829,46.151395968830485],[12.653735665740111,46.152283273083206],[12.653089236047228,46.15226999606858],[12.653070085357076,46.152720284398455],[12.653716520312999,46.15273356162054],[12.654324674025444,46.15364741255414],[12.65303178260595,46.15362086093284],[12.653050934209988,46.153170572686534],[12.652404494445767,46.153157291604344],[12.652385337578455,46.1536075796431],[12.65109244888859,46.15358100610554]],[[12.65048435008313,46.15266713898417],[12.651130783218907,46.15268043081662],[12.651149949698091,46.15223014310947],[12.650503521825296,46.15221685148471],[12.65048435008313,46.15266713898417]],[[12.651777216809908,46.15269371899649],[12.653089236047228,46.15226999606858],[12.653108386280458,46.15181970769691],[12.651834699086956,46.15134285512674],[12.651853858931663,46.15089256708655],[12.650561034307305,46.15086598873547],[12.650522693110041,46.15176656394342],[12.651169115719975,46.151779855360495],[12.651777216809908,46.15269371899649]]]},"properties":{"ndvi_class":"sparse","color":"#c7e9c0","area_m2":87557}},{"type":"Feature","geometry":{"type":"Polygon","coordinates":[[[12.638944959395698,46.150175842241275],[12.638964223571,46.14972555828057],[12.639610616916865,46.14973891460608],[12.639591358003676,46.150189198775465],[12.638944959395698,46.150175842241275]]]},"properties":{"ndvi_class":"moderate","color":"#74c476","area_m2":2502}},{"type":"Feature","geometry":{"type":"Polygon","coordinates":[[[12.64668257136529,46.150786166026144],[12.646074575511227,46.149872276993584],[12.648640986485706,46.150375806772956],[12.648621800785788,46.15082609381627],[12.64668257136529,46.150786166026144]]]},"properties":{"ndvi_class":"sparse","color":"#c7e9c0","area_m2":12508}},{"type":"Feature","geometry":{"type":"Polygon","coordinates":[[[12.596303280274576,46.148835966305036],[12.596322891251448,46.14838569620205],[12.596969248873041,46.14839929333989],[12.596949643157258,46.14884956365532],[12.596303280274576,46.148835966305036]]]},"properties":{"ndvi_class":"dense","color":"#238b45","area_m2":2502}},{"type":"Feature","geometry":{"type":"Polygon","coordinates":[[[12.615694368791358,46.149242298309474],[12.615713821929614,46.14879202185775],[12.616360193465013,46.14880550944423],[12.616340745588257,46.14925578610669],[12.615694368791358,46.149242298309474]]]},"properties":{"ndvi_class":"dense","color":"#238b45","area_m2":2502}},{"type":"Feature","geometry":{"type":"Polygon","coordinates":[[[12.635732263706844,46.14965872187155],[12.635751553732279,46.149208438913305],[12.636397939527416,46.14922181329032],[12.636378654763906,46.14967209645754],[12.635732263706844,46.14965872187155]]]},"properties":{"ndvi_class":"moderate","color":"#74c476","area_m2":2502}},{"type":"Feature","geometry":{"type":"Polygon","coordinates":[[[12.651892177249684,46.14999199088083],[12.65191133572303,46.14954170271527],[12.652557732930687,46.149554985789614],[12.6525385797196,46.15000527416272],[12.651892177249684,46.14999199088083]]]},"properties":{"ndvi_class":"sparse","color":"#c7e9c0","area_m2":2502}},{"type":"Feature","geometry":{"type":"Polygon","coordinates":[[[12.657709815844596,46.15011140893631],[12.657728926957128,46.14966111890483],[12.658375328254213,46.1496743691092],[12.65835622240406,46.15012465934772],[12.657709815844596,46.15011140893631]]]},"properties":{"ndvi_class":"dense","color":"#238b45","area_m2":2502}},{"type":"Feature","geometry":{"type":"Polygon","coordinates":[[[12.666759548924869,46.15029658233327],[12.666778586362863,46.14984628940842],[12.667424994001205,46.14985948848064],[12.667405961825779,46.150309781611725],[12.666759548924869,46.15029658233327]]]},"properties":{"ndvi_class":"dense","color":"#238b45","area_m2":2502}},{"type":"Feature","geometry":{"type":"Polygon","coordinates":[[[12.669345203240164,46.150349357532626],[12.669364219627806,46.14989906378316],[12.670010629073449,46.14991224824594],[12.669991617948426,46.15036254220142],[12.669345203240164,46.150349357532626]]]},"properties":{"ndvi_class":"dense","color":"#238b45","area_m2":2502}},{"type":"Feature","geometry":{"type":"Polygon","coordinates":[[[12.624588633478709,46.1530330288133],[12.62466616340534,46.151231912315936],[12.624019759565828,46.15121847115356],[12.624039146153574,46.1507681921344],[12.622726953268225,46.15119157787227],[12.622746350380288,46.15074129927332],[12.622099953184586,46.15072784736461],[12.622158157529785,46.149377011946555],[12.622804538939828,46.149390463224734],[12.622843328999119,46.14848990564927],[12.623489700346616,46.14850335285528],[12.624097303141673,46.149417354825246],[12.625370694508463,46.1498945113829],[12.62533194376854,46.15079507038699],[12.625978343266343,46.15080850403507],[12.625939601201825,46.15170906329122],[12.626586011684234,46.15172249370685],[12.626566645221176,46.15217277348188],[12.627859478090697,46.152199623775864],[12.627174337639008,46.15308676029891],[12.624588633478709,46.1530330288133]]]},"properties":{"ndvi_class":"dense","color":"#238b45","area_m2":87557}},{"type":"Feature","geometry":{"type":"Polygon","coordinates":[[[12.587214878206156,46.14954575409848],[12.587254248876375,46.14864521997951],[12.586607892992872,46.148631567854984],[12.58662758288441,46.1481813009456],[12.587273933507033,46.14819495285681],[12.587293617668074,46.14774468569198],[12.588586309794053,46.14777197813344],[12.588507612419852,46.1495730482457],[12.587214878206156,46.14954575409848]]]},"properties":{"ndvi_class":"dense","color":"#238b45","area_m2":22515}},{"type":"Feature","geometry":{"type":"Polygon","coordinates":[[[12.653812242880724,46.15048211851602],[12.653204130593222,46.14956826521176],[12.654496927282432,46.149594813099455],[12.65451606425007,46.14914452406225],[12.65516245801431,46.14915779232046],[12.655124194146943,46.15005837076774],[12.655770598890074,46.150071635788315],[12.65575147153413,46.15052192515655],[12.653812242880724,46.15048211851602]]]},"properties":{"ndvi_class":"dense","color":"#238b45","area_m2":17511}},{"type":"Feature","geometry":{"type":"Polygon","coordinates":[[[12.56659094612842,46.14775628058636],[12.56661079862677,46.14730602027543],[12.567257129435669,46.14731978516498],[12.567237282197643,46.14777004569099],[12.56659094612842,46.14775628058636]]]},"properties":{"ndvi_class":"moderate","color":"#74c476","area_m2":2502}},{"type":"Feature","geometry":{"type":"Polygon","coordinates":[[[12.598261965512906,46.14842647666071],[12.598281560238986,46.147976205878464],[12.598927913996006,46.14798979184917],[12.59890832453093,46.14844006284369],[12.598261965512906,46.14842647666071]]]},"properties":{"ndvi_class":"dense","color":"#238b45","area_m2":2502}},{"type":"Feature","geometry":{"type":"Polygon","coordinates":[[[12.636378654763906,46.14967209645754],[12.636397939527416,46.14922181329032],[12.635751553732279,46.149208438913305],[12.635770843297488,46.14875815591318],[12.637063604822156,46.148784900597285],[12.637025046278973,46.14968546739143],[12.636378654763906,46.14967209645754]]]},"properties":{"ndvi_class":"sparse","color":"#c7e9c0","area_m2":7505}},{"type":"Feature","geometry":{"type":"Polygon","coordinates":[[[12.637044325780552,46.149235184015296],[12.637063604822156,46.148784900597285],[12.637709986271343,46.14879826746138],[12.63769071249156,46.14924855108825],[12.637044325780552,46.149235184015296]]]},"properties":{"ndvi_class":"moderate","color":"#74c476","area_m2":2502}},{"type":"Feature","geometry":{"type":"Polygon","coordinates":[[[12.65514332630886,46.149608081564985],[12.65516245801431,46.14915779232046],[12.655808852232916,46.1491710569265],[12.655789725789667,46.14962134637829],[12.65514332630886,46.149608081564985]]]},"properties":{"ndvi_class":"sparse","color":"#c7e9c0","area_m2":2502}},{"type":"Feature","geometry":{"type":"Polygon","coordinates":[[[12.620141346202216,46.15113774748372],[12.620160764362742,46.15068746972585],[12.619514369010966,46.15067400320875],[12.619572636498395,46.14932317031456],[12.61763350056756,46.149282750745506],[12.617691811237531,46.14793191936825],[12.619630899815505,46.14797233704271],[12.619592058067449,46.14887289259924],[12.620884807137962,46.14889982029833],[12.620865396092086,46.1493500984344],[12.621511776580498,46.14936355701644],[12.62145355644968,46.15071439180378],[12.620141346202216,46.15113774748372]]]},"properties":{"ndvi_class":"dense","color":"#238b45","area_m2":52534}},{"type":"Feature","geometry":{"type":"Polygon","coordinates":[[[12.667405961825779,46.150309781611725],[12.667424994001205,46.14985948848064],[12.666132179176655,46.14983308668388],[12.666816659876229,46.14894570343358],[12.667463056989813,46.14895890209331],[12.667444025722546,46.14940919530783],[12.669383235561742,46.149448769991984],[12.668698788983551,46.1503361692114],[12.667405961825779,46.150309781611725]]]},"properties":{"ndvi_class":"sparse","color":"#c7e9c0","area_m2":20013}},{"type":"Feature","geometry":{"type":"Polygon","coordinates":[[[12.588448584460476,46.15092385038756],[12.588468260916365,46.15047358304906],[12.589114639246889,46.15048722507143],[12.589193319331295,46.148686154443624],[12.589839677083988,46.14869979196183],[12.589879003788864,46.14779925596901],[12.591818048282953,46.14784014533627],[12.591778753143485,46.14874068260684],[12.59307147284975,46.14876792477879],[12.593130383290616,46.14741711753286],[12.594423073296923,46.14744434382207],[12.594442698652305,46.14699407423049],[12.595735380001546,46.14702128548864],[12.59571576516752,46.14747155550539],[12.596362111801618,46.14748515586983],[12.596322891251448,46.14838569620205],[12.595030177405562,46.148358490971574],[12.595010555906555,46.14880876064948],[12.594364194421464,46.14879515234421],[12.594305311331734,46.1501459604875],[12.593658934528907,46.15013234789256],[12.593678567955168,46.14968207876624],[12.592385826271254,46.14965484304647],[12.592366182322216,46.15010511174724],[12.59105377704096,46.15052812922759],[12.591034121631349,46.150978397418356],[12.588448584460476,46.15092385038756]]]},"properties":{"ndvi_class":"dense","color":"#238b45","area_m2":127583}},{"type":"Feature","geometry":{"type":"Polygon","coordinates":[[[12.585354582985339,46.14770371964392],[12.585393981461955,46.146803186467984],[12.586040315367455,46.14681684504197],[12.58600092741192,46.147717378644714],[12.585354582985339,46.14770371964392]]]},"properties":{"ndvi_class":"sparse","color":"#c7e9c0","area_m2":5003}},{"type":"Feature","geometry":{"type":"Polygon","coordinates":[[[12.611757660806129,46.15051212014338],[12.611816117716312,46.14916129483716],[12.612462491739345,46.14917480454549],[12.61250145016571,46.14827425370917],[12.611855086665388,46.148260744423],[12.61187457044265,46.14781046915291],[12.613167287383543,46.14783748365142],[12.613186760173878,46.14738720791725],[12.613833114077005,46.14740070947802],[12.614440543441752,46.1483147596573],[12.613147814128626,46.14828775934361],[12.613128340409116,46.14873803499379],[12.613774710095827,46.14875153718748],[12.613755241173154,46.14920181300662],[12.615047992456457,46.14922880686038],[12.61502853359247,46.14967908305932],[12.613735771785986,46.14965208878378],[12.613696831618107,46.15055264021215],[12.611757660806129,46.15051212014338]]]},"properties":{"ndvi_class":"dense","color":"#238b45","area_m2":47531}},{"type":"Feature","geometry":{"type":"Polygon","coordinates":[[[12.589252324467381,46.14733535103044],[12.589271991907633,46.14688508314181],[12.589918328617333,46.14689871980772],[12.58989866643764,46.14734898790944],[12.589252324467381,46.14733535103044]]]},"properties":{"ndvi_class":"dense","color":"#238b45","area_m2":2502}},{"type":"Feature","geometry":{"type":"Polygon","coordinates":[[[12.598947502993733,46.14753952081259],[12.598967091524125,46.147089249733924],[12.599613435224697,46.14710283162862],[12.59959385195507,46.14755310291949],[12.598947502993733,46.14753952081259]]]},"properties":{"ndvi_class":"sparse","color":"#c7e9c0","area_m2":2502}},{"type":"Feature","geometry":{"type":"Polygon","coordinates":[[[12.635124463222253,46.14874477809318],[12.634516682401406,46.14783083133157],[12.63580942104729,46.14785758978731],[12.635770843297488,46.14875815591318],[12.635124463222253,46.14874477809318]]]},"properties":{"ndvi_class":"sparse","color":"#c7e9c0","area_m2":7505}},{"type":"Feature","geometry":{"type":"Polygon","coordinates":[[[12.642253905712883,46.148441448125006],[12.64227314174162,46.147991162954014],[12.642919516325698,46.14800450018527],[12.64290028555864,46.14845478556463],[12.642253905712883,46.148441448125006]]]},"properties":{"ndvi_class":"sparse","color":"#c7e9c0","area_m2":2502}},{"type":"Feature","geometry":{"type":"Polygon","coordinates":[[[12.664877471248635,46.14890608554105],[12.66489652311053,46.14845579311008],[12.66554291360526,46.148469002520066],[12.665523867005515,46.14891929515745],[12.664877471248635,46.14890608554105]]]},"properties":{"ndvi_class":"sparse","color":"#c7e9c0","area_m2":2502}},{"type":"Feature","geometry":{"type":"Polygon","coordinates":[[[12.63544285808919,46.15641296121957],[12.634834992474493,46.15549901556183],[12.634188533917806,46.155485630953216],[12.634207840454451,46.15503534895762],[12.63552004304839,46.15461183164814],[12.63548145148962,46.155512396517636],[12.636127910963054,46.15552577382061],[12.636224360090612,46.15327436028774],[12.635577926933673,46.153260984029814],[12.635616513888772,46.152360418741544],[12.636909359609302,46.15238716676893],[12.636967205014264,46.15103631726862],[12.635674390869061,46.15100957049502],[12.635693682275251,46.15055928766239],[12.635047281152135,46.150545909006254],[12.634439482967256,46.14963196174335],[12.63508587310792,46.14964534363348],[12.635105168395262,46.149195060884274],[12.635751553732279,46.149208438913305],[12.635732263706844,46.14965872187155],[12.637025046278973,46.14968546739143],[12.637044325780552,46.149235184015296],[12.63769071249156,46.14924855108825],[12.637709986271343,46.14879826746138],[12.637063604822156,46.148784900597285],[12.6371021615255,46.14788433363565],[12.64099964003697,46.147514192739905],[12.640980393944092,46.14796447753579],[12.64033402073089,46.14795112934881],[12.640941900380778,46.14886504700196],[12.643527439897067,46.148918404898176],[12.643488986592818,46.14981897586441],[12.645428177597102,46.149858957189544],[12.646036162470374,46.15077284945816],[12.643450531453631,46.15071954666328],[12.643373615670006,46.15252068775898],[12.642727188006637,46.15250735209611],[12.642119240660515,46.15159344315016],[12.640826408669403,46.151566754396036],[12.64084565843611,46.151116469935],[12.640199248388797,46.151103120287985],[12.640179993359572,46.15155340454042],[12.639533578507057,46.15154005103247],[12.639495056544963,46.15244061899452],[12.64014148192286,46.15245397291978],[12.640122225515348,46.152904257046664],[12.641415088168849,46.15293095435695],[12.641376595027792,46.15383152331945],[12.642023037566483,46.15384486691277],[12.642003795570409,46.15429515153975],[12.641357347768423,46.15428180773793],[12.641338100049808,46.15473209211455],[12.638752292361044,46.15467867954571],[12.638733023129118,46.15512896304591],[12.637440111503258,46.15510223442742],[12.636755084952041,46.15598943026068],[12.63544285808919,46.15641296121957]],[[12.639572098630987,46.150639482902996],[12.64021850295862,46.15065283599366],[12.640237757069057,46.150202551657486],[12.639591358003676,46.150189198775465],[12.639572098630987,46.150639482902996]],[[12.638944959395698,46.150175842241275],[12.639591358003676,46.150189198775465],[12.639610616916865,46.14973891460608],[12.638964223571,46.14972555828057],[12.638944959395698,46.150175842241275]]]},"properties":{"ndvi_class":"dense","color":"#238b45","area_m2":380247}},{"type":"Feature","geometry":{"type":"Polygon","coordinates":[[[12.66164549925398,46.14883998267612],[12.66233003811288,46.14795262730217],[12.66426918973763,46.1479922877817],[12.663584681092448,46.14887965535165],[12.66164549925398,46.14883998267612]]]},"properties":{"ndvi_class":"dense","color":"#238b45","area_m2":15010}},{"type":"Feature","geometry":{"type":"Polygon","coordinates":[[[12.667463056989813,46.14895890209331],[12.667501118162185,46.148058315539124],[12.668793892696588,46.148084701077316],[12.668774872861599,46.14853499478755],[12.669421266068532,46.148548182284514],[12.669402251041978,46.1489984761591],[12.667463056989813,46.14895890209331]]]},"properties":{"ndvi_class":"dense","color":"#238b45","area_m2":12508}},{"type":"Feature","geometry":{"type":"Polygon","coordinates":[[[12.564711544165794,46.14636418424181],[12.564731411023129,46.14591392444964],[12.56537772463722,46.14592769964719],[12.565357863039791,46.146377959654586],[12.564711544165794,46.14636418424181]]]},"properties":{"ndvi_class":"moderate","color":"#74c476","area_m2":2502}},{"type":"Feature","geometry":{"type":"Polygon","coordinates":[[[12.576991683305888,46.14662529273877],[12.577011450222589,46.146175028867006],[12.577657772776757,46.14618873469346],[12.577638011120229,46.14663899877936],[12.576991683305888,46.14662529273877]]]},"properties":{"ndvi_class":"dense","color":"#238b45","area_m2":2502}},{"type":"Feature","geometry":{"type":"Polygon","coordinates":[[[12.582808650519233,46.14674851565897],[12.582828370093882,46.14629824986195],[12.583474696867125,46.14631192282753],[12.583454982552773,46.14676218883817],[12.582808650519233,46.14674851565897]]]},"properties":{"ndvi_class":"sparse","color":"#c7e9c0","area_m2":2502}},{"type":"Feature","geometry":{"type":"Polygon","coordinates":[[[12.641626767614376,46.14797782207086],[12.641646008445724,46.14752753706647],[12.642292377311428,46.147540877741186],[12.64227314174162,46.147991162954014],[12.641626767614376,46.14797782207086]]]},"properties":{"ndvi_class":"sparse","color":"#c7e9c0","area_m2":2502}},{"type":"Feature","geometry":{"type":"Polygon","coordinates":[[[12.653261571698666,46.148217399219206],[12.653280717820193,46.14776711047144],[12.653927094889593,46.14778038541167],[12.65390795402985,46.148230674366864],[12.653261571698666,46.148217399219206]]]},"properties":{"ndvi_class":"dense","color":"#238b45","area_m2":2502}},{"type":"Feature","geometry":{"type":"Polygon","coordinates":[[[12.654554336815625,46.14824394586248],[12.654573472413569,46.14779365669992],[12.655219850391997,46.14780692433619],[12.655200720055864,46.14825721370606],[12.654554336815625,46.14824394586248]]]},"properties":{"ndvi_class":"sparse","color":"#c7e9c0","area_m2":2502}},{"type":"Feature","geometry":{"type":"Polygon","coordinates":[[[12.598320748288739,46.14707566418777],[12.598359934468707,46.14617512232874],[12.599006267182961,46.14618870745037],[12.598967091524125,46.147089249733924],[12.598320748288739,46.14707566418777]]]},"properties":{"ndvi_class":"sparse","color":"#c7e9c0","area_m2":5003}},{"type":"Feature","geometry":{"type":"Polygon","coordinates":[[[12.670067659727062,46.14856136612927],[12.670105677895059,46.14766077784298],[12.670752061480922,46.14767395762366],[12.670714053837067,46.14857454632183],[12.670067659727062,46.14856136612927]]]},"properties":{"ndvi_class":"sparse","color":"#c7e9c0","area_m2":5003}},{"type":"Feature","geometry":{"type":"Polygon","coordinates":[[[12.570548250518948,46.146037769789224],[12.570568069563794,46.14558750801984],[12.571860695223439,46.14561498861509],[12.571840886698425,46.146065250813834],[12.570548250518948,46.146037769789224]]]},"properties":{"ndvi_class":"sparse","color":"#c7e9c0","area_m2":5003}},{"type":"Feature","geometry":{"type":"Polygon","coordinates":[[[12.575072485377031,46.14613388948068],[12.575092267602228,46.14568362620951],[12.575738583487789,46.145697342775144],[12.575718806522602,46.14614760626061],[12.575072485377031,46.14613388948068]]]},"properties":{"ndvi_class":"dense","color":"#238b45","area_m2":2502}},{"type":"Feature","geometry":{"type":"Polygon","coordinates":[[[12.62225515551461,46.147125618744134],[12.622274553723122,46.1466753399778],[12.622920903565227,46.146688789995],[12.622901510617726,46.14713906897148],[12.62225515551461,46.147125618744134]]]},"properties":{"ndvi_class":"dense","color":"#238b45","area_m2":2502}},{"type":"Feature","geometry":{"type":"Polygon","coordinates":[[[12.637121439187265,46.147434050092016],[12.63714071638911,46.14698376650651],[12.637787076792254,46.146997132535205],[12.63776780485173,46.14744741632955],[12.637121439187265,46.147434050092016]]]},"properties":{"ndvi_class":"dense","color":"#238b45","area_m2":2502}},{"type":"Feature","geometry":{"type":"Polygon","coordinates":[[[12.659098127799078,46.14788645346171],[12.659117226108396,46.14743616280742],[12.659763602002716,46.1474494046727],[12.659744508955178,46.1478996955339],[12.659098127799078,46.14788645346171]]]},"properties":{"ndvi_class":"moderate","color":"#74c476","area_m2":2502}},{"type":"Feature","geometry":{"type":"Polygon","coordinates":[[[12.573621485534066,46.149708546186844],[12.573014726809658,46.14879429211486],[12.57236837598164,46.14878055944305],[12.572427792863902,46.147429772836226],[12.571781458287935,46.14741603715678],[12.571761647872576,46.14786629918666],[12.568529955749968,46.14779756494634],[12.567316668308907,46.145969003333505],[12.568609299779961,46.145996520869055],[12.568629134604448,46.14554625974414],[12.570568069563794,46.14558750801984],[12.570548250518948,46.146037769789224],[12.571840886698425,46.146065250813834],[12.571860695223439,46.14561498861509],[12.575092267602228,46.14568362620951],[12.575072485377031,46.14613388948068],[12.575718806522602,46.14614760626061],[12.575738583487789,46.145697342775144],[12.577677533961847,46.145738470565384],[12.577697294675511,46.14528820639512],[12.57963623359315,46.145329300683194],[12.580243067685032,46.146243521487364],[12.580889392584377,46.146257209057836],[12.580849921402637,46.1471577393272],[12.57822506738683,46.14800349381553],[12.57814603143155,46.14980455008741],[12.576873071902078,46.14932687508321],[12.57693237972627,46.147976084100854],[12.576286036600123,46.14796237376641],[12.576305810192132,46.14751211023545],[12.574366799413246,46.14747095796675],[12.574933996585596,46.14928573119722],[12.573621485534066,46.149708546186844]],[[12.576991683305888,46.14662529273877],[12.577638011120229,46.14663899877936],[12.577657772776757,46.14618873469346],[12.577011450222589,46.146175028867006],[12.576991683305888,46.14662529273877]]]},"properties":{"ndvi_class":"moderate","color":"#74c476","area_m2":267674}},{"type":"Feature","geometry":{"type":"Polygon","coordinates":[[[12.66814750520347,46.14807151013429],[12.668185554035928,46.14717092300091],[12.669478308426223,46.14719730041052],[12.669440280641416,46.14809788836821],[12.66814750520347,46.14807151013429]]]},"properties":{"ndvi_class":"sparse","color":"#c7e9c0","area_m2":10006}},{"type":"Feature","geometry":{"type":"Polygon","coordinates":[[[12.575738583487789,46.145697342775144],[12.57575835998118,46.14524707924746],[12.577697294675511,46.14528820639512],[12.577677533961847,46.145738470565384],[12.575738583487789,46.145697342775144]]]},"properties":{"ndvi_class":"dense","color":"#238b45","area_m2":7505}},{"type":"Feature","geometry":{"type":"Polygon","coordinates":[[[12.641665248818033,46.14707725202025],[12.64168448873131,46.14662696693219],[12.642977205874088,46.14665364379608],[12.642957976483409,46.14710392930098],[12.641665248818033,46.14707725202025]]]},"properties":{"ndvi_class":"dense","color":"#238b45","area_m2":5003}},{"type":"Feature","geometry":{"type":"Polygon","coordinates":[[[12.644250705975516,46.14713059197448],[12.644269924843545,46.146680306052986],[12.644916285012965,46.14669363170378],[12.64489707140628,46.147143917833496],[12.644250705975516,46.14713059197448]]]},"properties":{"ndvi_class":"dense","color":"#238b45","area_m2":2502}},{"type":"Feature","geometry":{"type":"Polygon","coordinates":[[[12.599006267182961,46.14618870745037],[12.599045440972626,46.14528816499854],[12.599691763631379,46.145301746044424],[12.599652600362374,46.14620228892065],[12.599006267182961,46.14618870745037]]]},"properties":{"ndvi_class":"sparse","color":"#c7e9c0","area_m2":5003}},{"type":"Feature","geometry":{"type":"Polygon","coordinates":[[[12.653299863484932,46.1473168216819],[12.653338153444098,46.14641624397744],[12.653984514728894,46.14642951829542],[12.653946235292672,46.147330096414706],[12.653299863484932,46.1473168216819]]]},"properties":{"ndvi_class":"sparse","color":"#c7e9c0","area_m2":5003}},{"type":"Feature","geometry":{"type":"Polygon","coordinates":[[[12.677215922141666,46.14780555456411],[12.677253822734082,46.14690496158671],[12.67790020075369,46.14691810078335],[12.677862310685207,46.14781869417137],[12.677215922141666,46.14780555456411]]]},"properties":{"ndvi_class":"sparse","color":"#c7e9c0","area_m2":5003}},{"type":"Feature","geometry":{"type":"Polygon","coordinates":[[[12.638452703872613,46.146560210867136],[12.638471969632503,46.146109926780284],[12.639118320428558,46.14612328508801],[12.639099059929766,46.14657356938359],[12.638452703872613,46.146560210867136]]]},"properties":{"ndvi_class":"dense","color":"#238b45","area_m2":2502}},{"type":"Feature","geometry":{"type":"Polygon","coordinates":[[[12.655904477604519,46.1469196090409],[12.655923601310006,46.14646931933847],[12.657216327968431,46.14649583510805],[12.657197214785885,46.1469461252248],[12.655904477604519,46.1469196090409]]]},"properties":{"ndvi_class":"sparse","color":"#c7e9c0","area_m2":5003}},{"type":"Feature","geometry":{"type":"Polygon","coordinates":[[[12.663641866886541,46.147528779172475],[12.66303362038564,46.14661497530422],[12.664326357017812,46.14664141073261],[12.664934625470691,46.14755520812297],[12.663641866886541,46.147528779172475]]]},"properties":{"ndvi_class":"dense","color":"#238b45","area_m2":10006}},{"type":"Feature","geometry":{"type":"Polygon","coordinates":[[[12.670771064622754,46.147223663212024],[12.670790067311206,46.1467733687587],[12.671436440824722,46.146786544475525],[12.671417443398042,46.14723683913473],[12.670771064622754,46.147223663212024]]]},"properties":{"ndvi_class":"dense","color":"#238b45","area_m2":2502}},{"type":"Feature","geometry":{"type":"Polygon","coordinates":[[[12.67310977987694,46.15313017979166],[12.67314775448341,46.152229590280776],[12.670600020023004,46.15127631141558],[12.670657038970605,46.14992542905635],[12.671303449319149,46.149938606214384],[12.671341449158641,46.14903801735461],[12.671987849433503,46.14905119044858],[12.672006843410996,46.14860089575032],[12.67265323887467,46.14861406498624],[12.672691214945942,46.14771347505308],[12.673983986177568,46.14773980174547],[12.674002963009785,46.147289506305015],[12.674649344039743,46.14730266396744],[12.674687285822385,46.14640207255028],[12.67598002818668,46.14642837609685],[12.677196971167254,46.1482558509903],[12.675885222955163,46.14867985638224],[12.675828334387349,46.1500307440534],[12.674516533542022,46.15045473261459],[12.674478583611235,46.15135532328154],[12.673832155219102,46.151342163768646],[12.673756228871326,46.15314334377988],[12.67310977987694,46.15313017979166]],[[12.672520308353636,46.151766128439036],[12.673166741107096,46.15177929546283],[12.673185727277772,46.15132900060316],[12.672539299787376,46.15131583378513],[12.672520308353636,46.151766128439036]]]},"properties":{"ndvi_class":"sparse","color":"#c7e9c0","area_m2":170110}},{"type":"Feature","geometry":{"type":"Polygon","coordinates":[[[12.586040315367455,46.14681684504197],[12.58607970144369,46.14591631127062],[12.58672602529626,46.14592996576658],[12.5867850851072,46.14457916415351],[12.588077702654724,46.14460646091224],[12.587998997381407,46.14640753135142],[12.58735266733364,46.14639388394468],[12.587332984581364,46.14684415123593],[12.586040315367455,46.14681684504197]]]},"properties":{"ndvi_class":"sparse","color":"#c7e9c0","area_m2":27518}},{"type":"Feature","geometry":{"type":"Polygon","coordinates":[[[12.628014312665455,46.14859738104559],[12.628033664909445,46.14814710051567],[12.628680034675757,46.14816051829716],[12.628718727256016,46.147259956692245],[12.627406652646386,46.147683398720226],[12.627464721006557,46.14633255738226],[12.628111069268552,46.14634597797677],[12.628149768678181,46.14544541645581],[12.628796106878074,46.14545883297946],[12.628776762664831,46.14590911397053],[12.629423106584877,46.14592252705226],[12.629365086959124,46.14727337040273],[12.630011447121547,46.147286780461485],[12.629992111584755,46.147737061704014],[12.629345746161047,46.14772365143573],[12.629307063180573,46.14862421337599],[12.628014312665455,46.14859738104559]]]},"properties":{"ndvi_class":"moderate","color":"#74c476","area_m2":37524}},{"type":"Feature","geometry":{"type":"Polygon","coordinates":[[[12.633223945588842,46.14780405826848],[12.6333204871331,46.14555264640287],[12.634613171334438,46.145579417374385],[12.634516682401406,46.14783083133157],[12.633223945588842,46.14780405826848]]]},"properties":{"ndvi_class":"dense","color":"#238b45","area_m2":25016}},{"type":"Feature","geometry":{"type":"Polygon","coordinates":[[[12.59773319986895,46.145711262775464],[12.597772393764803,46.144810721088625],[12.598418710233057,46.144824309224646],[12.598379526857558,46.14572485133612],[12.59773319986895,46.145711262775464]]]},"properties":{"ndvi_class":"dense","color":"#238b45","area_m2":5003}},{"type":"Feature","geometry":{"type":"Polygon","coordinates":[[[12.62162820434169,46.14666188630901],[12.621647607348287,46.14621160771093],[12.620354920489634,46.146184689839195],[12.620393746156802,46.14528413335835],[12.622979079631826,46.14533795281384],[12.622959688072266,46.145788231916164],[12.622313348751803,46.145774782319286],[12.622274553723122,46.1466753399778],[12.62162820434169,46.14666188630901]]]},"properties":{"ndvi_class":"dense","color":"#238b45","area_m2":20013}},{"type":"Feature","geometry":{"type":"Polygon","coordinates":[[[12.635886571024804,46.146056457032984],[12.635905857368828,46.14560617373971],[12.636552201073105,46.14561954644504],[12.63653291999,46.146069829947265],[12.635886571024804,46.146056457032984]]]},"properties":{"ndvi_class":"sparse","color":"#c7e9c0","area_m2":2502}},{"type":"Feature","geometry":{"type":"Polygon","coordinates":[[[12.637179269413098,46.146083199209905],[12.637217820597574,46.14518263174581],[12.638510499773414,46.14520935848096],[12.637825619293974,46.146096564820915],[12.637179269413098,46.146083199209905]]]},"properties":{"ndvi_class":"dense","color":"#238b45","area_m2":7505}},{"type":"Feature","geometry":{"type":"Polygon","coordinates":[[[12.670790067311206,46.1467733687587],[12.670828071328023,46.14587277972696],[12.672120797759872,46.14589912668525],[12.67208281478941,46.14679971654036],[12.670790067311206,46.1467733687587]]]},"properties":{"ndvi_class":"sparse","color":"#c7e9c0","area_m2":10006}},{"type":"Feature","geometry":{"type":"Polygon","coordinates":[[[12.67790020075369,46.14691810078335],[12.677938089014221,46.146017507228706],[12.678584456960293,46.14603064236281],[12.678546579223221,46.14693123632796],[12.67790020075369,46.14691810078335]]]},"properties":{"ndvi_class":"sparse","color":"#c7e9c0","area_m2":5003}},{"type":"Feature","geometry":{"type":"Polygon","coordinates":[[[12.59130925469797,46.14467463891539],[12.591328903543767,46.14422437013504],[12.5919752100929,46.14423799456954],[12.591955566506954,46.144688263562756],[12.59130925469797,46.14467463891539]]]},"properties":{"ndvi_class":"sparse","color":"#c7e9c0","area_m2":2502}},{"type":"Feature","geometry":{"type":"Polygon","coordinates":[[[12.659174518302525,46.146085290594016],[12.659193614789334,46.1456349997727],[12.659839969637785,46.14564824081037],[12.659820878412255,46.14609853183858],[12.659174518302525,46.146085290594016]]]},"properties":{"ndvi_class":"sparse","color":"#c7e9c0","area_m2":2502}},{"type":"Feature","geometry":{"type":"Polygon","coordinates":[[[12.659820878412255,46.14609853183858],[12.659839969637785,46.14564824081037],[12.660486324939624,46.14566147819629],[12.660467238975388,46.146111769431336],[12.659820878412255,46.14609853183858]]]},"properties":{"ndvi_class":"moderate","color":"#74c476","area_m2":2502}},{"type":"Feature","geometry":{"type":"Polygon","coordinates":[[[12.607981289516653,46.17792468991409],[12.607373662022226,46.1770106054899],[12.606726964330047,46.17699706075565],[12.606746509499914,46.1765467894432],[12.607393201922987,46.1765603339658],[12.60678559844027,46.175646246692175],[12.606138917019337,46.17563269893769],[12.606119367513543,46.176082970122536],[12.604825995527452,46.1760558632246],[12.604845555570888,46.1756055924633],[12.60357176609512,46.17512820098883],[12.603610904921906,46.1742276601035],[12.601670916441174,46.17418695295603],[12.60165133145615,46.174637222783645],[12.599084271647795,46.1741326255905],[12.599123482360833,46.17323208750679],[12.598476832862806,46.173218496952856],[12.598535661226748,46.171867690148744],[12.597889027997937,46.17185409657726],[12.59792825510237,46.17095355892225],[12.595341768987296,46.17089914979074],[12.594734426528262,46.16998500267398],[12.594087817166033,46.169971388025964],[12.594773702557656,46.16908446680784],[12.593480505367358,46.16905723470849],[12.593500153212494,46.16860696713777],[12.592853560584055,46.16859334581961],[12.59289286540072,46.167692810977506],[12.594166388417369,46.16817031697617],[12.594225311934224,46.16681951324678],[12.595498827221892,46.16729700428811],[12.595538087095814,46.166396467491495],[12.594264591935367,46.16591897721666],[12.593578739904553,46.16680589643384],[12.592932168341544,46.16679227596698],[12.592951819108551,46.16634200839855],[12.591639026616022,46.16676502407154],[12.591658687915077,46.166314756928905],[12.591012123018817,46.16630112571332],[12.591071119898277,46.164950324671686],[12.589797698320643,46.16447278588539],[12.589837047350036,46.16357225241503],[12.589190515448736,46.163558611516834],[12.588583352226483,46.16264443417893],[12.587936831790179,46.16263078640028],[12.587956520456252,46.162180520157214],[12.587310005752405,46.16216686893851],[12.586702888497493,46.16125268230726],[12.585429590801754,46.16077509694124],[12.584822519509418,46.15986090101863],[12.58352954789376,46.15983356053128],[12.582922518236709,46.15891935518991],[12.58227604412781,46.158905676241304],[12.582295776409508,46.15845541158265],[12.58294224525473,46.15846909031753],[12.583001423484726,46.157118295447454],[12.58429433099996,46.15714564067706],[12.584333759747498,46.156245109698375],[12.581747988695986,46.15619040633819],[12.58172825350517,46.156640670993895],[12.582374700828323,46.15665435252643],[12.582335239560484,46.15755488213887],[12.581042324330033,46.15752751456603],[12.58043536026518,46.15661329697118],[12.579162225143945,46.15613564453831],[12.579181980915404,46.15568538069608],[12.578535546462966,46.155671681329004],[12.57792864365932,46.154757451354804],[12.577282220670913,46.15474374511127],[12.577361298420032,46.15294269155212],[12.57671489695013,46.15292898251313],[12.576754443518471,46.1520284559088],[12.57546166303501,46.15200102773186],[12.5754220954193,46.15290155347909],[12.574775695358623,46.152887833484044],[12.574168884430907,46.15197358494734],[12.573522495833922,46.15195985807725],[12.57358189107101,46.15060907106964],[12.571642775454908,46.150567870479335],[12.5716625887062,46.15011760870276],[12.570369857836983,46.15009012381355],[12.570389681137666,46.14963986242421],[12.569743321670188,46.149626114716966],[12.569763149758842,46.149175853500175],[12.571055858642762,46.149203344833545],[12.57107567573682,46.14875308314502],[12.569136628899509,46.148711841312085],[12.569116796023135,46.14916210235625],[12.568470442758432,46.14914834756082],[12.568490280895546,46.148698086731564],[12.567217434486121,46.14822030617474],[12.567257129435669,46.14731978516498],[12.565964468289318,46.147292251734626],[12.565984325574247,46.146841991596574],[12.565338000968534,46.14682821961973],[12.56537772463722,46.14592769964719],[12.567316668308907,46.145969003333505],[12.568529955749968,46.14779756494634],[12.571761647872576,46.14786629918666],[12.571781458287935,46.14741603715678],[12.572427792863902,46.147429772836226],[12.57236837598164,46.14878055944305],[12.573014726809658,46.14879429211486],[12.573621485534066,46.149708546186844],[12.574933996585596,46.14928573119722],[12.574366799413246,46.14747095796675],[12.576305810192132,46.14751211023545],[12.576286036600123,46.14796237376641],[12.57693237972627,46.147976084100854],[12.576873071902078,46.14932687508321],[12.57814603143155,46.14980455008741],[12.57822506738683,46.14800349381553],[12.580849921402637,46.1471577393272],[12.580889392584377,46.146257209057836],[12.579616488659337,46.145779565495516],[12.579655978055932,46.14487903582868],[12.581594905413919,46.14492009661542],[12.58090912746902,46.1458069438599],[12.582182043788928,46.14628457324514],[12.582103141625689,46.14808563532541],[12.583376120591977,46.148563252459134],[12.583316969182427,46.149914049732246],[12.5826706003233,46.149900375057506],[12.582650876984658,46.15035064051721],[12.583943625693795,46.150377986642255],[12.583257813539072,46.15126484662592],[12.585843356794571,46.15131951137008],[12.586450356948216,46.15223370161308],[12.58776283649212,46.15181073862434],[12.587703785704695,46.153161539494576],[12.589643015409656,46.15320246939854],[12.58962334666148,46.15365273691053],[12.590269762759876,46.153666373120586],[12.59030908926243,46.15276583762838],[12.592248308785441,46.1528067230675],[12.592228661555424,46.15325699147349],[12.590916179325284,46.15368000567842],[12.590896520632747,46.15413027357436],[12.59216971705272,46.15460779643881],[12.592091117819061,46.15640886913637],[12.589524995881092,46.155904073838656],[12.589485652283576,46.15680460831503],[12.588839199812615,46.15679096696085],[12.588858877109244,46.156340699956864],[12.586253394603604,46.15673636501806],[12.586213996495063,46.15763689719335],[12.587506919217674,46.15766420632332],[12.587467540283324,46.158564739183454],[12.588114012873346,46.1585783886959],[12.587995896379025,46.16127998754467],[12.58864240102129,46.161293634683624],[12.588622718559348,46.1617439012242],[12.58993541170818,46.16132091800196],[12.589974754165592,46.16042038394186],[12.590621249681156,46.160434019695124],[12.590014094745547,46.159519849713284],[12.59130706518711,46.15954711671463],[12.591385698604778,46.15774604604788],[12.592032163470797,46.15775967321737],[12.592071466838522,46.15685913720549],[12.59271792164441,46.156872760296494],[12.59273756736169,46.156422492014535],[12.59403046784661,46.15644972681305],[12.594637658465444,46.157363876531676],[12.595284120400466,46.15737748522466],[12.595342994392787,46.156026677826226],[12.596635888081073,46.156053882978725],[12.596596660274198,46.15695442213659],[12.59724311834374,46.15696801965888],[12.59722350900179,46.15741828938716],[12.598516437064976,46.15744547389836],[12.59849683778239,46.157895744009295],[12.600436249159106,46.157936494017015],[12.600416665200232,46.158386764722586],[12.601709618971602,46.15841391355434],[12.601748765367041,46.15751337125275],[12.60239523242259,46.15752693976523],[12.602512628821383,46.15482531057907],[12.60315906476193,46.15483887416712],[12.6031981826347,46.15393833034476],[12.602551757219732,46.153924767180555],[12.602571320718734,46.153474495418244],[12.598692809566154,46.15339304100648],[12.598771185188488,46.151591958627236],[12.599417581502367,46.151605542644205],[12.599437168977374,46.151155271731966],[12.600083560494546,46.15116885188472],[12.600063978281447,46.15161912300915],[12.600710375525601,46.15163269972203],[12.60072995247678,46.151182428385475],[12.603315525053814,46.151236697868484],[12.603335080490597,46.15078642564192],[12.602061869290063,46.15030902678354],[12.602081434316938,46.14985875489672],[12.602727811908466,46.14987231980561],[12.602766930039099,46.14897177548192],[12.604059665569906,46.148998893496746],[12.604079213412813,46.1485486208481],[12.60601830440674,46.1485892698471],[12.606057367127015,46.14768872315347],[12.606703721197322,46.147702265093216],[12.606723246597598,46.14725199147177],[12.60607689778821,46.147238449743604],[12.60609642798346,46.1467881762917],[12.604823282528413,46.146310809233505],[12.60488190048332,46.14495998976943],[12.606194071971045,46.14453680840167],[12.606213599370925,46.144086534697564],[12.606859911357388,46.14410007494471],[12.607350075731333,46.14771580338136],[12.609915998941242,46.14822019465427],[12.60989649891534,46.14867046924877],[12.611169744156028,46.14914778147702],[12.611111271460883,46.15049860614978],[12.611757660806129,46.15051212014338],[12.611738174239596,46.150962395161415],[12.613677360837368,46.15100291586331],[12.613696831618107,46.15055264021215],[12.61434322281376,46.15056613959771],[12.614950693493794,46.15148018743519],[12.616243499244279,46.15150716878932],[12.616262949441147,46.15105689233675],[12.616909347747228,46.15107037732487],[12.616948236224927,46.15016982387241],[12.617594624468882,46.15018330478714],[12.617536306842538,46.15153413553481],[12.616889902812499,46.151520653988136],[12.617497426105935,46.1524346891567],[12.616204597458339,46.152407721568494],[12.616224048583346,46.15195744519989],[12.614931232308374,46.15193046342419],[12.614911770658626,46.15238073937121],[12.615558183827435,46.15239423229598],[12.615538726975833,46.152844508411825],[12.61683156522463,46.15287148372605],[12.616773223460944,46.15422231308616],[12.618066095133894,46.154249275054845],[12.618046657477384,46.15469955184554],[12.618693099269457,46.154713027561655],[12.618673666412343,46.15516330452093],[12.619947139113263,46.15564052275464],[12.619908292134687,46.15654107730526],[12.620554756364651,46.15655454290517],[12.6205353374439,46.15700482032793],[12.621808868958496,46.157482018791335],[12.621789459639022,46.15793229655083],[12.622435941043948,46.15794575182293],[12.623043623938255,46.158859759675984],[12.624336610108998,46.15888665279543],[12.624297830343826,46.15978720970206],[12.62494433464909,46.15980065120209],[12.625021871271278,46.15799953638103],[12.623728905236336,46.15797265140805],[12.62376769182837,46.15707209458605],[12.626314839147772,46.15802640674178],[12.626353583627688,46.15712584823994],[12.625060636807305,46.15709897871888],[12.62509940049344,46.15619842088897],[12.623806476569506,46.15617153759626],[12.623787084430292,46.15662181611213],[12.621220634249639,46.156117727177175],[12.62124004698024,46.15566744946016],[12.621886501605394,46.15568090733384],[12.621944721228394,46.15433007330019],[12.620651844018617,46.154303155161905],[12.621337103685752,46.15341606024568],[12.621983531995278,46.15342951706801],[12.621964126843338,46.15387979520508],[12.623903430325381,46.153920144387804],[12.623864650211013,46.15482070179701],[12.624511096152458,46.154834144639636],[12.624491710664602,46.15528442349137],[12.625784614455274,46.15531129863859],[12.625803989416479,46.15486101936691],[12.626450436738804,46.15487445125157],[12.626431067040945,46.15532473073311],[12.627704613959292,46.1558018638232],[12.627665893307395,46.1567024234158],[12.628939482788793,46.15717954344664],[12.62892013183598,46.15762982355752],[12.628273651091945,46.157616405025635],[12.62823493727267,46.15851696470231],[12.628881428545132,46.158530383653535],[12.62886207620707,46.15898066363867],[12.632741065076923,46.159061101886515],[12.63276038582828,46.15861082064453],[12.6334068803157,46.15862421402358],[12.63401475435643,46.1595381670285],[12.63466126029046,46.15955155351946],[12.634641954411327,46.16000183530533],[12.633995443212518,46.15998844860519],[12.633956819542279,46.1608890116329],[12.634603341271013,46.16090239875139],[12.634564726287888,46.16180296202992],[12.635211259005679,46.161816345913145],[12.635191956088443,46.16226662769869],[12.636485033430276,46.16229338492241],[12.636465740583544,46.16274366708417],[12.637112285207502,46.16275704042446],[12.637035130280204,46.16455816948862],[12.635741999363454,46.16453141748231],[12.635761299317865,46.16408113569709],[12.636407859281002,46.164094513318204],[12.636446447276429,46.163193949204064],[12.635799897845057,46.16318057200101],[12.635819196417865,46.16273029009014],[12.632586482468012,46.16266335031408],[12.632567157566937,46.16311363117899],[12.631920610887935,46.16310023205329],[12.631959270760051,46.16219967070029],[12.633252343514865,46.1622264644606],[12.632644454404483,46.16131250746797],[12.63199792878718,46.161299109179694],[12.632017257108911,46.16084882835655],[12.629431180292373,46.160795199506225],[12.629411830910334,46.16124547949141],[12.628118784729073,46.16121864272627],[12.628041340460783,46.16301976057049],[12.628687884382915,46.163033181618594],[12.62866852742647,46.163483461184555],[12.627375429510817,46.163456615015136],[12.627317324274543,46.16480745220302],[12.626670760209095,46.16479402300819],[12.62665138560648,46.16524430177712],[12.626004816735133,46.16523086871847],[12.626043576010138,46.16433031155843],[12.62539701813123,46.16431687526568],[12.624789239201144,46.1634028788312],[12.622203056260302,46.163349084187516],[12.62218364618474,46.16379936161187],[12.624123298496249,46.16383971370573],[12.624103903754898,46.16428999171864],[12.624750460712775,46.16430343531909],[12.624711680373634,46.16520399163922],[12.625358248324142,46.16521743200582],[12.625300090144012,46.16656826680152],[12.623987525587134,46.16699165891535],[12.623948729161487,46.16789221431205],[12.622655532366068,46.167865312787114],[12.622636122924991,46.16831559000219],[12.621989519951901,46.16830213354803],[12.621950689145955,46.16920268743182],[12.620638036882662,46.169626039177366],[12.62061860978653,46.170076315593654],[12.62126523290589,46.170089780198],[12.621226387857895,46.17099033332548],[12.619913687255615,46.17141367570053],[12.619894253037035,46.17186395173851],[12.619247609770117,46.17185047898304],[12.61856207606425,46.17273755368068],[12.615956000101145,46.173133884454614],[12.615917064268825,46.17403443362482],[12.61527039743386,46.17402093788654],[12.615114593366714,46.17762313120079],[12.613821176781585,46.17759612538365],[12.613801688642432,46.17804639893699],[12.612508263370275,46.178019378075845],[12.612527762048401,46.177569104944695],[12.609294233324265,46.177501489877294],[12.609274708298939,46.17795176195193],[12.607981289516653,46.17792468991409]],[[12.609960457431919,46.17706474787355],[12.610607157443958,46.17707827433111],[12.610626670998982,46.17662800174968],[12.609979976256117,46.176614475503484],[12.609960457431919,46.17706474787355]],[[12.610019012507015,46.17571393063727],[12.611312381380356,46.17574097862907],[12.611331888269474,46.17529070571033],[12.610038529933744,46.175263658141134],[12.610019012507015,46.17571393063727]],[[12.612703229211885,46.17351664487425],[12.613349888927239,46.173530155021425],[12.613369377684133,46.173079881259135],[12.612722723237008,46.17306637132306],[12.612703229211885,46.17351664487425]],[[12.61144891982823,46.1725890673155],[12.612095568080962,46.17260258435009],[12.612134564340936,46.171702037459994],[12.611487926623974,46.1716885208478],[12.610880304839572,46.17077445436772],[12.610233678584565,46.170760930868795],[12.610194652580102,46.1716614766594],[12.610841289370322,46.17167500058094],[12.61144891982823,46.1725890673155]],[[12.616033866190717,46.17133278561033],[12.617327138030669,46.171359763592505],[12.617366047217697,46.17045921307539],[12.616719421601811,46.17044572633312],[12.616738880766354,46.16999545122231],[12.616092260880153,46.16998196103626],[12.616033866190717,46.17133278561033]],[[12.596027646652129,46.170012221007006],[12.596674257413518,46.170025824692],[12.596693879861604,46.16957555614213],[12.596047274367207,46.169561952669696],[12.596027646652129,46.170012221007006]],[[12.599907318210038,46.170093788301514],[12.600553931766383,46.17010737006028],[12.600573522612233,46.169657100236286],[12.599926914322964,46.169643518689725],[12.599907318210038,46.170093788301514]],[[12.600593112990571,46.16920683037023],[12.601239716478256,46.169220408050286],[12.60125930112226,46.16877013793001],[12.600612702901413,46.1687565604621],[12.600593112990571,46.16920683037023]],[[12.596086528392208,46.168661415868826],[12.596733123353,46.16867501891616],[12.596772364971452,46.16777448152184],[12.596125780543764,46.167760878899585],[12.596086528392208,46.168661415868826]],[[12.596831223887609,46.166423675114686],[12.597477792982609,46.16643727344544],[12.597497406418974,46.165987004346405],[12.596850842589975,46.165973406228126],[12.596831223887609,46.166423675114686]],[[12.591678348744962,46.165864489744166],[12.592324908842357,46.16587811709298],[12.59234456393732,46.165427849653206],[12.591698009105691,46.16541422251731],[12.591678348744962,46.165864489744166]],[[12.594382420691543,46.163217368115916],[12.595675481900143,46.163244587377406],[12.595695107855942,46.16279431862131],[12.594402057177494,46.16276709978511],[12.594382420691543,46.163217368115916]],[[12.621556511677408,46.163335626392296],[12.622869005651111,46.162912260652476],[12.622888409534946,46.16246198293398],[12.622241875021942,46.162448529212924],[12.62228069193102,46.161547974070544],[12.621634168409454,46.16153451711642],[12.621614754921335,46.161984794498316],[12.620321698731443,46.16195786920897],[12.620282849304187,46.162858423005474],[12.621575926555325,46.16288534913626],[12.621556511677408,46.163335626392296]],[[12.599593864972753,46.16242561737471],[12.600240388540614,46.162439199179744],[12.600259976705605,46.161988928852765],[12.59961345840267,46.16197534725995],[12.599593864972753,46.16242561737471]],[[12.626767626287482,46.16254262853452],[12.627414164024156,46.162556056680245],[12.627433530587613,46.1621057774499],[12.626786998116316,46.16209234951399],[12.626767626287482,46.16254262853452]],[[12.625532697885873,46.16116492535421],[12.626845110829384,46.16074151220088],[12.626237344640819,46.15982752324231],[12.62494433464909,46.15980065120209],[12.624924949337187,46.1602509298025],[12.625571459367604,46.160264367859234],[12.625532697885873,46.16116492535421]],[[12.614561381547455,46.16048569923701],[12.615207889460214,46.16049919595718],[12.615227354205594,46.160048920555134],[12.614580851557452,46.16003542404583],[12.614561381547455,46.16048569923701]],[[12.619733457788099,46.16059357070585],[12.620379969396097,46.160607038199494],[12.620418814188538,46.15970648398338],[12.619125812492642,46.159679546184556],[12.619145244722647,46.15922926943445],[12.617871697696865,46.15875204107293],[12.617832812643009,46.15965259377286],[12.61847931233698,46.15966607180532],[12.618459874378718,46.16011634830291],[12.619752885680771,46.160143293829194],[12.619733457788099,46.16059357070585]],[[12.593893011672554,46.159601606881466],[12.594539499460339,46.15961522029067],[12.594559132198224,46.15916495162306],[12.593912649674492,46.15915133842657],[12.593893011672554,46.159601606881466]],[[12.613934349371764,46.16002192388332],[12.614580851557452,46.16003542404583],[12.614600321102873,46.159585148812674],[12.613953824181666,46.159571648861096],[12.613934349371764,46.16002192388332]],[[12.621045898828642,46.16017022474235],[12.622338913821334,46.160197141042325],[12.621731228901771,46.15928312957759],[12.6210847321651,46.159269670021565],[12.621045898828642,46.16017022474235]],[[12.593285810414473,46.15868745329286],[12.59393228720786,46.15870106992956],[12.593951924272668,46.158250801390466],[12.59330545274307,46.15823718496652],[12.593285810414473,46.15868745329286]],[[12.626903219382587,46.1593906745104],[12.627549720264247,46.159404101187484],[12.627569083593128,46.158953821663665],[12.62692258797597,46.15894039519639],[12.626903219382587,46.1593906745104]],[[12.593951924272668,46.158250801390466],[12.594598396268669,46.15826441416156],[12.594618027601259,46.15781414536767],[12.593971560868933,46.15780053280926],[12.593951924272668,46.158250801390466]],[[12.612072805213364,46.15818030366814],[12.612719284953945,46.15819381394588],[12.612758251447366,46.15729326436751],[12.612111782234532,46.15727975451195],[12.612072805213364,46.15818030366814]],[[12.617244656088657,46.15828828360628],[12.617891139527924,46.15830176466001],[12.61791058089509,46.15785148820511],[12.617264102719869,46.15783800736203],[12.617244656088657,46.15828828360628]],[[12.616617625006533,46.15782452286598],[12.617264102719869,46.15783800736203],[12.617283548887075,46.157387731075794],[12.616637076437646,46.15737424679043],[12.616617625006533,46.15782452286598]],[[12.611465313484565,46.15726624100353],[12.612111782234532,46.15727975451195],[12.612131270047616,46.15682947987085],[12.611484806561323,46.156815966573575],[12.611465313484565,46.15726624100353]],[[12.626980690983254,46.15758955700278],[12.62762717080766,46.15760298284072],[12.627646532288514,46.15715270314922],[12.627000057728107,46.15713927752106],[12.626980690983254,46.15758955700278]],[[12.610191880977805,46.15678892902066],[12.611484806561323,46.156815966573575],[12.611504299172974,46.15636569210161],[12.612150757395723,46.15637920518774],[12.612189730697047,46.155478655695504],[12.61154328300102,46.15546514303165],[12.611523791319538,46.15591541758762],[12.610230886789871,46.15588838087961],[12.610191880977805,46.15678892902066]],[[12.604393289306017,46.15621680707497],[12.605039742429266,46.156230360340864],[12.60505928720929,46.155780087941395],[12.60441283934931,46.155766534887285],[12.604393289306017,46.15621680707497]],[[12.608937984113016,46.15586132956092],[12.610230886789871,46.15588838087961],[12.610250388997907,46.155438106746075],[12.608957496847548,46.15541105585006],[12.608937984113016,46.15586132956092]],[[12.580514340305927,46.154812239806176],[12.5811607656402,46.154825927788295],[12.581200242309164,46.153925398525004],[12.581846657587317,46.153939082427215],[12.581807191443277,46.15483961211811],[12.582453617715027,46.154853292795615],[12.582473345759917,46.154403027757496],[12.583119767237665,46.154416704568995],[12.583178932761362,46.15306590856062],[12.58061305475773,46.15256091740102],[12.580672277776614,46.15121012345187],[12.57937951270777,46.151182739953775],[12.579320258118463,46.15253353261934],[12.579966656203606,46.15254722683618],[12.57988766453553,46.15434828398899],[12.580534084138385,46.15436197540948],[12.580514340305927,46.154812239806176]],[[12.607057217748649,46.15446990583258],[12.610289392018046,46.154537558352935],[12.610347893058636,46.15318673544814],[12.609701473066197,46.15317321288291],[12.609720977745054,46.15272293870857],[12.60711579773014,46.15311908609888],[12.607057217748649,46.15446990583258]],[[12.603844608514185,46.153951889856586],[12.604491034858068,46.15396544571605],[12.604549676592377,46.15261462839616],[12.603256855944,46.15258751429585],[12.603217740871099,46.15348805837051],[12.60386416148797,46.15350161767048],[12.603844608514185,46.153951889856586]],[[12.577381066678157,46.15249242805685],[12.578027463355614,46.152506133229664],[12.57808674951518,46.151155341848366],[12.578733130876879,46.15116904272698],[12.578126271264203,46.150254814049894],[12.576813759832937,46.15067766568588],[12.576793988199839,46.15112792913571],[12.57744036862279,46.15114163731794],[12.577381066678157,46.15249242805685]],[[12.61422642273443,46.15326779414044],[12.614872845966092,46.15328129113925],[12.614892308544537,46.15283101527622],[12.614245890575473,46.1528175184883],[12.61422642273443,46.15326779414044]],[[12.583218374091201,46.15216537767758],[12.583864769726418,46.15217904976867],[12.583884484423777,46.151728784050306],[12.583238094050376,46.15171511217282],[12.583218374091201,46.15216537767758]],[[12.607154848721752,46.15221853939959],[12.60844766441322,46.15224560925029],[12.60846717868584,46.15179533541463],[12.609113581964609,46.15180886465031],[12.608506205834356,46.15089478761727],[12.607213421715368,46.15086771903542],[12.607154848721752,46.15221853939959]],[[12.612972533926019,46.15234023868335],[12.613618945707794,46.15235374256487],[12.613657889592078,46.1514531914725],[12.612365087540134,46.15142618090127],[12.612972533926019,46.15234023868335]],[[12.603295969150462,46.15168697005299],[12.603942368718117,46.15170052850556],[12.603961919359477,46.15125025610919],[12.603315525053814,46.151236697868484],[12.603295969150462,46.15168697005299]],[[12.603961919359477,46.15125025610919],[12.604608314129452,46.15126381069788],[12.604627859042491,46.150813538047686],[12.603981469534395,46.15079998367079],[12.603961919359477,46.15125025610919]],[[12.582024231932573,46.14988669673107],[12.5826706003233,46.149900375057506],[12.582710045588955,46.14899984401157],[12.582063687720423,46.148986166112564],[12.582024231932573,46.14988669673107]],[[12.607232945114948,46.15041744549665],[12.607879331680843,46.15043098140209],[12.607898849352939,46.14998070760977],[12.607252468048738,46.14996717191583],[12.607232945114948,46.15041744549665]]]},"properties":{"ndvi_class":"dense","color":"#238b45","area_m2":7024561}},{"type":"Feature","geometry":{"type":"Polygon","coordinates":[[[12.602923383897748,46.14536959650505],[12.602982046396875,46.14401877869487],[12.60427466619434,46.14404589204931],[12.604235579368257,46.144946438145425],[12.602923383897748,46.14536959650505]]]},"properties":{"ndvi_class":"dense","color":"#238b45","area_m2":12508}},{"type":"Feature","geometry":{"type":"Polygon","coordinates":[[[12.598418710233057,46.144824309224646],[12.598457891739049,46.14392376694489],[12.59975050503137,46.14395093141456],[12.599730925031823,46.144401202999916],[12.598418710233057,46.144824309224646]]]},"properties":{"ndvi_class":"dense","color":"#238b45","area_m2":7505}},{"type":"Feature","geometry":{"type":"Polygon","coordinates":[[[12.631342817469076,46.146413026175225],[12.63136214110016,46.14596274438809],[12.630088784655886,46.145485655072264],[12.630127450655547,46.14458509212621],[12.631420109227435,46.14461189877531],[12.63138146427024,46.14551246255906],[12.632027804765805,46.14552586082519],[12.631989168486417,46.146426424860046],[12.631342817469076,46.146413026175225]]]},"properties":{"ndvi_class":"moderate","color":"#74c476","area_m2":17511}},{"type":"Feature","geometry":{"type":"Polygon","coordinates":[[[12.587451074051895,46.1441425468565],[12.587470753987018,46.14369227931247],[12.588117052475049,46.14370592543988],[12.58809737779957,46.14415619319713],[12.587451074051895,46.1441425468565]]]},"properties":{"ndvi_class":"sparse","color":"#c7e9c0","area_m2":2502}},{"type":"Feature","geometry":{"type":"Polygon","coordinates":[[[12.643034891293595,46.145302787030346],[12.6430541188493,46.14485250135809],[12.644346795730657,46.144879161948644],[12.644327578696604,46.14532944803747],[12.643034891293595,46.145302787030346]]]},"properties":{"ndvi_class":"sparse","color":"#c7e9c0","area_m2":5003}},{"type":"Feature","geometry":{"type":"Polygon","coordinates":[[[12.649498346553825,46.14543594600168],[12.64951752150074,46.14498565824882],[12.650810207499442,46.145012245808104],[12.650791043074443,46.1454625339764],[12.649498346553825,46.14543594600168]]]},"properties":{"ndvi_class":"very_dense","color":"#00441b","area_m2":5003}},{"type":"Feature","geometry":{"type":"Polygon","coordinates":[[[12.650791043074443,46.1454625339764],[12.650810207499442,46.145012245808104],[12.651456551181534,46.14502553411034],[12.651437392017513,46.14547582248626],[12.650791043074443,46.1454625339764]]]},"properties":{"ndvi_class":"dense","color":"#238b45","area_m2":2502}},{"type":"Feature","geometry":{"type":"Polygon","coordinates":[[[12.655315495226741,46.14555547686021],[12.6553346228246,46.14510518723969],[12.655980969689038,46.14511844998052],[12.65596184735225,46.14556873980827],[12.655315495226741,46.14555547686021]]]},"properties":{"ndvi_class":"sparse","color":"#c7e9c0","area_m2":2502}},{"type":"Feature","geometry":{"type":"Polygon","coordinates":[[[12.657235440694983,46.146045544949516],[12.65725455296555,46.14559525474923],[12.656608199931895,46.145581999104614],[12.656627317007594,46.14513170906967],[12.657920013006576,46.14515821629301],[12.657881799443762,46.14605879714947],[12.657235440694983,46.146045544949516]]]},"properties":{"ndvi_class":"sparse","color":"#c7e9c0","area_m2":7505}},{"type":"Feature","geometry":{"type":"Polygon","coordinates":[[[12.659839969637785,46.14564824081037],[12.659859060407848,46.1451979497404],[12.66050541044852,46.1452111869195],[12.660486324939624,46.14566147819629],[12.659839969637785,46.14564824081037]]]},"properties":{"ndvi_class":"sparse","color":"#c7e9c0","area_m2":2502}},{"type":"Feature","geometry":{"type":"Polygon","coordinates":[[[12.660486324939624,46.14566147819629],[12.66050541044852,46.1452111869195],[12.661151760942442,46.14522442044686],[12.661132680694726,46.14567471193044],[12.660486324939624,46.14566147819629]]]},"properties":{"ndvi_class":"bare","color":"#d9d9d9","area_m2":2502}},{"type":"Feature","geometry":{"type":"Polygon","coordinates":[[[12.678584456960293,46.14603064236281],[12.678603395151068,46.14558034531776],[12.679249758285358,46.14559347659474],[12.67923082535614,46.14604377384497],[12.678584456960293,46.14603064236281]]]},"properties":{"ndvi_class":"sparse","color":"#c7e9c0","area_m2":2502}},{"type":"Feature","geometry":{"type":"Polygon","coordinates":[[[12.656474367630599,46.14873402817961],[12.657197214785885,46.1469461252248],[12.659136323962068,46.14698587211139],[12.659155421360106,46.146535581373584],[12.659801786731242,46.14654882282504],[12.660486324939624,46.14566147819629],[12.661132680694726,46.14567471193044],[12.661817186420928,46.144787358590484],[12.665048921643118,46.144853452160184],[12.665029873417224,46.145303744924966],[12.666341618899411,46.144879864026265],[12.666322581195828,46.14533015720374],[12.667615290782944,46.14535655487546],[12.667596263147775,46.14580684842368],[12.664364466264814,46.14574082582457],[12.664345411868617,46.146191118299456],[12.662406323383943,46.14615146029866],[12.66242539356422,46.14570116844344],[12.661779036902967,46.14568794201282],[12.661094518833632,46.14657529477235],[12.66044815255579,46.14656206062464],[12.661056355151556,46.14747587744729],[12.66040997835048,46.14746264288599],[12.659725415452103,46.14834998635335],[12.658432643069682,46.14832349814307],[12.658451747096555,46.147873207737504],[12.657805366847738,46.147859958361266],[12.657120757495465,46.148747285274155],[12.656474367630599,46.14873402817961]],[[12.659098127799078,46.14788645346171],[12.659744508955178,46.1478996955339],[12.659763602002716,46.1474494046727],[12.659117226108396,46.14743616280742],[12.659098127799078,46.14788645346171]]]},"properties":{"ndvi_class":"sparse","color":"#c7e9c0","area_m2":100065}},{"type":"Feature","geometry":{"type":"Polygon","coordinates":[[[12.647520922355627,46.14629661078537],[12.647540114001032,46.145846323739725],[12.646893762529603,46.145833013112025],[12.646951350501396,46.144482152348125],[12.647597686190128,46.144495462351905],[12.647559305188572,46.14539603665227],[12.648851998976525,46.14542264653685],[12.648813637188006,46.146323221501525],[12.647520922355627,46.14629661078537]]]},"properties":{"ndvi_class":"moderate","color":"#74c476","area_m2":17511}},{"type":"Feature","geometry":{"type":"Polygon","coordinates":[[[12.63980318077926,46.14523607060999],[12.6398416880391,46.14433550130847],[12.640488018706588,46.14434885147847],[12.640449521968122,46.145249421197185],[12.63980318077926,46.14523607060999]]]},"properties":{"ndvi_class":"dense","color":"#238b45","area_m2":5003}},{"type":"Feature","geometry":{"type":"Polygon","coordinates":[[[12.652749239910573,46.14505209975997],[12.652768388095762,46.14460181092715],[12.653414727881568,46.144615088067084],[12.653395584957275,46.14506537710734],[12.652749239910573,46.14505209975997]]]},"properties":{"ndvi_class":"dense","color":"#238b45","area_m2":2502}},{"type":"Feature","geometry":{"type":"Polygon","coordinates":[[[12.636610041562529,46.14426869568714],[12.636629320805753,46.1438184120174],[12.637275643925438,46.14383178023562],[12.637256369942644,46.14428206411423],[12.636610041562529,46.14426869568714]]]},"properties":{"ndvi_class":"bare","color":"#d9d9d9","area_m2":2502}},{"type":"Feature","geometry":{"type":"Polygon","coordinates":[[[12.651475709888471,46.14457524569261],[12.651494868138338,46.14412495723308],[12.652141201753812,46.14413824146857],[12.652122048764689,46.14458853013566],[12.651475709888471,46.14457524569261]]]},"properties":{"ndvi_class":"dense","color":"#238b45","area_m2":2502}},{"type":"Feature","geometry":{"type":"Polygon","coordinates":[[[12.601630734397178,46.145342467274574],[12.601728555496202,46.143091106166665],[12.604333292936833,46.1426950725898],[12.603647904037063,46.14358206429829],[12.603001599630288,46.14356850600737],[12.602982046396875,46.14401877869487],[12.602335737194592,46.144005216541],[12.60227705891521,46.145356033715444],[12.601630734397178,46.145342467274574]]]},"properties":{"ndvi_class":"sparse","color":"#c7e9c0","area_m2":25016}},{"type":"Feature","geometry":{"type":"Polygon","coordinates":[[[12.67862233289002,46.14513004823104],[12.678660207012507,46.144229453932645],[12.679306554362885,46.144242584594096],[12.679268690762882,46.14514317930284],[12.67862233289002,46.14513004823104]]]},"properties":{"ndvi_class":"sparse","color":"#c7e9c0","area_m2":5003}},{"type":"Feature","geometry":{"type":"Polygon","coordinates":[[[12.588802688854265,46.14281903184914],[12.58882235686245,46.14236876375237],[12.589468640506508,46.14238240193859],[12.58944897775762,46.14283267024847],[12.588802688854265,46.14281903184914]]]},"properties":{"ndvi_class":"moderate","color":"#74c476","area_m2":2502}},{"type":"Feature","geometry":{"type":"Polygon","coordinates":[[[12.593973013148196,46.14292803681957],[12.593992639081632,46.14247776701968],[12.59463892645754,46.14249137599939],[12.594619305783509,46.14294164601192],[12.593973013148196,46.14292803681957]]]},"properties":{"ndvi_class":"sparse","color":"#c7e9c0","area_m2":2502}},{"type":"Feature","geometry":{"type":"Polygon","coordinates":[[[12.601728555496202,46.143091106166665],[12.601748118315863,46.14264083381892],[12.603040704697747,46.14266796050623],[12.603021152397238,46.14311823327782],[12.601728555496202,46.143091106166665]]]},"properties":{"ndvi_class":"moderate","color":"#74c476","area_m2":5003}},{"type":"Feature","geometry":{"type":"Polygon","coordinates":[[[12.665067969414574,46.14440315935368],[12.6650870167316,46.14395286650545],[12.66637969294402,46.14397927754616],[12.666360656148804,46.14442957080706],[12.665067969414574,46.14440315935368]]]},"properties":{"ndvi_class":"dense","color":"#238b45","area_m2":5003}},{"type":"Feature","geometry":{"type":"Polygon","coordinates":[[[12.676626400044317,46.14644152239217],[12.676645354471887,46.14599122600468],[12.67535262173014,46.14596493017295],[12.675409513867852,46.14461404199306],[12.676055864229502,46.14462719111848],[12.676093779537077,46.143726598379295],[12.67674011982683,46.14373974344217],[12.676683261970407,46.14509063310468],[12.677975975466904,46.14511691350741],[12.677938089014221,46.146017507228706],[12.676626400044317,46.14644152239217]]]},"properties":{"ndvi_class":"sparse","color":"#c7e9c0","area_m2":32521}},{"type":"Feature","geometry":{"type":"Polygon","coordinates":[[[12.66890800217757,46.14538293794008],[12.668946035041477,46.14448234989399],[12.669592380893961,46.14449553553656],[12.669611391384416,46.14404524124494],[12.67155041586722,46.14408477564475],[12.671569410121498,46.143634480693684],[12.672215747257203,46.143647651317885],[12.672196758263834,46.14409794647474],[12.67413578815897,46.14413743705476],[12.674116814495745,46.14458773278697],[12.671531421159782,46.14453507055409],[12.670847072656416,46.14542248514855],[12.66890800217757,46.14538293794008]]]},"properties":{"ndvi_class":"dense","color":"#238b45","area_m2":37524}},{"type":"Feature","geometry":{"type":"Polygon","coordinates":[[[12.589468640506508,46.14238240193859],[12.589488302786338,46.141932133586586],[12.590134581638132,46.141945767909],[12.590114924617486,46.14239603647403],[12.589468640506508,46.14238240193859]]]},"properties":{"ndvi_class":"moderate","color":"#74c476","area_m2":2502}},{"type":"Feature","geometry":{"type":"Polygon","coordinates":[[[12.64698974019284,46.1435815782964],[12.647008934351678,46.14313129120783],[12.647655254258842,46.14314460058772],[12.647636065360402,46.14359488788427],[12.64698974019284,46.1435815782964]]]},"properties":{"ndvi_class":"moderate","color":"#74c476","area_m2":2502}},{"type":"Feature","geometry":{"type":"Polygon","coordinates":[[[12.654745672252487,46.14374105235684],[12.654764803285662,46.14329076277648],[12.655411128652863,46.14330402833981],[12.655392002880248,46.14375431812745],[12.654745672252487,46.14374105235684]]]},"properties":{"ndvi_class":"sparse","color":"#c7e9c0","area_m2":2502}},{"type":"Feature","geometry":{"type":"Polygon","coordinates":[[[12.657920013006576,46.14515821629301],[12.658015538936812,46.14290676342095],[12.659308184143203,46.14293325396789],[12.659289090389754,46.143383545039754],[12.661874407284909,46.14343648314389],[12.66050541044852,46.1452111869195],[12.657920013006576,46.14515821629301]]]},"properties":{"ndvi_class":"dense","color":"#238b45","area_m2":55036}},{"type":"Feature","geometry":{"type":"Polygon","coordinates":[[[12.630812433346085,46.14369793374386],[12.630831759471526,46.14324765191471],[12.628892821022166,46.143207427395375],[12.628912162466657,46.142757146152825],[12.63085108513592,46.14279737004366],[12.630870410339279,46.14234708813069],[12.631516713553788,46.1423604885826],[12.631458752340775,46.14371133482391],[12.630812433346085,46.14369793374386]]]},"properties":{"ndvi_class":"sparse","color":"#c7e9c0","area_m2":15010}},{"type":"Feature","geometry":{"type":"Polygon","coordinates":[[[12.654764803285662,46.14329076277648],[12.654783933862436,46.14284047315434],[12.655430253969202,46.14285373851041],[12.655411128652863,46.14330402833981],[12.654764803285662,46.14329076277648]]]},"properties":{"ndvi_class":"bare","color":"#d9d9d9","area_m2":2502}},{"type":"Feature","geometry":{"type":"Polygon","coordinates":[[[12.656057454474256,46.14331729025172],[12.656076574530147,46.142867000215105],[12.656722895545148,46.14288025826844],[12.656703780749718,46.143330548512225],[12.656057454474256,46.14331729025172]]]},"properties":{"ndvi_class":"dense","color":"#238b45","area_m2":2502}},{"type":"Feature","geometry":{"type":"Polygon","coordinates":[[[12.665106063594218,46.14350257361549],[12.665125110002434,46.143052280683804],[12.665771437361114,46.14306548761722],[12.665752396213547,46.143515780755266],[12.665106063594218,46.14350257361549]]]},"properties":{"ndvi_class":"dense","color":"#238b45","area_m2":2502}},{"type":"Feature","geometry":{"type":"Polygon","coordinates":[[[12.63666787791241,46.14291784455236],[12.636706433179432,46.14201727691981],[12.63735273525864,46.142030644302544],[12.637314190511605,46.14293121235282],[12.63666787791241,46.14291784455236]]]},"properties":{"ndvi_class":"moderate","color":"#74c476","area_m2":5003}},{"type":"Feature","geometry":{"type":"Polygon","coordinates":[[[12.67415476136954,46.14368714128085],[12.674192706432748,46.142786549608026],[12.674839034849969,46.14279970521466],[12.674801100308306,46.14370029729862],[12.67415476136954,46.14368714128085]]]},"properties":{"ndvi_class":"dense","color":"#238b45","area_m2":5003}},{"type":"Feature","geometry":{"type":"Polygon","coordinates":[[[12.63216301722709,46.14237388538339],[12.632182331449794,46.14192360300983],[12.632828630321924,46.14193699595023],[12.632809321359057,46.14238727853305],[12.63216301722709,46.14237388538339]]]},"properties":{"ndvi_class":"dense","color":"#238b45","area_m2":2502}},{"type":"Feature","geometry":{"type":"Polygon","coordinates":[[[12.646381813861518,46.142667691254196],[12.646401012364693,46.14221740429],[12.64704732129565,46.1422307169052],[12.647028128052611,46.14268100407742],[12.646381813861518,46.142667691254196]]]},"properties":{"ndvi_class":"moderate","color":"#74c476","area_m2":2502}},{"type":"Feature","geometry":{"type":"Polygon","coordinates":[[[12.651552340145662,46.14277409160374],[12.651571496567385,46.142323802977046],[12.652864122169689,46.142350366136256],[12.652844976268462,46.142800655178],[12.651552340145662,46.14277409160374]]]},"properties":{"ndvi_class":"dense","color":"#238b45","area_m2":5003}},{"type":"Feature","geometry":{"type":"Polygon","coordinates":[[[12.658661861313231,46.14292001052012],[12.658680959871557,46.14246971961345],[12.659327277441143,46.14248296285429],[12.659308184143203,46.14293325396789],[12.658661861313231,46.14292001052012]]]},"properties":{"ndvi_class":"moderate","color":"#74c476","area_m2":2502}},{"type":"Feature","geometry":{"type":"Polygon","coordinates":[[[12.663186130640748,46.143012637974785],[12.663205192376068,46.1425623456208],[12.664497834310403,46.14258877733194],[12.664478783096063,46.14303907009892],[12.663186130640748,46.143012637974785]]]},"properties":{"ndvi_class":"sparse","color":"#c7e9c0","area_m2":5003}},{"type":"Feature","geometry":{"type":"Polygon","coordinates":[[[12.66964941100473,46.143144652536584],[12.669668420134618,46.142694358119854],[12.671607397270622,46.14273389066651],[12.671588403922625,46.14318418570094],[12.66964941100473,46.143144652536584]]]},"properties":{"ndvi_class":"dense","color":"#238b45","area_m2":7505}},{"type":"Feature","geometry":{"type":"Polygon","coordinates":[[[12.630224107583683,46.142333684027676],[12.630262767126816,46.14143312049492],[12.631555352057962,46.14145992421223],[12.631536033036316,46.141910206418366],[12.630224107583683,46.142333684027676]]]},"properties":{"ndvi_class":"dense","color":"#238b45","area_m2":7505}},{"type":"Feature","geometry":{"type":"Polygon","coordinates":[[[12.606330753987896,46.14138489159019],[12.606350278127135,46.140934617591846],[12.606996553296812,46.14094815635815],[12.606977034416735,46.14139843056804],[12.606330753987896,46.14138489159019]]]},"properties":{"ndvi_class":"sparse","color":"#c7e9c0","area_m2":2502}},{"type":"Feature","geometry":{"type":"Polygon","coordinates":[[[12.640584252517025,46.14209742644925],[12.640603497901667,46.14164714131785],[12.641249797465054,46.141660486585224],[12.641230557340299,46.142110771925154],[12.640584252517025,46.14209742644925]]]},"properties":{"ndvi_class":"sparse","color":"#c7e9c0","area_m2":2502}},{"type":"Feature","geometry":{"type":"Polygon","coordinates":[[[12.661266232869906,46.142522670668704],[12.661285309931472,46.1420723788929],[12.661931624053663,46.14208560732162],[12.661912552252414,46.142535899304114],[12.661266232869906,46.142522670668704]]]},"properties":{"ndvi_class":"sparse","color":"#c7e9c0","area_m2":2502}},{"type":"Feature","geometry":{"type":"Polygon","coordinates":[[[12.5887240121294,46.14462010381503],[12.588802688854265,46.14281903184914],[12.590114924617486,46.14239603647403],[12.590134581638132,46.141945767909],[12.59142714074193,46.14197302560159],[12.592112702074086,46.1410861104379],[12.594051514072893,46.14112695736737],[12.594071138133677,46.140676687399065],[12.596009938549761,46.140717500834846],[12.596029546366037,46.140267230186765],[12.59796833519616,46.14030801012969],[12.597282876722652,46.14119496256971],[12.595990330265733,46.14116777144083],[12.59597072151394,46.14161804200472],[12.594697785671336,46.1411405657092],[12.594012264546885,46.14202749717767],[12.592073420993685,46.14198664897175],[12.591348551920822,46.14377410131259],[12.589409650852607,46.14373320674185],[12.589370322071188,46.14463374306674],[12.5887240121294,46.14462010381503]]]},"properties":{"ndvi_class":"sparse","color":"#c7e9c0","area_m2":85055}},{"type":"Feature","geometry":{"type":"Polygon","coordinates":[[[12.65411847837278,46.14327749356171],[12.654175884514828,46.14192662519196],[12.659992683046307,46.142045911081546],[12.660011770173107,46.14159561967757],[12.660658078128947,46.14160885520209],[12.66061991394044,46.14250943838193],[12.661266232869906,46.142522670668704],[12.661247155353216,46.14297296240275],[12.659308184143203,46.14293325396789],[12.659327277441143,46.14248296285429],[12.658680959871557,46.14246971961345],[12.658661861313231,46.14292001052012],[12.657369217014077,46.14289351267038],[12.657388326093145,46.14244322217774],[12.656095694129899,46.142416710136715],[12.656076574530147,46.142867000215105],[12.654783933862436,46.14284047315434],[12.654764803285662,46.14329076277648],[12.65411847837278,46.14327749356171]]]},"properties":{"ndvi_class":"sparse","color":"#c7e9c0","area_m2":50032}},{"type":"Feature","geometry":{"type":"Polygon","coordinates":[[[12.664497834310403,46.14258877733194],[12.664535935375605,46.14168819167276],[12.665182246500823,46.14170140163841],[12.665144155956265,46.1426019877104],[12.664497834310403,46.14258877733194]]]},"properties":{"ndvi_class":"sparse","color":"#c7e9c0","area_m2":5003}},{"type":"Feature","geometry":{"type":"Polygon","coordinates":[[[12.638664601954124,46.14160708360913],[12.638683862658857,46.141156799061775],[12.63933015559109,46.141170155073745],[12.639310900146079,46.141620439829794],[12.638664601954124,46.14160708360913]]]},"properties":{"ndvi_class":"sparse","color":"#c7e9c0","area_m2":2502}},{"type":"Feature","geometry":{"type":"Polygon","coordinates":[[[12.663224253656642,46.14211205322508],[12.663243314482479,46.141661760787606],[12.663889624702783,46.141674978055825],[12.663870569137178,46.142125270699815],[12.663224253656642,46.14211205322508]]]},"properties":{"ndvi_class":"water","color":"#2166ac","area_m2":2502}},{"type":"Feature","geometry":{"type":"Polygon","coordinates":[[[12.672272711519234,46.14229676559719],[12.672291698700597,46.141846470273585],[12.67423064968548,46.141885957768466],[12.674211678285417,46.14233625370908],[12.672272711519234,46.14229676559719]]]},"properties":{"ndvi_class":"sparse","color":"#c7e9c0","area_m2":7505}},{"type":"Feature","geometry":{"type":"Polygon","coordinates":[[[12.665790478054422,46.14261519443746],[12.66582855807831,46.14171460795276],[12.66647487010794,46.1417278106158],[12.666493904178386,46.141277517104584],[12.667786519073225,46.14130391106433],[12.667729447061427,46.142654792710125],[12.665790478054422,46.14261519443746]]]},"properties":{"ndvi_class":"dense","color":"#238b45","area_m2":20013}},{"type":"Feature","geometry":{"type":"Polygon","coordinates":[[[12.59796833519616,46.14030801012969],[12.59798792676857,46.13985773880237],[12.59863418538383,46.13987132460323],[12.59861459907016,46.14032159614282],[12.59796833519616,46.14030801012969]]]},"properties":{"ndvi_class":"sparse","color":"#c7e9c0","area_m2":2502}},{"type":"Feature","geometry":{"type":"Polygon","coordinates":[[[12.630282096206695,46.140982838665686],[12.630301424825468,46.14053255679454],[12.630947706542631,46.14054596005984],[12.630928383183278,46.140996242140396],[12.630282096206695,46.140982838665686]]]},"properties":{"ndvi_class":"dense","color":"#238b45","area_m2":2502}},{"type":"Feature","geometry":{"type":"Polygon","coordinates":[[[12.634632467739893,46.14512913445731],[12.63467105916976,46.144228568497475],[12.635963713640258,46.14425532360865],[12.636021565771019,46.14290447310065],[12.63470964875833,46.14332800237012],[12.634767529688986,46.141977152864946],[12.634121229441645,46.14196377087779],[12.634140527424417,46.14151348783473],[12.633494232895094,46.14150010240562],[12.632886554446788,46.140586147950394],[12.634825406477331,46.14062630298282],[12.634786822412005,46.14152686961278],[12.635433117857735,46.141540247739805],[12.635452404860871,46.14108996423674],[12.63609869550496,46.141103338503754],[12.636079413761477,46.141553622215795],[12.636725710123116,46.14156699304072],[12.63674498660693,46.141116709119764],[12.638037570184002,46.14114343939877],[12.638018304219562,46.141593723737394],[12.637372006942517,46.14158036021459],[12.637979770911818,46.14249429228903],[12.640584252517025,46.14209742644925],[12.639899445483973,46.142984647042276],[12.639253131054792,46.142971293846784],[12.639233873772232,46.14342157843541],[12.637941235765494,46.14339486067321],[12.638549028075925,46.14430879001419],[12.6398416880391,46.14433550130847],[12.639156840047649,46.145222716371244],[12.638510499773414,46.14520935848096],[12.638529764154464,46.144759074268514],[12.634632467739893,46.14512913445731]],[[12.636610041562529,46.14426869568714],[12.637256369942644,46.14428206411423],[12.637275643925438,46.14383178023562],[12.636629320805753,46.1438184120174],[12.636610041562529,46.14426869568714]],[[12.63666787791241,46.14291784455236],[12.637314190511605,46.14293121235282],[12.63735273525864,46.142030644302544],[12.636706433179432,46.14201727691981],[12.63666787791241,46.14291784455236]]]},"properties":{"ndvi_class":"sparse","color":"#c7e9c0","area_m2":125081}},{"type":"Feature","geometry":{"type":"Polygon","coordinates":[[[12.64191533189132,46.14122354261127],[12.641934565838458,46.1407732569792],[12.642580855796055,46.14078659452757],[12.642561627108583,46.141236880368034],[12.64191533189132,46.14122354261127]]]},"properties":{"ndvi_class":"moderate","color":"#74c476","area_m2":2502}},{"type":"Feature","geometry":{"type":"Polygon","coordinates":[[[12.650963506441082,46.14140993895694],[12.650982666751695,46.14095965041246],[12.652921557132922,46.140999498760245],[12.652902412601907,46.14144978792737],[12.650963506441082,46.14140993895694]]]},"properties":{"ndvi_class":"dense","color":"#238b45","area_m2":7505}},{"type":"Feature","geometry":{"type":"Polygon","coordinates":[[[12.655487627180685,46.14150286877153],[12.655506750672048,46.141052578775025],[12.656153050192454,46.14106583965089],[12.656133931961037,46.14151612985461],[12.655487627180685,46.14150286877153]]]},"properties":{"ndvi_class":"dense","color":"#238b45","area_m2":2502}},{"type":"Feature","geometry":{"type":"Polygon","coordinates":[[[12.661247155353216,46.14297296240275],[12.661266232869906,46.142522670668704],[12.661912552252414,46.142535899304114],[12.661931624053663,46.14208560732162],[12.662577938628763,46.142098832099],[12.663262374853597,46.14121146830842],[12.664554985226493,46.14123789878059],[12.664497834310403,46.14258877733194],[12.663205192376068,46.1425623456208],[12.663186130640748,46.143012637974785],[12.661247155353216,46.14297296240275]],[[12.663224253656642,46.14211205322508],[12.663870569137178,46.142125270699815],[12.663889624702783,46.141674978055825],[12.663243314482479,46.141661760787606],[12.663224253656642,46.14211205322508]]]},"properties":{"ndvi_class":"bare","color":"#d9d9d9","area_m2":27518}},{"type":"Feature","geometry":{"type":"Polygon","coordinates":[[[12.59912378294488,46.14348707959001],[12.599143367269884,46.1430368081327],[12.600435960453416,46.14306396445162],[12.60049467906892,46.141713148554366],[12.601806803974812,46.141290016523314],[12.60182636492783,46.14083974400733],[12.603118909235597,46.14086686899933],[12.603138459204084,46.14041659601749],[12.604430994850876,46.14044370598307],[12.605116330355422,46.1395567081295],[12.606408847750405,46.13958379534462],[12.606369801800623,46.140484343551464],[12.60507726337031,46.14045725548988],[12.604352834251948,46.14224479935253],[12.601748118315863,46.14264083381892],[12.601062689196425,46.14352780922831],[12.59912378294488,46.14348707959001]]]},"properties":{"ndvi_class":"dense","color":"#238b45","area_m2":82554}},{"type":"Feature","geometry":{"type":"Polygon","coordinates":[[[12.66763431796416,46.14490626128552],[12.66767237096479,46.144005673980494],[12.666398729285076,46.143528984243524],[12.666417765171982,46.143078690899166],[12.668356751316447,46.143118278836106],[12.668432827198343,46.14131710256732],[12.66974445211934,46.14089318003592],[12.669687428811008,46.142244063661416],[12.669041109262167,46.142230879048974],[12.668946035041477,46.14448234989399],[12.66763431796416,46.14490626128552]]]},"properties":{"ndvi_class":"sparse","color":"#c7e9c0","area_m2":42528}},{"type":"Feature","geometry":{"type":"Polygon","coordinates":[[[12.649670904608717,46.141383354720915],[12.649709245811938,46.140482778420896],[12.650355535981026,46.140496071949045],[12.650317205297332,46.1413966486645],[12.649670904608717,46.141383354720915]]]},"properties":{"ndvi_class":"sparse","color":"#c7e9c0","area_m2":5003}},{"type":"Feature","geometry":{"type":"Polygon","coordinates":[[[12.623838632918604,46.14039832334445],[12.62385801366849,46.13994804352875],[12.625150557853665,46.13997491900553],[12.625131187622111,46.14042519924115],[12.623838632918604,46.14039832334445]]]},"properties":{"ndvi_class":"moderate","color":"#74c476","area_m2":5003}},{"type":"Feature","geometry":{"type":"Polygon","coordinates":[[[12.653567854836078,46.14101277424062],[12.653586993650615,46.14056248482429],[12.65423328654849,46.14057575644617],[12.654214152993735,46.14102604606988],[12.653567854836078,46.14101277424062]]]},"properties":{"ndvi_class":"sparse","color":"#c7e9c0","area_m2":2502}},{"type":"Feature","geometry":{"type":"Polygon","coordinates":[[[12.67423064968548,46.141885957768466],[12.67424962063295,46.141435661786176],[12.672310685428991,46.141396174908294],[12.67232967170443,46.14094587950131],[12.674914898503475,46.14099852054664],[12.674876967581657,46.14189911296399],[12.67423064968548,46.141885957768466]]]},"properties":{"ndvi_class":"dense","color":"#238b45","area_m2":12508}},{"type":"Feature","geometry":{"type":"Polygon","coordinates":[[[12.645812312430817,46.14085322750419],[12.645850715834467,46.13995265361547],[12.646496998010788,46.13996596884161],[12.64710489827756,46.14087985513761],[12.645812312430817,46.14085322750419]]]},"properties":{"ndvi_class":"moderate","color":"#74c476","area_m2":7505}},{"type":"Feature","geometry":{"type":"Polygon","coordinates":[[[12.660696240496566,46.14070827185525],[12.660715320997575,46.14025798011921],[12.66136161362677,46.14027121137225],[12.661342538385563,46.14072150331502],[12.660696240496566,46.14070827185525]]]},"properties":{"ndvi_class":"sparse","color":"#c7e9c0","area_m2":2502}},{"type":"Feature","geometry":{"type":"Polygon","coordinates":[[[12.679306554362885,46.144242584594096],[12.67938227614311,46.14244139467676],[12.678735949836195,46.14242826483597],[12.67875488441276,46.14197796745767],[12.678108563816052,46.1419648341706],[12.678070683689988,46.142865428475126],[12.677424353021877,46.14285229112609],[12.678184318646192,46.14016364506164],[12.679457990697667,46.14064020409301],[12.679439062736385,46.14109050180143],[12.680731685136028,46.14111674929809],[12.680712767243827,46.14156704737499],[12.680066450558991,46.14155392524728],[12.679952902162858,46.14425571160382],[12.679306554362885,46.144242584594096]]]},"properties":{"ndvi_class":"sparse","color":"#c7e9c0","area_m2":47531}},{"type":"Feature","geometry":{"type":"Polygon","coordinates":[[[12.65940364607804,46.1406817979823],[12.659441827663763,46.13978121529576],[12.660088114126976,46.13979445364409],[12.660049943060681,46.14069503674433],[12.65940364607804,46.1406817979823]]]},"properties":{"ndvi_class":"sparse","color":"#c7e9c0","area_m2":5003}},{"type":"Feature","geometry":{"type":"Polygon","coordinates":[[[12.622584862129768,46.13947087401145],[12.622604252472787,46.13902059453199],[12.623896773781286,46.1390474837715],[12.623877393956047,46.1394977636711],[12.622584862129768,46.13947087401145]]]},"properties":{"ndvi_class":"moderate","color":"#74c476","area_m2":5003}},{"type":"Feature","geometry":{"type":"Polygon","coordinates":[[[12.630986351878454,46.13964539577299],[12.631005673854947,46.139195113566686],[12.631651940253422,46.139208512553026],[12.631632623535985,46.13965879496867],[12.630986351878454,46.13964539577299]]]},"properties":{"ndvi_class":"sparse","color":"#c7e9c0","area_m2":2502}},{"type":"Feature","geometry":{"type":"Polygon","coordinates":[[[12.63615653797559,46.13975248711636],[12.636175817879238,46.13930220323682],[12.63682208794379,46.13931557301721],[12.636802813299306,46.13976585710566],[12.63615653797559,46.13975248711636]]]},"properties":{"ndvi_class":"sparse","color":"#c7e9c0","area_m2":2502}},{"type":"Feature","geometry":{"type":"Polygon","coordinates":[[[12.662007906708942,46.140284438974206],[12.662026976235401,46.13983414678299],[12.662673264510723,46.13984737052723],[12.662654200243967,46.140297662925065],[12.662007906708942,46.140284438974206]]]},"properties":{"ndvi_class":"sparse","color":"#c7e9c0","area_m2":2502}},{"type":"Feature","geometry":{"type":"Polygon","coordinates":[[[12.673641259505104,46.140521911466465],[12.673660234354823,46.14007161556472],[12.674952827615531,46.140097927962564],[12.674933863285716,46.14054822427544],[12.673641259505104,46.140521911466465]]]},"properties":{"ndvi_class":"sparse","color":"#c7e9c0","area_m2":5003}},{"type":"Feature","geometry":{"type":"Polygon","coordinates":[[[12.661931624053663,46.14208560732162],[12.661969766291218,46.141185023231394],[12.66261607034603,46.14119824759552],[12.662635135522407,46.14074795528117],[12.663927734470219,46.14077439264268],[12.663946788672076,46.1403240998735],[12.664593083564911,46.140337312871054],[12.66463118008561,46.13943672679459],[12.665923750189407,46.13946314101088],[12.665885674707521,46.14036372791279],[12.668470862417003,46.14041651418267],[12.66845184503452,46.14086680839585],[12.66715923975618,46.14084042215091],[12.667140211399866,46.14129071591008],[12.665201291091577,46.14125110853983],[12.665220335227998,46.140800815399515],[12.664574034622925,46.14078760584668],[12.664554985226493,46.14123789878059],[12.663262374853597,46.14121146830842],[12.662577938628763,46.142098832099],[12.661931624053663,46.14208560732162]]]},"properties":{"ndvi_class":"sparse","color":"#c7e9c0","area_m2":50032}},{"type":"Feature","geometry":{"type":"Polygon","coordinates":[[[12.608328120353818,46.14007467354688],[12.608367133819716,46.139174123987154],[12.609659645331222,46.139201174273836],[12.609679140849009,46.13875089900828],[12.610991128230815,46.13832765854042],[12.610952158694511,46.13922820995833],[12.610305901781455,46.13921469394137],[12.610286411057334,46.13966496937612],[12.608993888102361,46.139637925967996],[12.608974386395573,46.14008820093821],[12.608328120353818,46.14007467354688]]]},"properties":{"ndvi_class":"sparse","color":"#c7e9c0","area_m2":17511}},{"type":"Feature","geometry":{"type":"Polygon","coordinates":[[[12.657445650595148,46.141092350449185],[12.657464757850798,46.14064205978947],[12.65811105347297,46.140655309504865],[12.65816835672621,46.139304436654044],[12.658814637023124,46.139317682097435],[12.65873825281285,46.141118846642854],[12.657445650595148,46.141092350449185]]]},"properties":{"ndvi_class":"sparse","color":"#c7e9c0","area_m2":12508}},{"type":"Feature","geometry":{"type":"Polygon","coordinates":[[[12.638095365319755,46.13979258613173],[12.63813389311242,46.1388920170777],[12.63878015929061,46.13890537569702],[12.638741642016235,46.13980594516851],[12.638095365319755,46.13979258613173]]]},"properties":{"ndvi_class":"sparse","color":"#c7e9c0","area_m2":5003}},{"type":"Feature","geometry":{"type":"Polygon","coordinates":[[[12.668470862417003,46.14041651418267],[12.668489879345808,46.13996621992778],[12.669782465390995,46.139992590743745],[12.669801471346691,46.13954229603511],[12.670447759786624,46.13955547576049],[12.670409757941417,46.14045606554795],[12.668470862417003,46.14041651418267]]]},"properties":{"ndvi_class":"dense","color":"#238b45","area_m2":10006}},{"type":"Feature","geometry":{"type":"Polygon","coordinates":[[[12.660088114126976,46.13979445364409],[12.660107198977176,46.139344162031364],[12.661399762744027,46.13937062736145],[12.66138068841292,46.13982091938771],[12.660088114126976,46.13979445364409]]]},"properties":{"ndvi_class":"sparse","color":"#c7e9c0","area_m2":5003}},{"type":"Feature","geometry":{"type":"Polygon","coordinates":[[[12.663319553238756,46.139860590620415],[12.66333861179112,46.1394102979743],[12.663984895712138,46.139423514209945],[12.66396584241938,46.13987380706258],[12.663319553238756,46.139860590620415]]]},"properties":{"ndvi_class":"sparse","color":"#c7e9c0","area_m2":2502}},{"type":"Feature","geometry":{"type":"Polygon","coordinates":[[[12.606408847750405,46.13958379534462],[12.60644789183735,46.138683246969634],[12.607740390052223,46.138710318736514],[12.6084256505287,46.137823299332396],[12.609718130489428,46.137850348351165],[12.609698635901738,46.138300623700744],[12.608386639854679,46.13872384914425],[12.608367133819716,46.139174123987154],[12.607074624160987,46.13914705909834],[12.607055107143333,46.13959733347634],[12.606408847750405,46.13958379534462]]]},"properties":{"ndvi_class":"dense","color":"#238b45","area_m2":20013}},{"type":"Feature","geometry":{"type":"Polygon","coordinates":[[[12.631671256510055,46.13875823009549],[12.631690572305903,46.138307947596054],[12.632336828645304,46.138321342513066],[12.632317518108279,46.13877162522181],[12.631671256510055,46.13875823009549]]]},"properties":{"ndvi_class":"dense","color":"#238b45","area_m2":2502}},{"type":"Feature","geometry":{"type":"Polygon","coordinates":[[[12.639426425926114,46.1389187306656],[12.639445678615209,46.1384684456584],[12.640091940448913,46.13848179676762],[12.640072693018803,46.13893208198345],[12.639426425926114,46.1389187306656]]]},"properties":{"ndvi_class":"dense","color":"#238b45","area_m2":2502}},{"type":"Feature","geometry":{"type":"Polygon","coordinates":[[[12.650413028577617,46.13914520656233],[12.650432191862148,46.1386949180165],[12.651078461448739,46.13870820706304],[12.651059303423422,46.13915849581652],[12.650413028577617,46.13914520656233]]]},"properties":{"ndvi_class":"sparse","color":"#c7e9c0","area_m2":2502}},{"type":"Feature","geometry":{"type":"Polygon","coordinates":[[[12.624562409230036,46.138610642763794],[12.624601156051865,46.137710082334955],[12.625247402080513,46.13772351719836],[12.625208665775904,46.13862407804703],[12.624562409230036,46.138610642763794]]]},"properties":{"ndvi_class":"moderate","color":"#74c476","area_m2":5003}},{"type":"Feature","geometry":{"type":"Polygon","coordinates":[[[12.642011497038752,46.138972114032434],[12.642049959886135,46.13807154230798],[12.643342477147154,46.13809821125339],[12.6433040353357,46.13899878381125],[12.642011497038752,46.138972114032434]]]},"properties":{"ndvi_class":"sparse","color":"#c7e9c0","area_m2":10006}},{"type":"Feature","geometry":{"type":"Polygon","coordinates":[[[12.610364371164211,46.13786386738499],[12.610383860028637,46.137413591782185],[12.611030095907953,46.137427106954455],[12.611010612301772,46.13787738276844],[12.610364371164211,46.13786386738499]]]},"properties":{"ndvi_class":"dense","color":"#238b45","area_m2":2502}},{"type":"Feature","geometry":{"type":"Polygon","coordinates":[[[12.616826803344352,46.13799885695108],[12.616846239625696,46.137548579239144],[12.617492480125817,46.137562057907786],[12.61747304910286,46.138012335830325],[12.616826803344352,46.13799885695108]]]},"properties":{"ndvi_class":"moderate","color":"#74c476","area_m2":2502}},{"type":"Feature","geometry":{"type":"Polygon","coordinates":[[[12.635568117217975,46.13838826233885],[12.635587401000668,46.13793797854263],[12.636233654830688,46.13795135134692],[12.636214376306773,46.1384016353521],[12.635568117217975,46.13838826233885]]]},"properties":{"ndvi_class":"sparse","color":"#c7e9c0","area_m2":2502}},{"type":"Feature","geometry":{"type":"Polygon","coordinates":[[[12.636860635853367,46.13841500471469],[12.63687990911849,46.13796472050062],[12.63817241906694,46.13799144785622],[12.638153156319442,46.138441732487884],[12.636860635853367,46.13841500471469]]]},"properties":{"ndvi_class":"sparse","color":"#c7e9c0","area_m2":5003}},{"type":"Feature","geometry":{"type":"Polygon","coordinates":[[[12.640091940448913,46.13848179676762],[12.640111187419878,46.138031511509965],[12.641403701940554,46.138058202359296],[12.641384465487349,46.138508488034],[12.640091940448913,46.13848179676762]]]},"properties":{"ndvi_class":"dense","color":"#238b45","area_m2":5003}},{"type":"Feature","geometry":{"type":"Polygon","coordinates":[[[12.665942787249113,46.13901284749733],[12.66596182385468,46.13856255394207],[12.666608099065813,46.13857575516115],[12.666589067719658,46.13902604892267],[12.665942787249113,46.13901284749733]]]},"properties":{"ndvi_class":"dense","color":"#238b45","area_m2":2502}},{"type":"Feature","geometry":{"type":"Polygon","coordinates":[[[12.671113043660812,46.139118356672654],[12.671132038190725,46.13866806146881],[12.671778317013786,46.13868123348042],[12.671759327743388,46.13913152889008],[12.671113043660812,46.139118356672654]]]},"properties":{"ndvi_class":"dense","color":"#238b45","area_m2":2502}},{"type":"Feature","geometry":{"type":"Polygon","coordinates":[[[12.6756370417043,46.139210485523016],[12.675655999417314,46.13876018887966],[12.67630228139427,46.13877333533439],[12.676283328940864,46.139223632183175],[12.6756370417043,46.139210485523016]]]},"properties":{"ndvi_class":"moderate","color":"#74c476","area_m2":2502}},{"type":"Feature","geometry":{"type":"Polygon","coordinates":[[[12.651686425501177,46.13962207033911],[12.651724731490265,46.138721492458764],[12.652371001986596,46.138734774203684],[12.652390149036679,46.13828448499331],[12.654994340088209,46.13788728455349],[12.654956088517489,46.138787864675095],[12.653663544343177,46.13876132674106],[12.653644407354848,46.139211616324545],[12.652351854479745,46.139185063372295],[12.652332706516114,46.139635352499084],[12.651686425501177,46.13962207033911]]]},"properties":{"ndvi_class":"dense","color":"#238b45","area_m2":25016}},{"type":"Feature","geometry":{"type":"Polygon","coordinates":[[[12.625247402080513,46.13772351719836],[12.625266769539792,46.137273236711124],[12.625913010769906,46.137286667714186],[12.625893648569061,46.13773694841127],[12.625247402080513,46.13772351719836]]]},"properties":{"ndvi_class":"moderate","color":"#74c476","area_m2":2502}},{"type":"Feature","geometry":{"type":"Polygon","coordinates":[[[12.642049959886135,46.13807154230798],[12.642069190621681,46.13762125638299],[12.643361697365114,46.137647924911704],[12.643342477147154,46.13809821125339],[12.642049959886135,46.13807154230798]]]},"properties":{"ndvi_class":"moderate","color":"#74c476","area_m2":5003}},{"type":"Feature","geometry":{"type":"Polygon","coordinates":[[[12.651097619017039,46.13825791826776],[12.651116776128331,46.13780762943069],[12.652409295630004,46.13783419574113],[12.652390149036679,46.13828448499331],[12.651097619017039,46.13825791826776]]]},"properties":{"ndvi_class":"sparse","color":"#c7e9c0","area_m2":5003}},{"type":"Feature","geometry":{"type":"Polygon","coordinates":[[[12.652390149036679,46.13828448499331],[12.652409295630004,46.13783419574113],[12.653701816950296,46.13786074744875],[12.653682680874988,46.1383110371158],[12.652390149036679,46.13828448499331]]]},"properties":{"ndvi_class":"moderate","color":"#74c476","area_m2":5003}},{"type":"Feature","geometry":{"type":"Polygon","coordinates":[[[12.63946493084503,46.13801816060935],[12.639503433926915,46.13711759038564],[12.64014967998442,46.137130940869056],[12.640111187419878,46.138031511509965],[12.63946493084503,46.13801816060935]]]},"properties":{"ndvi_class":"sparse","color":"#c7e9c0","area_m2":5003}},{"type":"Feature","geometry":{"type":"Polygon","coordinates":[[[12.659499096626742,46.13843034095281],[12.65953727365848,46.137529757848746],[12.660183533825313,46.137542995162875],[12.66014536731175,46.138443578680615],[12.659499096626742,46.13843034095281]]]},"properties":{"ndvi_class":"moderate","color":"#74c476","area_m2":5003}},{"type":"Feature","geometry":{"type":"Polygon","coordinates":[[[12.66014536731175,46.138443578680615],[12.660183533825313,46.137542995162875],[12.660829794445295,46.13755622882626],[12.660791638449934,46.138456812757575],[12.66014536731175,46.138443578680615]]]},"properties":{"ndvi_class":"sparse","color":"#c7e9c0","area_m2":5003}},{"type":"Feature","geometry":{"type":"Polygon","coordinates":[[[12.666608099065813,46.13857575516115],[12.666646160396137,46.13767516751293],[12.667292425540728,46.13768836466866],[12.667254374728875,46.1385889527293],[12.666608099065813,46.13857575516115]]]},"properties":{"ndvi_class":"dense","color":"#238b45","area_m2":5003}},{"type":"Feature","geometry":{"type":"Polygon","coordinates":[[[12.67048575981872,46.13865488580625],[12.670523758037817,46.13775429568522],[12.671170025891191,46.13776747093605],[12.671132038190725,46.13866806146881],[12.67048575981872,46.13865488580625]]]},"properties":{"ndvi_class":"sparse","color":"#c7e9c0","area_m2":5003}},{"type":"Feature","geometry":{"type":"Polygon","coordinates":[[[12.627205494609296,46.13731351876899],[12.627224845831606,46.13686323761045],[12.627871083182281,46.13687665745251],[12.627851737218322,46.13732693882075],[12.627205494609296,46.13731351876899]]]},"properties":{"ndvi_class":"moderate","color":"#74c476","area_m2":2502}},{"type":"Feature","geometry":{"type":"Polygon","coordinates":[[[12.637545431410633,46.137527801538965],[12.637564698497698,46.13707751703233],[12.638210943183429,46.137090878467276],[12.638191681354934,46.13754116318268],[12.637545431410633,46.137527801538965]]]},"properties":{"ndvi_class":"dense","color":"#238b45","area_m2":2502}},{"type":"Feature","geometry":{"type":"Polygon","coordinates":[[[12.652409295630004,46.13783419574113],[12.653093837361697,46.13694689437565],[12.653740087731451,46.1369601679893],[12.653701816950296,46.13786074744875],[12.652409295630004,46.13783419574113]]]},"properties":{"ndvi_class":"sparse","color":"#c7e9c0","area_m2":7505}},{"type":"Feature","geometry":{"type":"Polygon","coordinates":[[[12.674990754917932,46.13919733521181],[12.675009717890545,46.138747038773914],[12.673717156188047,46.13872072760946],[12.673736129227189,46.13827043154101],[12.671797305831182,46.138230938029075],[12.67183528210703,46.137330347001296],[12.672481545603182,46.13734351474468],[12.672462562950898,46.13779381048517],[12.675693913486615,46.137859595467916],[12.67630228139427,46.13877333533439],[12.674990754917932,46.13919733521181]]]},"properties":{"ndvi_class":"sparse","color":"#c7e9c0","area_m2":30019}},{"type":"Feature","geometry":{"type":"Polygon","coordinates":[[[12.620762497617893,46.13672883841963],[12.620781900960106,46.13627855931907],[12.622093748768101,46.13585518837663],[12.622054963578657,46.13675574746057],[12.620762497617893,46.13672883841963]]]},"properties":{"ndvi_class":"dense","color":"#238b45","area_m2":7505}},{"type":"Feature","geometry":{"type":"Polygon","coordinates":[[[12.667919671217282,46.13815185243094],[12.667938691137092,46.13770155817361],[12.667292425540728,46.13768836466866],[12.667976729615551,46.136800969533816],[12.669915497559902,46.136840526907555],[12.669858486493426,46.13819141165899],[12.667919671217282,46.13815185243094]]]},"properties":{"ndvi_class":"sparse","color":"#c7e9c0","area_m2":25016}},{"type":"Feature","geometry":{"type":"Polygon","coordinates":[[[12.605918796058624,46.13596806074622],[12.605938319867416,46.13551778645506],[12.6065845314734,46.135531326333236],[12.60656501292226,46.13598160083595],[12.605918796058624,46.13596806074622]]]},"properties":{"ndvi_class":"dense","color":"#238b45","area_m2":2502}},{"type":"Feature","geometry":{"type":"Polygon","coordinates":[[[12.63241406618706,46.1365202112592],[12.632433374420978,46.136069928340994],[12.633079604926627,46.13608331856127],[12.633060301950914,46.136533601688704],[12.63241406618706,46.1365202112592]]]},"properties":{"ndvi_class":"moderate","color":"#74c476","area_m2":2502}},{"type":"Feature","geometry":{"type":"Polygon","coordinates":[[[12.636918454269473,46.13706415194689],[12.63693772615536,46.13661386760722],[12.63629148764318,46.13660049908016],[12.636310764327641,46.136150214907495],[12.63760323129302,46.136176947893446],[12.637564698497698,46.13707751703233],[12.636918454269473,46.13706415194689]]]},"properties":{"ndvi_class":"sparse","color":"#c7e9c0","area_m2":7505}},{"type":"Feature","geometry":{"type":"Polygon","coordinates":[[[12.653740087731451,46.1369601679893],[12.653759222437325,46.136509878196904],[12.65505171402252,46.136536414057744],[12.655032589833967,46.13698670426477],[12.653740087731451,46.1369601679893]]]},"properties":{"ndvi_class":"dense","color":"#238b45","area_m2":5003}},{"type":"Feature","geometry":{"type":"Polygon","coordinates":[[[12.66020261639925,46.13709270334137],[12.660221698517974,46.13664241147813],[12.660867948620252,46.13665564472798],[12.660848871760319,46.13710593679799],[12.66020261639925,46.13709270334137]]]},"properties":{"ndvi_class":"sparse","color":"#c7e9c0","area_m2":2502}},{"type":"Feature","geometry":{"type":"Polygon","coordinates":[[[12.662787640561067,46.13714561526376],[12.662806701644554,46.136695322573765],[12.66409920592407,46.13672175621775],[12.66408015535828,46.13717204932078],[12.662787640561067,46.13714561526376]]]},"properties":{"ndvi_class":"sparse","color":"#c7e9c0","area_m2":5003}},{"type":"Feature","geometry":{"type":"Polygon","coordinates":[[[12.656229518557407,46.13926467841833],[12.655621482040287,46.13835083791869],[12.656933128200942,46.137927062830094],[12.65700956276251,46.136125899599485],[12.657655805339349,46.136139150895296],[12.657579391812918,46.13794031495413],[12.658225655878551,46.13795356342741],[12.658244754684748,46.13750327226834],[12.65953727365848,46.137529757848746],[12.659499096626742,46.13843034095281],[12.658852826395027,46.13841709957418],[12.65816835672621,46.139304436654044],[12.657522076882868,46.13929118755975],[12.657560287291991,46.13839060586443],[12.65691401842092,46.13837735353332],[12.656875797493226,46.1392779348145],[12.656229518557407,46.13926467841833]]]},"properties":{"ndvi_class":"sparse","color":"#c7e9c0","area_m2":42528}},{"type":"Feature","geometry":{"type":"Polygon","coordinates":[[[12.607191716490417,46.13644541194776],[12.607211230249368,46.13599513727557],[12.608503666293503,46.13602219920443],[12.609188879585998,46.13513517395491],[12.610481297377696,46.13516221313798],[12.610422836362833,46.136513040450524],[12.607191716490417,46.13644541194776]]]},"properties":{"ndvi_class":"dense","color":"#238b45","area_m2":25016}},{"type":"Feature","geometry":{"type":"Polygon","coordinates":[[[12.629809797990063,46.1369168950763],[12.629202228772382,46.136002922484856],[12.630514009202907,46.13557945344614],[12.630456037177492,46.13693030031674],[12.629809797990063,46.1369168950763]]]},"properties":{"ndvi_class":"moderate","color":"#74c476","area_m2":10006}},{"type":"Feature","geometry":{"type":"Polygon","coordinates":[[[12.667330474537184,46.136787776441174],[12.667349498354671,46.136337482264864],[12.668641998445397,46.13636386438724],[12.668622985145545,46.136814158975774],[12.667330474537184,46.136787776441174]]]},"properties":{"ndvi_class":"dense","color":"#238b45","area_m2":5003}},{"type":"Feature","geometry":{"type":"Polygon","coordinates":[[[12.675580165851626,46.140561375203106],[12.6756370417043,46.139210485523016],[12.676283328940864,46.139223632183175],[12.676321233395552,46.13832303844394],[12.6776137881805,46.13834931998972],[12.677632729210913,46.137899022646955],[12.67827900201874,46.13791215773816],[12.67831687220562,46.13701156251716],[12.678963134944656,46.137024693547104],[12.679000992806808,46.13612409774913],[12.679647245477375,46.13613722471803],[12.679552623731071,46.13838871492616],[12.678906344764625,46.138375586931645],[12.678222193350482,46.13926305025722],[12.67757590476408,46.13924991455029],[12.677556962378045,46.13970021176807],[12.676910668981701,46.13968707220476],[12.676872772334026,46.14058766610472],[12.675580165851626,46.140561375203106]]]},"properties":{"ndvi_class":"dense","color":"#238b45","area_m2":57537}},{"type":"Feature","geometry":{"type":"Polygon","coordinates":[[[12.663984895712138,46.139423514209945],[12.664042052863302,46.138072635401635],[12.664688321458662,46.13808584736696],[12.664745458742447,46.136734967563775],[12.66409920592407,46.13672175621775],[12.664118256035412,46.136271463073015],[12.666722277609201,46.13587399171589],[12.66666519038033,46.13722487362624],[12.665372671965034,46.137198468774955],[12.665296507230634,46.138999642421034],[12.663984895712138,46.139423514209945]]]},"properties":{"ndvi_class":"sparse","color":"#c7e9c0","area_m2":40026}},{"type":"Feature","geometry":{"type":"Polygon","coordinates":[[[12.658948291853713,46.13616564253531],[12.658967383579089,46.13571535100225],[12.659613622257854,46.135728591139554],[12.65959453579099,46.13617888287949],[12.658948291853713,46.13616564253531]]]},"properties":{"ndvi_class":"sparse","color":"#c7e9c0","area_m2":2502}},{"type":"Feature","geometry":{"type":"Polygon","coordinates":[[[12.660887025025112,46.136205352616216],[12.660906100974913,46.13575506046269],[12.661552341012957,46.135768289648496],[12.661533270321707,46.13621858200874],[12.660887025025112,46.136205352616216]]]},"properties":{"ndvi_class":"water","color":"#2166ac","area_m2":2502}},{"type":"Feature","geometry":{"type":"Polygon","coordinates":[[[12.660049943060681,46.14069503674433],[12.660088114126976,46.13979445364409],[12.658795541653884,46.13976797329641],[12.658187456899293,46.138854145620265],[12.658833731936834,46.13886739085668],[12.658852826395027,46.13841709957418],[12.660791638449934,46.138456812757575],[12.660829794445295,46.13755622882626],[12.658244754684748,46.13750327226834],[12.658263853035347,46.137052981067505],[12.659556361491317,46.13707946623408],[12.659613622257854,46.135728591139554],[12.660259861389838,46.13574182762638],[12.660278942143005,46.13529153563789],[12.661571411249284,46.13531799724654],[12.662179516071157,46.136231807750676],[12.662825762273343,46.136245029842044],[12.662787640561067,46.13714561526376],[12.66408015535828,46.13717204932078],[12.66409920592407,46.13672175621775],[12.664745458742447,46.136734967563775],[12.664688321458662,46.13808584736696],[12.664042052863302,46.138072635401635],[12.663984895712138,46.139423514209945],[12.66333861179112,46.1394102979743],[12.663319553238756,46.139860590620415],[12.662026976235401,46.13983414678299],[12.662007906708942,46.140284438974206],[12.660715320997575,46.14025798011921],[12.660696240496566,46.14070827185525],[12.660049943060681,46.14069503674433]],[[12.660088114126976,46.13979445364409],[12.66138068841292,46.13982091938771],[12.661399762744027,46.13937062736145],[12.660107198977176,46.139344162031364],[12.660088114126976,46.13979445364409]],[[12.66020261639925,46.13709270334137],[12.660848871760319,46.13710593679799],[12.660867948620252,46.13665564472798],[12.660221698517974,46.13664241147813],[12.66020261639925,46.13709270334137]],[[12.660887025025112,46.136205352616216],[12.661533270321707,46.13621858200874],[12.661552341012957,46.135768289648496],[12.660906100974913,46.13575506046269],[12.660887025025112,46.136205352616216]]]},"properties":{"ndvi_class":"bare","color":"#d9d9d9","area_m2":155101}},{"type":"Feature","geometry":{"type":"Polygon","coordinates":[[[12.646592972208495,46.137714532347665],[12.646650551232595,46.136363669949446],[12.646004311127724,46.1363503563876],[12.646061901806107,46.134999494237064],[12.647354350922086,46.13502611646235],[12.64727760450152,46.13682726757668],[12.647923850776259,46.13684057404547],[12.647885485337149,46.13774114976757],[12.646592972208495,46.137714532347665]]]},"properties":{"ndvi_class":"moderate","color":"#74c476","area_m2":27518}},{"type":"Feature","geometry":{"type":"Polygon","coordinates":[[[12.659613622257854,46.135728591139554],[12.659632708269422,46.135278299357886],[12.660278942143005,46.13529153563789],[12.660259861389838,46.13574182762638],[12.659613622257854,46.135728591139554]]]},"properties":{"ndvi_class":"sparse","color":"#c7e9c0","area_m2":2502}},{"type":"Feature","geometry":{"type":"Polygon","coordinates":[[[12.661552341012957,46.135768289648496],[12.661571411249284,46.13531799724654],[12.662217646481729,46.13533122257519],[12.662198581503842,46.1357815151838],[12.661552341012957,46.135768289648496]]]},"properties":{"ndvi_class":"sparse","color":"#c7e9c0","area_m2":2502}},{"type":"Feature","geometry":{"type":"Polygon","coordinates":[[[12.679647245477375,46.13613722471803],[12.67966616847233,46.13568692655146],[12.680958664643763,46.135713169127094],[12.680939752166447,46.13616346770371],[12.679647245477375,46.13613722471803]]]},"properties":{"ndvi_class":"dense","color":"#238b45","area_m2":5003}},{"type":"Feature","geometry":{"type":"Polygon","coordinates":[[[12.648550920274403,46.137304164953534],[12.648589274281123,46.13640358873211],[12.64794303280942,46.1363902861217],[12.647962214385002,46.13593999815613],[12.6486084505983,46.13595330055868],[12.648665976805253,46.134602435787514],[12.64931219769938,46.13461573391626],[12.649920089733945,46.13552960578168],[12.650566322054587,46.13554289702522],[12.650547161969781,46.13599318586367],[12.649900924390813,46.13597989441246],[12.649843425618238,46.13733076005392],[12.648550920274403,46.137304164953534]]]},"properties":{"ndvi_class":"moderate","color":"#74c476","area_m2":32521}},{"type":"Feature","geometry":{"type":"Polygon","coordinates":[[[12.677005402690694,46.137435586725694],[12.677024348076564,46.1369852895049],[12.67443930521801,46.13693269967097],[12.674458271187845,46.13648240323024],[12.672519509549259,46.13644292313867],[12.672576452072352,46.135092035416974],[12.674515166382815,46.13513151365793],[12.675123486226843,46.13604525927141],[12.676415986620585,46.13607155336667],[12.676397036879717,46.13652185046547],[12.677689549591129,46.13654813036869],[12.677670609916214,46.13699842783643],[12.67831687220562,46.13701156251716],[12.678297937338035,46.137461860148484],[12.677005402690694,46.137435586725694]]]},"properties":{"ndvi_class":"sparse","color":"#c7e9c0","area_m2":50032}},{"type":"Feature","geometry":{"type":"Polygon","coordinates":[[[12.637661027039195,46.13482609387114],[12.637680291368826,46.134375809113294],[12.638326504505779,46.13438916929569],[12.638307245433966,46.134839454262284],[12.637661027039195,46.13482609387114]]]},"properties":{"ndvi_class":"sparse","color":"#c7e9c0","area_m2":2502}},{"type":"Feature","geometry":{"type":"Polygon","coordinates":[[[12.657694009368395,46.135238568615286],[12.65771311069942,46.134788277412646],[12.659651793825704,46.13482800753445],[12.659632708269422,46.135278299357886],[12.657694009368395,46.135238568615286]]]},"properties":{"ndvi_class":"dense","color":"#238b45","area_m2":7505}},{"type":"Feature","geometry":{"type":"Polygon","coordinates":[[[12.666741305777633,46.13542369766234],[12.666760333492158,46.13497340356707],[12.667406567084337,46.134986599485636],[12.667387544628236,46.13543689378709],[12.666741305777633,46.13542369766234]]]},"properties":{"ndvi_class":"dense","color":"#238b45","area_m2":2502}},{"type":"Feature","geometry":{"type":"Polygon","coordinates":[[[12.671264987213375,46.13551599387447],[12.671283978118664,46.135065698337094],[12.671930214870097,46.13507886870228],[12.671911229223323,46.135529164445465],[12.671264987213375,46.13551599387447]]]},"properties":{"ndvi_class":"dense","color":"#238b45","area_m2":2502}},{"type":"Feature","geometry":{"type":"Polygon","coordinates":[[[12.651839638492516,46.13601975781471],[12.651858788060634,46.13556946856108],[12.650566322054587,46.13554289702522],[12.650585481682345,46.13509260814498],[12.651897085826489,46.13466888992846],[12.65191623402425,46.13421860054946],[12.653208670300424,46.13424515623884],[12.652485877436034,46.13603303831453],[12.651839638492516,46.13601975781471]]]},"properties":{"ndvi_class":"moderate","color":"#74c476","area_m2":22515}},{"type":"Feature","geometry":{"type":"Polygon","coordinates":[[[12.678373674098264,46.135660669373245],[12.679057776213503,46.13477320373979],[12.679704013108042,46.13478633009336],[12.67966616847233,46.13568692655146],[12.678373674098264,46.135660669373245]]]},"properties":{"ndvi_class":"sparse","color":"#c7e9c0","area_m2":7505}},{"type":"Feature","geometry":{"type":"Polygon","coordinates":[[[12.64931219769938,46.13461573391626],[12.649331366928964,46.13416544536781],[12.649977583020341,46.13417873963858],[12.649958419048694,46.13462902839474],[12.64931219769938,46.13461573391626]]]},"properties":{"ndvi_class":"moderate","color":"#74c476","area_m2":2502}},{"type":"Feature","geometry":{"type":"Polygon","coordinates":[[[12.658359337954785,46.13480152443695],[12.658378433572055,46.134351232985566],[12.659024656022735,46.13436447615258],[12.659005565663588,46.13481476781089],[12.658359337954785,46.13480152443695]]]},"properties":{"ndvi_class":"sparse","color":"#c7e9c0","area_m2":2502}},{"type":"Feature","geometry":{"type":"Polygon","coordinates":[[[12.659632708269422,46.135278299357886],[12.659651793825704,46.13482800753445],[12.659005565663588,46.13481476781089],[12.659024656022735,46.13436447615258],[12.660317102283875,46.13439095153564],[12.660278942143005,46.13529153563789],[12.659632708269422,46.135278299357886]]]},"properties":{"ndvi_class":"moderate","color":"#74c476","area_m2":7505}},{"type":"Feature","geometry":{"type":"Polygon","coordinates":[[[12.664802591937324,46.13538408738506],[12.66485972104366,46.13403320683081],[12.66615216493562,46.134059616094866],[12.666114100351797,46.13496020399806],[12.664802591937324,46.13538408738506]]]},"properties":{"ndvi_class":"sparse","color":"#c7e9c0","area_m2":12508}},{"type":"Feature","geometry":{"type":"Polygon","coordinates":[[[12.667368521718352,46.13588718804683],[12.667387544628236,46.13543689378709],[12.669326263889795,46.1354764602582],[12.669345270570552,46.13502616533852],[12.668699035623659,46.13501298037136],[12.6693832825719,46.13412557537406],[12.67067573278635,46.134151933533204],[12.67059974903744,46.13595311494278],[12.667368521718352,46.13588718804683]]]},"properties":{"ndvi_class":"sparse","color":"#c7e9c0","area_m2":30019}},{"type":"Feature","geometry":{"type":"Polygon","coordinates":[[[12.680731685136028,46.14111674929809],[12.680769519566498,46.14021615301936],[12.679495845265587,46.13973960855122],[12.679533698027411,46.13883901284283],[12.6808451830121,46.138414959962184],[12.680883012027447,46.13751436318374],[12.681529281822975,46.13752747981534],[12.680920839237963,46.13661376623871],[12.681567098515186,46.136626882460426],[12.681586006184704,46.1361765837205],[12.682897412268792,46.135752505610625],[12.68291630851877,46.13530220637772],[12.682270064120283,46.13528909807203],[12.682307865785063,46.13438849989096],[12.682954099666441,46.13440160778701],[12.682935204317982,46.13485190710319],[12.684873924429247,46.13489120950239],[12.684855044405964,46.13534150939104],[12.683543662374738,46.13576561047046],[12.683505879040322,46.13666620922091],[12.682213358241405,46.13663999503137],[12.682821822760971,46.137553702125906],[12.682175552067525,46.13754059279607],[12.682137744089818,46.13844119039423],[12.681491463326434,46.13842807700372],[12.681472553401509,46.138878375535434],[12.682118839424497,46.138891489130856],[12.6820621227225,46.14024238509089],[12.681415820919948,46.140229270880745],[12.681377997009786,46.141129867569425],[12.680731685136028,46.14111674929809]]]},"properties":{"ndvi_class":"sparse","color":"#c7e9c0","area_m2":87557}},{"type":"Feature","geometry":{"type":"Polygon","coordinates":[[[12.645454079943624,46.13408560308897],[12.645473280262523,46.133635315746226],[12.646119488363285,46.13364863171012],[12.646100293302116,46.13409891926093],[12.645454079943624,46.13408560308897]]]},"properties":{"ndvi_class":"moderate","color":"#74c476","area_m2":2502}},{"type":"Feature","geometry":{"type":"Polygon","coordinates":[[[12.647392721386348,46.13412554065428],[12.64741190593202,46.13367525268752],[12.648058115399744,46.133688557701014],[12.64803893611184,46.13413884587567],[12.647392721386348,46.13412554065428]]]},"properties":{"ndvi_class":"sparse","color":"#c7e9c0","area_m2":2502}},{"type":"Feature","geometry":{"type":"Polygon","coordinates":[[[12.653208670300424,46.13424515623884],[12.653227807525687,46.133794866403115],[12.65387402108758,46.13380813856505],[12.653854889120206,46.13425842860815],[12.653208670300424,46.13424515623884]]]},"properties":{"ndvi_class":"moderate","color":"#74c476","area_m2":2502}},{"type":"Feature","geometry":{"type":"Polygon","coordinates":[[[12.658378433572055,46.134351232985566],[12.65839752873382,46.13390094149241],[12.659689963572474,46.13392742376234],[12.659670878926716,46.13437771566927],[12.658378433572055,46.134351232985566]]]},"properties":{"ndvi_class":"bare","color":"#d9d9d9","area_m2":5003}},{"type":"Feature","geometry":{"type":"Polygon","coordinates":[[[12.660278942143005,46.13529153563789],[12.660317102283875,46.13439095153564],[12.659670878926716,46.13437771566927],[12.659689963572474,46.13392742376234],[12.660982400223778,46.13395389143119],[12.660925176469666,46.13530476826743],[12.660278942143005,46.13529153563789]]]},"properties":{"ndvi_class":"sparse","color":"#c7e9c0","area_m2":10006}},{"type":"Feature","geometry":{"type":"Polygon","coordinates":[[[12.662902000241786,46.13444385849776],[12.662921058597288,46.13399356555735],[12.66356727896037,46.13400678296548],[12.66354822586296,46.13445707611242],[12.662902000241786,46.13444385849776]]]},"properties":{"ndvi_class":"sparse","color":"#c7e9c0","area_m2":2502}},{"type":"Feature","geometry":{"type":"Polygon","coordinates":[[[12.671302968570936,46.134615402758],[12.671321958570205,46.13416510713723],[12.672614411490557,46.13419144339408],[12.672595432007832,46.13464173942637],[12.671302968570936,46.134615402758]]]},"properties":{"ndvi_class":"dense","color":"#238b45","area_m2":5003}},{"type":"Feature","geometry":{"type":"Polygon","coordinates":[[[12.649920089733945,46.13552960578168],[12.64931219769938,46.13461573391626],[12.649958419048694,46.13462902839474],[12.650642957823456,46.13374174125346],[12.652581594418203,46.13378159059098],[12.652600736444725,46.13333130092092],[12.653893152598583,46.13335784848017],[12.653208670300424,46.13424515623884],[12.65191623402425,46.13421860054946],[12.651897085826489,46.13466888992846],[12.651250863112372,46.13465560640084],[12.650566322054587,46.13554289702522],[12.649920089733945,46.13552960578168]]]},"properties":{"ndvi_class":"sparse","color":"#c7e9c0","area_m2":32521}},{"type":"Feature","geometry":{"type":"Polygon","coordinates":[[[12.655128206214856,46.13473525281188],[12.655812664498466,46.13384793314958],[12.65710509570882,46.13387444462148],[12.657124200930795,46.133424153500584],[12.65839752873382,46.13390094149241],[12.658378433572055,46.134351232985566],[12.6570859900311,46.134324735700616],[12.657066883897622,46.134775026737984],[12.655128206214856,46.13473525281188]]]},"properties":{"ndvi_class":"sparse","color":"#c7e9c0","area_m2":20013}},{"type":"Feature","geometry":{"type":"Polygon","coordinates":[[[12.675826598484885,46.134707517214196],[12.675864504415035,46.13380692305241],[12.67651072854454,46.13382006724776],[12.676472833130981,46.134720661820324],[12.675826598484885,46.134707517214196]]]},"properties":{"ndvi_class":"sparse","color":"#c7e9c0","area_m2":5003}},{"type":"Feature","geometry":{"type":"Polygon","coordinates":[[[12.6803502504519,46.134799452796415],[12.680388082765353,46.13389885576164],[12.68103431004162,46.13391197440419],[12.680996488244945,46.134812571848926],[12.6803502504519,46.134799452796415]]]},"properties":{"ndvi_class":"dense","color":"#238b45","area_m2":5003}},{"type":"Feature","geometry":{"type":"Polygon","coordinates":[[[12.660982400223778,46.13395389143119],[12.66100147389848,46.13350359906895],[12.66164768764564,46.13351682722127],[12.661628619228868,46.1339671197902],[12.660982400223778,46.13395389143119]]]},"properties":{"ndvi_class":"sparse","color":"#c7e9c0","area_m2":2502}},{"type":"Feature","geometry":{"type":"Polygon","coordinates":[[[12.67067573278635,46.134151933533204],[12.670694727590753,46.13370163807659],[12.671340948116482,46.13371481147476],[12.671321958570205,46.13416510713723],[12.67067573278635,46.134151933533204]]]},"properties":{"ndvi_class":"dense","color":"#238b45","area_m2":2502}},{"type":"Feature","geometry":{"type":"Polygon","coordinates":[[[12.68618527580103,46.134467092509574],[12.686204144406725,46.13401679212856],[12.686850375719862,46.13402987791702],[12.686831512372615,46.1344801785025],[12.68618527580103,46.134467092509574]]]},"properties":{"ndvi_class":"sparse","color":"#c7e9c0","area_m2":2502}},{"type":"Feature","geometry":{"type":"Polygon","coordinates":[[[12.649977583020341,46.13417873963858],[12.650015909592248,46.13327816200081],[12.65066211562315,46.133291452206024],[12.650681272965866,46.13284116311679],[12.651327474194074,46.132854449464276],[12.651308322108948,46.133304738761126],[12.652600736444725,46.13333130092092],[12.652581594418203,46.13378159059098],[12.650642957823456,46.13374174125346],[12.650623799566766,46.13419203025909],[12.649977583020341,46.13417873963858]]]},"properties":{"ndvi_class":"moderate","color":"#74c476","area_m2":15010}},{"type":"Feature","geometry":{"type":"Polygon","coordinates":[[[12.642203792926454,46.134469253736405],[12.642223019992429,46.134018967476656],[12.640949836329485,46.133542001795966],[12.641634503590051,46.132654770998656],[12.6422806984386,46.13266810844638],[12.64226147274849,46.133118394831655],[12.64290767331095,46.133131728837746],[12.642869231070085,46.134032301899445],[12.643515442604158,46.134045632672056],[12.643496226053768,46.13449591934845],[12.642203792926454,46.134469253736405]]]},"properties":{"ndvi_class":"sparse","color":"#c7e9c0","area_m2":20013}},{"type":"Feature","geometry":{"type":"Polygon","coordinates":[[[12.64672731685521,46.13456251949969],[12.646157877112026,46.13274805648304],[12.646804075153455,46.13276136838081],[12.646784886265506,46.13321165622326],[12.648096472603076,46.132787981226286],[12.64807729423015,46.13323826948455],[12.648723498895624,46.13325157064008],[12.648685151292755,46.13415214744684],[12.64803893611184,46.13413884587567],[12.64801975636643,46.13458913400849],[12.64672731685521,46.13456251949969]],[[12.647392721386348,46.13412554065428],[12.64803893611184,46.13413884587567],[12.648058115399744,46.133688557701014],[12.64741190593202,46.13367525268752],[12.647392721386348,46.13412554065428]]]},"properties":{"ndvi_class":"moderate","color":"#74c476","area_m2":25016}},{"type":"Feature","geometry":{"type":"Polygon","coordinates":[[[12.637738081600618,46.13302495458859],[12.63775734409223,46.13257466966328],[12.638403536199165,46.1325880290107],[12.63838427896487,46.13303831414475],[12.637738081600618,46.13302495458859]]]},"properties":{"ndvi_class":"dense","color":"#238b45","area_m2":2502}},{"type":"Feature","geometry":{"type":"Polygon","coordinates":[[[12.66035526060422,46.13349036726641],[12.660374339081727,46.13304007506917],[12.6610205471182,46.13305330666496],[12.66100147389848,46.13350359906895],[12.66035526060422,46.13349036726641]]]},"properties":{"ndvi_class":"sparse","color":"#c7e9c0","area_m2":2502}},{"type":"Feature","geometry":{"type":"Polygon","coordinates":[[[12.662293901845578,46.13353005172336],[12.662312964549683,46.13307975890605],[12.66360538379172,46.13310619654643],[12.663586331603284,46.13355648977682],[12.662293901845578,46.13353005172336]]]},"properties":{"ndvi_class":"dense","color":"#238b45","area_m2":5003}},{"type":"Feature","geometry":{"type":"Polygon","coordinates":[[[12.65839752873382,46.13390094149241],[12.658454811486205,46.13255006676243],[12.659101012905646,46.13256330910176],[12.6590628353749,46.13346389271069],[12.659709047762984,46.13347713181365],[12.659689963572474,46.13392742376234],[12.65839752873382,46.13390094149241]]]},"properties":{"ndvi_class":"sparse","color":"#c7e9c0","area_m2":10006}},{"type":"Feature","geometry":{"type":"Polygon","coordinates":[[[12.675199322738328,46.13424407210296],[12.675256195373374,46.13289318128906],[12.675902408536782,46.13290632872392],[12.675845551676018,46.134257220154126],[12.675199322738328,46.13424407210296]]]},"properties":{"ndvi_class":"dense","color":"#238b45","area_m2":7505}},{"type":"Feature","geometry":{"type":"Polygon","coordinates":[[[12.64290767331095,46.133131728837746],[12.642946113717878,46.13223115560868],[12.644238495182362,46.132257811837725],[12.644219285722745,46.13270809888967],[12.64290767331095,46.133131728837746]]]},"properties":{"ndvi_class":"dense","color":"#238b45","area_m2":7505}},{"type":"Feature","geometry":{"type":"Polygon","coordinates":[[[12.62483359816718,46.132306716239434],[12.624852965340308,46.13185643545889],[12.625499143019232,46.13186986759368],[12.625479781103023,46.13232014858409],[12.62483359816718,46.132306716239434]]]},"properties":{"ndvi_class":"dense","color":"#238b45","area_m2":2502}},{"type":"Feature","geometry":{"type":"Polygon","coordinates":[[[12.630649261129864,46.132427475948056],[12.63066858099022,46.131977193280726],[12.631314762802177,46.1319905925676],[12.631295448198864,46.13244087544429],[12.630649261129864,46.132427475948056]]]},"properties":{"ndvi_class":"moderate","color":"#74c476","area_m2":2502}},{"type":"Feature","geometry":{"type":"Polygon","coordinates":[[[12.638403536199165,46.1325880290107],[12.638422792974115,46.1321377438348],[12.639068980281092,46.1321510993236],[12.639049728763347,46.13260138470818],[12.638403536199165,46.1325880290107]]]},"properties":{"ndvi_class":"dense","color":"#238b45","area_m2":2502}},{"type":"Feature","geometry":{"type":"Polygon","coordinates":[[[12.646784886265506,46.13321165622326],[12.64617707079962,46.132297768806765],[12.648115650518532,46.1323376929262],[12.648096472603076,46.132787981226286],[12.646784886265506,46.13321165622326]]]},"properties":{"ndvi_class":"sparse","color":"#c7e9c0","area_m2":10006}},{"type":"Feature","geometry":{"type":"Polygon","coordinates":[[[12.650035072192535,46.13282787311923],[12.650054234335729,46.132377584195844],[12.65070042985161,46.13239087398575],[12.650681272965866,46.13284116311679],[12.650035072192535,46.13282787311923]]]},"properties":{"ndvi_class":"moderate","color":"#74c476","area_m2":2502}},{"type":"Feature","geometry":{"type":"Polygon","coordinates":[[[12.685576786955531,46.133553402471534],[12.685595659919223,46.13310310221181],[12.68624188026783,46.133116191241704],[12.68622301256232,46.13356649170595],[12.685576786955531,46.133553402471534]]]},"properties":{"ndvi_class":"sparse","color":"#c7e9c0","area_m2":2502}},{"type":"Feature","geometry":{"type":"Polygon","coordinates":[[[12.654539361356981,46.13337111678459],[12.65457761249475,46.13247053607486],[12.657181513862396,46.13207327988728],[12.65714330569704,46.13297386233793],[12.655204691108853,46.132934090897606],[12.655185570569525,46.13338438143884],[12.654539361356981,46.13337111678459]]]},"properties":{"ndvi_class":"dense","color":"#238b45","area_m2":17511}},{"type":"Feature","geometry":{"type":"Polygon","coordinates":[[[12.640342115262953,46.13262808515332],[12.640380596810585,46.131727513507926],[12.641026780231392,46.13174085783857],[12.640988309198129,46.13264142990097],[12.640342115262953,46.13262808515332]]]},"properties":{"ndvi_class":"sparse","color":"#c7e9c0","area_m2":5003}},{"type":"Feature","geometry":{"type":"Polygon","coordinates":[[[12.659747214778335,46.13257654779102],[12.659766297603198,46.13212625571706],[12.660412494671483,46.13213949054943],[12.660393417104144,46.13258978283017],[12.659747214778335,46.13257654779102]]]},"properties":{"ndvi_class":"sparse","color":"#c7e9c0","area_m2":2502}},{"type":"Feature","geometry":{"type":"Polygon","coordinates":[[[12.684303220566557,46.13307691320095],[12.684322103596124,46.132626613308815],[12.684968317790295,46.13263970943479],[12.684949440018757,46.133090009531564],[12.684303220566557,46.13307691320095]]]},"properties":{"ndvi_class":"sparse","color":"#c7e9c0","area_m2":2502}},{"type":"Feature","geometry":{"type":"Polygon","coordinates":[[[12.659689963572474,46.13392742376234],[12.659709047762984,46.13347713181365],[12.6590628353749,46.13346389271069],[12.659101012905646,46.13256330910176],[12.658454811486205,46.13255006676243],[12.658492997710507,46.131649483400295],[12.65978537997287,46.131675963601374],[12.66035526060422,46.13349036726641],[12.66100147389848,46.13350359906895],[12.660982400223778,46.13395389143119],[12.659689963572474,46.13392742376234]]]},"properties":{"ndvi_class":"bare","color":"#d9d9d9","area_m2":25016}},{"type":"Feature","geometry":{"type":"Polygon","coordinates":[[[12.668794088517243,46.13276150617748],[12.668832106500426,46.13186091620798],[12.66947830464159,46.1318740997331],[12.669440297173706,46.1327746901146],[12.668794088517243,46.13276150617748]]]},"properties":{"ndvi_class":"sparse","color":"#c7e9c0","area_m2":5003}},{"type":"Feature","geometry":{"type":"Polygon","coordinates":[[[12.659766297603198,46.13212625571706],[12.65978537997287,46.131675963601374],[12.660431571783757,46.131689198226944],[12.660412494671483,46.13213949054943],[12.659766297603198,46.13212625571706]]]},"properties":{"ndvi_class":"moderate","color":"#74c476","area_m2":2502}},{"type":"Feature","geometry":{"type":"Polygon","coordinates":[[[12.665582087514794,46.132245237806124],[12.665601122567397,46.13179494383137],[12.66624731845055,46.1318081456068],[12.666228288655466,46.13225843978784],[12.665582087514794,46.132245237806124]]]},"properties":{"ndvi_class":"moderate","color":"#74c476","area_m2":2502}},{"type":"Feature","geometry":{"type":"Polygon","coordinates":[[[12.651308322108948,46.133304738761126],[12.65070042985161,46.13239087398575],[12.65199282224785,46.132417442615534],[12.652011968161956,46.13196715302757],[12.654615861807704,46.131569955198],[12.654634985779909,46.13111966469692],[12.655927352084786,46.13114618828304],[12.655242930819242,46.1320335096898],[12.65395054439351,46.132006977974825],[12.65391228365323,46.132907558353516],[12.653266080606743,46.13289428660633],[12.653246944294455,46.13334457652562],[12.651308322108948,46.133304738761126]]]},"properties":{"ndvi_class":"dense","color":"#238b45","area_m2":40026}},{"type":"Feature","geometry":{"type":"Polygon","coordinates":[[[12.675864504415035,46.13380692305241],[12.675294108202387,46.13199258720476],[12.676605459169089,46.13156858008719],[12.67651072854454,46.13382006724776],[12.675864504415035,46.13380692305241]]]},"properties":{"ndvi_class":"moderate","color":"#74c476","area_m2":17511}},{"type":"Feature","geometry":{"type":"Polygon","coordinates":[[[12.64801377198994,46.14991221449256],[12.648032962036556,46.149461927573505],[12.645447388692295,46.149408671102655],[12.645466599329145,46.14895838497391],[12.64482021239538,46.148945061934064],[12.64485864281769,46.14804448996745],[12.645505019227858,46.148057812590956],[12.645543437293355,46.147157240040684],[12.646189803636613,46.14717055859603],[12.646209006720564,46.14672027205006],[12.644916285012965,46.14669363170378],[12.64495471085118,46.14579305931885],[12.643662012013364,46.145766405198444],[12.643681234766847,46.1453161193597],[12.644973923082736,46.14534277306365],[12.645031557027371,46.14399191404703],[12.644385228423396,46.14397858964545],[12.64440444408211,46.143528303431125],[12.645050767425614,46.143541627624515],[12.645127604435785,46.14174048151608],[12.643188698896077,46.141700500480724],[12.64246547679004,46.14348830894279],[12.64181915527258,46.14347497014397],[12.641838391514115,46.143024684721134],[12.641192075713759,46.143011342479454],[12.641269037130817,46.14121020120346],[12.640622742827194,46.141196856144596],[12.640641987293618,46.140746570929494],[12.639349410576747,46.14071987027584],[12.638741642016235,46.13980594516851],[12.64003419678109,46.13983265228952],[12.640014947973457,46.14028293737976],[12.641307515085428,46.14030963031438],[12.6413267533743,46.13985934480705],[12.641973032356226,46.139872685589516],[12.641953799326755,46.14032297130528],[12.643246369179476,46.14034964233427],[12.643265591690106,46.13989935620177],[12.643911872041809,46.13991268603156],[12.643988736462346,46.1381115402501],[12.643342477147154,46.13809821125339],[12.643361697365114,46.137647924911704],[12.642069190621681,46.13762125638299],[12.642049959886135,46.13807154230798],[12.641403701940554,46.138058202359296],[12.64146140854693,46.13670734508406],[12.640815166834043,46.13669400211018],[12.640834406710184,46.13624371647656],[12.64212688007592,46.13627039835695],[12.642146108976574,46.13582011226458],[12.641499877323612,46.13580677335802],[12.641519111023726,46.13535648743221],[12.640226659604345,46.13532979908501],[12.640245903361663,46.13487951353436],[12.642184565401827,46.134919539954296],[12.642165337418538,46.13536982613036],[12.643457791577779,46.13539649257571],[12.64347700904498,46.134946205983],[12.645415677931785,46.134986177648976],[12.645434879166716,46.13453589038989],[12.644788661006304,46.134522570359636],[12.644846277736159,46.13317170895576],[12.645492480123426,46.13318502836166],[12.645511679526345,46.132734740935256],[12.646157877112026,46.13274805648304],[12.646119488363285,46.13364863171012],[12.646765696919823,46.133661944023885],[12.64672731685521,46.13456251949969],[12.64801975636643,46.13458913400849],[12.64803893611184,46.13413884587567],[12.648685151292755,46.13415214744684],[12.648723498895624,46.13325157064008],[12.64807729423015,46.13323826948455],[12.648096472603076,46.132787981226286],[12.648742672011016,46.13280128217398],[12.648781016869783,46.131900705116344],[12.64684245155621,46.13186079257044],[12.646861639071043,46.131410504602556],[12.648800188613183,46.13145041652482],[12.648819359899283,46.13100012789149],[12.649465538733544,46.1310134243581],[12.64944637270449,46.13146371319918],[12.65073874225225,46.131490295598276],[12.65070042985161,46.13239087398575],[12.650054234335729,46.132377584195844],[12.65066211562315,46.133291452206024],[12.650015909592248,46.13327816200081],[12.649977583020341,46.13417873963858],[12.648665976805253,46.134602435787514],[12.6486084505983,46.13595330055868],[12.647962214385002,46.13593999815613],[12.64794303280942,46.1363902861217],[12.648589274281123,46.13640358873211],[12.648550920274403,46.137304164953534],[12.649843425618238,46.13733076005392],[12.649900924390813,46.13597989441246],[12.650547161969781,46.13599318586367],[12.650566322054587,46.13554289702522],[12.651858788060634,46.13556946856108],[12.651839638492516,46.13601975781471],[12.652485877436034,46.13603303831453],[12.65252416559887,46.13513245935048],[12.653170394480359,46.135145735784924],[12.653208670300424,46.13424515623884],[12.653854889120206,46.13425842860815],[12.65387402108758,46.13380813856505],[12.654520235103757,46.13382140707678],[12.654462853606562,46.135172277702694],[12.655109083851025,46.13518554318601],[12.655717078970147,46.136099386056316],[12.653778356686747,46.13605958836272],[12.653759222437325,46.136509878196904],[12.652466732669591,46.136483327733856],[12.652447587446447,46.1369336171114],[12.651155088979957,46.136907051631134],[12.651135932782633,46.13735734055182],[12.65048967897293,46.13734405212819],[12.650432191862148,46.1386949180165],[12.64978592273061,46.13868162531916],[12.649766754186878,46.13913191365731],[12.648455027251485,46.13955560477543],[12.648416666839587,46.14045618041152],[12.649062956098083,46.14046948124171],[12.649043780465453,46.14091976920486],[12.648397485947283,46.14090646816683],[12.6483399405248,46.14225733118193],[12.650278872784737,46.142297225212765],[12.650259705842569,46.14274751342418],[12.650906022766588,46.142760804339616],[12.650886860627494,46.14321109271691],[12.650240538443134,46.1431978015938],[12.650810207499442,46.145012245808104],[12.64951752150074,46.14498565824882],[12.649498346553825,46.14543594600168],[12.650791043074443,46.1454625339764],[12.651399072318172,46.146376399112725],[12.652691792613963,46.14640296600766],[12.652672642601363,46.14685325467332],[12.652026276964632,46.146839972844205],[12.651968808400566,46.148190837967825],[12.653261571698666,46.148217399219206],[12.652576885684805,46.14910469737471],[12.651930493739284,46.14909141450791],[12.651949651298457,46.14864112625876],[12.650637711213337,46.14906483781794],[12.650029666865958,46.14815096870063],[12.649383287264932,46.14813767164089],[12.649421642191298,46.14723709659505],[12.648128905402244,46.14721049235102],[12.64807134075627,46.14856135360996],[12.649364109115426,46.14858795910109],[12.6493257514437,46.14948853389608],[12.64997214683059,46.14950183157914],[12.64995297257055,46.14995211912169],[12.64801377198994,46.14991221449256]],[[12.647520922355627,46.14629661078537],[12.648813637188006,46.146323221501525],[12.648851998976525,46.14542264653685],[12.647559305188572,46.14539603665227],[12.647597686190128,46.144495462351905],[12.646951350501396,46.144482152348125],[12.646893762529603,46.145833013112025],[12.647540114001032,46.145846323739725],[12.647520922355627,46.14629661078537]],[[12.64698974019284,46.1435815782964],[12.647636065360402,46.14359488788427],[12.647655254258842,46.14314460058772],[12.647008934351678,46.14313129120783],[12.64698974019284,46.1435815782964]],[[12.646381813861518,46.142667691254196],[12.647028128052611,46.14268100407742],[12.64704732129565,46.1422307169052],[12.646401012364693,46.14221740429],[12.646381813861518,46.142667691254196]],[[12.64191533189132,46.14122354261127],[12.642561627108583,46.141236880368034],[12.642580855796055,46.14078659452757],[12.641934565838458,46.1407732569792],[12.64191533189132,46.14122354261127]],[[12.645812312430817,46.14085322750419],[12.64710489827756,46.14087985513761],[12.646496998010788,46.13996596884161],[12.645850715834467,46.13995265361547],[12.645812312430817,46.14085322750419]],[[12.646592972208495,46.137714532347665],[12.647885485337149,46.13774114976757],[12.647923850776259,46.13684057404547],[12.64727760450152,46.13682726757668],[12.647354350922086,46.13502611646235],[12.646061901806107,46.134999494237064],[12.646592972208495,46.137714532347665]],[[12.645454079943624,46.13408560308897],[12.646100293302116,46.13409891926093],[12.646119488363285,46.13364863171012],[12.645473280262523,46.133635315746226],[12.645454079943624,46.13408560308897]]]},"properties":{"ndvi_class":"dense","color":"#238b45","area_m2":903086}},{"type":"Feature","geometry":{"type":"Polygon","coordinates":[[[12.667463631730085,46.13363571633101],[12.667501672558586,46.13273512735268],[12.666228288655466,46.13225843978784],[12.666912538869303,46.1313710493032],[12.667558730398612,46.13138424357236],[12.66752069229228,46.13228483280095],[12.668166894788172,46.13229802383233],[12.668147880312164,46.132748318590174],[12.668794088517243,46.13276150617748],[12.668756068720258,46.133662095980156],[12.667463631730085,46.13363571633101]]]},"properties":{"ndvi_class":"sparse","color":"#c7e9c0","area_m2":22515}},{"type":"Feature","geometry":{"type":"Polygon","coordinates":[[[12.668147880312164,46.132748318590174],[12.668166894788172,46.13229802383233],[12.66752069229228,46.13228483280095],[12.667558730398612,46.13138424357236],[12.669497307695575,46.13142380447981],[12.66947830464159,46.1318740997331],[12.668832106500426,46.13186091620798],[12.668794088517243,46.13276150617748],[12.668147880312164,46.132748318590174]]]},"properties":{"ndvi_class":"bare","color":"#d9d9d9","area_m2":15010}},{"type":"Feature","geometry":{"type":"Polygon","coordinates":[[[12.639068980281092,46.1321510993236],[12.63908823133963,46.131700813897154],[12.637795867697056,46.13167409968707],[12.637188218842505,46.13076016738121],[12.639753659188996,46.13126387985055],[12.639715168045177,46.132164451162524],[12.639068980281092,46.1321510993236]]]},"properties":{"ndvi_class":"dense","color":"#238b45","area_m2":15010}},{"type":"Feature","geometry":{"type":"Polygon","coordinates":[[[12.645569274987343,46.13138387840511],[12.645588472558467,46.13093359081142],[12.646234649115483,46.13094690552701],[12.646215456801336,46.13139719332875],[12.645569274987343,46.13138387840511]]]},"properties":{"ndvi_class":"sparse","color":"#c7e9c0","area_m2":2502}},{"type":"Feature","geometry":{"type":"Polygon","coordinates":[[[12.658492997710507,46.131649483400295],[12.658512090139512,46.13119919165659],[12.659158275786835,46.131212433375225],[12.659139188615077,46.131662725325825],[12.658492997710507,46.131649483400295]]]},"properties":{"ndvi_class":"sparse","color":"#c7e9c0","area_m2":2502}},{"type":"Feature","geometry":{"type":"Polygon","coordinates":[[[12.66624731845055,46.1318081456068],[12.666266347791705,46.131357851384024],[12.666912538869303,46.1313710493032],[12.666893514785553,46.13182134373219],[12.66624731845055,46.1318081456068]]]},"properties":{"ndvi_class":"moderate","color":"#74c476","area_m2":2502}},{"type":"Feature","geometry":{"type":"Polygon","coordinates":[[[12.65590823862693,46.131596479198556],[12.655946465086732,46.13069589732574],[12.656592643662911,46.13070915343684],[12.656554427717369,46.13160973572392],[12.65590823862693,46.131596479198556]]]},"properties":{"ndvi_class":"sparse","color":"#c7e9c0","area_m2":5003}},{"type":"Feature","geometry":{"type":"Polygon","coordinates":[[[12.63524970972285,46.13072005899648],[12.635268990943874,46.1302697746973],[12.63591515493614,46.130283147599606],[12.635895878971752,46.13073343210773],[12.63524970972285,46.13072005899648]]]},"properties":{"ndvi_class":"dense","color":"#238b45","area_m2":2502}},{"type":"Feature","geometry":{"type":"Polygon","coordinates":[[[12.64235759661323,46.13086696248687],[12.642376820010504,46.130416675892384],[12.643022989030372,46.13043000864848],[12.643003770889885,46.1308802954513],[12.64235759661323,46.13086696248687]]]},"properties":{"ndvi_class":"moderate","color":"#74c476","area_m2":2502}},{"type":"Feature","geometry":{"type":"Polygon","coordinates":[[[12.650757897767171,46.13104000634185],[12.650777052825179,46.13058971704361],[12.651423227767335,46.13060300235316],[12.651404077966287,46.131053291858976],[12.650757897767171,46.13104000634185]]]},"properties":{"ndvi_class":"sparse","color":"#c7e9c0","area_m2":2502}},{"type":"Feature","geometry":{"type":"Polygon","coordinates":[[[12.657219720204987,46.13117269726961],[12.657238822692781,46.13072240589812],[12.657885002176222,46.13073565470955],[12.65786590494552,46.131185946288056],[12.657219720204987,46.13117269726961]]]},"properties":{"ndvi_class":"dense","color":"#238b45","area_m2":2502}},{"type":"Feature","geometry":{"type":"Polygon","coordinates":[[[12.666912538869303,46.1313710493032],[12.666931562499265,46.13092075483249],[12.667577748771281,46.1309339488955],[12.667558730398612,46.13138424357236],[12.666912538869303,46.1313710493032]]]},"properties":{"ndvi_class":"moderate","color":"#74c476","area_m2":2502}},{"type":"Feature","geometry":{"type":"Polygon","coordinates":[[[12.68622301256232,46.13356649170595],[12.68624188026783,46.133116191241704],[12.683675889850331,46.132613513532554],[12.684397631210183,46.13082541332406],[12.685043824373482,46.130838508631534],[12.685024948403102,46.13128880889477],[12.686963546354368,46.13132807353029],[12.686944685706763,46.131778374365446],[12.687590891177402,46.13179145548139],[12.687534322308966,46.133142358350376],[12.68622301256232,46.13356649170595]]]},"properties":{"ndvi_class":"bare","color":"#d9d9d9","area_m2":55036}},{"type":"Feature","geometry":{"type":"Polygon","coordinates":[[[12.667558730398612,46.13138424357236],[12.668242948156706,46.130496844383906],[12.668889130074549,46.130510030940954],[12.66887012266991,46.130960326071666],[12.670162498373845,46.13098668864799],[12.670143501030491,46.13143698414893],[12.667558730398612,46.13138424357236]]]},"properties":{"ndvi_class":"sparse","color":"#c7e9c0","area_m2":12508}},{"type":"Feature","geometry":{"type":"Polygon","coordinates":[[[12.683713665073833,46.131712914032796],[12.683751438495205,46.130812314366516],[12.684397631210183,46.13082541332406],[12.68435986830397,46.13172601339969],[12.683713665073833,46.131712914032796]]]},"properties":{"ndvi_class":"sparse","color":"#c7e9c0","area_m2":5003}},{"type":"Feature","geometry":{"type":"Polygon","coordinates":[[[12.62926022957949,46.13465207661963],[12.62929889447838,46.13375151249993],[12.62865269301422,46.13373810142554],[12.628710702675814,46.13238725556027],[12.627437678813845,46.13191014209957],[12.627457024497753,46.13145986043796],[12.628103198757975,46.13147327776409],[12.628141878228142,46.130572713895866],[12.629434207099369,46.1305995367608],[12.629414878108179,46.13104981913497],[12.630061048488898,46.131063225302505],[12.630099695497082,46.1301626600933],[12.629453535629517,46.13014925434471],[12.629472863698636,46.129698971886725],[12.632057484895544,46.129752572146224],[12.631999562383513,46.13110342190697],[12.630707219328444,46.131076627820335],[12.630687900389741,46.131526910571466],[12.630041724293418,46.13151350784421],[12.630003074519607,46.13241407280197],[12.630649261129864,46.132427475948056],[12.62996442290191,46.13331463759209],[12.63125681761006,46.133341441071984],[12.631237501624542,46.13379172382299],[12.629945096401569,46.13376491992431],[12.629906442017836,46.13466548446298],[12.62926022957949,46.13465207661963]]]},"properties":{"ndvi_class":"moderate","color":"#74c476","area_m2":85055}},{"type":"Feature","geometry":{"type":"Polygon","coordinates":[[[12.65334262129135,46.13109312651132],[12.652734717846146,46.130179272060325],[12.654027060398391,46.13020581671612],[12.653988803308527,46.13110639742905],[12.65334262129135,46.13109312651132]]]},"properties":{"ndvi_class":"sparse","color":"#c7e9c0","area_m2":7505}},{"type":"Feature","geometry":{"type":"Polygon","coordinates":[[[12.66887012266991,46.130960326071666],[12.668889130074549,46.130510030940954],[12.670181495264048,46.13053639310537],[12.670162498373845,46.13098668864799],[12.66887012266991,46.130960326071666]]]},"properties":{"ndvi_class":"moderate","color":"#74c476","area_m2":5003}},{"type":"Feature","geometry":{"type":"Polygon","coordinates":[[[12.641026780231392,46.13174085783857],[12.641065249429385,46.13084028560879],[12.640419076522441,46.130826941695155],[12.640476792648395,46.12947608366207],[12.643707582899106,46.129542763607255],[12.64368837093196,46.129993050702],[12.643042206712458,46.12997972180385],[12.643022989030372,46.13043000864848],[12.643669158506547,46.130443337754905],[12.643611518480602,46.13179419866259],[12.641026780231392,46.13174085783857]],[[12.64235759661323,46.13086696248687],[12.643003770889885,46.1308802954513],[12.643022989030372,46.13043000864848],[12.642376820010504,46.130416675892384],[12.64235759661323,46.13086696248687]]]},"properties":{"ndvi_class":"dense","color":"#238b45","area_m2":52534}},{"type":"Feature","geometry":{"type":"Polygon","coordinates":[[[12.636561319386082,46.13029651685229],[12.636599859422608,46.12939594729263],[12.637246013817151,46.12940931247803],[12.637226749285121,46.12985959748762],[12.638519069959155,46.12988631732734],[12.63849981548073,46.13033660271255],[12.636561319386082,46.13029651685229]]]},"properties":{"ndvi_class":"sparse","color":"#c7e9c0","area_m2":10006}},{"type":"Feature","geometry":{"type":"Polygon","coordinates":[[[12.686850375719862,46.13402987791702],[12.686888101064453,46.133129276621226],[12.687534322308966,46.133142358350376],[12.687590891177402,46.13179145548139],[12.686944685706763,46.131778374365446],[12.686963546354368,46.13132807353029],[12.685024948403102,46.13128880889477],[12.685043824373482,46.130838508631534],[12.687628601507429,46.13089085336069],[12.687647455997801,46.13044055223792],[12.68829364614338,46.130453629090674],[12.688161692070363,46.133605737506606],[12.686850375719862,46.13402987791702]]]},"properties":{"ndvi_class":"sparse","color":"#c7e9c0","area_m2":35023}},{"type":"Feature","geometry":{"type":"Polygon","coordinates":[[[12.625595945673034,46.12961846201271],[12.625615304818442,46.129168180770705],[12.626261451418111,46.12918160799694],[12.626242097528886,46.12963188944872],[12.625595945673034,46.12961846201271]]]},"properties":{"ndvi_class":"dense","color":"#238b45","area_m2":2502}},{"type":"Feature","geometry":{"type":"Polygon","coordinates":[[[12.648211533234251,46.130086250798605],[12.648230708405178,46.12963596224764],[12.64952303407777,46.129662557584],[12.649503869420169,46.13011284655051],[12.648211533234251,46.130086250798605]]]},"properties":{"ndvi_class":"moderate","color":"#74c476","area_m2":5003}},{"type":"Feature","geometry":{"type":"Polygon","coordinates":[[[12.654027060398391,46.13020581671612],[12.654046188258922,46.129755526297],[12.654692354959595,46.129768792942976],[12.654673232355842,46.13021908356941],[12.654027060398391,46.13020581671612]]]},"properties":{"ndvi_class":"dense","color":"#238b45","area_m2":2502}},{"type":"Feature","geometry":{"type":"Polygon","coordinates":[[[12.677765303772864,46.13474694008108],[12.677784241188883,46.134296642405026],[12.67843047192602,46.13430977585442],[12.678449403632026,46.13385947793151],[12.67780317815316,46.13384634468732],[12.67787892149315,46.132045153399886],[12.677232717495734,46.132032017326345],[12.677156953123957,46.133833207792726],[12.67651072854454,46.13382006724776],[12.676605459169089,46.13156858008719],[12.675959261328872,46.13155543691869],[12.675940310850228,46.13200573422876],[12.675294108202387,46.13199258720476],[12.675256195373374,46.13289318128906],[12.674609982660105,46.132880030203935],[12.674553094250813,46.134230920401365],[12.673260638626802,46.134204606046914],[12.673298585717836,46.13330401344596],[12.673944802788395,46.133317172037174],[12.674020670508536,46.13151598551268],[12.674666866998471,46.13152913963143],[12.67470478762927,46.13062854570806],[12.675350974054636,46.13064169576579],[12.675388882362116,46.12974110126478],[12.678619768665644,46.129806794750756],[12.678600841023565,46.13025709304856],[12.679893209206108,46.13028334530396],[12.679836455115355,46.13163424117809],[12.680482655652774,46.13164736244591],[12.680520481649538,46.1307467648281],[12.681166672121027,46.13075988203586],[12.681185579185378,46.130309582959526],[12.681831764848477,46.13032269631235],[12.681793960783567,46.13122329483316],[12.681147764605669,46.131210181070536],[12.681109948221875,46.132110779014994],[12.68046374197766,46.13209766119234],[12.680406998245234,46.13344855718179],[12.679760776676316,46.13343543509385],[12.679722934748828,46.13433603180184],[12.679076703112711,46.13432290565337],[12.679057776213503,46.13477320373979],[12.677765303772864,46.13474694008108]]]},"properties":{"ndvi_class":"sparse","color":"#c7e9c0","area_m2":185120}},{"type":"Feature","geometry":{"type":"Polygon","coordinates":[[[12.639165230981982,46.12989967177281],[12.63920372804827,46.12899910045948],[12.640496030439277,46.129025797567344],[12.640476792648395,46.12947608366207],[12.639165230981982,46.12989967177281]]]},"properties":{"ndvi_class":"sparse","color":"#c7e9c0","area_m2":7505}},{"type":"Feature","geometry":{"type":"Polygon","coordinates":[[[12.659842624350887,46.13032508700379],[12.660526950519634,46.12943773598829],[12.66117311649831,46.12945096593026],[12.661134976882703,46.1303515513644],[12.659842624350887,46.13032508700379]]]},"properties":{"ndvi_class":"moderate","color":"#74c476","area_m2":7505}},{"type":"Feature","geometry":{"type":"Polygon","coordinates":[[[12.636599859422608,46.12939594729263],[12.636619128751427,46.12894566244999],[12.63726527788968,46.12895902742657],[12.637246013817151,46.12940931247803],[12.636599859422608,46.12939594729263]]]},"properties":{"ndvi_class":"moderate","color":"#74c476","area_m2":2502}},{"type":"Feature","geometry":{"type":"Polygon","coordinates":[[[12.637246013817151,46.12940931247803],[12.63726527788968,46.12895902742657],[12.637911427485323,46.12897238875368],[12.637892168669095,46.12942267401391],[12.637246013817151,46.12940931247803]]]},"properties":{"ndvi_class":"sparse","color":"#c7e9c0","area_m2":2502}},{"type":"Feature","geometry":{"type":"Polygon","coordinates":[[[12.650815361570505,46.12968913832176],[12.650834515257849,46.12923884889815],[12.651480674429873,46.12925213358497],[12.651461525999112,46.129702423216166],[12.650815361570505,46.12968913832176]]]},"properties":{"ndvi_class":"bare","color":"#d9d9d9","area_m2":2502}},{"type":"Feature","geometry":{"type":"Polygon","coordinates":[[[12.635288271704994,46.129819490356255],[12.634680684082237,46.12890554562356],[12.63599225419604,46.128482009148335],[12.636599859422608,46.12939594729263],[12.635288271704994,46.129819490356255]]]},"properties":{"ndvi_class":"dense","color":"#238b45","area_m2":12508}},{"type":"Feature","geometry":{"type":"Polygon","coordinates":[[[12.68829364614338,46.130453629090674],[12.688331343260346,46.12955302631167],[12.688977523338895,46.12956609910582],[12.688939836736523,46.13046670229337],[12.68829364614338,46.130453629090674]]]},"properties":{"ndvi_class":"sparse","color":"#c7e9c0","area_m2":5003}},{"type":"Feature","geometry":{"type":"Polygon","coordinates":[[[12.624988522618116,46.12870446882103],[12.625007886095954,46.12825418770502],[12.625654021724015,46.12826761816096],[12.625634663502098,46.12871789948679],[12.624988522618116,46.12870446882103]]]},"properties":{"ndvi_class":"dense","color":"#238b45","area_m2":2502}},{"type":"Feature","geometry":{"type":"Polygon","coordinates":[[[12.630157662552612,46.12881181196524],[12.630176983982711,46.12836152917206],[12.630823123284209,46.128374930433516],[12.630803807110139,46.128825213436066],[12.630157662552612,46.12881181196524]]]},"properties":{"ndvi_class":"moderate","color":"#74c476","area_m2":2502}},{"type":"Feature","geometry":{"type":"Polygon","coordinates":[[[12.635972980070685,46.128932293823965],[12.63599225419604,46.128482009148335],[12.636638397620631,46.128495377565486],[12.636619128751427,46.12894566244999],[12.635972980070685,46.128932293823965]]]},"properties":{"ndvi_class":"moderate","color":"#74c476","area_m2":2502}},{"type":"Feature","geometry":{"type":"Polygon","coordinates":[[[12.636619128751427,46.12894566244999],[12.636638397620631,46.128495377565486],[12.637284541502725,46.12850874233323],[12.63726527788968,46.12895902742657],[12.636619128751427,46.12894566244999]]]},"properties":{"ndvi_class":"sparse","color":"#c7e9c0","area_m2":2502}},{"type":"Feature","geometry":{"type":"Polygon","coordinates":[[[12.640496030439277,46.129025797567344],[12.640515267771297,46.12857551143076],[12.642453709014461,46.12861552909604],[12.642434487451213,46.1290658158579],[12.640496030439277,46.129025797567344]]]},"properties":{"ndvi_class":"sparse","color":"#c7e9c0","area_m2":7505}},{"type":"Feature","geometry":{"type":"Polygon","coordinates":[[[12.673298585717836,46.13330401344596],[12.673374474468947,46.131502827743866],[12.672728278879822,46.131489666324974],[12.67280418141928,46.12968848077854],[12.672158007309609,46.12967531653239],[12.672176987069824,46.12922502024726],[12.674761665183565,46.12927765451044],[12.674742706451035,46.12972795161799],[12.675388882362116,46.12974110126478],[12.675350974054636,46.13064169576579],[12.67470478762927,46.13062854570806],[12.674666866998471,46.13152913963143],[12.674020670508536,46.13151598551268],[12.673944802788395,46.133317172037174],[12.673298585717836,46.13330401344596]]]},"properties":{"ndvi_class":"moderate","color":"#74c476","area_m2":55036}},{"type":"Feature","geometry":{"type":"Polygon","coordinates":[[[12.637226749285121,46.12985959748762],[12.637246013817151,46.12940931247803],[12.637892168669095,46.12942267401391],[12.637911427485323,46.12897238875368],[12.63726527788968,46.12895902742657],[12.637303804656293,46.128058457198044],[12.638596083280353,46.12808517536786],[12.639165230981982,46.12989967177281],[12.637226749285121,46.12985959748762]]]},"properties":{"ndvi_class":"bare","color":"#d9d9d9","area_m2":22515}},{"type":"Feature","geometry":{"type":"Polygon","coordinates":[[[12.638557577538226,46.12898574643132],[12.638596083280353,46.12808517536786],[12.639242223278112,46.12809852897873],[12.63920372804827,46.12899910045948],[12.638557577538226,46.12898574643132]]]},"properties":{"ndvi_class":"sparse","color":"#c7e9c0","area_m2":5003}},{"type":"Feature","geometry":{"type":"Polygon","coordinates":[[[12.643726794408005,46.12909247647068],[12.644411359701277,46.12820522648775],[12.645703648369471,46.1282318643709],[12.645665258263948,46.129132440018374],[12.643726794408005,46.12909247647068]]]},"properties":{"ndvi_class":"sparse","color":"#c7e9c0","area_m2":12508}},{"type":"Feature","geometry":{"type":"Polygon","coordinates":[[[12.646234649115483,46.13094690552701],[12.645626866326985,46.13003301549855],[12.646273032370418,46.13004632979807],[12.646292223311235,46.12959604187086],[12.647584546251746,46.12962265910501],[12.647661263387171,46.127821505314486],[12.64830740451528,46.12783480762571],[12.648288231173769,46.128285096343916],[12.649580525307881,46.12831169043366],[12.6501883565406,46.12922556056172],[12.650834515257849,46.12923884889815],[12.650815361570505,46.12968913832176],[12.651461525999112,46.129702423216166],[12.651442377111604,46.13015271280556],[12.648838530728092,46.13054983921635],[12.648819359899283,46.13100012789149],[12.648173181520221,46.130986827775075],[12.648211533234251,46.130086250798605],[12.646919198869524,46.13005964044793],[12.647527003596483,46.13097352400885],[12.646234649115483,46.13094690552701]],[[12.648211533234251,46.130086250798605],[12.649503869420169,46.13011284655051],[12.64952303407777,46.129662557584],[12.648230708405178,46.12963596224764],[12.648211533234251,46.130086250798605]]]},"properties":{"ndvi_class":"sparse","color":"#c7e9c0","area_m2":67544}},{"type":"Feature","geometry":{"type":"Polygon","coordinates":[[[12.623030723017434,46.129114435371896],[12.623050102725188,46.12866415492771],[12.622403963680966,46.12865070966465],[12.622462115798074,46.12729986871066],[12.623108239075075,46.12731331334352],[12.623069481970703,46.12821387444159],[12.623715616219174,46.128227315845336],[12.623676867777787,46.12912787719567],[12.623030723017434,46.129114435371896]]]},"properties":{"ndvi_class":"sparse","color":"#c7e9c0","area_m2":12508}},{"type":"Feature","geometry":{"type":"Polygon","coordinates":[[[12.63599225419604,46.128482009148335],[12.636030801067598,46.12758143967144],[12.636676933980263,46.127594807670846],[12.636638397620631,46.128495377565486],[12.63599225419604,46.128482009148335]]]},"properties":{"ndvi_class":"dense","color":"#238b45","area_m2":5003}},{"type":"Feature","geometry":{"type":"Polygon","coordinates":[[[12.636638397620631,46.128495377565486],[12.636676933980263,46.127594807670846],[12.637323067350401,46.12760817202098],[12.637284541502725,46.12850874233323],[12.636638397620631,46.128495377565486]]]},"properties":{"ndvi_class":"moderate","color":"#74c476","area_m2":5003}},{"type":"Feature","geometry":{"type":"Polygon","coordinates":[[[12.688977523338895,46.12956609910582],[12.689015208143406,46.12866549575189],[12.689661378155249,46.12867856448769],[12.689623703864855,46.12957916825004],[12.688977523338895,46.12956609910582]]]},"properties":{"ndvi_class":"sparse","color":"#c7e9c0","area_m2":5003}},{"type":"Feature","geometry":{"type":"Polygon","coordinates":[[[12.637303804656293,46.128058457198044],[12.637323067350401,46.12760817202098],[12.638615335462593,46.127634889773326],[12.638596083280353,46.12808517536786],[12.637303804656293,46.128058457198044]]]},"properties":{"ndvi_class":"sparse","color":"#c7e9c0","area_m2":5003}},{"type":"Feature","geometry":{"type":"Polygon","coordinates":[[[12.638596083280353,46.12808517536786],[12.638615335462593,46.127634889773326],[12.639261470204401,46.12764824317555],[12.639242223278112,46.12809852897873],[12.638596083280353,46.12808517536786]]]},"properties":{"ndvi_class":"moderate","color":"#74c476","area_m2":2502}},{"type":"Feature","geometry":{"type":"Polygon","coordinates":[[[12.657334328297281,46.12847094841423],[12.657353428051382,46.128020656792145],[12.657999575994877,46.12803390436157],[12.657980481497123,46.12848419619064],[12.657334328297281,46.12847094841423]]]},"properties":{"ndvi_class":"moderate","color":"#74c476","area_m2":2502}},{"type":"Feature","geometry":{"type":"Polygon","coordinates":[[[12.667577748771281,46.1309339488955],[12.667615784155688,46.13003335941665],[12.668261960365033,46.130046549417514],[12.668280972119863,46.129596254409435],[12.666342460617354,46.129556674075786],[12.666361487689091,46.12910637964442],[12.664422996022905,46.129066767081845],[12.664442038410685,46.128616473227716],[12.662503566583572,46.1285768284374],[12.662522624286543,46.12812653516098],[12.665753386643537,46.12819259053124],[12.665734355222959,46.128642884839785],[12.669611316500962,46.12872203208433],[12.668889130074549,46.130510030940954],[12.667577748771281,46.1309339488955]]]},"properties":{"ndvi_class":"moderate","color":"#74c476","area_m2":55036}},{"type":"Feature","geometry":{"type":"Polygon","coordinates":[[[12.621815992981283,46.127286420428646],[12.621835381351131,46.12683614023688],[12.622481498912446,46.12684958830877],[12.622462115798074,46.12729986871066],[12.621815992981283,46.127286420428646]]]},"properties":{"ndvi_class":"sparse","color":"#c7e9c0","area_m2":2502}},{"type":"Feature","geometry":{"type":"Polygon","coordinates":[[[12.661230322510313,46.12810008746595],[12.661249390271328,46.12764979456104],[12.661895535676836,46.12766302002667],[12.661876473172121,46.128113313138236],[12.661230322510313,46.12810008746595]]]},"properties":{"ndvi_class":"moderate","color":"#74c476","area_m2":2502}},{"type":"Feature","geometry":{"type":"Polygon","coordinates":[[[12.689661378155249,46.12867856448769],[12.689680214626467,46.12822826254413],[12.690326379828686,46.12824132742596],[12.690307548614353,46.12869162957367],[12.689661378155249,46.12867856448769]]]},"properties":{"ndvi_class":"sparse","color":"#c7e9c0","area_m2":2502}},{"type":"Feature","geometry":{"type":"Polygon","coordinates":[[[12.642453709014461,46.12861552909604],[12.642492150765547,46.12771495544683],[12.643138288247327,46.12772828695306],[12.643157503179285,46.127277999857405],[12.64509590259368,46.127317971855426],[12.645115101299893,46.12686768409337],[12.646407359343872,46.12689431342942],[12.646368982497144,46.127794889743825],[12.645076703429533,46.127768259575646],[12.645057503807442,46.128218547254036],[12.643119072857049,46.12817857400691],[12.643099857008437,46.12862886101889],[12.642453709014461,46.12861552909604]]]},"properties":{"ndvi_class":"dense","color":"#238b45","area_m2":30019}},{"type":"Feature","geometry":{"type":"Polygon","coordinates":[[[12.67025747829366,46.12873521051791],[12.67029546708993,46.12783461897398],[12.671606754207824,46.12741066782261],[12.671587771002013,46.127860964068745],[12.672233923634218,46.12787413114175],[12.672195966377323,46.12877472392046],[12.67025747829366,46.12873521051791]]]},"properties":{"ndvi_class":"moderate","color":"#74c476","area_m2":17511}},{"type":"Feature","geometry":{"type":"Polygon","coordinates":[[[12.636676933980263,46.127594807670846],[12.636715468501608,46.12669423760875],[12.637361591360294,46.12670760154125],[12.637323067350401,46.12760817202098],[12.636676933980263,46.127594807670846]]]},"properties":{"ndvi_class":"dense","color":"#238b45","area_m2":5003}},{"type":"Feature","geometry":{"type":"Polygon","coordinates":[[[12.639242223278112,46.12809852897873],[12.639261470204401,46.12764824317555],[12.638615335462593,46.127634889773326],[12.638653838449502,46.12673431845871],[12.641238338111775,46.12678770850326],[12.641199877171163,46.1276882814863],[12.64055374105881,46.12767493903204],[12.640534504644469,46.12812522525233],[12.639242223278112,46.12809852897873]]]},"properties":{"ndvi_class":"dense","color":"#238b45","area_m2":25016}},{"type":"Feature","geometry":{"type":"Polygon","coordinates":[[[12.644449768999541,46.1273046515054],[12.644468972961581,46.126854363951466],[12.645115101299893,46.12686768409337],[12.64509590259368,46.127317971855426],[12.644449768999541,46.1273046515054]]]},"properties":{"ndvi_class":"moderate","color":"#74c476","area_m2":2502}},{"type":"Feature","geometry":{"type":"Polygon","coordinates":[[[12.63920372804827,46.12899910045948],[12.639242223278112,46.12809852897873],[12.640534504644469,46.12812522525233],[12.64055374105881,46.12767493903204],[12.641199877171163,46.1276882814863],[12.641238338111775,46.12678770850326],[12.642549809953866,46.12636409465919],[12.642511370953413,46.127264668559455],[12.643157503179285,46.127277999857405],[12.643138288247327,46.12772828695306],[12.642492150765547,46.12771495544683],[12.642453709014461,46.12861552909604],[12.640515267771297,46.12857551143076],[12.640496030439277,46.129025797567344],[12.63920372804827,46.12899910045948]]]},"properties":{"ndvi_class":"moderate","color":"#74c476","area_m2":40026}},{"type":"Feature","geometry":{"type":"Polygon","coordinates":[[[12.651461525999112,46.129702423216166],[12.651480674429873,46.12925213358497],[12.650834515257849,46.12923884889815],[12.650853668488336,46.128788559432714],[12.651499822403897,46.12880184391197],[12.651518969921202,46.128351554197195],[12.650872821261974,46.12833826992551],[12.650930276841946,46.12698740115307],[12.652241683513175,46.12656367471233],[12.652222543078471,46.12701396480178],[12.653514811132823,46.12704051385315],[12.653495680753567,46.12749080431563],[12.654141820718129,46.12750407357462],[12.654084442611255,46.12885494533338],[12.655376755440255,46.128881474146624],[12.655357639005274,46.12933176506384],[12.652772994137742,46.12927869200977],[12.652792131598806,46.128828401921815],[12.652145976774097,46.12881512474167],[12.652107690882385,46.129715704460885],[12.651461525999112,46.129702423216166]]]},"properties":{"ndvi_class":"sparse","color":"#c7e9c0","area_m2":65042}},{"type":"Feature","geometry":{"type":"Polygon","coordinates":[[[12.642511370953413,46.127264668559455],[12.642549809953866,46.12636409465919],[12.643195931668291,46.126377425540554],[12.643157503179285,46.127277999857405],[12.642511370953413,46.127264668559455]]]},"properties":{"ndvi_class":"dense","color":"#238b45","area_m2":5003}},{"type":"Feature","geometry":{"type":"Polygon","coordinates":[[[12.643157503179285,46.127277999857405],[12.643195931668291,46.126377425540554],[12.643842053838904,46.12639075277273],[12.643803635861369,46.12729132750605],[12.643157503179285,46.127277999857405]]]},"properties":{"ndvi_class":"moderate","color":"#74c476","area_m2":5003}},{"type":"Feature","geometry":{"type":"Polygon","coordinates":[[[12.635423224156696,46.12666749879624],[12.63544250123908,46.12621721412014],[12.636088617927241,46.12623058514206],[12.636069346100367,46.12668087002707],[12.635423224156696,46.12666749879624]]]},"properties":{"ndvi_class":"sparse","color":"#c7e9c0","area_m2":2502}},{"type":"Feature","geometry":{"type":"Polygon","coordinates":[[[12.664232547160804,46.133569703328185],[12.664251594091386,46.13311940989132],[12.665544016047388,46.13314582563052],[12.665563052008128,46.13269553173919],[12.66168582311464,46.13261624195818],[12.66170489016689,46.132165949264014],[12.660412494671483,46.13213949054943],[12.660431571783757,46.131689198226944],[12.65978537997287,46.131675963601374],[12.659823543346702,46.130775379244724],[12.658550273631295,46.13029860804392],[12.65862663515034,46.128497440317496],[12.657980481497123,46.12848419619064],[12.657942291135228,46.12938477972349],[12.657296127422324,46.12937153153307],[12.657277026301436,46.12982182302986],[12.656630857785352,46.12980857098272],[12.656688175550942,46.12845769698825],[12.655395871419264,46.12843118318766],[12.655414986942317,46.1279808921869],[12.654768840813515,46.1279676300195],[12.654807081004009,46.127067048307126],[12.656099352691028,46.127093568163666],[12.656118461590358,46.126643276830436],[12.658056856755532,46.12668302862381],[12.658075949431593,46.12623273662771],[12.66001433290906,46.126272454956485],[12.659957100818618,46.12762333268133],[12.661249390271328,46.12764979456104],[12.661230322510313,46.12810008746595],[12.662522624286543,46.12812653516098],[12.662503566583572,46.1285768284374],[12.664442038410685,46.128616473227716],[12.664422996022905,46.129066767081845],[12.666361487689091,46.12910637964442],[12.666342460617354,46.129556674075786],[12.668280972119863,46.129596254409435],[12.668261960365033,46.130046549417514],[12.667615784155688,46.13003335941665],[12.667577748771281,46.1309339488955],[12.666931562499265,46.13092075483249],[12.666912538869303,46.1313710493032],[12.665601122567397,46.13179494383137],[12.665582087514794,46.132245237806124],[12.666228288655466,46.13225843978784],[12.666171196546534,46.133609322080694],[12.664232547160804,46.133569703328185]],[[12.659842624350887,46.13032508700379],[12.661134976882703,46.1303515513644],[12.66117311649831,46.12945096593026],[12.660526950519634,46.12943773598829],[12.659842624350887,46.13032508700379]],[[12.657334328297281,46.12847094841423],[12.657980481497123,46.12848419619064],[12.657999575994877,46.12803390436157],[12.657353428051382,46.128020656792145],[12.657334328297281,46.12847094841423]]]},"properties":{"ndvi_class":"dense","color":"#238b45","area_m2":355231}},{"type":"Feature","geometry":{"type":"Polygon","coordinates":[[[12.648326577399473,46.1273845188657],[12.649011047611571,46.12649723925873],[12.649657173882257,46.12651053364796],[12.649676334883244,46.12606024434704],[12.65032245635319,46.12607353487935],[12.650264987746553,46.12742440327973],[12.648326577399473,46.1273845188657]]]},"properties":{"ndvi_class":"sparse","color":"#c7e9c0","area_m2":15010}},{"type":"Feature","geometry":{"type":"Polygon","coordinates":[[[12.665107233267902,46.12817938675633],[12.665126269490917,46.12772909261238],[12.662541681534943,46.12767624184282],[12.662579794668094,46.1267756550813],[12.663225930466403,46.126788872834894],[12.66324498109523,46.126338579185],[12.665829507786553,46.12639141287989],[12.665810478181665,46.12684170735531],[12.670979595292,46.12694720122376],[12.670960607282728,46.12739749730581],[12.669668314785199,46.12737114532363],[12.669630316382229,46.128271736539126],[12.665107233267902,46.12817938675633]]]},"properties":{"ndvi_class":"bare","color":"#d9d9d9","area_m2":87557}},{"type":"Feature","geometry":{"type":"Polygon","coordinates":[[[12.632211924665974,46.12615030427414],[12.632231227565304,46.1257000206016],[12.633523446309862,46.125726795068914],[12.633504153921178,46.126177079159795],[12.632211924665974,46.12615030427414]]]},"properties":{"ndvi_class":"sparse","color":"#c7e9c0","area_m2":5003}},{"type":"Feature","geometry":{"type":"Polygon","coordinates":[[[12.6722718790804,46.12697353819631],[12.672290856124507,46.126523241661076],[12.674229269417678,46.12656271913194],[12.674210308142063,46.127013016284025],[12.6722718790804,46.12697353819631]]]},"properties":{"ndvi_class":"bare","color":"#d9d9d9","area_m2":7505}},{"type":"Feature","geometry":{"type":"Polygon","coordinates":[[[12.676794886526643,46.12706560264125],[12.676813826777412,46.12661530466751],[12.679398391332324,46.12666783181154],[12.679379472106614,46.12711813060602],[12.676794886526643,46.12706560264125]]]},"properties":{"ndvi_class":"moderate","color":"#74c476","area_m2":10006}},{"type":"Feature","geometry":{"type":"Polygon","coordinates":[[[12.641238338111775,46.12678770850326],[12.640630682128087,46.125873793732424],[12.641922912763885,46.12590047332412],[12.641942136373501,46.125450186477735],[12.642588247120699,46.12546352059158],[12.642549809953866,46.12636409465919],[12.641238338111775,46.12678770850326]]]},"properties":{"ndvi_class":"dense","color":"#238b45","area_m2":12508}},{"type":"Feature","geometry":{"type":"Polygon","coordinates":[[[12.642549809953866,46.12636409465919],[12.642588247120699,46.12546352059158],[12.64323435832418,46.12547685105637],[12.643195931668291,46.126377425540554],[12.642549809953866,46.12636409465919]]]},"properties":{"ndvi_class":"moderate","color":"#74c476","area_m2":5003}},{"type":"Feature","geometry":{"type":"Polygon","coordinates":[[[12.681299012101096,46.12760778762712],[12.681317916008773,46.127157488259314],[12.679379472106614,46.12711813060602],[12.679398391332324,46.12666783181154],[12.681982963074447,46.126720300563605],[12.682001860824125,46.12627000090765],[12.683940278573811,46.12630931353746],[12.683883631279754,46.127660214223255],[12.681299012101096,46.12760778762712]]]},"properties":{"ndvi_class":"dense","color":"#238b45","area_m2":35023}},{"type":"Feature","geometry":{"type":"Polygon","coordinates":[[[12.639984567495132,46.125860448462916],[12.640003806870856,46.12541016224189],[12.640649916248456,46.125423507302884],[12.640630682128087,46.125873793732424],[12.639984567495132,46.125860448462916]]]},"properties":{"ndvi_class":"sparse","color":"#c7e9c0","area_m2":2502}},{"type":"Feature","geometry":{"type":"Polygon","coordinates":[[[12.649030213868228,46.126046950165524],[12.649049379667744,46.12559666103051],[12.649695495427217,46.1256099550043],[12.649676334883244,46.12606024434704],[12.649030213868228,46.126046950165524]]]},"properties":{"ndvi_class":"sparse","color":"#c7e9c0","area_m2":2502}},{"type":"Feature","geometry":{"type":"Polygon","coordinates":[[[12.651614700657365,46.12610010499638],[12.651633845434624,46.12564981503084],[12.653572199532901,46.12568964221497],[12.653553070522477,46.126139932802815],[12.651614700657365,46.12610010499638]]]},"properties":{"ndvi_class":"sparse","color":"#c7e9c0","area_m2":7505}},{"type":"Feature","geometry":{"type":"Polygon","coordinates":[[[12.676167686762618,46.12660216375781],[12.67618663181773,46.12615186594773],[12.676832766576416,46.12616500665211],[12.676813826777412,46.12661530466751],[12.676167686762618,46.12660216375781]]]},"properties":{"ndvi_class":"moderate","color":"#74c476","area_m2":2502}},{"type":"Feature","geometry":{"type":"Polygon","coordinates":[[[12.621893543686127,46.12548529940992],[12.621932316264138,46.12458473864885],[12.622578407549943,46.12459818567019],[12.622539645481762,46.125498746851456],[12.621893543686127,46.12548529940992]]]},"properties":{"ndvi_class":"moderate","color":"#74c476","area_m2":5003}},{"type":"Feature","geometry":{"type":"Polygon","coordinates":[[[12.622539645481762,46.125498746851456],[12.622578407549943,46.12459818567019],[12.623224499295878,46.12461162904272],[12.623831850453374,46.125525630787806],[12.622539645481762,46.125498746851456]]]},"properties":{"ndvi_class":"dense","color":"#238b45","area_m2":7505}},{"type":"Feature","geometry":{"type":"Polygon","coordinates":[[[12.63610788929446,46.125780300215204],[12.636146430649983,46.124879730235826],[12.636792532029876,46.12489309698208],[12.636754001184775,46.125793667379156],[12.63610788929446,46.125780300215204]]]},"properties":{"ndvi_class":"sparse","color":"#c7e9c0","area_m2":5003}},{"type":"Feature","geometry":{"type":"Polygon","coordinates":[[[12.676813826777412,46.12661530466751],[12.67749783587605,46.125727845444736],[12.678790097129324,46.12575410819603],[12.678771173550091,46.12620440686872],[12.679417310106771,46.1262175329754],[12.679398391332324,46.12666783181154],[12.676813826777412,46.12661530466751]]]},"properties":{"ndvi_class":"dense","color":"#238b45","area_m2":15010}},{"type":"Feature","geometry":{"type":"Polygon","coordinates":[[[12.647111035120057,46.125556757214376],[12.647130216228623,46.125106468661045],[12.647776325367227,46.12511977337431],[12.64775714951404,46.12557006213554],[12.647111035120057,46.125556757214376]]]},"properties":{"ndvi_class":"dense","color":"#238b45","area_m2":2502}},{"type":"Feature","geometry":{"type":"Polygon","coordinates":[[[12.680063447112639,46.12623065543265],[12.680082360179792,46.125780356349814],[12.681374625026457,46.12580658990605],[12.68135572247144,46.126256889398775],[12.680063447112639,46.12623065543265]]]},"properties":{"ndvi_class":"dense","color":"#238b45","area_m2":5003}},{"type":"Feature","geometry":{"type":"Polygon","coordinates":[[[12.68454866482085,46.12722301135654],[12.684586418720505,46.126322410448424],[12.683940278573811,46.12630931353746],[12.683959160104399,46.12585901322561],[12.685897566120467,46.12589829239628],[12.685859834146214,46.12679889420586],[12.68454866482085,46.12722301135654]]]},"properties":{"ndvi_class":"dense","color":"#238b45","area_m2":15010}},{"type":"Feature","geometry":{"type":"Polygon","coordinates":[[[12.679398391332324,46.12666783181154],[12.678790097129324,46.12575410819603],[12.67749783587605,46.125727845444736],[12.67747890178479,46.12617814370706],[12.676832766576416,46.12616500665211],[12.676870644819193,46.12526441049631],[12.682039654971248,46.12536940147082],[12.682020758123054,46.12581970121006],[12.683313025662148,46.125845912869835],[12.683331911998378,46.12539561272106],[12.68591643143261,46.12544799142907],[12.685897566120467,46.12589829239628],[12.683959160104399,46.12585901322561],[12.683940278573811,46.12630931353746],[12.682001860824125,46.12627000090765],[12.681982963074447,46.126720300563605],[12.679398391332324,46.12666783181154]],[[12.680063447112639,46.12623065543265],[12.68135572247144,46.126256889398775],[12.681374625026457,46.12580658990605],[12.680082360179792,46.125780356349814],[12.680063447112639,46.12623065543265]]]},"properties":{"ndvi_class":"moderate","color":"#74c476","area_m2":57537}},{"type":"Feature","geometry":{"type":"Polygon","coordinates":[[[12.652299102078166,46.12521280419324],[12.652318240686833,46.12476251393662],[12.652964348208785,46.12477578924982],[12.652945214855478,46.12522607971385],[12.652299102078166,46.12521280419324]]]},"properties":{"ndvi_class":"dense","color":"#238b45","area_m2":2502}},{"type":"Feature","geometry":{"type":"Polygon","coordinates":[[[12.685897566120467,46.12589829239628],[12.68591643143261,46.12544799142907],[12.686562562411266,46.12546107698261],[12.68654370235518,46.12591137815429],[12.685897566120467,46.12589829239628]]]},"properties":{"ndvi_class":"dense","color":"#238b45","area_m2":2502}},{"type":"Feature","geometry":{"type":"Polygon","coordinates":[[[12.690345210593843,46.12779102523667],[12.690420529162989,46.12598981606351],[12.691066668529716,46.12600287627519],[12.691104314607411,46.125102271030904],[12.691750443908878,46.12511532718507],[12.691675170982444,46.12691653832329],[12.691029020656085,46.12690348135309],[12.690991370986414,46.12780408626463],[12.690345210593843,46.12779102523667]]]},"properties":{"ndvi_class":"sparse","color":"#c7e9c0","area_m2":20013}},{"type":"Feature","geometry":{"type":"Polygon","coordinates":[[[12.621286225438585,46.12457128797872],[12.621305616288744,46.12412100774542],[12.622617167769162,46.12369762432113],[12.622578407549943,46.12459818567019],[12.621286225438585,46.12457128797872]]]},"properties":{"ndvi_class":"dense","color":"#238b45","area_m2":7505}},{"type":"Feature","geometry":{"type":"Polygon","coordinates":[[[12.667159810668377,46.12551721793041],[12.666551733447205,46.12460343303645],[12.667843958361711,46.12462981903986],[12.667824946338893,46.125080114300665],[12.6710555428002,46.12514601647865],[12.671036556602456,46.125596312727474],[12.667159810668377,46.12551721793041]]]},"properties":{"ndvi_class":"moderate","color":"#74c476","area_m2":20013}},{"type":"Feature","geometry":{"type":"Polygon","coordinates":[[[12.683331911998378,46.12539561272106],[12.683350797884136,46.124945312530635],[12.685935296294781,46.12499769042024],[12.68591643143261,46.12544799142907],[12.683331911998378,46.12539561272106]]]},"properties":{"ndvi_class":"sparse","color":"#c7e9c0","area_m2":10006}},{"type":"Feature","geometry":{"type":"Polygon","coordinates":[[[12.637400113532511,46.125807030894045],[12.63743863386716,46.12490646007939],[12.638730838913396,46.12493317532713],[12.638750087881549,46.12448288943959],[12.63939618583518,46.1244962413814],[12.639434671884413,46.123595669063505],[12.64008075978511,46.12360901693928],[12.640023045787704,46.12495987597903],[12.639376942122103,46.12494652747756],[12.638692339599734,46.12583374697663],[12.637400113532511,46.125807030894045]]]},"properties":{"ndvi_class":"dense","color":"#238b45","area_m2":22515}},{"type":"Feature","geometry":{"type":"Polygon","coordinates":[[[12.634873509761213,46.12440270116188],[12.634892789799704,46.123952416485366],[12.636204239236193,46.12352887495272],[12.636165700638317,46.12442944518332],[12.634873509761213,46.12440270116188]]]},"properties":{"ndvi_class":"sparse","color":"#c7e9c0","area_m2":7505}},{"type":"Feature","geometry":{"type":"Polygon","coordinates":[[[12.637457893345427,46.12445617460924],[12.637496410923928,46.12355560354338],[12.638142497453698,46.123568962365546],[12.638750087881549,46.12448288943959],[12.637457893345427,46.12445617460924]]]},"properties":{"ndvi_class":"sparse","color":"#c7e9c0","area_m2":7505}},{"type":"Feature","geometry":{"type":"Polygon","coordinates":[[[12.648422434961104,46.12513307443853],[12.648441605101661,46.12468278542765],[12.647149396879701,46.12465618006586],[12.646541663891584,46.12374229501157],[12.649126038294671,46.12379550407237],[12.649068545010133,46.125146371853674],[12.648422434961104,46.12513307443853]]]},"properties":{"ndvi_class":"sparse","color":"#c7e9c0","area_m2":20013}},{"type":"Feature","geometry":{"type":"Polygon","coordinates":[[[12.685935296294781,46.12499769042024],[12.685954160706993,46.124547389369795],[12.686600281173918,46.12456047451442],[12.68658142201751,46.12501077576931],[12.685935296294781,46.12499769042024]]]},"properties":{"ndvi_class":"dense","color":"#238b45","area_m2":2502}},{"type":"Feature","geometry":{"type":"Polygon","coordinates":[[[12.691750443908878,46.12511532718507],[12.69176926101837,46.12466502429655],[12.692415385510694,46.12467807659738],[12.692396573657124,46.125128379689826],[12.691750443908878,46.12511532718507]]]},"properties":{"ndvi_class":"sparse","color":"#c7e9c0","area_m2":2502}},{"type":"Feature","geometry":{"type":"Polygon","coordinates":[[[12.64393809076527,46.12413931520734],[12.643330416944712,46.12322541411373],[12.64462258816948,46.123252062014195],[12.645230283921373,46.12416595664271],[12.64393809076527,46.12413931520734]]]},"properties":{"ndvi_class":"bare","color":"#d9d9d9","area_m2":10006}},{"type":"Feature","geometry":{"type":"Polygon","coordinates":[[[12.66786296993107,46.12417952373736],[12.667881981046984,46.12372922839314],[12.669174186745535,46.12375559897586],[12.669155186140252,46.124205894732135],[12.66786296993107,46.12417952373736]]]},"properties":{"ndvi_class":"bare","color":"#d9d9d9","area_m2":5003}},{"type":"Feature","geometry":{"type":"Polygon","coordinates":[[[12.671093513837159,46.12424542385595],[12.671112498676399,46.12379512748206],[12.671758603554999,46.12380829635267],[12.671739623971131,46.12425859293232],[12.671093513837159,46.12424542385595]]]},"properties":{"ndvi_class":"bare","color":"#d9d9d9","area_m2":2502}},{"type":"Feature","geometry":{"type":"Polygon","coordinates":[[[12.683369683319436,46.124495012298595],[12.683388568304293,46.124044712024926],[12.685973024669263,46.124097088277736],[12.685954160706993,46.124547389369795],[12.683369683319436,46.124495012298595]]]},"properties":{"ndvi_class":"dense","color":"#238b45","area_m2":10006}},{"type":"Feature","geometry":{"type":"Polygon","coordinates":[[[12.62320512374778,46.125061909864385],[12.623224499295878,46.12461162904272],[12.622578407549943,46.12459818567019],[12.622617167769162,46.12369762432113],[12.621305616288744,46.12412100774542],[12.621344396601652,46.123220447152974],[12.622636547185444,46.1232473435837],[12.623321370104906,46.12236022430534],[12.624613502431563,46.122387098004495],[12.62457477651148,46.12328766086505],[12.62584757855059,46.12376480259646],[12.625828224945305,46.124215084341586],[12.62320512374778,46.125061909864385]]]},"properties":{"ndvi_class":"moderate","color":"#74c476","area_m2":55036}},{"type":"Feature","geometry":{"type":"Polygon","coordinates":[[[12.659444528736202,46.124458049105755],[12.6595017670373,46.12310717112453],[12.660147858528536,46.1231204054706],[12.660090635992841,46.12447128407218],[12.659444528736202,46.124458049105755]]]},"properties":{"ndvi_class":"dense","color":"#238b45","area_m2":7505}},{"type":"Feature","geometry":{"type":"Polygon","coordinates":[[[12.640099996866581,46.12315873050899],[12.64011923348924,46.122708444036846],[12.64076531133733,46.122721787846835],[12.640746079969277,46.12317207452747],[12.640099996866581,46.12315873050899]]]},"properties":{"ndvi_class":"dense","color":"#238b45","area_m2":2502}},{"type":"Feature","geometry":{"type":"Polygon","coordinates":[[[12.664005374787989,46.123650029068294],[12.664024416981283,46.12319973491983],[12.664670511639798,46.12321294372345],[12.664651474701609,46.123663238078294],[12.664005374787989,46.123650029068294]]]},"properties":{"ndvi_class":"bare","color":"#d9d9d9","area_m2":2502}},{"type":"Feature","geometry":{"type":"Polygon","coordinates":[[[12.667235878874685,46.12371603762822],[12.667254894792332,46.12326574244839],[12.66790099170946,46.12327893300722],[12.667881981046984,46.12372922839314],[12.667235878874685,46.12371603762822]]]},"properties":{"ndvi_class":"bare","color":"#d9d9d9","area_m2":2502}},{"type":"Feature","geometry":{"type":"Polygon","coordinates":[[[12.670466394248539,46.123781954962396],[12.670485383890208,46.12333165875262],[12.67113148306283,46.123344831066476],[12.671112498676399,46.12379512748206],[12.670466394248539,46.123781954962396]]]},"properties":{"ndvi_class":"bare","color":"#d9d9d9","area_m2":2502}},{"type":"Feature","geometry":{"type":"Polygon","coordinates":[[[12.6743430275743,46.12386093534422],[12.674361985684353,46.1234106379004],[12.676300292659505,46.12345007821226],[12.676281350315438,46.12390037627234],[12.6743430275743,46.12386093534422]]]},"properties":{"ndvi_class":"bare","color":"#d9d9d9","area_m2":7505}},{"type":"Feature","geometry":{"type":"Polygon","coordinates":[[[12.656118461590358,46.126643276830436],[12.656137570033911,46.12619298545544],[12.655491444475217,46.12617972776616],[12.655529670506272,46.12527914530515],[12.654237441772816,46.125252619807746],[12.654218318474161,46.125702910644684],[12.653572199532901,46.12568964221497],[12.65362958382671,46.124338770200765],[12.654275687001803,46.12435203800855],[12.654352171986849,46.1225508739088],[12.654998254596089,46.12256413723859],[12.654979139288686,46.12301442853342],[12.656917405603268,46.1230541972514],[12.656879205150634,46.123954780958535],[12.656233105415465,46.12394152795393],[12.656213999250605,46.124391819537756],[12.657506209684826,46.124418322312096],[12.657410724580318,46.12666978167535],[12.656118461590358,46.126643276830436]]]},"properties":{"ndvi_class":"sparse","color":"#c7e9c0","area_m2":82554}},{"type":"Feature","geometry":{"type":"Polygon","coordinates":[[[12.62396743603833,46.12237366297917],[12.62398680355981,46.12192338169593],[12.624632864698901,46.12193681651133],[12.624613502431563,46.122387098004495],[12.62396743603833,46.12237366297917]]]},"properties":{"ndvi_class":"dense","color":"#238b45","area_m2":2502}},{"type":"Feature","geometry":{"type":"Polygon","coordinates":[[[12.62590563659697,46.12241395710952],[12.625924988355983,46.1219636751967],[12.626571050873723,46.121977099066655],[12.626551704368895,46.122427381189226],[12.62590563659697,46.12241395710952]]]},"properties":{"ndvi_class":"moderate","color":"#74c476","area_m2":2502}},{"type":"Feature","geometry":{"type":"Polygon","coordinates":[[[12.643995707423935,46.12278845216613],[12.644014912060712,46.12233816440206],[12.645307063178766,46.122364804172435],[12.645287869051128,46.12281509235274],[12.643995707423935,46.12278845216613]]]},"properties":{"ndvi_class":"moderate","color":"#74c476","area_m2":5003}},{"type":"Feature","geometry":{"type":"Polygon","coordinates":[[[12.645287869051128,46.12281509235274],[12.645307063178766,46.122364804172435],[12.646599216119588,46.122391429348056],[12.646580032501138,46.122841717944375],[12.645287869051128,46.12281509235274]]]},"properties":{"ndvi_class":"sparse","color":"#c7e9c0","area_m2":5003}},{"type":"Feature","geometry":{"type":"Polygon","coordinates":[[[12.66144004286941,46.12314686321601],[12.66145910562831,46.12269656985194],[12.662751281269696,46.12272301258853],[12.662732229020659,46.12317330636578],[12.66144004286941,46.12314686321601]]]},"properties":{"ndvi_class":"bare","color":"#d9d9d9","area_m2":5003}},{"type":"Feature","geometry":{"type":"Polygon","coordinates":[[[12.679530813277701,46.123515739083935],[12.679549728893685,46.12306543995626],[12.682780234462953,46.12313100857595],[12.682761345123586,46.12358130872814],[12.679530813277701,46.123515739083935]]]},"properties":{"ndvi_class":"sparse","color":"#c7e9c0","area_m2":12508}},{"type":"Feature","geometry":{"type":"Polygon","coordinates":[[[12.685081574963487,46.12993790798017],[12.685100449583137,46.12948760759206],[12.685746627422759,46.12950069863581],[12.685822100371915,46.12769949584897],[12.686468257632098,46.127712582424884],[12.686505980893411,46.12681198037281],[12.68715212808844,46.12682506289018],[12.687189839037696,46.12592446026284],[12.687835976167893,46.12593753872193],[12.687892523450934,46.12458663385579],[12.68920360520175,46.1241624764862],[12.68924127922132,46.12326187213388],[12.68988738615896,46.12327493841951],[12.68990621723945,46.122824635976784],[12.69119842194513,46.12285075719243],[12.691160780356809,46.12375136285259],[12.691806893890918,46.12376441839474],[12.691788077679046,46.12421472136645],[12.69049584054639,46.124188606224855],[12.69043935768247,46.125539513666226],[12.689165929384954,46.125063080672135],[12.689128251770828,46.12596368469168],[12.689774390243318,46.12597675220234],[12.689755556018468,46.12642705435389],[12.688463269008318,46.126400915274665],[12.688444423821492,46.126851216976185],[12.687798275731174,46.12683814175798],[12.687741721703796,46.12818904600001],[12.686430532571135,46.128613184310474],[12.686373941605112,46.1299640868268],[12.685081574963487,46.12993790798017]]]},"properties":{"ndvi_class":"dense","color":"#238b45","area_m2":100065}},{"type":"Feature","geometry":{"type":"Polygon","coordinates":[[[12.628451247572494,46.12336819691416],[12.628489910440052,46.12246763153698],[12.62784384129056,46.122454218402964],[12.627882512822248,46.12155365327728],[12.62915530553645,46.12203075806147],[12.629097327689777,46.12338160681864],[12.628451247572494,46.12336819691416]]]},"properties":{"ndvi_class":"moderate","color":"#74c476","area_m2":12508}},{"type":"Feature","geometry":{"type":"Polygon","coordinates":[[[12.643803635861369,46.12729132750605],[12.64323435832418,46.12547685105637],[12.642588247120699,46.12546352059158],[12.64260746501654,46.12501323349501],[12.641315254489085,46.124986562035005],[12.641334482436841,46.12453627531331],[12.64198058221724,46.12454961265943],[12.641999804451387,46.12409932568751],[12.641353709925998,46.12408598854978],[12.641392163528561,46.1231854148972],[12.642038247544312,46.12319875161814],[12.642057468403115,46.1227484645207],[12.64076531133733,46.122721787846835],[12.64144984049324,46.12183455410445],[12.6433880466187,46.12187455144615],[12.643995707423935,46.12278845216613],[12.645287869051128,46.12281509235274],[12.645249479422443,46.12371566858789],[12.64589557142921,46.12372898362417],[12.645857190479282,46.12462956010809],[12.646503293451739,46.124642871911476],[12.646464921181488,46.1255434486441],[12.647111035120057,46.125556757214376],[12.647072671530404,46.126457334195614],[12.644507379511547,46.12595378871813],[12.645115101299893,46.12686768409337],[12.643803635861369,46.12729132750605]],[[12.64393809076527,46.12413931520734],[12.645230283921373,46.12416595664271],[12.64462258816948,46.123252062014195],[12.643330416944712,46.12322541411373],[12.64393809076527,46.12413931520734]]]},"properties":{"ndvi_class":"sparse","color":"#c7e9c0","area_m2":137589}},{"type":"Feature","geometry":{"type":"Polygon","coordinates":[[[12.643368837185534,46.12232483904384],[12.6433880466187,46.12187455144615],[12.644034116239455,46.121887876596155],[12.644014912060712,46.12233816440206],[12.643368837185534,46.12232483904384]]]},"properties":{"ndvi_class":"moderate","color":"#74c476","area_m2":2502}},{"type":"Feature","geometry":{"type":"Polygon","coordinates":[[[12.644014912060712,46.12233816440206],[12.644034116239455,46.121887876596155],[12.645326256848625,46.12191451595031],[12.645307063178766,46.122364804172435],[12.644014912060712,46.12233816440206]]]},"properties":{"ndvi_class":"dense","color":"#238b45","area_m2":5003}},{"type":"Feature","geometry":{"type":"Polygon","coordinates":[[[12.673734847172405,46.12294718655173],[12.673753809633187,46.122496889230085],[12.675692083727629,46.12253633925628],[12.675673137032046,46.122986637194316],[12.673734847172405,46.12294718655173]]]},"properties":{"ndvi_class":"bare","color":"#d9d9d9","area_m2":7505}},{"type":"Feature","geometry":{"type":"Polygon","coordinates":[[[12.6859918881816,46.12364678714404],[12.68601075124402,46.12319648596877],[12.683426336922722,46.123144111352694],[12.68344522055632,46.122693810954125],[12.686675713301488,46.12275926907868],[12.687284108540718,46.12367295296631],[12.6859918881816,46.12364678714404]]]},"properties":{"ndvi_class":"dense","color":"#238b45","area_m2":17511}},{"type":"Feature","geometry":{"type":"Polygon","coordinates":[[[12.671340948116482,46.13371481147476],[12.671359937209782,46.1332645157706],[12.670067507125346,46.13323816573565],[12.670124503233982,46.13188727960815],[12.670770702277476,46.131900455833105],[12.67080868690249,46.130999864461195],[12.670162498373845,46.13098668864799],[12.670181495264048,46.13053639310537],[12.668889130074549,46.130510030940954],[12.669611316500962,46.12872203208433],[12.665734355222959,46.128642884839785],[12.665753386643537,46.12819259053124],[12.669630316382229,46.128271736539126],[12.669668314785199,46.12737114532363],[12.670960607282728,46.12739749730581],[12.670979595292,46.12694720122376],[12.665810478181665,46.12684170735531],[12.665829507786553,46.12639141287989],[12.66324498109523,46.126338579185],[12.663225930466403,46.126788872834894],[12.662579794668094,46.1267756550813],[12.662541681534943,46.12767624184282],[12.665126269490917,46.12772909261238],[12.665107233267902,46.12817938675633],[12.661876473172121,46.128113313138236],[12.661895535676836,46.12766302002667],[12.660603245318546,46.12763656544592],[12.66067953283858,46.12583539423561],[12.659387286339328,46.12580892671121],[12.659425448392346,46.124908341682655],[12.662656015480168,46.124974481057436],[12.662694123159307,46.12407389379508],[12.660755813080595,46.124034222357366],[12.66085115314971,46.121782756570276],[12.66343546239429,46.12183564039084],[12.663416416308753,46.12228593445806],[12.668585098532656,46.12239152860801],[12.668566094031934,46.12284182428339],[12.66985827961228,46.12286818674418],[12.670466394248539,46.123781954962396],[12.671112498676399,46.12379512748206],[12.67113148306283,46.123344831066476],[12.673715884259344,46.12339748383168],[12.673734847172405,46.12294718655173],[12.675673137032046,46.122986637194316],[12.675692083727629,46.12253633925628],[12.676984268706606,46.12256262102902],[12.676927458795472,46.123913515950136],[12.676281350315438,46.12390037627234],[12.676262407519566,46.124350674290746],[12.680158007937427,46.12397915960206],[12.680120184960776,46.12487975805923],[12.682704674402167,46.12493220893494],[12.682685783260546,46.125382508920616],[12.683331911998378,46.12539561272106],[12.683313025662148,46.125845912869835],[12.682020758123054,46.12581970121006],[12.682039654971248,46.12536940147082],[12.676870644819193,46.12526441049631],[12.676832766576416,46.12616500665211],[12.67618663181773,46.12615186594773],[12.676167686762618,46.12660216375781],[12.676813826777412,46.12661530466751],[12.676794886526643,46.12706560264125],[12.680025619624953,46.127131253473344],[12.68000670520439,46.127581552431245],[12.679360552429628,46.12756842935887],[12.679322711721777,46.12846902673959],[12.679968875009761,46.12848215022206],[12.679949959235667,46.128932449055014],[12.67607295470848,46.12885365218322],[12.675388882362116,46.12974110126478],[12.674742706451035,46.12972795161799],[12.674761665183565,46.12927765451044],[12.672176987069824,46.12922502024726],[12.672158007309609,46.12967531653239],[12.67280418141928,46.12968848077854],[12.672728278879822,46.131489666324974],[12.673374474468947,46.131502827743866],[12.673298585717836,46.13330401344596],[12.672652369097797,46.13329085120446],[12.672633390520541,46.133741147320116],[12.671340948116482,46.13371481147476]],[[12.67025747829366,46.12873521051791],[12.672195966377323,46.12877472392046],[12.672233923634218,46.12787413114175],[12.671587771002013,46.127860964068745],[12.671606754207824,46.12741066782261],[12.67029546708993,46.12783461897398],[12.67025747829366,46.12873521051791]],[[12.6722718790804,46.12697353819631],[12.674210308142063,46.127013016284025],[12.674229269417678,46.12656271913194],[12.672290856124507,46.126523241661076],[12.6722718790804,46.12697353819631]],[[12.667159810668377,46.12551721793041],[12.671036556602456,46.125596312727474],[12.6710555428002,46.12514601647865],[12.667824946338893,46.125080114300665],[12.667843958361711,46.12462981903986],[12.666551733447205,46.12460343303645],[12.667159810668377,46.12551721793041]],[[12.66786296993107,46.12417952373736],[12.669155186140252,46.124205894732135],[12.669174186745535,46.12375559897586],[12.667881981046984,46.12372922839314],[12.66786296993107,46.12417952373736]],[[12.671093513837159,46.12424542385595],[12.671739623971131,46.12425859293232],[12.671758603554999,46.12380829635267],[12.671112498676399,46.12379512748206],[12.671093513837159,46.12424542385595]],[[12.664005374787989,46.123650029068294],[12.664651474701609,46.123663238078294],[12.664670511639798,46.12321294372345],[12.664024416981283,46.12319973491983],[12.664005374787989,46.123650029068294]],[[12.667235878874685,46.12371603762822],[12.667881981046984,46.12372922839314],[12.66790099170946,46.12327893300722],[12.667254894792332,46.12326574244839],[12.667235878874685,46.12371603762822]],[[12.6743430275743,46.12386093534422],[12.676281350315438,46.12390037627234],[12.676300292659505,46.12345007821226],[12.674361985684353,46.1234106379004],[12.6743430275743,46.12386093534422]],[[12.66144004286941,46.12314686321601],[12.662732229020659,46.12317330636578],[12.662751281269696,46.12272301258853],[12.66145910562831,46.12269656985194],[12.66144004286941,46.12314686321601]]]},"properties":{"ndvi_class":"sparse","color":"#c7e9c0","area_m2":878070}},{"type":"Feature","geometry":{"type":"Polygon","coordinates":[[[12.6433880466187,46.12187455144615],[12.643407255593724,46.1214242638066],[12.644053319960179,46.121437588748414],[12.644034116239455,46.121887876596155],[12.6433880466187,46.12187455144615]]]},"properties":{"ndvi_class":"sparse","color":"#c7e9c0","area_m2":2502}},{"type":"Feature","geometry":{"type":"Polygon","coordinates":[[[12.669877273603094,46.1224178906569],[12.66989626714089,46.121967594527916],[12.67248060167268,46.122020274015895],[12.672461629154354,46.12247057096799],[12.669877273603094,46.1224178906569]]]},"properties":{"ndvi_class":"bare","color":"#d9d9d9","area_m2":10006}},{"type":"Feature","geometry":{"type":"Polygon","coordinates":[[[12.636204239236193,46.12352887495272],[12.636223507845763,46.12307858977461],[12.636869588206308,46.123091955685474],[12.636965898089647,46.12084052812269],[12.637611952636087,46.12085388934099],[12.637592696832245,46.12130417514606],[12.638904063100275,46.1208806008323],[12.63884632583607,46.12223145937397],[12.63949239751618,46.12224481027273],[12.6394539142206,46.12314538284176],[12.638181002685673,46.12266839071476],[12.637496410923928,46.12355560354338],[12.636204239236193,46.12352887495272]]]},"properties":{"ndvi_class":"dense","color":"#238b45","area_m2":42528}},{"type":"Feature","geometry":{"type":"Polygon","coordinates":[[[12.670504373078955,46.122881362501175],[12.670523361814798,46.122431066208016],[12.672461629154354,46.12247057096799],[12.67248060167268,46.122020274015895],[12.66989626714089,46.121967594527916],[12.669877273603094,46.1224178906569],[12.669231185842337,46.1224047114569],[12.66926918297447,46.12150411956907],[12.677022139722466,46.12166202420663],[12.677003204440352,46.12211232263865],[12.673772771641698,46.12204659186677],[12.673734847172405,46.12294718655173],[12.670504373078955,46.122881362501175]]]},"properties":{"ndvi_class":"sparse","color":"#c7e9c0","area_m2":50032}},{"type":"Feature","geometry":{"type":"Polygon","coordinates":[[[12.680214739019506,46.12262826160397],[12.680233648478149,46.12217796218798],[12.681525829236742,46.12220419246522],[12.681544727734497,46.12175389259774],[12.682818011790113,46.122230408146656],[12.682799123351792,46.12268070838213],[12.680214739019506,46.12262826160397]]]},"properties":{"ndvi_class":"dense","color":"#238b45","area_m2":12508}},{"type":"Feature","geometry":{"type":"Polygon","coordinates":[[[12.629193955129667,46.121130192013794],[12.629213279234946,46.1206799089271],[12.629859328285944,46.120693313926175],[12.62984000943454,46.12114359722231],[12.629193955129667,46.121130192013794]]]},"properties":{"ndvi_class":"moderate","color":"#74c476","area_m2":2502}},{"type":"Feature","geometry":{"type":"Polygon","coordinates":[[[12.630486064198065,46.12115699878241],[12.63050537779558,46.12070671527687],[12.63115142776373,46.12072011297921],[12.631132119420117,46.12117039669407],[12.630486064198065,46.12115699878241]]]},"properties":{"ndvi_class":"moderate","color":"#74c476","area_m2":2502}},{"type":"Feature","geometry":{"type":"Polygon","coordinates":[[[12.637592696832245,46.12130417514606],[12.637611952636087,46.12085388934099],[12.63825800763967,46.12086724691087],[12.63823875708988,46.121317532924635],[12.637592696832245,46.12130417514606]]]},"properties":{"ndvi_class":"moderate","color":"#74c476","area_m2":2502}},{"type":"Feature","geometry":{"type":"Polygon","coordinates":[[[12.640823002689515,46.12137092755386],[12.640842232222964,46.12092064070584],[12.641488289510404,46.12093398003341],[12.641469065231075,46.12138426708985],[12.640823002689515,46.12137092755386]]]},"properties":{"ndvi_class":"sparse","color":"#c7e9c0","area_m2":2502}},{"type":"Feature","geometry":{"type":"Polygon","coordinates":[[[12.651767846090621,46.12249778410186],[12.651806127883338,46.121597203460304],[12.651160058054133,46.121583922301696],[12.65117920352006,46.12113363212575],[12.652471333124211,46.12116019037937],[12.652452198166966,46.121610480970276],[12.65439041174312,46.12165029160825],[12.654371292092994,46.12210058277942],[12.65243306275334,46.1220607715194],[12.65241392688332,46.12251106202674],[12.651767846090621,46.12249778410186]]]},"properties":{"ndvi_class":"sparse","color":"#c7e9c0","area_m2":17511}},{"type":"Feature","geometry":{"type":"Polygon","coordinates":[[[12.686694570208934,46.1223089676157],[12.686713426666621,46.12185866611114],[12.687359516049028,46.12187174638014],[12.687340664846406,46.12232204808909],[12.686694570208934,46.1223089676157]]]},"properties":{"ndvi_class":"bare","color":"#d9d9d9","area_m2":2502}},{"type":"Feature","geometry":{"type":"Polygon","coordinates":[[[12.687340664846406,46.12232204808909],[12.687359516049028,46.12187174638014],[12.688005605878997,46.12188482300017],[12.687986759931453,46.122335124913455],[12.687340664846406,46.12232204808909]]]},"properties":{"ndvi_class":"sparse","color":"#c7e9c0","area_m2":2502}},{"type":"Feature","geometry":{"type":"Polygon","coordinates":[[[12.690571144744895,46.122387395720736],[12.690589969671983,46.12193709299073],[12.691236061737884,46.12195015136592],[12.691217242065946,46.12240045429997],[12.690571144744895,46.122387395720736]]]},"properties":{"ndvi_class":"dense","color":"#238b45","area_m2":2502}},{"type":"Feature","geometry":{"type":"Polygon","coordinates":[[[12.631168884041825,46.150465560373796],[12.631188211822572,46.15001527896379],[12.627956253163145,46.14994822238384],[12.628014312665455,46.14859738104559],[12.625428817151466,46.14854367256227],[12.62546756326904,46.147643113138855],[12.626113925934913,46.14765654531773],[12.626152659681459,46.146755985306825],[12.625506307537867,46.146742553547696],[12.625525678979034,46.14629227368922],[12.626837733661576,46.145868852816086],[12.626876453190649,46.14496829205016],[12.625583790529713,46.14494143386221],[12.624976209133166,46.144027439616615],[12.623664185362518,46.14445083979851],[12.62370295472301,46.143550280880085],[12.622410328225474,46.14352338743888],[12.622390933256176,46.143973666498866],[12.619786248275718,46.144370113138],[12.619825080758314,46.143469556742204],[12.621117703570244,46.14349647939291],[12.62113710859683,46.14304620071141],[12.623076030490619,46.14308655667304],[12.62309541927467,46.142636277319035],[12.621802814737917,46.14260937741606],[12.621861009872656,46.141258540363275],[12.621214724074044,46.14124508556588],[12.621234126786133,46.140794806674606],[12.619941567089976,46.14076788654773],[12.620626661261545,46.13988079094874],[12.62127293082175,46.139894248766204],[12.621292332145305,46.139443969749074],[12.620646067844065,46.13943051214188],[12.62133113340398,46.138543411588955],[12.620038626297415,46.13851649356508],[12.620019215382062,46.138966772245524],[12.618080442403436,46.13892636719937],[12.618099869094811,46.13847608915023],[12.61680736659936,46.13844913462105],[12.616826803344352,46.13799885695108],[12.614888068838537,46.137958398410674],[12.614907520894947,46.137508121330875],[12.613615044050379,46.13748113114016],[12.613595581477325,46.13793140779825],[12.61294933848989,46.1379179070164],[12.612968806321247,46.137467630569255],[12.611030095907953,46.137427106954455],[12.611069061726031,46.13652655520048],[12.61171528755184,46.136540066300206],[12.611734764505881,46.13608979014909],[12.613007740590804,46.13656707754897],[12.613692889700094,46.13568002408787],[12.61433910685936,46.135693520164914],[12.61430019547873,46.13659407419679],[12.614946423615741,46.136607567045324],[12.614926972487343,46.137057844209096],[12.616219440663041,46.137084819376845],[12.616904545687945,46.13619774585146],[12.617550770413667,46.136211223888324],[12.617511910685263,46.13711177994327],[12.61880438255301,46.13713872590833],[12.618784962510123,46.137589004293865],[12.622016176538772,46.13765630637671],[12.621996782324882,46.13810658577186],[12.622643031771174,46.138120035447244],[12.62266242072657,46.13766975584196],[12.623954910483242,46.137696643821094],[12.624090546609285,46.134544682468935],[12.622778744746686,46.134968077329354],[12.622210093234893,46.133153510118056],[12.621563902085525,46.13314005910418],[12.62158329646826,46.132689779457785],[12.622229482360526,46.13270323026147],[12.622287646962562,46.13135239044005],[12.622933817544602,46.13136583696363],[12.622972581120601,46.13046527645277],[12.622326421051667,46.13045183034937],[12.623011342847425,46.12956471577414],[12.623657492863908,46.129578157807934],[12.62363811748789,46.130028438378254],[12.624930429413366,46.130055311917424],[12.6248916983007,46.13095587377203],[12.625537865466157,46.13096930548708],[12.625518504473606,46.131419586561336],[12.624226160089185,46.13139271906183],[12.624187415691198,46.13229328024497],[12.62483359816718,46.132306716239434],[12.624814230532078,46.13275699697804],[12.626752796489875,46.13279728369208],[12.626675384417934,46.13459840874506],[12.625382964593998,46.13457155290716],[12.6253635999065,46.135021833645986],[12.62794846242342,46.13507553156038],[12.627929118305312,46.13552581309631],[12.62857534034102,46.135539228659106],[12.628614017600201,46.13463866512615],[12.627967806080099,46.13462524998256],[12.628006492009222,46.13372468670116],[12.627360291463498,46.133711268326785],[12.627418332668482,46.132360423719255],[12.626145321157878,46.13188329607873],[12.626184033091313,46.13098273355249],[12.627476369720213,46.13100957873444],[12.627515058780855,46.13010901520164],[12.626868900749727,46.13009559485486],[12.626965641607425,46.127844186337676],[12.625692736782693,46.12736705538348],[12.625712093619478,46.12691677393185],[12.625065973758424,46.12690334410543],[12.625750805908009,46.126016210902804],[12.626396915717896,46.12602963666056],[12.626416265914488,46.12557935487337],[12.624477953629103,46.1255390672826],[12.624497319129308,46.12508878608297],[12.623851221208598,46.1250753497981],[12.623870591501818,46.12462506876647],[12.62516277729321,46.1246519372675],[12.625182136614892,46.124201655774115],[12.625828224945305,46.124215084341586],[12.62584757855059,46.12376480259646],[12.62457477651148,46.12328766086505],[12.624613502431563,46.122387098004495],[12.626551704368895,46.122427381189226],[12.627236454640116,46.12154023691395],[12.627882512822248,46.12155365327728],[12.628451247572494,46.12336819691416],[12.629097327689777,46.12338160681864],[12.62915530553645,46.12203075806147],[12.628509241182254,46.12201734878553],[12.628547901283568,46.121116783156886],[12.62984000943454,46.12114359722231],[12.629859328285944,46.120693313926175],[12.631132119420117,46.12117039669407],[12.63115142776373,46.12072011297921],[12.632443529075072,46.12074689743876],[12.632462826450594,46.120296613263505],[12.635047013554608,46.120350137565644],[12.63502773719444,46.12080042257718],[12.633089580418014,46.12076028419596],[12.633050994794239,46.121660852839106],[12.632404932943285,46.121647465663585],[12.632366334970417,46.12254803372083],[12.633639190979446,46.12302508964404],[12.633562029706814,46.124826226761506],[12.634208129255898,46.12483960810347],[12.634188843042583,46.1252898924872],[12.632250530004248,46.12524973688717],[12.632231227565304,46.1257000206016],[12.631585118880398,46.125686627894424],[12.63154650211059,46.126587194779084],[12.633484861072342,46.12662736320878],[12.633465567763333,46.127077647215884],[12.634111693589146,46.12709102960328],[12.634073116102133,46.127991597910004],[12.63278084388548,46.12796482864954],[12.632761543939926,46.128415112321804],[12.632115403262942,46.128401722008384],[12.632096097600968,46.128852005429565],[12.633388389925333,46.12887878282541],[12.633291907272389,46.131130201394825],[12.633938080404192,46.13114358566419],[12.633918787749588,46.13159386946153],[12.632626431430502,46.13156709685478],[12.632529908682145,46.13381851312156],[12.634468522706301,46.13385866969408],[12.634410650850748,46.135209520833776],[12.635683813014264,46.13568655893335],[12.635625967186039,46.13703741082456],[12.63433348193413,46.13701065510032],[12.634314188554427,46.13746093856224],[12.633667941357118,46.137447555015314],[12.63361004268027,46.13879840452242],[12.632336828645304,46.138321342513066],[12.633021694618074,46.13743416781788],[12.631729202515292,46.13740738247149],[12.631709887640977,46.13785766505472],[12.630436712247073,46.137380582523136],[12.63032075298315,46.140082274881486],[12.629008862768226,46.140505739311315],[12.628931503449737,46.14230686486834],[12.628285202071636,46.14229344981203],[12.628207814330523,46.144094573859995],[12.628854136748897,46.14410798975476],[12.628834793920092,46.14455827087158],[12.629481122058204,46.14457168332459],[12.629500459626614,46.144121401998206],[12.632085755728426,46.14417501445866],[12.632105071794294,46.143724732252686],[12.633397712077334,46.14375151615633],[12.633339794060047,46.14510236390407],[12.63269345790781,46.14508897315023],[12.632558262918039,46.1482409482974],[12.629972775586651,46.148187342904635],[12.62993410220646,46.14908790518015],[12.630580483874017,46.149101312425096],[12.630599815533108,46.14865103109881],[12.631892569722064,46.14867783421399],[12.631873248586363,46.14912811595908],[12.633166015134186,46.149154904885144],[12.633146704061204,46.149605187006905],[12.633793093284973,46.14961857620116],[12.633754480280887,46.15051914073744],[12.631168884041825,46.150465560373796]],[[12.628014312665455,46.14859738104559],[12.629307063180573,46.14862421337599],[12.629345746161047,46.14772365143573],[12.629992111584755,46.147737061704014],[12.630011447121547,46.147286780461485],[12.629365086959124,46.14727337040273],[12.629423106584877,46.14592252705226],[12.628776762664831,46.14590911397053],[12.628796106878074,46.14545883297946],[12.628149768678181,46.14544541645581],[12.628111069268552,46.14634597797677],[12.627464721006557,46.14633255738226],[12.627406652646386,46.147683398720226],[12.628718727256016,46.147259956692245],[12.628680034675757,46.14816051829716],[12.628033664909445,46.14814710051567],[12.628014312665455,46.14859738104559]],[[12.631342817469076,46.146413026175225],[12.631989168486417,46.146426424860046],[12.632027804765805,46.14552586082519],[12.63138146427024,46.14551246255906],[12.631420109227435,46.14461189877531],[12.630127450655547,46.14458509212621],[12.630088784655886,46.145485655072264],[12.630735124233558,46.14549906064141],[12.631342817469076,46.146413026175225]],[[12.623838632918604,46.14039832334445],[12.625131187622111,46.14042519924115],[12.625150557853665,46.13997491900553],[12.62385801366849,46.13994804352875],[12.623838632918604,46.14039832334445]],[[12.622584862129768,46.13947087401145],[12.623877393956047,46.1394977636711],[12.623896773781286,46.1390474837715],[12.622604252472787,46.13902059453199],[12.622584862129768,46.13947087401145]],[[12.624562409230036,46.138610642763794],[12.625208665775904,46.13862407804703],[12.625247402080513,46.13772351719836],[12.624601156051865,46.137710082334955],[12.624562409230036,46.138610642763794]],[[12.616826803344352,46.13799885695108],[12.61747304910286,46.138012335830325],[12.617492480125817,46.137562057907786],[12.616846239625696,46.137548579239144],[12.616826803344352,46.13799885695108]],[[12.625247402080513,46.13772351719836],[12.625893648569061,46.13773694841127],[12.625913010769906,46.137286667714186],[12.625266769539792,46.137273236711124],[12.625247402080513,46.13772351719836]],[[12.627205494609296,46.13731351876899],[12.627851737218322,46.13732693882075],[12.627871083182281,46.13687665745251],[12.627224845831606,46.13686323761045],[12.627205494609296,46.13731351876899]],[[12.629809797990063,46.1369168950763],[12.630456037177492,46.13693030031674],[12.630514009202907,46.13557945344614],[12.629202228772382,46.136002922484856],[12.629809797990063,46.1369168950763]],[[12.63241406618706,46.1365202112592],[12.633060301950914,46.136533601688704],[12.633079604926627,46.13608331856127],[12.632433374420978,46.136069928340994],[12.63241406618706,46.1365202112592]],[[12.62926022957949,46.13465207661963],[12.629906442017836,46.13466548446298],[12.629945096401569,46.13376491992431],[12.631237501624542,46.13379172382299],[12.63125681761006,46.133341441071984],[12.62996442290191,46.13331463759209],[12.62998374894125,46.132864355218],[12.630629940808664,46.1328777585735],[12.630649261129864,46.132427475948056],[12.630003074519607,46.13241407280197],[12.630041724293418,46.13151350784421],[12.630687900389741,46.131526910571466],[12.630707219328444,46.131076627820335],[12.631999562383513,46.13110342190697],[12.632057484895544,46.129752572146224],[12.629472863698636,46.129698971886725],[12.629453535629517,46.13014925434471],[12.630099695497082,46.1301626600933],[12.630061048488898,46.131063225302505],[12.629414878108179,46.13104981913497],[12.629434207099369,46.1305995367608],[12.628141878228142,46.130572713895866],[12.628103198757975,46.13147327776409],[12.627457024497753,46.13145986043796],[12.627437678813845,46.13191014209957],[12.628710702675814,46.13238725556027],[12.62865269301422,46.13373810142554],[12.62929889447838,46.13375151249993],[12.62926022957949,46.13465207661963]],[[12.630649261129864,46.132427475948056],[12.631295448198864,46.13244087544429],[12.631314762802177,46.1319905925676],[12.63066858099022,46.131977193280726],[12.630649261129864,46.132427475948056]],[[12.630157662552612,46.12881181196524],[12.630803807110139,46.128825213436066],[12.630823123284209,46.128374930433516],[12.630176983982711,46.12836152917206],[12.630157662552612,46.12881181196524]]]},"properties":{"ndvi_class":"dense","color":"#238b45","area_m2":1891228}},{"type":"Feature","geometry":{"type":"Polygon","coordinates":[[[12.677649292349276,46.122125457846344],[12.677687151952275,46.12122486053017],[12.678333229801005,46.121237991678605],[12.678314305480006,46.121688290562695],[12.679606473034763,46.12171454232333],[12.679587558772205,46.122164841575966],[12.677649292349276,46.122125457846344]]]},"properties":{"ndvi_class":"dense","color":"#238b45","area_m2":10006}},{"type":"Feature","geometry":{"type":"Polygon","coordinates":[[[12.683464103739528,46.12224351051395],[12.683482986472356,46.12179321003213],[12.687378366802037,46.12142144462957],[12.686694570208934,46.1223089676157],[12.683464103739528,46.12224351051395]]]},"properties":{"ndvi_class":"sparse","color":"#c7e9c0","area_m2":20013}},{"type":"Feature","geometry":{"type":"Polygon","coordinates":[[[12.629859328285944,46.120693313926175],[12.629878646676604,46.12024303058812],[12.630524690932477,46.120256431729445],[12.63050537779558,46.12070671527687],[12.629859328285944,46.120693313926175]]]},"properties":{"ndvi_class":"moderate","color":"#74c476","area_m2":2502}},{"type":"Feature","geometry":{"type":"Polygon","coordinates":[[[12.63050537779558,46.12070671527687],[12.630524690932477,46.120256431729445],[12.631170735646847,46.12026982922245],[12.63115142776373,46.12072011297921],[12.63050537779558,46.12070671527687]]]},"properties":{"ndvi_class":"dense","color":"#238b45","area_m2":2502}},{"type":"Feature","geometry":{"type":"Polygon","coordinates":[[[12.637611952636087,46.12085388934099],[12.637631207980684,46.12040360349407],[12.638277257730342,46.120416960855245],[12.63825800763967,46.12086724691087],[12.637611952636087,46.12085388934099]]]},"properties":{"ndvi_class":"sparse","color":"#c7e9c0","area_m2":2502}},{"type":"Feature","geometry":{"type":"Polygon","coordinates":[[[12.63825800763967,46.12086724691087],[12.638277257730342,46.120416960855245],[12.638923307937008,46.120430314568026],[12.638904063100275,46.1208806008323],[12.63825800763967,46.12086724691087]]]},"properties":{"ndvi_class":"moderate","color":"#74c476","area_m2":2502}},{"type":"Feature","geometry":{"type":"Polygon","coordinates":[[[12.683482986472356,46.12179321003213],[12.683501868754822,46.12134290950869],[12.685440115762786,46.121382193489055],[12.685421249244989,46.12183249462631],[12.683482986472356,46.12179321003213]]]},"properties":{"ndvi_class":"bare","color":"#d9d9d9","area_m2":7505}},{"type":"Feature","geometry":{"type":"Polygon","coordinates":[[[12.688005605878997,46.12188482300017],[12.688024451377048,46.121434521045295],[12.688670536399483,46.121447593812114],[12.6886516961564,46.121897895971266],[12.688005605878997,46.12188482300017]]]},"properties":{"ndvi_class":"dense","color":"#238b45","area_m2":2502}},{"type":"Feature","geometry":{"type":"Polygon","coordinates":[[[12.636319844000477,46.12082716325594],[12.636358375245818,46.11992659235538],[12.637004418827313,46.119939956804494],[12.636965898089647,46.12084052812269],[12.636319844000477,46.12082716325594]]]},"properties":{"ndvi_class":"dense","color":"#238b45","area_m2":5003}},{"type":"Feature","geometry":{"type":"Polygon","coordinates":[[[12.630524690932477,46.120256431729445],[12.630544003608769,46.11980614814011],[12.631190043069488,46.11981954542378],[12.631170735646847,46.12026982922245],[12.630524690932477,46.120256431729445]]]},"properties":{"ndvi_class":"moderate","color":"#74c476","area_m2":2502}},{"type":"Feature","geometry":{"type":"Polygon","coordinates":[[[12.631170735646847,46.12026982922245],[12.631190043069488,46.11981954542378],[12.631836082988569,46.11983293905922],[12.631816780819596,46.12028322306714],[12.631170735646847,46.12026982922245]]]},"properties":{"ndvi_class":"dense","color":"#238b45","area_m2":2502}},{"type":"Feature","geometry":{"type":"Polygon","coordinates":[[[12.642799618767162,46.12051036022816],[12.64281883162174,46.120060072671365],[12.643464879770058,46.12007340063699],[12.643445672169387,46.12052368840203],[12.642799618767162,46.12051036022816]]]},"properties":{"ndvi_class":"dense","color":"#238b45","area_m2":2502}},{"type":"Feature","geometry":{"type":"Polygon","coordinates":[[[12.646675946018194,46.1205902745446],[12.646695127349115,46.120139985739186],[12.647341178231551,46.12015329181439],[12.64732200215462,46.12060358082771],[12.646675946018194,46.1205902745446]]]},"properties":{"ndvi_class":"dense","color":"#238b45","area_m2":2502}},{"type":"Feature","geometry":{"type":"Polygon","coordinates":[[[12.669288180860855,46.1210538235626],[12.669307178294137,46.12060352751444],[12.671245379873206,46.12064305169747],[12.67122639820334,46.1210933483632],[12.669288180860855,46.1210538235626]]]},"properties":{"ndvi_class":"dense","color":"#238b45","area_m2":7505}},{"type":"Feature","geometry":{"type":"Polygon","coordinates":[[[12.674456769452345,46.121159150056215],[12.674475724849582,46.12070885236235],[12.677060008931859,46.120761427217595],[12.677041074552964,46.12121172573294],[12.674456769452345,46.121159150056215]]]},"properties":{"ndvi_class":"sparse","color":"#c7e9c0","area_m2":10006}},{"type":"Feature","geometry":{"type":"Polygon","coordinates":[[[12.638904063100275,46.1208806008323],[12.638923307937008,46.120430314568026],[12.638277257730342,46.120416960855245],[12.638315756534386,46.11951638861839],[12.638961796233545,46.119529741913894],[12.639569358600552,46.12044366463241],[12.640861461297794,46.12047035381596],[12.640842232222964,46.12092064070584],[12.638904063100275,46.1208806008323]]]},"properties":{"ndvi_class":"dense","color":"#238b45","area_m2":15010}},{"type":"Feature","geometry":{"type":"Polygon","coordinates":[[[12.63894255231476,46.1199800282619],[12.638961796233545,46.119529741913894],[12.63960783638956,46.119543091561106],[12.639588597724478,46.11999337811769],[12.63894255231476,46.1199800282619]]]},"properties":{"ndvi_class":"moderate","color":"#74c476","area_m2":2502}},{"type":"Feature","geometry":{"type":"Polygon","coordinates":[[[12.664138660603937,46.1204979691528],[12.664157699618322,46.12004767471224],[12.666095874602734,46.1200872858436],[12.66607685135107,46.1205375809031],[12.664138660603937,46.1204979691528]]]},"properties":{"ndvi_class":"dense","color":"#238b45","area_m2":7505}},{"type":"Feature","geometry":{"type":"Polygon","coordinates":[[[12.678998226714024,46.12080082004738],[12.679017144877811,46.120350520874865],[12.680955350938707,46.120389880250876],[12.68093644853856,46.120840180038414],[12.678998226714024,46.12080082004738]]]},"properties":{"ndvi_class":"bare","color":"#d9d9d9","area_m2":7505}},{"type":"Feature","geometry":{"type":"Polygon","coordinates":[[[12.657601683402806,46.1221668619048],[12.65767805418002,46.120365692827264],[12.658324112784797,46.12037893687832],[12.65900833348307,46.119491591663895],[12.65965438248588,46.11950482800424],[12.65963530714723,46.1199551210404],[12.660946481849946,46.119531289739605],[12.66090835173401,46.12043187659711],[12.664138660603937,46.1204979691528],[12.664119621135463,46.12094826355163],[12.66799603822082,46.12102745545198],[12.667977029825309,46.121477751046434],[12.662162363007564,46.12135891208215],[12.662181418693491,46.12090861834451],[12.660243220323133,46.12086894029967],[12.660186004611043,46.12221981952748],[12.657601683402806,46.1221668619048]]]},"properties":{"ndvi_class":"sparse","color":"#c7e9c0","area_m2":92560}},{"type":"Feature","geometry":{"type":"Polygon","coordinates":[[[12.636965898089647,46.12084052812269],[12.637004418827313,46.119939956804494],[12.636358375245818,46.11992659235538],[12.636377640179285,46.11947630684227],[12.63768897125916,46.119052745702106],[12.637669717292207,46.11950303167462],[12.638315756534386,46.11951638861839],[12.638277257730342,46.120416960855245],[12.636965898089647,46.12084052812269]]]},"properties":{"ndvi_class":"moderate","color":"#74c476","area_m2":17511}},{"type":"Feature","geometry":{"type":"Polygon","coordinates":[[[12.644756977434557,46.12010004562307],[12.64479537024667,46.11919946913486],[12.645441409255085,46.11921278573918],[12.645403026950495,46.120113362643515],[12.644756977434557,46.12010004562307]]]},"properties":{"ndvi_class":"dense","color":"#238b45","area_m2":5003}},{"type":"Feature","geometry":{"type":"Polygon","coordinates":[[[12.638315756534386,46.11951638861839],[12.638335005247786,46.11906610243719],[12.63898103969338,46.11907945552405],[12.638961796233545,46.119529741913894],[12.638315756534386,46.11951638861839]]]},"properties":{"ndvi_class":"moderate","color":"#74c476","area_m2":2502}},{"type":"Feature","geometry":{"type":"Polygon","coordinates":[[[12.638961796233545,46.119529741913894],[12.63898103969338,46.11907945552405],[12.639627074595817,46.11909280496269],[12.63960783638956,46.119543091561106],[12.638961796233545,46.119529741913894]]]},"properties":{"ndvi_class":"dense","color":"#238b45","area_m2":2502}},{"type":"Feature","geometry":{"type":"Polygon","coordinates":[[[12.63960783638956,46.119543091561106],[12.639627074595817,46.11909280496269],[12.640273109954968,46.1191061507531],[12.640253877002305,46.119556437560036],[12.63960783638956,46.119543091561106]]]},"properties":{"ndvi_class":"moderate","color":"#74c476","area_m2":2502}},{"type":"Feature","geometry":{"type":"Polygon","coordinates":[[[12.65963530714723,46.1199551210404],[12.65965438248588,46.11950482800424],[12.660300431941545,46.119518060696144],[12.660281361856905,46.11996835393906],[12.65963530714723,46.1199551210404]]]},"properties":{"ndvi_class":"bare","color":"#d9d9d9","area_m2":2502}},{"type":"Feature","geometry":{"type":"Polygon","coordinates":[[[12.661573472634377,46.119994808790864],[12.66159253221096,46.119544515134606],[12.66223858302446,46.119557736881156],[12.662219528701925,46.120008030744],[12.661573472634377,46.119994808790864]]]},"properties":{"ndvi_class":"dense","color":"#238b45","area_m2":2502}},{"type":"Feature","geometry":{"type":"Polygon","coordinates":[[[12.677078942859167,46.120311128660575],[12.677097876334896,46.11986083006191],[12.67774393797073,46.119873964243475],[12.677725009749368,46.12032426304735],[12.677078942859167,46.120311128660575]]]},"properties":{"ndvi_class":"dense","color":"#238b45","area_m2":2502}},{"type":"Feature","geometry":{"type":"Polygon","coordinates":[[[12.690646441759357,46.120586184551144],[12.690665264890564,46.120135881654775],[12.691311335937131,46.12014893921384],[12.691292518060571,46.120599242314235],[12.690646441759357,46.120586184551144]]]},"properties":{"ndvi_class":"dense","color":"#238b45","area_m2":2502}},{"type":"Feature","geometry":{"type":"Polygon","coordinates":[[[12.691938594808558,46.12061229642851],[12.691957407430458,46.12016199312416],[12.692603479370423,46.120175043385686],[12.692584672003196,46.12062534689396],[12.691938594808558,46.12061229642851]]]},"properties":{"ndvi_class":"dense","color":"#238b45","area_m2":2502}},{"type":"Feature","geometry":{"type":"Polygon","coordinates":[[[12.649887075734032,46.12110705927781],[12.649906231251721,46.120656769475254],[12.649260173294985,46.120643477786125],[12.649944540916554,46.119756189744734],[12.651236637178194,46.11978276134712],[12.651255780817735,46.119332471004],[12.652547868389657,46.119359027597824],[12.652567001065202,46.11890873679797],[12.653859079946553,46.11893527838361],[12.653801712074172,46.12028615190195],[12.654447767957524,46.1202994178441],[12.654428649675374,46.1207497091406],[12.650552289663226,46.120670057515895],[12.65053313939972,46.121120347526066],[12.649887075734032,46.12110705927781]]]},"properties":{"ndvi_class":"dense","color":"#238b45","area_m2":52534}},{"type":"Feature","geometry":{"type":"Polygon","coordinates":[[[12.64671430822257,46.11968969689195],[12.64675266859714,46.11878911907205],[12.648690775326292,46.11882902448183],[12.648671611128613,46.119279314036206],[12.647379529013405,46.11925271366232],[12.647360353851141,46.11970300275925],[12.64671430822257,46.11968969689195]]]},"properties":{"ndvi_class":"sparse","color":"#c7e9c0","area_m2":10006}},{"type":"Feature","geometry":{"type":"Polygon","coordinates":[[[12.649317652868742,46.11929260875066],[12.649336811812764,46.11884231898856],[12.651274924000711,46.118882180619075],[12.651255780817735,46.119332471004],[12.649317652868742,46.11929260875066]]]},"properties":{"ndvi_class":"sparse","color":"#c7e9c0","area_m2":7505}},{"type":"Feature","geometry":{"type":"Polygon","coordinates":[[[12.63898103969338,46.11907945552405],[12.639019525236248,46.11817888261878],[12.639665549631903,46.11819223164027],[12.639627074595817,46.11909280496269],[12.63898103969338,46.11907945552405]]]},"properties":{"ndvi_class":"moderate","color":"#74c476","area_m2":5003}},{"type":"Feature","geometry":{"type":"Polygon","coordinates":[[[12.635124114398128,46.11854899710068],[12.635143388459786,46.11809871187975],[12.635789410112686,46.11811208278981],[12.635770141304274,46.11856236821965],[12.635124114398128,46.11854899710068]]]},"properties":{"ndvi_class":"moderate","color":"#74c476","area_m2":2502}},{"type":"Feature","geometry":{"type":"Polygon","coordinates":[[[12.659673457369587,46.11905453492632],[12.659692531798374,46.11860424180666],[12.660338570746399,46.118617474085056],[12.660319501571372,46.119067767411465],[12.659673457369587,46.11905453492632]]]},"properties":{"ndvi_class":"dense","color":"#238b45","area_m2":2502}},{"type":"Feature","geometry":{"type":"Polygon","coordinates":[[[12.632482123365888,46.11984632904637],[12.632501419820967,46.11939604478732],[12.631855384697204,46.119382655009375],[12.631893986733502,46.11848208678405],[12.633832061958682,46.11852224391837],[12.634516646119556,46.1176350522678],[12.635808678461563,46.1176617973181],[12.636416168667871,46.11857573569048],[12.639019525236248,46.11817888261878],[12.63898103969338,46.11907945552405],[12.638335005247786,46.11906610243719],[12.638315756534386,46.11951638861839],[12.63704293772762,46.119039385318814],[12.636358375245818,46.11992659235538],[12.634420247246025,46.119886477118186],[12.634439527940357,46.11943619223186],[12.63314745540283,46.11940943091707],[12.633128164201318,46.11985971538526],[12.632482123365888,46.11984632904637]],[[12.635124114398128,46.11854899710068],[12.635770141304274,46.11856236821965],[12.635789410112686,46.11811208278981],[12.635143388459786,46.11809871187975],[12.635124114398128,46.11854899710068]]]},"properties":{"ndvi_class":"dense","color":"#238b45","area_m2":77550}},{"type":"Feature","geometry":{"type":"Polygon","coordinates":[[[12.66288463429032,46.11957095497924],[12.662903682904478,46.119120660868106],[12.660965546225876,46.11908099624822],[12.661003673613724,46.11818040914027],[12.663587814726531,46.118233286350886],[12.663568772274658,46.118683580751934],[12.667445029026046,46.118762788356065],[12.667426017643246,46.11921308395299],[12.673240480513094,46.11933165094403],[12.673221515963743,46.11978194835186],[12.66288463429032,46.11957095497924]]]},"properties":{"ndvi_class":"sparse","color":"#c7e9c0","area_m2":75049}},{"type":"Feature","geometry":{"type":"Polygon","coordinates":[[[12.632578601039395,46.1175949073323],[12.632597895193602,46.1171446228638],[12.633243904509497,46.11715800794783],[12.633224615608235,46.11760829262546],[12.632578601039395,46.1175949073323]]]},"properties":{"ndvi_class":"dense","color":"#238b45","area_m2":2502}},{"type":"Feature","geometry":{"type":"Polygon","coordinates":[[[12.64743705175637,46.117901846120624],[12.64745622508946,46.117451556856416],[12.648748265177085,46.11747815556788],[12.648729102350515,46.11792844524767],[12.64743705175637,46.117901846120624]]]},"properties":{"ndvi_class":"moderate","color":"#74c476","area_m2":5003}},{"type":"Feature","geometry":{"type":"Polygon","coordinates":[[[12.639588597724478,46.11999337811769],[12.640273109954968,46.1191061507531],[12.639627074595817,46.11909280496269],[12.639058008943472,46.117278309546094],[12.64035003717888,46.117305003106786],[12.640369267838238,46.116854716090586],[12.641015277387833,46.11686805719048],[12.640976826116567,46.11776863159794],[12.64358011575465,46.117371673168236],[12.643484086912638,46.1196231128301],[12.640899918071657,46.11956977991066],[12.640880689914018,46.120020066884244],[12.639588597724478,46.11999337811769]]]},"properties":{"ndvi_class":"sparse","color":"#c7e9c0","area_m2":80052}},{"type":"Feature","geometry":{"type":"Polygon","coordinates":[[[12.68165810925594,46.1190520925185],[12.681714793932567,46.11770119191677],[12.682360832440978,46.117714299533766],[12.682304163526235,46.119065200749915],[12.68165810925594,46.1190520925185]]]},"properties":{"ndvi_class":"moderate","color":"#74c476","area_m2":7505}},{"type":"Feature","geometry":{"type":"Polygon","coordinates":[[[12.667464039955437,46.11831249271744],[12.668148089065342,46.11742508919482],[12.669440147641355,46.117451454009675],[12.66942115337942,46.11790175034974],[12.67265133397653,46.11796759957121],[12.672632365530264,46.118417896898464],[12.667464039955437,46.11831249271744]]]},"properties":{"ndvi_class":"dense","color":"#238b45","area_m2":25016}},{"type":"Feature","geometry":{"type":"Polygon","coordinates":[[[12.641642067240442,46.117331682075445],[12.641661287393825,46.116881394642405],[12.6423072978561,46.116894728446375],[12.642288082955721,46.11734501608774],[12.641642067240442,46.117331682075445]]]},"properties":{"ndvi_class":"dense","color":"#238b45","area_m2":2502}},{"type":"Feature","geometry":{"type":"Polygon","coordinates":[[[12.68933545640809,46.121010360525084],[12.689354290497752,46.12056005807852],[12.688062141024735,46.1205339170107],[12.688080985174398,46.120083614931005],[12.68937312413821,46.12010975559037],[12.689448454208325,46.1183085452218],[12.690094503343765,46.11832160926184],[12.690132155176105,46.117421003419715],[12.69077819425061,46.11743406340311],[12.690759373812822,46.11788436654904],[12.692051463809934,46.11791047597854],[12.692032653431333,46.11836077949082],[12.691386602955394,46.11834772639636],[12.690665264890564,46.120135881654775],[12.690019194290883,46.120122820446944],[12.689981537070127,46.12102342578993],[12.68933545640809,46.121010360525084]]]},"properties":{"ndvi_class":"sparse","color":"#c7e9c0","area_m2":45029}},{"type":"Feature","geometry":{"type":"Polygon","coordinates":[[[12.647417877966006,46.118352135342995],[12.64743705175637,46.117901846120624],[12.648729102350515,46.11792844524767],[12.648748265177085,46.11747815556788],[12.650040307084396,46.11750473968694],[12.650078610354123,46.116604159371214],[12.652016645106023,46.11664400694376],[12.65195923679506,46.11799487922247],[12.651313208997028,46.11798159972387],[12.651294066727138,46.11843189019237],[12.647417877966006,46.118352135342995]]]},"properties":{"ndvi_class":"dense","color":"#238b45","area_m2":42528}},{"type":"Feature","geometry":{"type":"Polygon","coordinates":[[[12.681049856177324,46.11813838068877],[12.681087655117366,46.117237780572424],[12.681733687923517,46.11725089163293],[12.681695899490995,46.118151492158994],[12.681049856177324,46.11813838068877]]]},"properties":{"ndvi_class":"sparse","color":"#c7e9c0","area_m2":5003}},{"type":"Feature","geometry":{"type":"Polygon","coordinates":[[[12.636493220132062,46.116774592884454],[12.63651248184965,46.11632430707826],[12.63715848340545,46.11633766985698],[12.637139226940638,46.11678795587198],[12.636493220132062,46.116774592884454]]]},"properties":{"ndvi_class":"moderate","color":"#74c476","area_m2":2502}},{"type":"Feature","geometry":{"type":"Polygon","coordinates":[[[12.642953308774523,46.11690805860234],[12.642972517963758,46.11645777071085],[12.643618524085298,46.116471097010624],[12.643599320148972,46.11692138511035],[12.642953308774523,46.11690805860234]]]},"properties":{"ndvi_class":"dense","color":"#238b45","area_m2":2502}},{"type":"Feature","geometry":{"type":"Polygon","coordinates":[[[12.646810205728341,46.11743825202856],[12.646829383857288,46.11698796293043],[12.646183370204565,46.11697465466243],[12.646202553129118,46.11652436573041],[12.647494570383879,46.116550978202575],[12.64745622508946,46.117451556856416],[12.646810205728341,46.11743825202856]]]},"properties":{"ndvi_class":"bare","color":"#d9d9d9","area_m2":7505}},{"type":"Feature","geometry":{"type":"Polygon","coordinates":[[[12.64546059972084,46.11876249722427],[12.64547978972892,46.11831220866753],[12.644187733181841,46.118285572642996],[12.644226132838053,46.11738499623641],[12.64551816837211,46.11741163142862],[12.645537357007248,46.11696134274643],[12.64489134426546,46.116948027182396],[12.64492973066866,46.11604745010862],[12.648805750914796,46.11612728627767],[12.649413443019748,46.11704115952216],[12.648767427546648,46.117027865846275],[12.648748265177085,46.11747815556788],[12.64745622508946,46.117451556856416],[12.64743705175637,46.117901846120624],[12.646145002982957,46.117875232401],[12.646106633931259,46.11877580997228],[12.64546059972084,46.11876249722427]],[[12.646810205728341,46.11743825202856],[12.64745622508946,46.117451556856416],[12.647494570383879,46.116550978202575],[12.646202553129118,46.11652436573041],[12.646810205728341,46.11743825202856]]]},"properties":{"ndvi_class":"sparse","color":"#c7e9c0","area_m2":60039}},{"type":"Feature","geometry":{"type":"Polygon","coordinates":[[[12.641034502335716,46.11641776992396],[12.641053726825115,46.11596748261563],[12.641699726325497,46.115980819650794],[12.641680507088841,46.11643110716751],[12.641034502335716,46.11641776992396]]]},"properties":{"ndvi_class":"sparse","color":"#c7e9c0","area_m2":2502}},{"type":"Feature","geometry":{"type":"Polygon","coordinates":[[[12.642972517963758,46.11645777071085],[12.642991726694884,46.11600748277753],[12.643637727563643,46.11602080886911],[12.643618524085298,46.116471097010624],[12.642972517963758,46.11645777071085]]]},"properties":{"ndvi_class":"moderate","color":"#74c476","area_m2":2502}},{"type":"Feature","geometry":{"type":"Polygon","coordinates":[[[12.643618524085298,46.116471097010624],[12.643637727563643,46.11602080886911],[12.644283728888274,46.11603413131281],[12.64426453066273,46.11648441966249],[12.643618524085298,46.116471097010624]]]},"properties":{"ndvi_class":"sparse","color":"#c7e9c0","area_m2":2502}},{"type":"Feature","geometry":{"type":"Polygon","coordinates":[[[12.692415385510694,46.12467807659738],[12.692453007871768,46.12377747028768],[12.691806893890918,46.12376441839474],[12.691863339833825,46.12241350923017],[12.692509438048404,46.12242656051131],[12.692584672003196,46.12062534689396],[12.693895624589763,46.12020113296244],[12.693970807538152,46.118399916882936],[12.694616859799678,46.1184129553832],[12.695338046252298,46.11662477186067],[12.695984078390167,46.116637802249365],[12.696002855452882,46.11618749734829],[12.69729491055858,46.11621354677359],[12.697257377000101,46.117114157348226],[12.696611338717023,46.11710113405276],[12.695890186358866,46.11888932613126],[12.695244127951053,46.11887629472454],[12.695187771594155,46.120227207944026],[12.694541697868889,46.120214172277635],[12.693820434468392,46.122002348376746],[12.69317434061598,46.12198930459755],[12.693061510449661,46.124691125248845],[12.692415385510694,46.12467807659738]]]},"properties":{"ndvi_class":"sparse","color":"#c7e9c0","area_m2":97563}},{"type":"Feature","geometry":{"type":"Polygon","coordinates":[[[12.637139226940638,46.11678795587198],[12.63715848340545,46.11633766985698],[12.63651248184965,46.11632430707826],[12.636551003906767,46.115423735340286],[12.637196994957394,46.115437097701445],[12.637216250044553,46.114986811560875],[12.638508223012163,46.11501352492256],[12.63845048788833,46.11636438447084],[12.637139226940638,46.11678795587198]]]},"properties":{"ndvi_class":"sparse","color":"#c7e9c0","area_m2":22515}},{"type":"Feature","geometry":{"type":"Polygon","coordinates":[[[12.6526626575987,46.11665728217189],[12.653346919459356,46.11576997119437],[12.65399292235433,46.11578323871187],[12.65401204087437,46.115332947163076],[12.655284929505772,46.11580976280307],[12.654600697801122,46.11669708596817],[12.6526626575987,46.11665728217189]]]},"properties":{"ndvi_class":"dense","color":"#238b45","area_m2":17511}},{"type":"Feature","geometry":{"type":"Polygon","coordinates":[[[12.689486116548528,46.11740793978792],[12.689523777092303,46.116507334187666],[12.690834652870887,46.11608315371581],[12.690797014239541,46.11698376021561],[12.689486116548528,46.11740793978792]]]},"properties":{"ndvi_class":"dense","color":"#238b45","area_m2":10006}},{"type":"Feature","geometry":{"type":"Polygon","coordinates":[[[12.642326512298231,46.11644444076313],[12.64171894510381,46.115530532092215],[12.641072950856048,46.11551719526544],[12.641092174428525,46.1150669078734],[12.643676133146437,46.11512023246051],[12.643637727563643,46.11602080886911],[12.642326512298231,46.11644444076313]]]},"properties":{"ndvi_class":"dense","color":"#238b45","area_m2":20013}},{"type":"Feature","geometry":{"type":"Polygon","coordinates":[[[12.644948923183676,46.11559716150898],[12.644968115240987,46.115146872867534],[12.645614106971726,46.115160187599386],[12.645594920166989,46.115610476448865],[12.644948923183676,46.11559716150898]]]},"properties":{"ndvi_class":"sparse","color":"#c7e9c0","area_m2":2502}},{"type":"Feature","geometry":{"type":"Polygon","coordinates":[[[12.682417497301262,46.116363397942905],[12.682436384687094,46.11591309732937],[12.683082402629795,46.11592620047899],[12.683063520497312,46.11637650129727],[12.682417497301262,46.116363397942905]]]},"properties":{"ndvi_class":"sparse","color":"#c7e9c0","area_m2":2502}},{"type":"Feature","geometry":{"type":"Polygon","coordinates":[[[12.683063520497312,46.11637650129727],[12.683082402629795,46.11592620047899],[12.684374439859853,46.115952395833745],[12.684355568234109,46.11640269706133],[12.683063520497312,46.11637650129727]]]},"properties":{"ndvi_class":"moderate","color":"#74c476","area_m2":5003}},{"type":"Feature","geometry":{"type":"Polygon","coordinates":[[[12.694692014560337,46.116611737823625],[12.694710802130269,46.11616143332981],[12.695356828568627,46.1161744671632],[12.695338046252298,46.11662477186067],[12.694692014560337,46.116611737823625]]]},"properties":{"ndvi_class":"dense","color":"#238b45","area_m2":2502}},{"type":"Feature","geometry":{"type":"Polygon","coordinates":[[[12.695338046252298,46.11662477186067],[12.695356828568627,46.1161744671632],[12.696002855452882,46.11618749734829],[12.695984078390167,46.116637802249365],[12.695338046252298,46.11662477186067]]]},"properties":{"ndvi_class":"moderate","color":"#74c476","area_m2":2502}},{"type":"Feature","geometry":{"type":"Polygon","coordinates":[[[12.67968212557398,46.11991334489636],[12.679701037581095,46.1194630454355],[12.679054979851795,46.11944992240489],[12.679149559391446,46.11719842550107],[12.679795590851205,46.11721154750649],[12.679871225349533,46.11541034841367],[12.68051723624478,46.115423465950926],[12.680479430403993,46.116324065990554],[12.681125452254479,46.11633718028955],[12.681049856177324,46.11813838068877],[12.681695899490995,46.118151492158994],[12.681620317218242,46.119952692711465],[12.67968212557398,46.11991334489636]]]},"properties":{"ndvi_class":"bare","color":"#d9d9d9","area_m2":67544}},{"type":"Feature","geometry":{"type":"Polygon","coordinates":[[[12.635827946350915,46.11721151180449],[12.635866480751107,46.11631094065168],[12.635220480109947,46.11629757057725],[12.635259023177332,46.115396999674736],[12.633967044277815,46.11537024941826],[12.63400560651604,46.114469679184154],[12.635297564406397,46.11449642860472],[12.635278294021646,46.11494671416066],[12.635924278905316,46.114960083608416],[12.635885747261973,46.11586065501249],[12.63653174310788,46.115874021230226],[12.636493220132062,46.116774592884454],[12.637139226940638,46.11678795587198],[12.63711997001658,46.117238241845065],[12.635827946350915,46.11721151180449]]]},"properties":{"ndvi_class":"dense","color":"#238b45","area_m2":27518}},{"type":"Feature","geometry":{"type":"Polygon","coordinates":[[[12.652681787536649,46.11620699112134],[12.652700917018379,46.115756700028975],[12.65205491503152,46.115743425215655],[12.6520931831317,46.11484284332041],[12.652739174613236,46.1148561177189],[12.652720046043903,46.11530640889483],[12.65401204087437,46.115332947163076],[12.653327795230487,46.1162202624941],[12.652681787536649,46.11620699112134]]]},"properties":{"ndvi_class":"moderate","color":"#74c476","area_m2":12508}},{"type":"Feature","geometry":{"type":"Polygon","coordinates":[[[12.640446185889603,46.11505356760726],[12.640465414255994,46.11460328038183],[12.64111139754256,46.11461662043952],[12.641092174428525,46.1150669078734],[12.640446185889603,46.11505356760726]]]},"properties":{"ndvi_class":"dense","color":"#238b45","area_m2":2502}},{"type":"Feature","geometry":{"type":"Polygon","coordinates":[[[12.658534037071025,46.11542571619379],[12.658553118366374,46.11497542315375],[12.659199114383254,46.11498866107399],[12.659180038340637,46.11543895432086],[12.658534037071025,46.11542571619379]]]},"properties":{"ndvi_class":"dense","color":"#238b45","area_m2":2502}},{"type":"Feature","geometry":{"type":"Polygon","coordinates":[[[12.681790367192777,46.11589999053158],[12.68180925938138,46.11544969008119],[12.683101284311961,46.11547589961908],[12.683082402629795,46.11592620047899],[12.681790367192777,46.11589999053158]]]},"properties":{"ndvi_class":"bare","color":"#d9d9d9","area_m2":5003}},{"type":"Feature","geometry":{"type":"Polygon","coordinates":[[[12.697940938779777,46.116226566013765],[12.697959699634131,46.11577626046069],[12.698605723047182,46.1157892758492],[12.698586967446369,46.11623958160564],[12.697940938779777,46.116226566013765]]]},"properties":{"ndvi_class":"sparse","color":"#c7e9c0","area_m2":2502}},{"type":"Feature","geometry":{"type":"Polygon","coordinates":[[[12.673335296475628,46.11708016327973],[12.673392180626255,46.115729270181],[12.674038192280252,46.11574242440423],[12.6740761022804,46.114841828385636],[12.67536810592629,46.11486812506612],[12.67534916165811,46.115318423507134],[12.6747031543573,46.11530527678546],[12.674627351753395,46.11710646931118],[12.673335296475628,46.11708016327973]]]},"properties":{"ndvi_class":"bare","color":"#d9d9d9","area_m2":22515}},{"type":"Feature","geometry":{"type":"Polygon","coordinates":[[[12.684374439859853,46.115952395833745],[12.684412181761152,46.11505179325371],[12.685058190541856,46.11506488504969],[12.68502045914696,46.11596548803887],[12.684374439859853,46.115952395833745]]]},"properties":{"ndvi_class":"moderate","color":"#74c476","area_m2":5003}},{"type":"Feature","geometry":{"type":"Polygon","coordinates":[[[12.692051463809934,46.11791047597854],[12.692126700838273,46.116109261513536],[12.69148067663126,46.1160962094388],[12.691518302960667,46.11519560236467],[12.6928103308078,46.11522170205025],[12.692753922161154,46.116572613822505],[12.693399952514643,46.11658565880454],[12.693381153989217,46.117035962849315],[12.692735118382044,46.11702291766345],[12.692697509478409,46.11792352522056],[12.692051463809934,46.11791047597854]]]},"properties":{"ndvi_class":"sparse","color":"#c7e9c0","area_m2":22515}},{"type":"Feature","geometry":{"type":"Polygon","coordinates":[[[12.637235504672518,46.11453652537844],[12.637254758841307,46.11408623915414],[12.637900734592177,46.114099597241406],[12.637881485675551,46.114549883674414],[12.637235504672518,46.11453652537844]]]},"properties":{"ndvi_class":"sparse","color":"#c7e9c0","area_m2":2502}},{"type":"Feature","geometry":{"type":"Polygon","coordinates":[[[12.644322123965848,46.11513355448791],[12.643714536897466,46.1142196558846],[12.645006497982546,46.11424629545915],[12.644968115240987,46.115146872867534],[12.644322123965848,46.11513355448791]]]},"properties":{"ndvi_class":"sparse","color":"#c7e9c0","area_m2":7505}},{"type":"Feature","geometry":{"type":"Polygon","coordinates":[[[12.660491107775442,46.11501512597086],[12.660510172857878,46.11456483226874],[12.661156164980289,46.11457805903869],[12.6611371051505,46.11502835294748],[12.660491107775442,46.11501512597086]]]},"properties":{"ndvi_class":"dense","color":"#238b45","area_m2":2502}},{"type":"Feature","geometry":{"type":"Polygon","coordinates":[[[12.689561435839757,46.11560672842102],[12.689580264539897,46.11515642547531],[12.690226276899997,46.11516948808656],[12.690207453453104,46.11561979123638],[12.689561435839757,46.11560672842102]]]},"properties":{"ndvi_class":"sparse","color":"#c7e9c0","area_m2":2502}},{"type":"Feature","geometry":{"type":"Polygon","coordinates":[[[12.651389773511498,46.116180437431915],[12.651408913498912,46.11573014675442],[12.650762912420669,46.115716864645314],[12.650820345401941,46.11436599298472],[12.652112316497327,46.1143925523101],[12.652131449406664,46.11394226125799],[12.654069393698888,46.11398207226601],[12.654050276546634,46.11443236394015],[12.654696264137568,46.114445627188005],[12.654658038970453,46.1153462108254],[12.652720046043903,46.11530640889483],[12.652739174613236,46.1148561177189],[12.6520931831317,46.11484284332041],[12.65205491503152,46.115743425215655],[12.652700917018379,46.115756700028975],[12.652681787536649,46.11620699112134],[12.651389773511498,46.116180437431915]]]},"properties":{"ndvi_class":"sparse","color":"#c7e9c0","area_m2":45029}},{"type":"Feature","geometry":{"type":"Polygon","coordinates":[[[12.646240917605793,46.11562378774093],[12.646260099157939,46.11517349868346],[12.645614106971726,46.115160187599386],[12.64565247920851,46.11425960977494],[12.64694444302666,46.114286227463516],[12.646963617954297,46.113835938072675],[12.647609595293995,46.11384924123759],[12.64753291384937,46.1156503993815],[12.646240917605793,46.11562378774093]]]},"properties":{"ndvi_class":"dense","color":"#238b45","area_m2":22515}},{"type":"Feature","geometry":{"type":"Polygon","coordinates":[[[12.683082402629795,46.11592620047899],[12.683120165543823,46.11502559871754],[12.684431052036736,46.11460149190125],[12.684374439859853,46.115952395833745],[12.683082402629795,46.11592620047899]]]},"properties":{"ndvi_class":"sparse","color":"#c7e9c0","area_m2":12508}},{"type":"Feature","geometry":{"type":"Polygon","coordinates":[[[12.657926208895358,46.11451188871076],[12.657945294533082,46.1140615957941],[12.658591279591926,46.11407483694841],[12.65857219920667,46.114525130071954],[12.657926208895358,46.11451188871076]]]},"properties":{"ndvi_class":"dense","color":"#238b45","area_m2":2502}},{"type":"Feature","geometry":{"type":"Polygon","coordinates":[[[12.659864181188054,46.114551601850955],[12.659883251068333,46.11410130831379],[12.66052923748565,46.114114538524845],[12.660510172857878,46.11456483226874],[12.659864181188054,46.114551601850955]]]},"properties":{"ndvi_class":"sparse","color":"#c7e9c0","area_m2":2502}},{"type":"Feature","geometry":{"type":"Polygon","coordinates":[[[12.660510172857878,46.11456483226874],[12.66052923748565,46.114114538524845],[12.661175224355537,46.114127765088156],[12.661156164980289,46.11457805903869],[12.660510172857878,46.11456483226874]]]},"properties":{"ndvi_class":"moderate","color":"#74c476","area_m2":2502}},{"type":"Feature","geometry":{"type":"Polygon","coordinates":[[[12.699270496805575,46.115351981588134],[12.699289246258488,46.114901675545276],[12.699935260055174,46.11491468323075],[12.699916515855579,46.11536498947685],[12.699270496805575,46.115351981588134]]]},"properties":{"ndvi_class":"sparse","color":"#c7e9c0","area_m2":2502}},{"type":"Feature","geometry":{"type":"Polygon","coordinates":[[[12.638527467135539,46.11456323832275],[12.638546710799988,46.11411295168108],[12.637900734592177,46.114099597241406],[12.638585196752159,46.11321237827215],[12.639231162912782,46.11322572864705],[12.63921192541809,46.11367601558103],[12.641149842395361,46.11371604544621],[12.640465414255994,46.11460328038183],[12.638527467135539,46.11456323832275]]]},"properties":{"ndvi_class":"dense","color":"#238b45","area_m2":22515}},{"type":"Feature","geometry":{"type":"Polygon","coordinates":[[[12.657945294533082,46.1140615957941],[12.657964379715654,46.113611302835686],[12.658610359522156,46.11362454378311],[12.658591279591926,46.11407483694841],[12.657945294533082,46.1140615957941]]]},"properties":{"ndvi_class":"moderate","color":"#74c476","area_m2":2502}},{"type":"Feature","geometry":{"type":"Polygon","coordinates":[[[12.671511075722398,46.114338893999836],[12.671530050602954,46.11388859670877],[12.672176039894953,46.1139017610534],[12.672157070267023,46.11435205855017],[12.671511075722398,46.114338893999836]]]},"properties":{"ndvi_class":"moderate","color":"#74c476","area_m2":2502}},{"type":"Feature","geometry":{"type":"Polygon","coordinates":[[[12.666894061485834,46.11649811862998],[12.666913075401526,46.11604782298889],[12.665621051955473,46.11602143022532],[12.66564007592373,46.11557113495491],[12.666286082167998,46.1155843329545],[12.666362152493473,46.11378315063081],[12.667673130257434,46.11335923793959],[12.667654124314682,46.11380953403702],[12.668300110902138,46.113822720268466],[12.668224103609278,46.115623905065284],[12.667578096010896,46.115610718009684],[12.667540079139155,46.11651130974578],[12.666894061485834,46.11649811862998]]]},"properties":{"ndvi_class":"bare","color":"#d9d9d9","area_m2":42528}},{"type":"Feature","geometry":{"type":"Polygon","coordinates":[[[12.635316834331595,46.1140461430069],[12.635374641350008,46.11269528596218],[12.636020599973687,46.112708654365534],[12.636001336678815,46.11315894029784],[12.637939231048327,46.11319902424978],[12.637919983049764,46.113649310766526],[12.635316834331595,46.1140461430069]]]},"properties":{"ndvi_class":"sparse","color":"#c7e9c0","area_m2":17511}},{"type":"Feature","geometry":{"type":"Polygon","coordinates":[[[12.691537115452366,46.11474529876523],[12.69222073703104,46.113857742496684],[12.693512734252705,46.11388383366291],[12.693475142133162,46.11478444220976],[12.691537115452366,46.11474529876523]]]},"properties":{"ndvi_class":"dense","color":"#238b45","area_m2":12508}},{"type":"Feature","geometry":{"type":"Polygon","coordinates":[[[12.650212657411814,46.11345212694954],[12.650231805164825,46.113001836436396],[12.650877774274353,46.11301512094796],[12.6508586317734,46.11346541166866],[12.650212657411814,46.11345212694954]]]},"properties":{"ndvi_class":"dense","color":"#238b45","area_m2":2502}},{"type":"Feature","geometry":{"type":"Polygon","coordinates":[[[12.672176039894953,46.1139017610534],[12.672195009070496,46.113451463514956],[12.672840993560305,46.11346462400614],[12.672822029637274,46.11391492175021],[12.672176039894953,46.1139017610534]]]},"properties":{"ndvi_class":"moderate","color":"#74c476","area_m2":2502}},{"type":"Feature","geometry":{"type":"Polygon","coordinates":[[[12.647609595293995,46.11384924123759],[12.647647933273346,46.112948661914764],[12.648959026109724,46.11252496633098],[12.648901551338453,46.11387583662453],[12.647609595293995,46.11384924123759]]]},"properties":{"ndvi_class":"sparse","color":"#c7e9c0","area_m2":12508}},{"type":"Feature","geometry":{"type":"Polygon","coordinates":[[[12.641795815633897,46.113729381439505],[12.641188285414557,46.112815470285554],[12.64183424814923,46.1128288058621],[12.641853463719519,46.11237851801062],[12.643145380053678,46.11240517780481],[12.643752938816837,46.11331907914135],[12.643106969462162,46.113305754299],[12.643087763479391,46.113756042483345],[12.641795815633897,46.113729381439505]]]},"properties":{"ndvi_class":"sparse","color":"#c7e9c0","area_m2":20013}},{"type":"Feature","geometry":{"type":"Polygon","coordinates":[[[12.670884061761399,46.11387542871631],[12.670922020669826,46.11297483442061],[12.671567999006534,46.11298800200157],[12.671530050602954,46.11388859670877],[12.670884061761399,46.11387542871631]]]},"properties":{"ndvi_class":"moderate","color":"#74c476","area_m2":5003}},{"type":"Feature","geometry":{"type":"Polygon","coordinates":[[[12.641188285414557,46.112815470285554],[12.64120750623659,46.11236518264243],[12.641853463719519,46.11237851801062],[12.64183424814923,46.1128288058621],[12.641188285414557,46.112815470285554]]]},"properties":{"ndvi_class":"moderate","color":"#74c476","area_m2":2502}},{"type":"Feature","geometry":{"type":"Polygon","coordinates":[[[12.666362152493473,46.11378315063081],[12.665754210206206,46.11286936245632],[12.66769213574694,46.11290894180044],[12.667673130257434,46.11335923793959],[12.666362152493473,46.11378315063081]]]},"properties":{"ndvi_class":"sparse","color":"#c7e9c0","area_m2":10006}},{"type":"Feature","geometry":{"type":"Polygon","coordinates":[[[12.64120750623659,46.11236518264243],[12.641226726600262,46.11191489495747],[12.641872678831572,46.111928230117314],[12.641853463719519,46.11237851801062],[12.64120750623659,46.11236518264243]]]},"properties":{"ndvi_class":"dense","color":"#238b45","area_m2":2502}},{"type":"Feature","geometry":{"type":"Polygon","coordinates":[[[12.695356828568627,46.1161744671632],[12.696077959225711,46.114386277328386],[12.696723965542482,46.114399303051044],[12.696761504236378,46.11349869238468],[12.697407500492837,46.113511714052336],[12.69744502689088,46.11261110281279],[12.698091013087351,46.11262412042567],[12.698015979512675,46.11442534355214],[12.698661987165853,46.11443835833056],[12.69862447820069,46.115338970051205],[12.696686425058026,46.11529991355118],[12.696667654144306,46.11575021873892],[12.695356828568627,46.1161744671632]]]},"properties":{"ndvi_class":"dense","color":"#238b45","area_m2":42528}},{"type":"Feature","geometry":{"type":"Polygon","coordinates":[[[12.669611075615586,46.11339878507264],[12.66966804345476,46.112047894676394],[12.670314010385962,46.11206106914105],[12.670257058303415,46.113411960154835],[12.669611075615586,46.11339878507264]]]},"properties":{"ndvi_class":"dense","color":"#238b45","area_m2":7505}},{"type":"Feature","geometry":{"type":"Polygon","coordinates":[[[12.645025688666824,46.11379600669222],[12.6450832579738,46.11244514014048],[12.643791338904657,46.11241850223079],[12.643810538261771,46.11196821371275],[12.645748401793767,46.11200816448194],[12.64576758493835,46.11155787529787],[12.647059485733607,46.11158449049125],[12.647001966437754,46.112935359165554],[12.646356000057322,46.11292205276884],[12.645671664640588,46.11380932079999],[12.645025688666824,46.11379600669222]]]},"properties":{"ndvi_class":"dense","color":"#238b45","area_m2":32521}},{"type":"Feature","geometry":{"type":"Polygon","coordinates":[[[12.670276042783664,46.11296166319194],[12.670314010385962,46.11206106914105],[12.670959977767806,46.11207423995812],[12.670922020669826,46.11297483442061],[12.670276042783664,46.11296166319194]]]},"properties":{"ndvi_class":"moderate","color":"#74c476","area_m2":5003}},{"type":"Feature","geometry":{"type":"Polygon","coordinates":[[[12.639250399948715,46.11277544167122],[12.639288872644347,46.11187486759397],[12.638642922238795,46.11186151784484],[12.638662163149961,46.11141123095201],[12.6399540539148,46.11143792638587],[12.639934823506527,46.1118882136958],[12.641245946505586,46.11146460723067],[12.641188285414557,46.112815470285554],[12.639250399948715,46.11277544167122]]]},"properties":{"ndvi_class":"sparse","color":"#c7e9c0","area_m2":22515}},{"type":"Feature","geometry":{"type":"Polygon","coordinates":[[[12.639934823506527,46.1118882136958],[12.6399540539148,46.11143792638587],[12.64059999998201,46.11145126863191],[12.640580774825205,46.1119015561503],[12.639934823506527,46.1118882136958]]]},"properties":{"ndvi_class":"bare","color":"#d9d9d9","area_m2":2502}},{"type":"Feature","geometry":{"type":"Polygon","coordinates":[[[12.641226726600262,46.11191489495747],[12.641245946505586,46.11146460723067],[12.641891893485402,46.11147794218216],[12.641872678831572,46.111928230117314],[12.641226726600262,46.11191489495747]]]},"properties":{"ndvi_class":"moderate","color":"#74c476","area_m2":2502}},{"type":"Feature","geometry":{"type":"Polygon","coordinates":[[[12.641872678831572,46.111928230117314],[12.641891893485402,46.11147794218216],[12.643183788813253,46.111504601143274],[12.64316458466245,46.11195488949495],[12.641872678831572,46.111928230117314]]]},"properties":{"ndvi_class":"dense","color":"#238b45","area_m2":5003}},{"type":"Feature","geometry":{"type":"Polygon","coordinates":[[[12.652188845397072,46.11259138785098],[12.651581152846749,46.11167752877656],[12.653519016997178,46.111717347616775],[12.653480776291943,46.11261793092649],[12.652188845397072,46.11259138785098]]]},"properties":{"ndvi_class":"dense","color":"#238b45","area_m2":12508}},{"type":"Feature","geometry":{"type":"Polygon","coordinates":[[[12.636020599973687,46.112708654365534],[12.636039862809188,46.11225836839133],[12.636685816638503,46.11227173293848],[12.636724330428542,46.11137116044684],[12.638035464156223,46.11094759103815],[12.637977725668426,46.112298451090716],[12.638623680868779,46.1123118046958],[12.638604439039906,46.11276209150491],[12.636020599973687,46.112708654365534]]]},"properties":{"ndvi_class":"dense","color":"#238b45","area_m2":22515}},{"type":"Feature","geometry":{"type":"Polygon","coordinates":[[[12.64059999998201,46.11145126863191],[12.640619224680359,46.111000981071676],[12.641265165952579,46.11101431946203],[12.641245946505586,46.11146460723067],[12.64059999998201,46.11145126863191]]]},"properties":{"ndvi_class":"bare","color":"#d9d9d9","area_m2":2502}},{"type":"Feature","geometry":{"type":"Polygon","coordinates":[[[12.670922020669826,46.11297483442061],[12.670959977767806,46.11207423995812],[12.670314010385962,46.11206106914105],[12.67033299350804,46.111610772053055],[12.671624918218287,46.1116371096281],[12.671567999006534,46.11298800200157],[12.670922020669826,46.11297483442061]]]},"properties":{"ndvi_class":"sparse","color":"#c7e9c0","area_m2":10006}},{"type":"Feature","geometry":{"type":"Polygon","coordinates":[[[12.694842302574651,46.11300930070917],[12.694898653188076,46.111658386105354],[12.695544627097306,46.11167141790234],[12.696153055834317,46.11258505664347],[12.694842302574651,46.11300930070917]]]},"properties":{"ndvi_class":"dense","color":"#238b45","area_m2":10006}},{"type":"Feature","geometry":{"type":"Polygon","coordinates":[[[12.699364239598758,46.11310045095843],[12.699420479909369,46.11174953208205],[12.70006645693633,46.111762538344884],[12.700010232383422,46.113113457830934],[12.699364239598758,46.11310045095843]]]},"properties":{"ndvi_class":"sparse","color":"#c7e9c0","area_m2":7505}},{"type":"Feature","geometry":{"type":"Polygon","coordinates":[[[12.665146287564768,46.11195557129221],[12.665830290655443,46.11106817995624],[12.666476244376549,46.11108137589384],[12.666457230196364,46.11153167178763],[12.667749149496082,46.11155805313277],[12.667730145366251,46.11200834939702],[12.665146287564768,46.11195557129221]]]},"properties":{"ndvi_class":"dense","color":"#238b45","area_m2":12508}},{"type":"Feature","geometry":{"type":"Polygon","coordinates":[[[12.698091013087351,46.11262412042567],[12.698128527190619,46.11172350861312],[12.698774503327423,46.11173652217146],[12.698736999729112,46.112637134390695],[12.698091013087351,46.11262412042567]]]},"properties":{"ndvi_class":"dense","color":"#238b45","area_m2":5003}},{"type":"Feature","geometry":{"type":"Polygon","coordinates":[[[12.647078657917788,46.11113420084953],[12.647097829644776,46.11068391116598],[12.64774377022229,46.110697212876],[12.647724603746669,46.11114750276737],[12.647078657917788,46.11113420084953]]]},"properties":{"ndvi_class":"sparse","color":"#c7e9c0","area_m2":2502}},{"type":"Feature","geometry":{"type":"Polygon","coordinates":[[[12.650954339713307,46.111213957647166],[12.650973479931901,46.11076366671747],[12.652911311210822,46.11080349525524],[12.652892186746609,46.11125378680723],[12.650954339713307,46.111213957647166]]]},"properties":{"ndvi_class":"bare","color":"#d9d9d9","area_m2":7505}},{"type":"Feature","geometry":{"type":"Polygon","coordinates":[[[12.669687031828797,46.111597597794244],[12.669706019750011,46.1111473008704],[12.67035197617742,46.11116047492337],[12.67033299350804,46.111610772053055],[12.669687031828797,46.111597597794244]]]},"properties":{"ndvi_class":"sparse","color":"#c7e9c0","area_m2":2502}},{"type":"Feature","geometry":{"type":"Polygon","coordinates":[[[12.671530050602954,46.11388859670877],[12.671605945600167,46.11208740712761],[12.672251913882922,46.11210057064952],[12.672308814624333,46.110749677408926],[12.673600721029159,46.110775992276416],[12.673581765071209,46.111226290476125],[12.672935806391965,46.11121313466053],[12.672840993560305,46.11346462400614],[12.671530050602954,46.11388859670877]]]},"properties":{"ndvi_class":"dense","color":"#238b45","area_m2":27518}},{"type":"Feature","geometry":{"type":"Polygon","coordinates":[[[12.648997340339578,46.11162438592626],[12.649054808258143,46.11027351500566],[12.649700744948907,46.110286805566304],[12.649643292784562,46.11163767710989],[12.648997340339578,46.11162438592626]]]},"properties":{"ndvi_class":"dense","color":"#238b45","area_m2":7505}},{"type":"Feature","geometry":{"type":"Polygon","coordinates":[[[12.656748799657086,46.11178363940226],[12.656786986022592,46.11088305385391],[12.657432933411574,46.11089630085475],[12.657452020659917,46.11044600781096],[12.658743906294143,46.11047249045687],[12.658724829548724,46.11092278391445],[12.658078881253662,46.11090954420826],[12.658040715894698,46.111810130584445],[12.656748799657086,46.11178363940226]]]},"properties":{"ndvi_class":"sparse","color":"#c7e9c0","area_m2":15010}},{"type":"Feature","geometry":{"type":"Polygon","coordinates":[[[12.671605945600167,46.11208740712761],[12.6716628620972,46.110736514504026],[12.672308814624333,46.110749677408926],[12.672251913882922,46.11210057064952],[12.671605945600167,46.11208740712761]]]},"properties":{"ndvi_class":"moderate","color":"#74c476","area_m2":7505}},{"type":"Feature","geometry":{"type":"Polygon","coordinates":[[[12.67033299350804,46.111610772053055],[12.670370958394118,46.110710177752],[12.6716628620972,46.110736514504026],[12.671624918218287,46.1116371096281],[12.67033299350804,46.111610772053055]]]},"properties":{"ndvi_class":"bare","color":"#d9d9d9","area_m2":10006}},{"type":"Feature","geometry":{"type":"Polygon","coordinates":[[[12.63934657824742,46.1105240061642],[12.639365812531063,46.110073718937244],[12.640011742388175,46.110087064205],[12.63999251335561,46.110537351640474],[12.63934657824742,46.1105240061642]]]},"properties":{"ndvi_class":"moderate","color":"#74c476","area_m2":2502}},{"type":"Feature","geometry":{"type":"Polygon","coordinates":[[[12.6399540539148,46.11143792638587],[12.63934657824742,46.1105240061642],[12.641968747518778,46.10967679002315],[12.642537840921333,46.111491273486365],[12.641245946505586,46.11146460723067],[12.641265165952579,46.11101431946203],[12.6399540539148,46.11143792638587]]]},"properties":{"ndvi_class":"sparse","color":"#c7e9c0","area_m2":30019}},{"type":"Feature","geometry":{"type":"Polygon","coordinates":[[[12.693512734252705,46.11388383366291],[12.693569119070174,46.11253292053081],[12.691004004497024,46.11203042240814],[12.691041633255704,46.11112981499341],[12.691687599235593,46.11114286847264],[12.6917064076899,46.110692564498926],[12.693644292551904,46.11073170243931],[12.69362549985374,46.11118200702455],[12.69427146761887,46.111195045913256],[12.694196313353922,46.11299626465339],[12.694842302574651,46.11300930070917],[12.69482351814091,46.11345960549397],[12.693512734252705,46.11388383366291]]]},"properties":{"ndvi_class":"sparse","color":"#c7e9c0","area_m2":50032}},{"type":"Feature","geometry":{"type":"Polygon","coordinates":[[[12.669706019750011,46.1111473008704],[12.669743994234029,46.110246706897634],[12.670389940158145,46.110259880538926],[12.67035197617742,46.11116047492337],[12.669706019750011,46.1111473008704]]]},"properties":{"ndvi_class":"moderate","color":"#74c476","area_m2":5003}},{"type":"Feature","geometry":{"type":"Polygon","coordinates":[[[12.70006645693633,46.111762538344884],[12.700103937736907,46.11086192514648],[12.700749904704226,46.11087492735521],[12.700712434408187,46.11177554095995],[12.70006645693633,46.111762538344884]]]},"properties":{"ndvi_class":"sparse","color":"#c7e9c0","area_m2":5003}},{"type":"Feature","geometry":{"type":"Polygon","coordinates":[[[12.668395109822693,46.1115712383341],[12.668414108247537,46.1111209418221],[12.669060063773342,46.111134123169975],[12.668452103738062,46.110220348673025],[12.669743994234029,46.110246706897634],[12.669687031828797,46.111597597794244],[12.668395109822693,46.1115712383341]]]},"properties":{"ndvi_class":"dense","color":"#238b45","area_m2":12508}},{"type":"Feature","geometry":{"type":"Polygon","coordinates":[[[12.661916475475683,46.111889516591916],[12.662011727915125,46.10963804413672],[12.662657663171176,46.109651261339174],[12.66261957406102,46.11055185085951],[12.663265520271889,46.11056506482767],[12.663208398955412,46.11191594941455],[12.661916475475683,46.111889516591916]]]},"properties":{"ndvi_class":"bare","color":"#d9d9d9","area_m2":20013}},{"type":"Feature","geometry":{"type":"Polygon","coordinates":[[[12.664424198147785,46.113743548163264],[12.665108235928873,46.11285616204631],[12.663816288729326,46.1128297502834],[12.663854361373353,46.11192916035462],[12.664500324243178,46.11194236764717],[12.664557414049414,46.110591481822],[12.665830290655443,46.11106817995624],[12.665146287564768,46.11195557129221],[12.667730145366251,46.11200834939702],[12.667749149496082,46.11155805313277],[12.666457230196364,46.11153167178763],[12.666514271376633,46.11018078398114],[12.66716021504594,46.11019397585909],[12.667179222614472,46.109743679634065],[12.66976298079686,46.1097964098487],[12.669743994234029,46.110246706897634],[12.668452103738062,46.110220348673025],[12.668433106219322,46.11067064526842],[12.669079056493445,46.11068382641034],[12.668395109822693,46.1115712383341],[12.67033299350804,46.111610772053055],[12.670314010385962,46.11206106914105],[12.66966804345476,46.112047894676394],[12.669611075615586,46.11339878507264],[12.670257058303415,46.113411960154835],[12.670238073370419,46.11386225707605],[12.668946097940662,46.113835902852124],[12.669022076974324,46.11203471656416],[12.66837611094478,46.11202153480437],[12.668319111592472,46.11337242396501],[12.667673130257434,46.11335923793959],[12.66769213574694,46.11290894180044],[12.665754210206206,46.11286936245632],[12.666362152493473,46.11378315063081],[12.664424198147785,46.113743548163264]]]},"properties":{"ndvi_class":"moderate","color":"#74c476","area_m2":115075}},{"type":"Feature","geometry":{"type":"Polygon","coordinates":[[[12.638681403602297,46.11096094401733],[12.638700643595813,46.110510657040784],[12.638054709400915,46.11049730427023],[12.638112442381464,46.109146443715346],[12.63938504635604,46.10962343166841],[12.639327343505094,46.11097429334931],[12.638681403602297,46.11096094401733]]]},"properties":{"ndvi_class":"dense","color":"#238b45","area_m2":15010}},{"type":"Feature","geometry":{"type":"Polygon","coordinates":[[[12.640011742388175,46.110087064205],[12.640050199077692,46.10918648920849],[12.64069611888944,46.10919983041225],[12.641303603471618,46.11011374379922],[12.640011742388175,46.110087064205]]]},"properties":{"ndvi_class":"bare","color":"#d9d9d9","area_m2":7505}},{"type":"Feature","geometry":{"type":"Polygon","coordinates":[[[12.653595492936244,46.10991618049597],[12.653614610781213,46.10946588861132],[12.654260540149066,46.10947915322695],[12.654241427555222,46.10992944531885],[12.653595492936244,46.10991618049597]]]},"properties":{"ndvi_class":"moderate","color":"#74c476","area_m2":2502}},{"type":"Feature","geometry":{"type":"Polygon","coordinates":[[[12.700749904704226,46.11087492735521],[12.700768639182066,46.11042462049054],[12.701414601342034,46.11043761884852],[12.701395872116288,46.110887925916295],[12.700749904704226,46.11087492735521]]]},"properties":{"ndvi_class":"sparse","color":"#c7e9c0","area_m2":2502}},{"type":"Feature","geometry":{"type":"Polygon","coordinates":[[[12.639365812531063,46.110073718937244],[12.639423512630046,46.10872285700521],[12.641361256313019,46.10876287999115],[12.641322821543692,46.109663455905036],[12.640050199077692,46.10918648920849],[12.640011742388175,46.110087064205],[12.639365812531063,46.110073718937244]]]},"properties":{"ndvi_class":"sparse","color":"#c7e9c0","area_m2":15010}},{"type":"Feature","geometry":{"type":"Polygon","coordinates":[[[12.648408872022081,46.110260220797834],[12.648428032332475,46.109809930615064],[12.645844312942227,46.10975671814341],[12.645882674199683,46.10885613931526],[12.646528592862781,46.108869447487955],[12.646509417713586,46.10931973713089],[12.648447192185964,46.10935964039049],[12.64846635158256,46.10890935012411],[12.649112272065565,46.10892264370881],[12.649054808258143,46.11027351500566],[12.648408872022081,46.110260220797834]]]},"properties":{"ndvi_class":"sparse","color":"#c7e9c0","area_m2":20013}},{"type":"Feature","geometry":{"type":"Polygon","coordinates":[[[12.645217570341014,46.10929311672257],[12.645236755991872,46.10884282749557],[12.645882674199683,46.10885613931526],[12.64586349379965,46.109306428750244],[12.645217570341014,46.10929311672257]]]},"properties":{"ndvi_class":"moderate","color":"#74c476","area_m2":2502}},{"type":"Feature","geometry":{"type":"Polygon","coordinates":[[[12.701414601342034,46.11043761884852],[12.701433330121132,46.109987311739204],[12.702079287473723,46.11000030624653],[12.702060563946604,46.11045061355889],[12.701414601342034,46.11043761884852]]]},"properties":{"ndvi_class":"sparse","color":"#c7e9c0","area_m2":2502}},{"type":"Feature","geometry":{"type":"Polygon","coordinates":[[[12.68283689977793,46.12178010786956],[12.682855787315257,46.12132980755085],[12.678979308099024,46.12125111917824],[12.678998226714024,46.12080082004738],[12.67835215367065,46.120787692752856],[12.67844676624906,46.118536197499324],[12.676508628628753,46.11849679680161],[12.67652756555217,46.118046498241554],[12.67394340936847,46.117993913721435],[12.67396236685504,46.11754361594135],[12.672024270203497,46.1175041398603],[12.672043242998525,46.11705384265532],[12.667521070023275,46.11696160555124],[12.667578096010896,46.115610718009684],[12.668224103609278,46.115623905065284],[12.668300110902138,46.113822720268466],[12.667654124314682,46.11380953403702],[12.667673130257434,46.11335923793959],[12.668319111592472,46.11337242396501],[12.66837611094478,46.11202153480437],[12.669022076974324,46.11203471656416],[12.668946097940662,46.113835902852124],[12.670238073370419,46.11386225707605],[12.670276042783664,46.11296166319194],[12.670922020669826,46.11297483442061],[12.670884061761399,46.11387542871631],[12.672157070267023,46.11435205855017],[12.672176039894953,46.1139017610534],[12.672822029637274,46.11391492175021],[12.672878920049627,46.11256402839293],[12.673524894484943,46.1125771848252],[12.673562808661197,46.111676588634154],[12.676146668884588,46.11172917624312],[12.676241341380514,46.109477680928],[12.676887281301862,46.10949081768497],[12.676906209195135,46.10904051829171],[12.677552144314443,46.10905365119619],[12.677533221672526,46.10950395079464],[12.68011698764588,46.109556446760195],[12.680079183020872,46.110457047472664],[12.679433230350986,46.11044392854231],[12.679357594683593,46.11224512864756],[12.680630642948271,46.11272166483261],[12.681125452254479,46.11633718028955],[12.680479430403993,46.116324065990554],[12.68051723624478,46.115423465950926],[12.679871225349533,46.11541034841367],[12.679795590851205,46.11721154750649],[12.679149559391446,46.11719842550107],[12.679054979851795,46.11944992240489],[12.679701037581095,46.1194630454355],[12.67968212557398,46.11991334489636],[12.681620317218242,46.119952692711465],[12.68165810925594,46.1190520925185],[12.682304163526235,46.119065200749915],[12.682228598665686,46.120866401788575],[12.684812904301308,46.120918801503464],[12.684794032978711,46.12136910247779],[12.683501868754822,46.12134290950869],[12.683482986472356,46.12179321003213],[12.68283689977793,46.12178010786956]],[[12.678998226714024,46.12080082004738],[12.68093644853856,46.120840180038414],[12.680955350938707,46.120389880250876],[12.679017144877811,46.120350520874865],[12.678998226714024,46.12080082004738]],[[12.673335296475628,46.11708016327973],[12.674627351753395,46.11710646931118],[12.6747031543573,46.11530527678546],[12.67534916165811,46.115318423507134],[12.67536810592629,46.11486812506612],[12.6740761022804,46.114841828385636],[12.674038192280252,46.11574242440423],[12.673392180626255,46.115729270181],[12.673335296475628,46.11708016327973]]]},"properties":{"ndvi_class":"sparse","color":"#c7e9c0","area_m2":660429}},{"type":"Feature","geometry":{"type":"Polygon","coordinates":[[[12.658743906294143,46.11047249045687],[12.658136125879205,46.10955866433084],[12.658782058420238,46.109571903416445],[12.659466131218519,46.10868455123386],[12.6607579775599,46.10871101034233],[12.660700798677867,46.1100618929515],[12.660054859527506,46.11004866460075],[12.660035793739732,46.11049895851364],[12.658743906294143,46.11047249045687]]]},"properties":{"ndvi_class":"dense","color":"#238b45","area_m2":27518}},{"type":"Feature","geometry":{"type":"Polygon","coordinates":[[[12.692352368864249,46.11070561412663],[12.692408775780669,46.10935470134432],[12.693054721645984,46.10936774671294],[12.693663084801907,46.1102813978125],[12.692352368864249,46.11070561412663]]]},"properties":{"ndvi_class":"dense","color":"#238b45","area_m2":10006}},{"type":"Feature","geometry":{"type":"Polygon","coordinates":[[[12.64973904410844,46.109386224328226],[12.649777341441407,46.10848564292297],[12.650423257582826,46.108498929006046],[12.651030897849138,46.10941279367766],[12.64973904410844,46.109386224328226]]]},"properties":{"ndvi_class":"dense","color":"#238b45","area_m2":7505}},{"type":"Feature","geometry":{"type":"Polygon","coordinates":[[[12.644590838239473,46.108829512028905],[12.644610028683518,46.10837922296813],[12.64525594118523,46.10839253822675],[12.645236755991872,46.10884282749557],[12.644590838239473,46.108829512028905]]]},"properties":{"ndvi_class":"moderate","color":"#74c476","area_m2":2502}},{"type":"Feature","geometry":{"type":"Polygon","coordinates":[[[12.645236755991872,46.10884282749557],[12.64525594118523,46.10839253822675],[12.645901854142341,46.108405849838455],[12.645882674199683,46.10885613931526],[12.645236755991872,46.10884282749557]]]},"properties":{"ndvi_class":"sparse","color":"#c7e9c0","area_m2":2502}},{"type":"Feature","geometry":{"type":"Polygon","coordinates":[[[12.689141396471863,46.11019002631337],[12.689197880817638,46.108839116466385],[12.690489758026422,46.10886523962198],[12.690470940863136,46.10931554335408],[12.689824996783848,46.10930248339588],[12.689787350607672,46.11020309032719],[12.689141396471863,46.11019002631337]]]},"properties":{"ndvi_class":"moderate","color":"#74c476","area_m2":10006}},{"type":"Feature","geometry":{"type":"Polygon","coordinates":[[[12.638131685790515,46.108696156779985],[12.638170171232003,46.1077955827837],[12.638816073922461,46.10780893430255],[12.638777598981953,46.10870950871605],[12.638131685790515,46.108696156779985]]]},"properties":{"ndvi_class":"sparse","color":"#c7e9c0","area_m2":5003}},{"type":"Feature","geometry":{"type":"Polygon","coordinates":[[[12.637505021256572,46.10823251442847],[12.637524268998298,46.10778222761807],[12.638170171232003,46.1077955827837],[12.638150928740691,46.108245869802786],[12.637505021256572,46.10823251442847]]]},"properties":{"ndvi_class":"moderate","color":"#74c476","area_m2":2502}},{"type":"Feature","geometry":{"type":"Polygon","coordinates":[[[12.644610028683518,46.10837922296813],[12.644629218669948,46.10792893386553],[12.645275125921097,46.1079422489161],[12.64525594118523,46.10839253822675],[12.644610028683518,46.10837922296813]]]},"properties":{"ndvi_class":"sparse","color":"#c7e9c0","area_m2":2502}},{"type":"Feature","geometry":{"type":"Polygon","coordinates":[[[12.658174286687792,46.108658077537115],[12.658193366409595,46.1082077840776],[12.658839283197722,46.10822102254266],[12.658820208726763,46.10867131620901],[12.658174286687792,46.108658077537115]]]},"properties":{"ndvi_class":"bare","color":"#d9d9d9","area_m2":2502}},{"type":"Feature","geometry":{"type":"Polygon","coordinates":[[[12.658040715894698,46.111810130584445],[12.658078881253662,46.11090954420826],[12.660700798677867,46.1100618929515],[12.6607579775599,46.10871101034233],[12.659466131218519,46.10868455123386],[12.65948520043862,46.108234257360714],[12.66142295487672,46.10827393993279],[12.66130862725628,46.11097570626566],[12.660662677150546,46.110962481148896],[12.660643615705055,46.11141277518498],[12.659351706347898,46.11138631359592],[12.659332633944333,46.11183660717681],[12.658040715894698,46.111810130584445]]]},"properties":{"ndvi_class":"moderate","color":"#74c476","area_m2":45029}},{"type":"Feature","geometry":{"type":"Polygon","coordinates":[[[12.664633527437998,46.10879030013763],[12.664652554650756,46.108340004612224],[12.665944397722825,46.10836640495461],[12.665925381012032,46.10881670089251],[12.664633527437998,46.10879030013763]]]},"properties":{"ndvi_class":"moderate","color":"#74c476","area_m2":5003}},{"type":"Feature","geometry":{"type":"Polygon","coordinates":[[[12.691041633255704,46.11112981499341],[12.691135697300895,46.10887829572878],[12.692427577189388,46.108904397000394],[12.692446378149752,46.10845409261488],[12.693092313512096,46.108467137575836],[12.693054721645984,46.10936774671294],[12.692408775780669,46.10935470134432],[12.692352368864249,46.11070561412663],[12.691041633255704,46.11112981499341]]]},"properties":{"ndvi_class":"moderate","color":"#74c476","area_m2":27518}},{"type":"Feature","geometry":{"type":"Polygon","coordinates":[[[12.665906363847752,46.109266996788676],[12.665925381012032,46.10881670089251],[12.666571308476243,46.10882989579926],[12.666609330942466,46.107929303469426],[12.6704848421887,46.10800839384819],[12.670465862687823,46.108458691269725],[12.667236242600517,46.1083927907087],[12.667198229729737,46.10929338336731],[12.665906363847752,46.109266996788676]]]},"properties":{"ndvi_class":"moderate","color":"#74c476","area_m2":22515}},{"type":"Feature","geometry":{"type":"Polygon","coordinates":[[[12.644494879154575,46.11108095670539],[12.644552455978491,46.10973009002498],[12.643279802698157,46.109253158757355],[12.643299004101411,46.10880287015467],[12.641361256313019,46.10876287999115],[12.640753784733109,46.10784896697828],[12.642045594221692,46.1078756371947],[12.642064804752138,46.107425348882984],[12.644002506653564,46.10746532623175],[12.64398331187431,46.10791561516808],[12.644629218669948,46.10792893386553],[12.644590838239473,46.108829512028905],[12.64586349379965,46.109306428750244],[12.645786767625472,46.111107586071995],[12.644494879154575,46.11108095670539]]]},"properties":{"ndvi_class":"dense","color":"#238b45","area_m2":65042}},{"type":"Feature","geometry":{"type":"Polygon","coordinates":[[[12.647839595744818,46.10844576279197],[12.647877922754812,46.10754518246568],[12.648523827031138,46.107558479074136],[12.64848551052228,46.10845905981593],[12.647839595744818,46.10844576279197]]]},"properties":{"ndvi_class":"sparse","color":"#c7e9c0","area_m2":5003}},{"type":"Feature","geometry":{"type":"Polygon","coordinates":[[[12.693054721645984,46.10936774671294],[12.693092313512096,46.108467137575836],[12.694384185575169,46.108493216555864],[12.694346614715077,46.109393826507954],[12.693054721645984,46.10936774671294]]]},"properties":{"ndvi_class":"sparse","color":"#c7e9c0","area_m2":10006}},{"type":"Feature","geometry":{"type":"Polygon","coordinates":[[[12.64398331187431,46.10791561516808],[12.644002506653564,46.10746532623175],[12.64464840819878,46.1074786447211],[12.644629218669948,46.10792893386553],[12.64398331187431,46.10791561516808]]]},"properties":{"ndvi_class":"moderate","color":"#74c476","area_m2":2502}},{"type":"Feature","geometry":{"type":"Polygon","coordinates":[[[12.65948520043862,46.108234257360714],[12.659504269203994,46.10778396344583],[12.660150181646799,46.107797194410146],[12.66013111813217,46.10824748853176],[12.65948520043862,46.108234257360714]]]},"properties":{"ndvi_class":"bare","color":"#d9d9d9","area_m2":2502}},{"type":"Feature","geometry":{"type":"Polygon","coordinates":[[[12.662714793430377,46.108300376745696],[12.662733835941888,46.107850081797736],[12.664025665802015,46.107876503609646],[12.664006633792143,46.10832679897043],[12.662714793430377,46.108300376745696]]]},"properties":{"ndvi_class":"moderate","color":"#74c476","area_m2":5003}},{"type":"Feature","geometry":{"type":"Polygon","coordinates":[[[12.64141890503015,46.10741201580651],[12.641438120352754,46.10696172766127],[12.642084014824498,46.106975060529436],[12.642064804752138,46.107425348882984],[12.64141890503015,46.10741201580651]]]},"properties":{"ndvi_class":"dense","color":"#238b45","area_m2":2502}},{"type":"Feature","geometry":{"type":"Polygon","coordinates":[[[12.644002506653564,46.10746532623175],[12.644021700975108,46.10701503725358],[12.644667597270022,46.107028355534844],[12.64464840819878,46.1074786447211],[12.644002506653564,46.10746532623175]]]},"properties":{"ndvi_class":"sparse","color":"#c7e9c0","area_m2":2502}},{"type":"Feature","geometry":{"type":"Polygon","coordinates":[[[12.651107448682705,46.107611629039454],[12.65112658525022,46.10716133777543],[12.651772486548605,46.10717461594214],[12.65175335523154,46.10762490741364],[12.651107448682705,46.107611629039454]]]},"properties":{"ndvi_class":"moderate","color":"#74c476","area_m2":2502}},{"type":"Feature","geometry":{"type":"Polygon","coordinates":[[[12.660796094542114,46.107810421727486],[12.660834209706472,46.106909832945696],[12.661480112553004,46.10692305620287],[12.662087921689782,46.1078368654213],[12.660796094542114,46.107810421727486]]]},"properties":{"ndvi_class":"moderate","color":"#74c476","area_m2":7505}},{"type":"Feature","geometry":{"type":"Polygon","coordinates":[[[12.693092313512096,46.108467137575836],[12.693775828891356,46.107579569178576],[12.69442175464339,46.10759260643752],[12.694384185575169,46.108493216555864],[12.693092313512096,46.108467137575836]]]},"properties":{"ndvi_class":"moderate","color":"#74c476","area_m2":7505}},{"type":"Feature","geometry":{"type":"Polygon","coordinates":[[[12.694384185575169,46.108493216555864],[12.69442175464339,46.10759260643752],[12.69506768084132,46.10760564004927],[12.695030122275645,46.10850625057493],[12.694384185575169,46.108493216555864]]]},"properties":{"ndvi_class":"sparse","color":"#c7e9c0","area_m2":5003}},{"type":"Feature","geometry":{"type":"Polygon","coordinates":[[[12.642084014824498,46.106975060529436],[12.642103224438785,46.10652477213403],[12.64274911411637,46.106538101147216],[12.642729909752218,46.106988389750875],[12.642084014824498,46.106975060529436]]]},"properties":{"ndvi_class":"dense","color":"#238b45","area_m2":2502}},{"type":"Feature","geometry":{"type":"Polygon","coordinates":[[[12.651772486548605,46.10717461594214],[12.651791617409474,46.10672432442887],[12.652437513911641,46.10673759874136],[12.652418388301108,46.10718789046205],[12.651772486548605,46.10717461594214]]]},"properties":{"ndvi_class":"moderate","color":"#74c476","area_m2":2502}},{"type":"Feature","geometry":{"type":"Polygon","coordinates":[[[12.656939713273395,46.10728070998994],[12.656958802131205,46.10683041681902],[12.657604702261708,46.10684366195721],[12.65758561865434,46.107293955335074],[12.656939713273395,46.10728070998994]]]},"properties":{"ndvi_class":"moderate","color":"#74c476","area_m2":2502}},{"type":"Feature","geometry":{"type":"Polygon","coordinates":[[[12.664044697358047,46.10742620820714],[12.664063728460254,46.10697591276289],[12.66535553912481,46.107002319161616],[12.665336518523796,46.107452615018445],[12.664044697358047,46.10742620820714]]]},"properties":{"ndvi_class":"moderate","color":"#74c476","area_m2":5003}},{"type":"Feature","geometry":{"type":"Polygon","coordinates":[[[12.667920166272342,46.107505384877555],[12.667939165870813,46.10705508819623],[12.668585073685104,46.107068271337596],[12.668566079337305,46.1075185682249],[12.667920166272342,46.107505384877555]]]},"properties":{"ndvi_class":"very_dense","color":"#00441b","area_m2":2502}},{"type":"Feature","geometry":{"type":"Polygon","coordinates":[[[12.683422204023143,46.10782077863148],[12.683441077601875,46.107370477022265],[12.684732915251391,46.107396664601524],[12.68471405217465,46.10784696661991],[12.683422204023143,46.10782077863148]]]},"properties":{"ndvi_class":"moderate","color":"#74c476","area_m2":5003}},{"type":"Feature","geometry":{"type":"Polygon","coordinates":[[[12.637524268998298,46.10778222761807],[12.637601255375598,46.10598107995781],[12.639538900445466,46.10602113201113],[12.639519670289337,46.10647141961478],[12.640165558142312,46.10648476321455],[12.640107880673138,46.10783562639984],[12.637524268998298,46.10778222761807]]]},"properties":{"ndvi_class":"dense","color":"#238b45","area_m2":37524}},{"type":"Feature","geometry":{"type":"Polygon","coordinates":[[[12.6530069266913,46.108552036868545],[12.65302604841937,46.10810174506586],[12.652380135711805,46.10808847377807],[12.652418388301108,46.10718789046205],[12.6530642905076,46.10720116133513],[12.653102530772033,46.106300577437274],[12.653748422931793,46.10631384424894],[12.654317875196055,46.108128276700576],[12.6530069266913,46.108552036868545]]]},"properties":{"ndvi_class":"moderate","color":"#74c476","area_m2":22515}},{"type":"Feature","geometry":{"type":"Polygon","coordinates":[[[12.702079287473723,46.11000030624653],[12.702116733188447,46.10909969149724],[12.701470786339447,46.10908669739599],[12.701489513778691,46.10863639016207],[12.702135455376084,46.10864938406029],[12.70281882995092,46.107761758906726],[12.703464761934153,46.10777474510435],[12.70348347227992,46.10732443713694],[12.704129399456034,46.10733741948443],[12.704073282834333,46.10868834387063],[12.70342733990403,46.10867536091459],[12.703408628219647,46.10912566875743],[12.70276268048189,46.10911268195106],[12.702725245270779,46.11001329710631],[12.702079287473723,46.11000030624653]]]},"properties":{"ndvi_class":"sparse","color":"#c7e9c0","area_m2":27518}},{"type":"Feature","geometry":{"type":"Polygon","coordinates":[[[12.656424142002928,46.119438609818275],[12.656481444095073,46.118087733563115],[12.655189382597422,46.11806122199259],[12.65517027184849,46.118511513705165],[12.653232167244466,46.118471718365925],[12.653289545404453,46.11712084496817],[12.655873622743323,46.117173895637194],[12.655892726871816,46.11672360359215],[12.657165664134492,46.11720039908305],[12.657849861792675,46.116313059959815],[12.65914188489056,46.11633954068937],[12.659180038340637,46.11543895432086],[12.661118044866159,46.11547864681454],[12.661175224355537,46.114127765088156],[12.66052923748565,46.114114538524845],[12.660548301658768,46.11366424473924],[12.661194283276258,46.11367747109589],[12.661232399754176,46.1127768829861],[12.659294487772684,46.11273719421333],[12.659237265103718,46.114088074454976],[12.658591279591926,46.11407483694841],[12.658610359522156,46.11362454378311],[12.657299309927309,46.11404835099206],[12.657222943634798,46.11584952158033],[12.655284929505772,46.11580976280307],[12.655323145079077,46.11490917883487],[12.656615133034078,46.114935687505934],[12.656653325774736,46.11403510254228],[12.654715376037434,46.11399533530665],[12.654145857749024,46.112180905151725],[12.655437780863148,46.11220742592773],[12.65545688523249,46.11175713363034],[12.656102842218099,46.11177038834001],[12.656064643527523,46.112670973307225],[12.656710611470242,46.11268422478357],[12.656729705791339,46.11223393211379],[12.659332633944333,46.11183660717681],[12.659351706347898,46.11138631359592],[12.660643615705055,46.11141277518498],[12.660662677150546,46.110962481148896],[12.66130862725628,46.11097570626566],[12.66142295487672,46.10827393993279],[12.66013111813217,46.10824748853176],[12.660150181646799,46.107797194410146],[12.659504269203994,46.10778396344583],[12.659466131218519,46.10868455123386],[12.658193366409595,46.1082077840776],[12.658174286687792,46.108658077537115],[12.655571501881738,46.10905537896881],[12.655533298154147,46.109955964023065],[12.654887362627898,46.10994270649456],[12.654810928700384,46.111743875273234],[12.654164972621905,46.111730613268705],[12.654184087038951,46.11128032134391],[12.652892186746609,46.11125378680723],[12.652873061826327,46.11170407831743],[12.650289245684167,46.11165096464616],[12.65036582665118,46.10984980167401],[12.6510117589998,46.109863084732716],[12.65099261969406,46.110313375746],[12.652284496256545,46.11033993133686],[12.65232275340706,46.109439348438706],[12.651030897849138,46.10941279367766],[12.651107448682705,46.107611629039454],[12.652418388301108,46.10718789046205],[12.652380135711805,46.10808847377807],[12.653652845103492,46.10856530471668],[12.653671961580828,46.1081150127067],[12.654317875196055,46.108128276700576],[12.65435609628206,46.10722769214079],[12.653710193167958,46.10721442856138],[12.65372930827778,46.106764136426044],[12.656331996106738,46.10636687502834],[12.656939713273395,46.10728070998994],[12.65758561865434,46.107293955335074],[12.657604702261708,46.10684366195721],[12.660834209706472,46.106909832945696],[12.660796094542114,46.107810421727486],[12.664652554650756,46.108340004612224],[12.664633527437998,46.10879030013763],[12.665925381012032,46.10881670089251],[12.665906363847752,46.109266996788676],[12.667198229729737,46.10929338336731],[12.667236242600517,46.1083927907087],[12.671757713877362,46.10848502596433],[12.67173874442609,46.108935323755645],[12.672384675947475,46.10894848583789],[12.672308814624333,46.110749677408926],[12.670370958394118,46.110710177752],[12.66976298079686,46.1097964098487],[12.667179222614472,46.109743679634065],[12.66716021504594,46.11019397585909],[12.666514271376633,46.11018078398114],[12.666476244376549,46.11108137589384],[12.665184337385824,46.11105498037121],[12.66520336161582,46.11060468484814],[12.664557414049414,46.110591481822],[12.664500324243178,46.11194236764717],[12.663854361373353,46.11192916035462],[12.663816288729326,46.1128297502834],[12.665108235928873,46.11285616204631],[12.664424198147785,46.113743548163264],[12.666362152493473,46.11378315063081],[12.666286082167998,46.1155843329545],[12.66564007592373,46.11557113495491],[12.665621051955473,46.11602143022532],[12.666913075401526,46.11604782298889],[12.666894061485834,46.11649811862998],[12.661744992460479,46.11594216438181],[12.661725936520025,46.116392458372005],[12.665583002657828,46.116922020641],[12.665563977328413,46.11737231578627],[12.666856032294032,46.117398709787],[12.666837017017892,46.11784900530293],[12.661022736625672,46.11773011552367],[12.661003673613724,46.11818040914027],[12.659065572530675,46.11814071292534],[12.65902741362065,46.119041298792794],[12.657089285092162,46.11900156850198],[12.657070189193053,46.11945186075231],[12.656424142002928,46.119438609818275]],[[12.661916475475683,46.111889516591916],[12.663208398955412,46.11191594941455],[12.663265520271889,46.11056506482767],[12.66261957406102,46.11055185085951],[12.662657663171176,46.109651261339174],[12.662011727915125,46.10963804413672],[12.661916475475683,46.111889516591916]],[[12.650954339713307,46.111213957647166],[12.652892186746609,46.11125378680723],[12.652911311210822,46.11080349525524],[12.650973479931901,46.11076366671747],[12.650954339713307,46.111213957647166]],[[12.653595492936244,46.10991618049597],[12.654241427555222,46.10992944531885],[12.654260540149066,46.10947915322695],[12.653614610781213,46.10946588861132],[12.653595492936244,46.10991618049597]]]},"properties":{"ndvi_class":"sparse","color":"#c7e9c0","area_m2":883073}},{"type":"Feature","geometry":{"type":"Polygon","coordinates":[[[12.654375206141506,46.106777399798226],[12.654394315545266,46.1063271074139],[12.65504020861233,46.106340366932116],[12.655021104458836,46.10679065952362],[12.654375206141506,46.106777399798226]]]},"properties":{"ndvi_class":"moderate","color":"#74c476","area_m2":2502}},{"type":"Feature","geometry":{"type":"Polygon","coordinates":[[[12.657604702261708,46.10684366195721],[12.657623785414014,46.10639336853756],[12.66085326660699,46.10645953849219],[12.660834209706472,46.106909832945696],[12.657604702261708,46.10684366195721]]]},"properties":{"ndvi_class":"moderate","color":"#74c476","area_m2":12508}},{"type":"Feature","geometry":{"type":"Polygon","coordinates":[[[12.69442175464339,46.10759260643752],[12.694440538505585,46.10714230131599],[12.695086459452426,46.10715533472409],[12.69506768084132,46.10760564004927],[12.69442175464339,46.10759260643752]]]},"properties":{"ndvi_class":"moderate","color":"#74c476","area_m2":2502}},{"type":"Feature","geometry":{"type":"Polygon","coordinates":[[[12.644040894838952,46.10656474823358],[12.6440792811936,46.10566417006811],[12.64472516173837,46.10567748772511],[12.644686785883692,46.10657806630675],[12.644040894838952,46.10656474823358]]]},"properties":{"ndvi_class":"sparse","color":"#c7e9c0","area_m2":5003}},{"type":"Feature","geometry":{"type":"Polygon","coordinates":[[[12.65504020861233,46.106340366932116],[12.655059312310282,46.10589007429881],[12.65635108930437,46.105916581980885],[12.656331996106738,46.10636687502834],[12.65504020861233,46.106340366932116]]]},"properties":{"ndvi_class":"moderate","color":"#74c476","area_m2":5003}},{"type":"Feature","geometry":{"type":"Polygon","coordinates":[[[12.668604067579967,46.10661797440858],[12.668623061021906,46.106167677437845],[12.669268958786075,46.10618085652044],[12.66924997059457,46.10663115369708],[12.668604067579967,46.10661797440858]]]},"properties":{"ndvi_class":"very_dense","color":"#00441b","area_m2":2502}},{"type":"Feature","geometry":{"type":"Polygon","coordinates":[[[12.67829266006919,46.10681528081056],[12.678311574753236,46.10636498075702],[12.679603384225844,46.10639122586915],[12.679584480043076,46.10684152633275],[12.67829266006919,46.10681528081056]]]},"properties":{"ndvi_class":"moderate","color":"#74c476","area_m2":5003}},{"type":"Feature","geometry":{"type":"Polygon","coordinates":[[[12.68475177787832,46.106946362541514],[12.684770640055445,46.10649606043989],[12.686062458492664,46.10652223261289],[12.68604360681708,46.10697253512345],[12.68475177787832,46.106946362541514]]]},"properties":{"ndvi_class":"moderate","color":"#74c476","area_m2":5003}},{"type":"Feature","geometry":{"type":"Polygon","coordinates":[[[12.704129399456034,46.10733741948443],[12.704148104104478,46.10688711127265],[12.704794026473445,46.10690008977012],[12.704775327076163,46.10735039818468],[12.704129399456034,46.10733741948443]]]},"properties":{"ndvi_class":"sparse","color":"#c7e9c0","area_m2":2502}},{"type":"Feature","geometry":{"type":"Polygon","coordinates":[[[12.650461542588122,46.10759834701841],[12.65048068440607,46.10714805596191],[12.649834784016287,46.107134770501574],[12.649873076783312,46.10623418867831],[12.650518966672632,46.1062474737235],[12.650538107121275,46.10579718254159],[12.652475763764537,46.10583701517462],[12.652494888006927,46.10538672332858],[12.653140769212776,46.10539999337229],[12.653121650220358,46.10585028542567],[12.654432532985783,46.10542652251989],[12.654413424493354,46.105876814987774],[12.655059312310282,46.10589007429881],[12.654375206141506,46.106777399798226],[12.653102530772033,46.106300577437274],[12.6530642905076,46.10720116133513],[12.651791617409474,46.10672432442887],[12.651772486548605,46.10717461594214],[12.650461542588122,46.10759834701841]]]},"properties":{"ndvi_class":"dense","color":"#238b45","area_m2":50032}},{"type":"Feature","geometry":{"type":"Polygon","coordinates":[[[12.697005462109225,46.10764471900129],[12.697061749340248,46.106293801069306],[12.698353574239908,46.10631983424756],[12.698316070870488,46.10722044705733],[12.697005462109225,46.10764471900129]]]},"properties":{"ndvi_class":"sparse","color":"#c7e9c0","area_m2":12508}},{"type":"Feature","geometry":{"type":"Polygon","coordinates":[[[12.66085326660699,46.10645953849219],[12.660891379044767,46.10555894945994],[12.66153726614048,46.1055721720973],[12.662145062251481,46.106485980946516],[12.66085326660699,46.10645953849219]]]},"properties":{"ndvi_class":"moderate","color":"#74c476","area_m2":7505}},{"type":"Feature","geometry":{"type":"Polygon","coordinates":[[[12.653121650220358,46.10585028542567],[12.653140769212776,46.10539999337229],[12.653786650872435,46.1054132597694],[12.653767537130006,46.10586355203005],[12.653121650220358,46.10585028542567]]]},"properties":{"ndvi_class":"moderate","color":"#74c476","area_m2":2502}},{"type":"Feature","geometry":{"type":"Polygon","coordinates":[[[12.655059312310282,46.10589007429881],[12.655078415552696,46.10543978162377],[12.656370182046714,46.10546628889166],[12.65635108930437,46.105916581980885],[12.655059312310282,46.10589007429881]]]},"properties":{"ndvi_class":"sparse","color":"#c7e9c0","area_m2":5003}},{"type":"Feature","geometry":{"type":"Polygon","coordinates":[[[12.65635108930437,46.105916581980885],[12.656370182046714,46.10546628889166],[12.65701606597357,46.105479537055665],[12.65699697848128,46.10592983035187],[12.65635108930437,46.105916581980885]]]},"properties":{"ndvi_class":"moderate","color":"#74c476","area_m2":2502}},{"type":"Feature","geometry":{"type":"Polygon","coordinates":[[[12.690583837112156,46.10661372033764],[12.69060265158326,46.10616341635602],[12.691894467565833,46.10618952247476],[12.691875663596258,46.10663982686428],[12.690583837112156,46.10661372033764]]]},"properties":{"ndvi_class":"moderate","color":"#74c476","area_m2":5003}},{"type":"Feature","geometry":{"type":"Polygon","coordinates":[[[12.676260274525129,46.10902738173999],[12.676354933476096,46.106775885174976],[12.679584480043076,46.10684152633275],[12.679603384225844,46.10639122586915],[12.680249289635302,46.10640434295481],[12.680287086147546,46.10550374149279],[12.681578877310182,46.105529963903855],[12.681446655141754,46.108682071160416],[12.680800722580537,46.108668960344396],[12.680781826646212,46.109119261009646],[12.676260274525129,46.10902738173999]]]},"properties":{"ndvi_class":"dense","color":"#238b45","area_m2":115075}},{"type":"Feature","geometry":{"type":"Polygon","coordinates":[[[12.696949170851235,46.10899563655929],[12.697005462109225,46.10764471900129],[12.698316070870488,46.10722044705733],[12.698372325253887,46.10586952778035],[12.699018233120649,46.105882538695596],[12.698943247385698,46.10768376512832],[12.697632632035546,46.10810804412185],[12.697595114585669,46.10900865619247],[12.696949170851235,46.10899563655929]]]},"properties":{"ndvi_class":"moderate","color":"#74c476","area_m2":22515}},{"type":"Feature","geometry":{"type":"Polygon","coordinates":[[[12.638266376806099,46.105544147060435],[12.63830485582417,46.104643572478125],[12.638950721765132,46.10465692253679],[12.638912253246293,46.10555749753629],[12.638266376806099,46.105544147060435]]]},"properties":{"ndvi_class":"dense","color":"#238b45","area_m2":5003}},{"type":"Feature","geometry":{"type":"Polygon","coordinates":[[[12.660245492401375,46.105545723175894],[12.660264553188673,46.10509542880379],[12.660910434582055,46.1051086548812],[12.660891379044767,46.10555894945994],[12.660245492401375,46.105545723175894]]]},"properties":{"ndvi_class":"moderate","color":"#74c476","area_m2":2502}},{"type":"Feature","geometry":{"type":"Polygon","coordinates":[[[12.660891379044767,46.10555894945994],[12.660910434582055,46.1051086548812],[12.661556316427745,46.105121877311966],[12.66153726614048,46.1055721720973],[12.660891379044767,46.10555894945994]]]},"properties":{"ndvi_class":"sparse","color":"#c7e9c0","area_m2":2502}},{"type":"Feature","geometry":{"type":"Polygon","coordinates":[[[12.674455102850606,46.10583585903127],[12.674474048134607,46.10538556012598],[12.67511993945003,46.1053987059761],[12.67510099941633,46.10584900508679],[12.674455102850606,46.10583585903127]]]},"properties":{"ndvi_class":"moderate","color":"#74c476","area_m2":2502}},{"type":"Feature","geometry":{"type":"Polygon","coordinates":[[[12.689310837387092,46.106137295649326],[12.689329661910772,46.10568699203422],[12.689975563534887,46.10570005400697],[12.689956744261812,46.10615035782616],[12.689310837387092,46.106137295649326]]]},"properties":{"ndvi_class":"moderate","color":"#74c476","area_m2":2502}},{"type":"Feature","geometry":{"type":"Polygon","coordinates":[[[12.697707661567462,46.106306819481965],[12.697726417832218,46.1058565132181],[12.698372325253887,46.10586952778035],[12.698353574239908,46.10631983424756],[12.697707661567462,46.106306819481965]]]},"properties":{"ndvi_class":"dense","color":"#238b45","area_m2":2502}},{"type":"Feature","geometry":{"type":"Polygon","coordinates":[[[12.685458981830605,46.12093189231019],[12.68547784744846,46.12048159108967],[12.683539631968708,46.12044230833691],[12.683558512900158,46.11999200768859],[12.682266381997085,46.11996580135251],[12.682360832440978,46.117714299533766],[12.681714793932567,46.11770119191677],[12.681771474553608,46.11635029094033],[12.684355568234109,46.11640269706133],[12.684374439859853,46.115952395833745],[12.68502045914696,46.11596548803887],[12.685058190541856,46.11506488504969],[12.684412181761152,46.11505179325371],[12.68444992186229,46.11415119050717],[12.682511929726136,46.114111894458844],[12.68253081485989,46.11366159363716],[12.68317680653772,46.113674695763144],[12.683252321559465,46.11187349124115],[12.681314410899844,46.11183417637678],[12.68138998174122,46.11003297364582],[12.682035930505203,46.110046081429],[12.682130357663723,46.10779457605449],[12.68277628061936,46.10780767916655],[12.682795159449068,46.10735737776201],[12.683441077601875,46.107370477022265],[12.683422204023143,46.10782077863148],[12.68471405217465,46.10784696661991],[12.68475177787832,46.106946362541514],[12.68604360681708,46.10697253512345],[12.686081309718709,46.10607193006072],[12.68672721435794,46.10608501047234],[12.68674605988392,46.105634707674184],[12.688037860003176,46.10566085714802],[12.688056694578895,46.10521055389966],[12.689348485985567,46.10523668837754],[12.689310837387092,46.106137295649326],[12.69060265158326,46.10616341635602],[12.690583837112156,46.10661372033764],[12.691875663596258,46.10663982686428],[12.691913271087003,46.10573921804364],[12.693205078353651,46.10576530916671],[12.69314869794967,46.10711622355837],[12.694440538505585,46.10714230131599],[12.69442175464339,46.10759260643752],[12.693775828891356,46.107579569178576],[12.693757039330022,46.108029874054836],[12.692446378149752,46.10845409261488],[12.692427577189388,46.108904397000394],[12.691135697300895,46.10887829572878],[12.690947557993734,46.11338133321832],[12.690301566198551,46.113368275071366],[12.690282744547241,46.11381857838755],[12.689636747946125,46.11380551638861],[12.690358028459366,46.11201736487325],[12.68908490808491,46.111540935785975],[12.689141396471863,46.11019002631337],[12.687203536746733,46.11015081238707],[12.687090461392723,46.11285262728146],[12.687736445700034,46.11286570346353],[12.687717603487185,46.11331600600461],[12.689009583948748,46.113342147833755],[12.688802405519967,46.11829547753323],[12.688156357278814,46.11828240619617],[12.688137514926819,46.118732708442295],[12.688783568422066,46.1187457799836],[12.688745892878433,46.11964638475949],[12.687453765318185,46.11962023721122],[12.687397217105442,46.120971142837405],[12.685458981830605,46.12093189231019]],[[12.689141396471863,46.11019002631337],[12.689787350607672,46.11020309032719],[12.689824996783848,46.10930248339588],[12.690470940863136,46.10931554335408],[12.690489758026422,46.10886523962198],[12.689197880817638,46.108839116466385],[12.689141396471863,46.11019002631337]]]},"properties":{"ndvi_class":"dense","color":"#238b45","area_m2":853054}},{"type":"Feature","geometry":{"type":"Polygon","coordinates":[[[12.647251187003272,46.107081592192365],[12.647308688470623,46.10573072188733],[12.646662806104832,46.10571741881667],[12.646701148630795,46.10481683881996],[12.648012052896192,46.10439315000672],[12.647897085574359,46.107094892239836],[12.647251187003272,46.107081592192365]]]},"properties":{"ndvi_class":"sparse","color":"#c7e9c0","area_m2":20013}},{"type":"Feature","geometry":{"type":"Polygon","coordinates":[[[12.702874975403105,46.10641083548865],[12.702912403473158,46.10551021966894],[12.704204215373624,46.10553618638819],[12.704185512063258,46.10598649472454],[12.704831423930282,46.10599947281643],[12.704812725424814,46.10644978131404],[12.702874975403105,46.10641083548865]]]},"properties":{"ndvi_class":"dense","color":"#238b45","area_m2":12508}},{"type":"Feature","geometry":{"type":"Polygon","coordinates":[[[12.653159887749297,46.10494970127712],[12.653179005829937,46.104499409140175],[12.653824876989997,46.10451267512272],[12.653805764159094,46.10496296746695],[12.653159887749297,46.10494970127712]]]},"properties":{"ndvi_class":"bare","color":"#d9d9d9","area_m2":2502}},{"type":"Feature","geometry":{"type":"Polygon","coordinates":[[[12.660264553188673,46.10509542880379],[12.660283613521461,46.10464513438997],[12.660929489664959,46.104658360260714],[12.660910434582055,46.1051086548812],[12.660264553188673,46.10509542880379]]]},"properties":{"ndvi_class":"sparse","color":"#c7e9c0","area_m2":2502}},{"type":"Feature","geometry":{"type":"Polygon","coordinates":[[[12.66284808147555,46.10514831123361],[12.662867120808722,46.10469801599353],[12.663512998760648,46.10471122727795],[12.663493964677416,46.10516152272447],[12.66284808147555,46.10514831123361]]]},"properties":{"ndvi_class":"sparse","color":"#c7e9c0","area_m2":2502}},{"type":"Feature","geometry":{"type":"Polygon","coordinates":[[[12.689975563534887,46.10570005400697],[12.689994382359199,46.10524975014618],[12.691286176446434,46.105275862742886],[12.691267368123128,46.10572616701168],[12.689975563534887,46.10570005400697]]]},"properties":{"ndvi_class":"bare","color":"#d9d9d9","area_m2":5003}},{"type":"Feature","geometry":{"type":"Polygon","coordinates":[[[12.65631290245381,46.10681716803402],[12.65635108930437,46.105916581980885],[12.65699697848128,46.10592983035187],[12.65701606597357,46.105479537055665],[12.658953720472049,46.10551925966777],[12.659010932969617,46.1041683776667],[12.659656802958423,46.1041816106238],[12.659618672247719,46.105082199079796],[12.660891379044767,46.10555894945994],[12.66085326660699,46.10645953849219],[12.657623785414014,46.10639336853756],[12.657604702261708,46.10684366195721],[12.65631290245381,46.10681716803402]]]},"properties":{"ndvi_class":"dense","color":"#238b45","area_m2":47531}},{"type":"Feature","geometry":{"type":"Polygon","coordinates":[[[12.672992688664653,46.10986224055302],[12.67304956686805,46.10851134607038],[12.670465862687823,46.108458691269725],[12.6704848421887,46.10800839384819],[12.666609330942466,46.107929303469426],[12.666571308476243,46.10882989579926],[12.665925381012032,46.10881670089251],[12.665944397722825,46.10836640495461],[12.662087921689782,46.1078368654213],[12.661480112553004,46.10692305620287],[12.660834209706472,46.106909832945696],[12.66085326660699,46.10645953849219],[12.662145062251481,46.106485980946516],[12.66153726614048,46.1055721720973],[12.664766708399506,46.10563823058367],[12.665450635326716,46.10475083925167],[12.667388275955593,46.104790418405855],[12.667407278085793,46.10434012168033],[12.66999078423872,46.10439284200927],[12.669971803108227,46.10484313955853],[12.671263569388362,46.104869478254926],[12.671244598305428,46.10531977617404],[12.674474048134607,46.10538556012598],[12.674455102850606,46.10583585903127],[12.675765831215024,46.10541184817946],[12.675727961196735,46.10631244676983],[12.675082058930984,46.1062993041558],[12.675044176605292,46.10719990216882],[12.6756900893723,46.10721304519356],[12.675006292472844,46.10810050001516],[12.675652215741609,46.10811364345062],[12.675614340304556,46.10901424154104],[12.673676540340653,46.108974799060796],[12.673638631588943,46.10987539575195],[12.672992688664653,46.10986224055302]],[[12.664044697358047,46.10742620820714],[12.665336518523796,46.107452615018445],[12.66535553912481,46.107002319161616],[12.664063728460254,46.10697591276289],[12.664044697358047,46.10742620820714]],[[12.667920166272342,46.107505384877555],[12.668566079337305,46.1075185682249],[12.668585073685104,46.107068271337596],[12.667939165870813,46.10705508819623],[12.667920166272342,46.107505384877555]],[[12.668604067579967,46.10661797440858],[12.66924997059457,46.10663115369708],[12.669268958786075,46.10618085652044],[12.668623061021906,46.106167677437845],[12.668604067579967,46.10661797440858]]]},"properties":{"ndvi_class":"dense","color":"#238b45","area_m2":375244}},{"type":"Feature","geometry":{"type":"Polygon","coordinates":[[[12.63873912220644,46.109610082962135],[12.638131685790515,46.108696156779985],[12.638777598981953,46.10870950871605],[12.638816073922461,46.10780893430255],[12.640107880673138,46.10783562639984],[12.640165558142312,46.10648476321455],[12.639519670289337,46.10647141961478],[12.639538900445466,46.10602113201113],[12.637601255375598,46.10598107995781],[12.637639745810674,46.105080505876494],[12.638912253246293,46.10555749753629],[12.638343333007224,46.103742997728375],[12.639615816484657,46.10421998117802],[12.639596588162629,46.10467026894907],[12.640242455016535,46.10468361171495],[12.640849885305743,46.10559752708473],[12.6440792811936,46.10566417006811],[12.644040894838952,46.10656474823358],[12.644686785883692,46.10657806630675],[12.644002506653564,46.10746532623175],[12.642064804752138,46.107425348882984],[12.642045594221692,46.1078756371947],[12.640753784733109,46.10784896697828],[12.641361256313019,46.10876287999115],[12.639423512630046,46.10872285700521],[12.63938504635604,46.10962343166841],[12.63873912220644,46.109610082962135]],[[12.64141890503015,46.10741201580651],[12.642064804752138,46.107425348882984],[12.642084014824498,46.106975060529436],[12.641438120352754,46.10696172766127],[12.64141890503015,46.10741201580651]],[[12.642084014824498,46.106975060529436],[12.642729909752218,46.106988389750875],[12.64274911411637,46.106538101147216],[12.642103224438785,46.10652477213403],[12.642084014824498,46.106975060529436]]]},"properties":{"ndvi_class":"moderate","color":"#74c476","area_m2":125081}},{"type":"Feature","geometry":{"type":"Polygon","coordinates":[[[12.659618672247719,46.105082199079796],[12.659656802958423,46.1041816106238],[12.660302673399755,46.10419483993441],[12.660264553188673,46.10509542880379],[12.659618672247719,46.105082199079796]]]},"properties":{"ndvi_class":"moderate","color":"#74c476","area_m2":5003}},{"type":"Feature","geometry":{"type":"Polygon","coordinates":[[[12.673828157268881,46.10537241062909],[12.673866056981822,46.104471813104425],[12.674511937347344,46.104484962190405],[12.67511993945003,46.1053987059761],[12.673828157268881,46.10537241062909]]]},"properties":{"ndvi_class":"bare","color":"#d9d9d9","area_m2":7505}},{"type":"Feature","geometry":{"type":"Polygon","coordinates":[[[12.646720319208072,46.10436654875887],[12.646739489328231,46.10391625865599],[12.647385350695362,46.10392956089529],[12.64736618582468,46.104379851206005],[12.646720319208072,46.10436654875887]]]},"properties":{"ndvi_class":"sparse","color":"#c7e9c0","area_m2":2502}},{"type":"Feature","geometry":{"type":"Polygon","coordinates":[[[12.653140769212776,46.10539999337229],[12.653159887749297,46.10494970127712],[12.653805764159094,46.10496296746695],[12.653198123454708,46.104049116961455],[12.65448985572925,46.10407564486559],[12.654432532985783,46.10542652251989],[12.653140769212776,46.10539999337229]]]},"properties":{"ndvi_class":"sparse","color":"#c7e9c0","area_m2":12508}},{"type":"Feature","geometry":{"type":"Polygon","coordinates":[[[12.666096515085083,46.104764035949685],[12.666115527715057,46.10431373963637],[12.667407278085793,46.10434012168033],[12.667388275955593,46.104790418405855],[12.666096515085083,46.104764035949685]]]},"properties":{"ndvi_class":"moderate","color":"#74c476","area_m2":5003}},{"type":"Feature","geometry":{"type":"Polygon","coordinates":[[[12.671263569388362,46.104869478254926],[12.671282540018922,46.10441918029414],[12.67192841858452,46.10443234396665],[12.671909453203945,46.10488264213312],[12.671263569388362,46.104869478254926]]]},"properties":{"ndvi_class":"sparse","color":"#c7e9c0","area_m2":2502}},{"type":"Feature","geometry":{"type":"Polygon","coordinates":[[[12.673201222185535,46.10490895894946],[12.673220177066096,46.10445866037181],[12.673866056981822,46.104471813104425],[12.673847107351287,46.10492211188759],[12.673201222185535,46.10490895894946]]]},"properties":{"ndvi_class":"sparse","color":"#c7e9c0","area_m2":2502}},{"type":"Feature","geometry":{"type":"Polygon","coordinates":[[[12.6961906014523,46.11168444605165],[12.696209373589758,46.1112341406934],[12.69427146761887,46.111195045913256],[12.694309042063013,46.110294436293735],[12.694954999770093,46.11030747112743],[12.695011342321054,46.1089565557754],[12.695657284718804,46.108969586350746],[12.69569483367732,46.108068975501034],[12.696340766017904,46.10808200202191],[12.696359534574361,46.10763169633116],[12.697005462109225,46.10764471900129],[12.696949170851235,46.10899563655929],[12.697595114585669,46.10900865619247],[12.697632632035546,46.10810804412185],[12.698943247385698,46.10768376512832],[12.699036978436823,46.10543223198354],[12.699682881497877,46.105445239048535],[12.699720360288248,46.104544625093354],[12.700366253293124,46.10455762810504],[12.700347519371812,46.10500793530658],[12.701639317216413,46.10503393079556],[12.701583144276283,46.10638485336951],[12.700937229379536,46.106371856839274],[12.700899768018107,46.10727247127476],[12.700253843063937,46.10725947069118],[12.700216369413258,46.10816008455426],[12.69957043440134,46.1081470799171],[12.699532948460334,46.10904769320761],[12.698887003390341,46.109034684516644],[12.69884950515793,46.109935297234436],[12.698203550029543,46.109922284489414],[12.69748255149908,46.11171049140703],[12.6961906014523,46.11168444605165]]]},"properties":{"ndvi_class":"sparse","color":"#c7e9c0","area_m2":160104}},{"type":"Feature","geometry":{"type":"Polygon","coordinates":[[[12.69506768084132,46.10760564004927],[12.694459321919853,46.10669199615289],[12.693813406669841,46.10667895930134],[12.693850982656171,46.105778349257825],[12.694496887404657,46.10579138570198],[12.69455323227274,46.10444046971384],[12.69519912171568,46.10445350190014],[12.695142792598983,46.10580441849917],[12.69641583755839,46.10628077900959],[12.696397070344592,46.10673108482501],[12.695751153757351,46.106718058914716],[12.695713607485017,46.10761867001382],[12.69506768084132,46.10760564004927]]]},"properties":{"ndvi_class":"sparse","color":"#c7e9c0","area_m2":32521}},{"type":"Feature","geometry":{"type":"Polygon","coordinates":[[[12.656370182046714,46.10546628889166],[12.65642745754218,46.104115409373435],[12.657719194350094,46.10414190081302],[12.657738274772315,46.10369160714282],[12.658384138606106,46.10370484718603],[12.658345987805973,46.10460543489838],[12.657700113472895,46.10459219444144],[12.65701606597357,46.105479537055665],[12.656370182046714,46.10546628889166]]]},"properties":{"ndvi_class":"sparse","color":"#c7e9c0","area_m2":17511}},{"type":"Feature","geometry":{"type":"Polygon","coordinates":[[[12.686081309718709,46.10607193006072],[12.686802593765588,46.10428379903005],[12.688740247362302,46.104323015932124],[12.688721418935023,46.10477331946789],[12.689367309611486,46.10478638467925],[12.689348485985567,46.10523668837754],[12.688056694578895,46.10521055389966],[12.688037860003176,46.10566085714802],[12.68674605988392,46.105634707674184],[12.68672721435794,46.10608501047234],[12.686081309718709,46.10607193006072]]]},"properties":{"ndvi_class":"moderate","color":"#74c476","area_m2":27518}},{"type":"Feature","geometry":{"type":"Polygon","coordinates":[[[12.69314869794967,46.10711622355837],[12.693205078353651,46.10576530916671],[12.691913271087003,46.10573921804364],[12.69193207415979,46.10528891357092],[12.693223870925353,46.105315004286346],[12.693261454724395,46.10441439440087],[12.693907343275605,46.10442743388076],[12.69388855685045,46.10487773904803],[12.694534451097912,46.104890775084804],[12.694496887404657,46.10579138570198],[12.693850982656171,46.105778349257825],[12.693813406669841,46.10667895930134],[12.694459321919853,46.10669199615289],[12.694440538505585,46.10714230131599],[12.69314869794967,46.10711622355837]]]},"properties":{"ndvi_class":"moderate","color":"#74c476","area_m2":27518}},{"type":"Feature","geometry":{"type":"Polygon","coordinates":[[[12.695142792598983,46.10580441849917],[12.69519912171568,46.10445350190014],[12.695845011604295,46.10446653043964],[12.695788698239028,46.10581744764938],[12.695142792598983,46.10580441849917]]]},"properties":{"ndvi_class":"moderate","color":"#74c476","area_m2":7505}},{"type":"Feature","geometry":{"type":"Polygon","coordinates":[[[12.698372325253887,46.10586952778035],[12.698428575613043,46.10451860812943],[12.699074467728181,46.10453161843481],[12.699018233120649,46.105882538695596],[12.698372325253887,46.10586952778035]]]},"properties":{"ndvi_class":"dense","color":"#238b45","area_m2":7505}},{"type":"Feature","geometry":{"type":"Polygon","coordinates":[[[12.674492992966849,46.10493526117902],[12.674530881276105,46.10403466316009],[12.675176756841367,46.10404780839404],[12.675138879032094,46.104948406823745],[12.674492992966849,46.10493526117902]]]},"properties":{"ndvi_class":"sparse","color":"#c7e9c0","area_m2":5003}},{"type":"Feature","geometry":{"type":"Polygon","coordinates":[[[12.699036978436823,46.10543223198354],[12.699074467728181,46.10453161843481],[12.699720360288248,46.104544625093354],[12.699682881497877,46.105445239048535],[12.699036978436823,46.10543223198354]]]},"properties":{"ndvi_class":"moderate","color":"#74c476","area_m2":5003}},{"type":"Feature","geometry":{"type":"Polygon","coordinates":[[[12.705439949286292,46.106913064620386],[12.705496029049938,46.1055621385194],[12.704204215373624,46.10553618638819],[12.704887516771404,46.104648547074525],[12.70616062366607,46.10512480012848],[12.706085872542893,46.10692603582348],[12.705439949286292,46.106913064620386]]]},"properties":{"ndvi_class":"sparse","color":"#c7e9c0","area_m2":17511}},{"type":"Feature","geometry":{"type":"Polygon","coordinates":[[[12.653198123454708,46.104049116961455],[12.653217240623624,46.10359882474094],[12.653863101284584,46.10361209030896],[12.653843989365155,46.10406238273674],[12.653198123454708,46.104049116961455]]]},"properties":{"ndvi_class":"dense","color":"#238b45","area_m2":2502}},{"type":"Feature","geometry":{"type":"Polygon","coordinates":[[[12.655135722546868,46.104088903348],[12.655154823967282,46.10363861050584],[12.65580068598877,46.1036518651347],[12.655781589817886,46.10410215818394],[12.655135722546868,46.104088903348]]]},"properties":{"ndvi_class":"sparse","color":"#c7e9c0","area_m2":2502}},{"type":"Feature","geometry":{"type":"Polygon","coordinates":[[[12.659656802958423,46.1041816106238],[12.659675867631858,46.10373131633316],[12.660321732823569,46.10374454543708],[12.660302673399755,46.10419483993441],[12.659656802958423,46.1041816106238]]]},"properties":{"ndvi_class":"sparse","color":"#c7e9c0","area_m2":2502}},{"type":"Feature","geometry":{"type":"Polygon","coordinates":[[[12.69388855685045,46.10487773904803],[12.693907343275605,46.10442743388076],[12.69455323227274,46.10444046971384],[12.694534451097912,46.104890775084804],[12.69388855685045,46.10487773904803]]]},"properties":{"ndvi_class":"dense","color":"#238b45","area_m2":2502}},{"type":"Feature","geometry":{"type":"Polygon","coordinates":[[[12.66153726614048,46.1055721720973],[12.661556316427745,46.105121877311966],[12.663493964677416,46.10516152272447],[12.663512998760648,46.10471122727795],[12.664804756019771,46.10473763890704],[12.664861824048046,46.1033867510792],[12.665507687605805,46.1033999508051],[12.665431616993377,46.1052011353171],[12.664785732436455,46.10518793476622],[12.664766708399506,46.10563823058367],[12.66153726614048,46.1055721720973]]]},"properties":{"ndvi_class":"moderate","color":"#74c476","area_m2":27518}},{"type":"Feature","geometry":{"type":"Polygon","coordinates":[[[12.695788698239028,46.10581744764938],[12.695863781830836,46.104016224619926],[12.697155552444109,46.104042270351506],[12.697118032544662,46.104942882763304],[12.696472136514686,46.104929861313984],[12.696434604324665,46.10583047315261],[12.695788698239028,46.10581744764938]]]},"properties":{"ndvi_class":"dense","color":"#238b45","area_m2":15010}},{"type":"Feature","geometry":{"type":"Polygon","coordinates":[[[12.640849885305743,46.10559752708473],[12.640242455016535,46.10468361171495],[12.639596588162629,46.10467026894907],[12.639615816484657,46.10421998117802],[12.638969955336602,46.10420663497426],[12.639027653299369,46.10285577203555],[12.642256884864077,46.10292246346471],[12.64218005831547,46.104723618134074],[12.642825926993774,46.10473694631426],[12.643433401104398,46.10565084876454],[12.640849885305743,46.10559752708473]]]},"properties":{"ndvi_class":"sparse","color":"#c7e9c0","area_m2":67544}},{"type":"Feature","geometry":{"type":"Polygon","coordinates":[[[12.649246338297175,46.10577060921974],[12.649303788403433,46.10441973666882],[12.648657920422485,46.10440644516098],[12.648696228709124,46.10350586366671],[12.65129879382488,46.10310871451851],[12.651279661363798,46.103559006158655],[12.651925520663108,46.10357228266579],[12.6518872648713,46.1044728662356],[12.65124139507297,46.1044595893136],[12.651222261243197,46.10490988082839],[12.651868136291226,46.104923157957835],[12.651829877762665,46.10582374127691],[12.649246338297175,46.10577060921974]]]},"properties":{"ndvi_class":"sparse","color":"#c7e9c0","area_m2":57537}},{"type":"Feature","geometry":{"type":"Polygon","coordinates":[[[12.671909453203945,46.10488264213312],[12.67192841858452,46.10443234396665],[12.671282540018922,46.10441918029414],[12.671320479922981,46.10351858424745],[12.672612216505124,46.10354490712328],[12.672555337469712,46.104895802364645],[12.671909453203945,46.10488264213312]]]},"properties":{"ndvi_class":"bare","color":"#d9d9d9","area_m2":12508}},{"type":"Feature","geometry":{"type":"Polygon","coordinates":[[[12.657738274772315,46.10369160714282],[12.657757354739568,46.10324131343089],[12.658403213323902,46.103254553267234],[12.658384138606106,46.10370484718603],[12.657738274772315,46.10369160714282]]]},"properties":{"ndvi_class":"moderate","color":"#74c476","area_m2":2502}},{"type":"Feature","geometry":{"type":"Polygon","coordinates":[[[12.658384138606106,46.10370484718603],[12.658403213323902,46.103254553267234],[12.659049072360988,46.10326778945721],[12.659030002892662,46.10371808358282],[12.658384138606106,46.10370484718603]]]},"properties":{"ndvi_class":"dense","color":"#238b45","area_m2":2502}},{"type":"Feature","geometry":{"type":"Polygon","coordinates":[[[12.670636661903613,46.10440601297501],[12.670693586830371,46.10305511945965],[12.672631175279413,46.10309460862614],[12.672612216505124,46.10354490712328],[12.671320479922981,46.10351858424745],[12.671282540018922,46.10441918029414],[12.670636661903613,46.10440601297501]]]},"properties":{"ndvi_class":"sparse","color":"#c7e9c0","area_m2":12508}},{"type":"Feature","geometry":{"type":"Polygon","coordinates":[[[12.660910434582055,46.1051086548812],[12.6596949318507,46.1032810220008],[12.662278374333331,46.103333915711275],[12.662297417100026,46.10288362051075],[12.662943273601583,46.10289683461588],[12.66284808147555,46.10514831123361],[12.660910434582055,46.1051086548812]]]},"properties":{"ndvi_class":"bare","color":"#d9d9d9","area_m2":42528}},{"type":"Feature","geometry":{"type":"Polygon","coordinates":[[[12.687467316329155,46.103846571808575],[12.687486154358405,46.10339626859807],[12.688777902869957,46.10342240873585],[12.68875907534061,46.10387271235479],[12.687467316329155,46.103846571808575]]]},"properties":{"ndvi_class":"bare","color":"#d9d9d9","area_m2":5003}},{"type":"Feature","geometry":{"type":"Polygon","coordinates":[[[12.69362549985374,46.11118200702455],[12.693644292551904,46.11073170243931],[12.69299833048496,46.110718660106755],[12.693681876603767,46.10983109314411],[12.69303592504057,46.10981805121912],[12.693054721645984,46.10936774671294],[12.694346614715077,46.109393826507954],[12.694384185575169,46.108493216555864],[12.695030122275645,46.10850625057493],[12.69506768084132,46.10760564004927],[12.695713607485017,46.10761867001382],[12.695751153757351,46.106718058914716],[12.696397070344592,46.10673108482501],[12.695788698239028,46.10581744764938],[12.696434604324665,46.10583047315261],[12.697155552444109,46.104042270351506],[12.697801438418745,46.10405528774715],[12.697838946028694,46.103154674762386],[12.698484821948314,46.103167688104584],[12.698447324838549,46.10406830149603],[12.699093211703392,46.10408131159813],[12.699074467728181,46.10453161843481],[12.698428575613043,46.10451860812943],[12.698372325253887,46.10586952778035],[12.697061749340248,46.106293801069306],[12.697005462109225,46.10764471900129],[12.69569483367732,46.108068975501034],[12.695657284718804,46.108969586350746],[12.695011342321054,46.1089565557754],[12.694954999770093,46.11030747112743],[12.694309042063013,46.110294436293735],[12.69427146761887,46.111195045913256],[12.69362549985374,46.11118200702455]]]},"properties":{"ndvi_class":"moderate","color":"#74c476","area_m2":87557}},{"type":"Feature","geometry":{"type":"Polygon","coordinates":[[[12.648696228709124,46.10350586366671],[12.64875368771375,46.10215499111175],[12.649399529448354,46.10216828158128],[12.64936123440013,46.1030688637417],[12.650007087087388,46.103082150980256],[12.6499879441277,46.10353244220536],[12.648696228709124,46.10350586366671]]]},"properties":{"ndvi_class":"bare","color":"#d9d9d9","area_m2":10006}},{"type":"Feature","geometry":{"type":"Polygon","coordinates":[[[12.693261454724395,46.10441439440087],[12.69331782706226,46.10306347926087],[12.693963699863284,46.10307651812954],[12.693907343275605,46.10442743388076],[12.693261454724395,46.10441439440087]]]},"properties":{"ndvi_class":"sparse","color":"#c7e9c0","area_m2":7505}},{"type":"Feature","geometry":{"type":"Polygon","coordinates":[[[12.639027653299369,46.10285577203555],[12.639046885036457,46.1024054843056],[12.640338565795869,46.10243217139885],[12.640357786576747,46.10198188321009],[12.641630248380158,46.10245884390759],[12.64161103763892,46.102909132471254],[12.639027653299369,46.10285577203555]]]},"properties":{"ndvi_class":"moderate","color":"#74c476","area_m2":12508}},{"type":"Feature","geometry":{"type":"Polygon","coordinates":[[[12.657092411391412,46.10367836345319],[12.65648472894057,46.10276452947931],[12.657795513309225,46.102340725881724],[12.658403213323902,46.103254553267234],[12.657092411391412,46.10367836345319]]]},"properties":{"ndvi_class":"dense","color":"#238b45","area_m2":12508}},{"type":"Feature","geometry":{"type":"Polygon","coordinates":[[[12.695863781830836,46.104016224619926],[12.696547195525003,46.10312863713799],[12.697193070554215,46.103141657773506],[12.697155552444109,46.104042270351506],[12.695863781830836,46.104016224619926]]]},"properties":{"ndvi_class":"moderate","color":"#74c476","area_m2":7505}},{"type":"Feature","geometry":{"type":"Polygon","coordinates":[[[12.705552104801827,46.1042112120448],[12.705589486407844,46.10331059418751],[12.706235367659453,46.10332356376931],[12.706197996553934,46.1042241820319],[12.705552104801827,46.1042112120448]]]},"properties":{"ndvi_class":"sparse","color":"#c7e9c0","area_m2":5003}},{"type":"Feature","geometry":{"type":"Polygon","coordinates":[[[12.640984406859964,46.10244550947629],[12.641003622391997,46.10199522107913],[12.64164945866333,46.1020085553021],[12.641630248380158,46.10245884390759],[12.640984406859964,46.10244550947629]]]},"properties":{"ndvi_class":"sparse","color":"#c7e9c0","area_m2":2502}},{"type":"Feature","geometry":{"type":"Polygon","coordinates":[[[12.648088688639882,46.10259198768182],[12.648107846433739,46.10214169699607],[12.64875368771375,46.10215499111175],[12.648734535168902,46.1026052820052],[12.648088688639882,46.10259198768182]]]},"properties":{"ndvi_class":"sparse","color":"#c7e9c0","area_m2":2502}},{"type":"Feature","geometry":{"type":"Polygon","coordinates":[[[12.659068141374608,46.10281749528984],[12.65908720993354,46.102367201080725],[12.65973305892466,46.10238043321081],[12.659713995614963,46.10283072762669],[12.659068141374608,46.10281749528984]]]},"properties":{"ndvi_class":"sparse","color":"#c7e9c0","area_m2":2502}},{"type":"Feature","geometry":{"type":"Polygon","coordinates":[[[12.659713995614963,46.10283072762669],[12.65973305892466,46.10238043321081],[12.661024758264203,46.102406886532215],[12.661005705453013,46.102857181361394],[12.659713995614963,46.10283072762669]]]},"properties":{"ndvi_class":"moderate","color":"#74c476","area_m2":5003}},{"type":"Feature","geometry":{"type":"Polygon","coordinates":[[[12.683441077601875,46.107370477022265],[12.683497695637739,46.1060195719449],[12.682851793237104,46.10600647329864],[12.682870670266134,46.10555617172759],[12.68351656741629,46.105569270169184],[12.683535438744833,46.10511896835184],[12.684181331092582,46.105132062941976],[12.684219061899334,46.10423145877325],[12.685529681165958,46.10380733363924],[12.685567388274386,46.102906728402786],[12.688150860720906,46.10295903703392],[12.688169692602083,46.102508733535956],[12.689461421008447,46.10253486556388],[12.689442599626696,46.102985169470145],[12.692671954707246,46.103050436745576],[12.691988480687952,46.10393799990331],[12.690696717209288,46.103911895824005],[12.690715528988687,46.10346159159284],[12.69006965316909,46.103448534287146],[12.690032018661588,46.104349142299846],[12.690677904981303,46.10436220001358],[12.69065909230472,46.10481250416158],[12.693242663048927,46.10486469936442],[12.693223870925353,46.105315004286346],[12.69193207415979,46.10528891357092],[12.691894467565833,46.10618952247476],[12.689956744261812,46.10615035782616],[12.688740247362302,46.104323015932124],[12.686802593765588,46.10428379903005],[12.686764904960512,46.105184404834404],[12.686119010822239,46.10517132483154],[12.686062458492664,46.10652223261289],[12.684770640055445,46.10649606043989],[12.684732915251391,46.107396664601524],[12.683441077601875,46.107370477022265]],[[12.689975563534887,46.10570005400697],[12.691267368123128,46.10572616701168],[12.691286176446434,46.105275862742886],[12.689994382359199,46.10524975014618],[12.689975563534887,46.10570005400697]],[[12.687467316329155,46.103846571808575],[12.68875907534061,46.10387271235479],[12.688777902869957,46.10342240873585],[12.687486154358405,46.10339626859807],[12.687467316329155,46.103846571808575]]]},"properties":{"ndvi_class":"sparse","color":"#c7e9c0","area_m2":167609}},{"type":"Feature","geometry":{"type":"Polygon","coordinates":[[[12.672878920049627,46.11256402839293],[12.672935806391965,46.11121313466053],[12.673581765071209,46.111226290476125],[12.673600721029159,46.110775992276416],[12.672308814624333,46.110749677408926],[12.672384675947475,46.10894848583789],[12.67173874442609,46.108935323755645],[12.671757713877362,46.10848502596433],[12.67304956686805,46.10851134607038],[12.672992688664653,46.10986224055302],[12.673638631588943,46.10987539575195],[12.673676540340653,46.108974799060796],[12.675614340304556,46.10901424154104],[12.675652215741609,46.10811364345062],[12.675006292472844,46.10810050001516],[12.675025234764917,46.10765020111283],[12.67567115278274,46.10766334434293],[12.6756900893723,46.10721304519356],[12.675044176605292,46.10719990216882],[12.675765831215024,46.10541184817946],[12.67511993945003,46.1053987059761],[12.675176756841367,46.10404780839404],[12.674530881276105,46.10403466316009],[12.674511937347344,46.104484962190405],[12.673220177066096,46.10445866037181],[12.673828157268881,46.10537241062909],[12.671244598305428,46.10531977617404],[12.671263569388362,46.104869478254926],[12.672555337469712,46.104895802364645],[12.672612216505124,46.10354490712328],[12.673885006160498,46.10402151427957],[12.67456876777848,46.10313406497449],[12.675860498359548,46.10316035097435],[12.67589836205716,46.10225975180066],[12.67654421752279,46.10227288892032],[12.676468509320364,46.10407408792212],[12.67711438623385,46.104087222216236],[12.677038691810518,46.10588842137236],[12.677684590173838,46.105901552840535],[12.67764675075567,46.10680215257899],[12.676354933476096,46.106775885174976],[12.676260274525129,46.10902738173999],[12.676906209195135,46.10904051829171],[12.676887281301862,46.10949081768497],[12.676241341380514,46.109477680928],[12.676146668884588,46.11172917624312],[12.673562808661197,46.111676588634154],[12.673524894484943,46.1125771848252],[12.672878920049627,46.11256402839293]]]},"properties":{"ndvi_class":"moderate","color":"#74c476","area_m2":197628}},{"type":"Feature","geometry":{"type":"Polygon","coordinates":[[[12.67764675075567,46.10680215257899],[12.677684590173838,46.105901552840535],[12.677038691810518,46.10588842137236],[12.67711438623385,46.104087222216236],[12.676468509320364,46.10407408792212],[12.67654421752279,46.10227288892032],[12.677190073437655,46.10228602239359],[12.6771333087116,46.10363692232306],[12.678425053386196,46.103663179561174],[12.678368316099203,46.10501408034653],[12.679641191239032,46.10549062481702],[12.679603384225844,46.10639122586915],[12.678311574753236,46.10636498075702],[12.67829266006919,46.10681528081056],[12.67764675075567,46.10680215257899]]]},"properties":{"ndvi_class":"sparse","color":"#c7e9c0","area_m2":52534}},{"type":"Feature","geometry":{"type":"Polygon","coordinates":[[[12.6461319777837,46.103002372854874],[12.64618949840609,46.10165150266806],[12.647481168194359,46.10167810871445],[12.647462005608435,46.10212839923423],[12.646816165237972,46.10211509782627],[12.646777828197257,46.10301567832475],[12.6461319777837,46.103002372854874]]]},"properties":{"ndvi_class":"sparse","color":"#c7e9c0","area_m2":10006}},{"type":"Feature","geometry":{"type":"Polygon","coordinates":[[[12.703614432208054,46.10417228020244],[12.70365184531541,46.103271663561735],[12.7042977252357,46.103284644083715],[12.704316425870259,46.10283433549826],[12.70560817654232,46.102860285196584],[12.705589486407844,46.10331059418751],[12.704943605599885,46.103297620958976],[12.704906213493397,46.10419823841086],[12.703614432208054,46.10417228020244]]]},"properties":{"ndvi_class":"dense","color":"#238b45","area_m2":15010}},{"type":"Feature","geometry":{"type":"Polygon","coordinates":[[[12.669971803108227,46.10484313955853],[12.66999078423872,46.10439284200927],[12.668699030260681,46.10436648913798],[12.668718021438197,46.10391619195874],[12.669363892952076,46.10392937001179],[12.668793981619954,46.10211500282484],[12.670731534519307,46.102154523574285],[12.670712560901054,46.10260482153781],[12.671358418017718,46.10261798803404],[12.671377386386622,46.1021676898648],[12.672669091471802,46.1021940115068],[12.672631175279413,46.10309460862614],[12.670693586830371,46.10305511945965],[12.670636661903613,46.10440601297501],[12.671282540018922,46.10441918029414],[12.671263569388362,46.104869478254926],[12.669971803108227,46.10484313955853]]]},"properties":{"ndvi_class":"moderate","color":"#74c476","area_m2":50032}},{"type":"Feature","geometry":{"type":"Polygon","coordinates":[[[12.641003622391997,46.10199522107913],[12.641022837465856,46.10154493264013],[12.641668668488457,46.10155826665476],[12.64164945866333,46.1020085553021],[12.641003622391997,46.10199522107913]]]},"properties":{"ndvi_class":"moderate","color":"#74c476","area_m2":2502}},{"type":"Feature","geometry":{"type":"Polygon","coordinates":[[[12.64164945866333,46.1020085553021],[12.641668668488457,46.10155826665476],[12.642314499966998,46.101571597023366],[12.64229529539062,46.10202188587898],[12.64164945866333,46.1020085553021]]]},"properties":{"ndvi_class":"sparse","color":"#c7e9c0","area_m2":2502}},{"type":"Feature","geometry":{"type":"Polygon","coordinates":[[[12.658441361395019,46.10235396530435],[12.65846043474837,46.101903671260274],[12.659106278037795,46.10191690682985],[12.65908720993354,46.102367201080725],[12.658441361395019,46.10235396530435]]]},"properties":{"ndvi_class":"sparse","color":"#c7e9c0","area_m2":2502}},{"type":"Feature","geometry":{"type":"Polygon","coordinates":[[[12.662867120808722,46.10469801599353],[12.663000383429798,46.101545948144484],[12.663646224635654,46.10155915798406],[12.663512998760648,46.10471122727795],[12.662867120808722,46.10469801599353]]]},"properties":{"ndvi_class":"moderate","color":"#74c476","area_m2":17511}},{"type":"Feature","geometry":{"type":"Polygon","coordinates":[[[12.693907343275605,46.10442743388076],[12.69400126868205,46.10217590742087],[12.694647131429434,46.102188942235586],[12.694628352493712,46.10263924781438],[12.695274220936545,46.102652279186195],[12.69519912171568,46.10445350190014],[12.693907343275605,46.10442743388076]]]},"properties":{"ndvi_class":"moderate","color":"#74c476","area_m2":22515}},{"type":"Feature","geometry":{"type":"Polygon","coordinates":[[[12.646509417713586,46.10931973713089],[12.646528592862781,46.108869447487955],[12.64525594118523,46.10839253822675],[12.645275125921097,46.1079422489161],[12.644629218669948,46.10792893386553],[12.64472516173837,46.10567748772511],[12.643433401104398,46.10565084876454],[12.642825926993774,46.10473694631426],[12.64218005831547,46.104723618134074],[12.642256884864077,46.10292246346471],[12.64161103763892,46.102909132471254],[12.64164945866333,46.1020085553021],[12.64229529539062,46.10202188587898],[12.642314499966998,46.101571597023366],[12.644251997137038,46.101611566252956],[12.644271185509561,46.10116127673102],[12.646208671032545,46.10120121252216],[12.6461319777837,46.103002372854874],[12.646777828197257,46.10301567832475],[12.646720319208072,46.10436654875887],[12.64736618582468,46.104379851206005],[12.647347020497005,46.104830141474935],[12.646701148630795,46.10481683881996],[12.646662806104832,46.10571741881667],[12.647308688470623,46.10573072188733],[12.647251187003272,46.107081592192365],[12.647897085574359,46.107094892239836],[12.647839595744818,46.10844576279197],[12.64848551052228,46.10845905981593],[12.648447192185964,46.10935964039049],[12.646509417713586,46.10931973713089]]]},"properties":{"ndvi_class":"bare","color":"#d9d9d9","area_m2":240156}},{"type":"Feature","geometry":{"type":"Polygon","coordinates":[[[12.664861824048046,46.1033867510792],[12.664937908402354,46.10158556672464],[12.665583750962949,46.10159876562561],[12.665507687605805,46.1033999508051],[12.664861824048046,46.1033867510792]]]},"properties":{"ndvi_class":"sparse","color":"#c7e9c0","area_m2":10006}},{"type":"Feature","geometry":{"type":"Polygon","coordinates":[[[12.679754601460761,46.102788820661125],[12.679792401262416,46.10188821894266],[12.680438254172154,46.101901333979],[12.680400464869443,46.1028019361073],[12.679754601460761,46.102788820661125]]]},"properties":{"ndvi_class":"very_dense","color":"#00441b","area_m2":5003}},{"type":"Feature","geometry":{"type":"Polygon","coordinates":[[[12.642314499966998,46.101571597023366],[12.642333704085466,46.10112130812592],[12.642979530771191,46.101134634640275],[12.64296033190136,46.101584923745946],[12.642314499966998,46.101571597023366]]]},"properties":{"ndvi_class":"moderate","color":"#74c476","area_m2":2502}},{"type":"Feature","geometry":{"type":"Polygon","coordinates":[[[12.64296033190136,46.101584923745946],[12.642979530771191,46.101134634640275],[12.644271185509561,46.10116127673102],[12.644251997137038,46.101611566252956],[12.64296033190136,46.101584923745946]]]},"properties":{"ndvi_class":"sparse","color":"#c7e9c0","area_m2":5003}},{"type":"Feature","geometry":{"type":"Polygon","coordinates":[[[12.689461421008447,46.10253486556388],[12.689480241941405,46.102084561616024],[12.690126101565157,46.10209762195615],[12.690107285881808,46.102547926108066],[12.689461421008447,46.10253486556388]]]},"properties":{"ndvi_class":"sparse","color":"#c7e9c0","area_m2":2502}},{"type":"Feature","geometry":{"type":"Polygon","coordinates":[[[12.663512998760648,46.10471122727795],[12.663665255088299,46.101108862203745],[12.66495692835708,46.1011352705317],[12.664804756019771,46.10473763890704],[12.663512998760648,46.10471122727795]]]},"properties":{"ndvi_class":"dense","color":"#238b45","area_m2":40026}},{"type":"Feature","geometry":{"type":"Polygon","coordinates":[[[12.65701606597357,46.105479537055665],[12.657700113472895,46.10459219444144],[12.658345987805973,46.10460543489838],[12.658384138606106,46.10370484718603],[12.659030002892662,46.10371808358282],[12.659049072360988,46.10326778945721],[12.658403213323902,46.103254553267234],[12.657795513309225,46.102340725881724],[12.657149665676277,46.10232748281285],[12.657206915865675,46.10097660179668],[12.65785274775179,46.10098984424482],[12.657833670059173,46.10144013816555],[12.658479507646929,46.101453377174465],[12.658441361395019,46.10235396530435],[12.659713995614963,46.10283072762669],[12.659656802958423,46.1041816106238],[12.659010932969617,46.1041683776667],[12.658953720472049,46.10551925966777],[12.65701606597357,46.105479537055665]]]},"properties":{"ndvi_class":"moderate","color":"#74c476","area_m2":45029}},{"type":"Feature","geometry":{"type":"Polygon","coordinates":[[[12.652002026773737,46.1017711150247],[12.652040277092773,46.10087053095344],[12.652686105351943,46.10088380256998],[12.652647865530456,46.101784387055964],[12.652002026773737,46.1017711150247]]]},"properties":{"ndvi_class":"bare","color":"#d9d9d9","area_m2":5003}},{"type":"Feature","geometry":{"type":"Polygon","coordinates":[[[12.694628352493712,46.10263924781438],[12.694665909917374,46.10173863661524],[12.695311767860908,46.10175166757985],[12.695274220936545,46.102652279186195],[12.694628352493712,46.10263924781438]]]},"properties":{"ndvi_class":"dense","color":"#238b45","area_m2":5003}},{"type":"Feature","geometry":{"type":"Polygon","coordinates":[[[12.661280376970643,46.172718605871324],[12.661356762424884,46.17091744805173],[12.662003414367396,46.17093068240591],[12.662041593823778,46.17003010283203],[12.660748311465074,46.17000363129599],[12.66076741104587,46.169553341860066],[12.659474141038029,46.169526856118495],[12.659455030921322,46.16997714514056],[12.658808391330364,46.169963896580576],[12.658199993042338,46.169050067108046],[12.657553364895422,46.16903681165266],[12.657591614454251,46.16813623464213],[12.656944997296833,46.16812297594641],[12.657002384013964,46.16677211073883],[12.65764898536958,46.16678536881306],[12.657629862187507,46.16723565746451],[12.65892307679574,46.167262163063846],[12.658903963691877,46.167712452087706],[12.65825735089339,46.167699200908224],[12.658865736115752,46.16861303001015],[12.660158984144756,46.16863952223336],[12.660139880207849,46.169089811545895],[12.660786510170857,46.16910305238239],[12.660862902113012,46.167301894054155],[12.660216293220099,46.167288654045215],[12.660273598192658,46.16593778548128],[12.659627005554738,46.16592454243866],[12.660311799228555,46.1650372062299],[12.659037745840955,46.16456042804372],[12.659075965207606,46.16365984936959],[12.656508836406898,46.16315654160981],[12.657117145123681,46.16407037919591],[12.658391169910898,46.164547178313555],[12.658352938186898,46.165447756406564],[12.657040639542974,46.165871533724946],[12.6570215120067,46.16632182225278],[12.656374916372485,46.166308560731366],[12.6557665968761,46.165394719287164],[12.654473428947814,46.16536817880206],[12.654492576637626,46.16491789101986],[12.653199421061883,46.16489133633283],[12.6531611041588,46.16579191102555],[12.652514516520279,46.16577862778571],[12.652533680467087,46.16532834066781],[12.646048665193838,46.16564559440457],[12.645440525869752,46.16473170126443],[12.644793954235238,46.164718374590485],[12.64410891869174,46.165605613133316],[12.642815756641111,46.16557894068166],[12.642834999586386,46.165128656683926],[12.641522596418932,46.16555225361338],[12.641541849897106,46.165101970032644],[12.639602128793603,46.16506191265014],[12.6396213976112,46.16461162965343],[12.637035130280204,46.16455816948862],[12.637112285207502,46.16275704042446],[12.634564726287888,46.16180296202992],[12.634603341271013,46.16090239875139],[12.633956819542279,46.1608890116329],[12.633995443212518,46.15998844860519],[12.634641954411327,46.16000183530533],[12.63466126029046,46.15955155351946],[12.63401475435643,46.1595381670285],[12.6334068803157,46.15862421402358],[12.63276038582828,46.15861082064453],[12.632741065076923,46.159061101886515],[12.62886207620707,46.15898066363867],[12.628881428545132,46.158530383653535],[12.62823493727267,46.15851696470231],[12.628273651091945,46.157616405025635],[12.62892013183598,46.15762982355752],[12.628939482788793,46.15717954344664],[12.627665893307395,46.1567024234158],[12.627704613959292,46.1558018638232],[12.626431067040945,46.15532473073311],[12.626450436738804,46.15487445125157],[12.625803989416479,46.15486101936691],[12.625784614455274,46.15531129863859],[12.624491710664602,46.15528442349137],[12.624511096152458,46.154834144639636],[12.623864650211013,46.15482070179701],[12.623903430325381,46.153920144387804],[12.621964126843338,46.15387979520508],[12.621983531995278,46.15342951706801],[12.621337103685752,46.15341606024568],[12.621317693270937,46.153866338172485],[12.620671260159549,46.153852877487395],[12.620651844018617,46.154303155161905],[12.621944721228394,46.15433007330019],[12.621886501605394,46.15568090733384],[12.62124004698024,46.15566744946016],[12.621220634249639,46.156117727177175],[12.622513554487906,46.1561446396923],[12.622494151821373,46.156594917787906],[12.62509940049344,46.15619842088897],[12.625060636807305,46.15709897871888],[12.626353583627688,46.15712584823994],[12.626314839147772,46.15802640674178],[12.62376769182837,46.15707209458605],[12.623728905236336,46.15797265140805],[12.625021871271278,46.15799953638103],[12.62494433464909,46.15980065120209],[12.624297830343826,46.15978720970206],[12.624336610108998,46.15888665279543],[12.623043623938255,46.158859759675984],[12.622435941043948,46.15794575182293],[12.621789459639022,46.15793229655083],[12.621808868958496,46.157482018791335],[12.6205353374439,46.15700482032793],[12.620554756364651,46.15655454290517],[12.619908292134687,46.15654107730526],[12.619947139113263,46.15564052275464],[12.618673666412343,46.15516330452093],[12.618693099269457,46.154713027561655],[12.618046657477384,46.15469955184554],[12.618066095133894,46.154249275054845],[12.616773223460944,46.15422231308616],[12.61683156522463,46.15287148372605],[12.615538726975833,46.152844508411825],[12.615558183827435,46.15239423229598],[12.614911770658626,46.15238073937121],[12.614931232308374,46.15193046342419],[12.617497426105935,46.1524346891567],[12.61751686670615,46.15198441236674],[12.616870457413832,46.15197093060942],[12.616889902812499,46.151520653988136],[12.617536306842538,46.15153413553481],[12.617594624468882,46.15018330478714],[12.616948236224927,46.15016982387241],[12.616909347747228,46.15107037732487],[12.616262949441147,46.15105689233675],[12.616243499244279,46.15150716878932],[12.614950693493794,46.15148018743519],[12.6149701542149,46.15102991140421],[12.613696831618107,46.15055264021215],[12.613735771785986,46.14965208878378],[12.61502853359247,46.14967908305932],[12.615047992456457,46.14922880686038],[12.613755241173154,46.14920181300662],[12.613774710095827,46.14875153718748],[12.613128340409116,46.14873803499379],[12.613147814128626,46.14828775934361],[12.614440543441752,46.1483147596573],[12.613833114077005,46.14740070947802],[12.613186760173878,46.14738720791725],[12.613167287383543,46.14783748365142],[12.61187457044265,46.14781046915291],[12.611855086665388,46.148260744423],[12.61250145016571,46.14827425370917],[12.612462491739345,46.14917480454549],[12.611816117716312,46.14916129483716],[12.611757660806129,46.15051212014338],[12.611111271460883,46.15049860614978],[12.611169744156028,46.14914778147702],[12.60989649891534,46.14867046924877],[12.609915998941242,46.14822019465427],[12.607350075731333,46.14771580338136],[12.606859911357388,46.14410007494471],[12.606213599370925,46.144086534697564],[12.606194071971045,46.14453680840167],[12.60488190048332,46.14495998976943],[12.604823282528413,46.146310809233505],[12.60609642798346,46.1467881762917],[12.60607689778821,46.147238449743604],[12.606723246597598,46.14725199147177],[12.606703721197322,46.147702265093216],[12.606057367127015,46.14768872315347],[12.60601830440674,46.1485892698471],[12.604079213412813,46.1485486208481],[12.604059665569906,46.148998893496746],[12.602766930039099,46.14897177548192],[12.602727811908466,46.14987231980561],[12.602081434316938,46.14985875489672],[12.602061869290063,46.15030902678354],[12.603335080490597,46.15078642564192],[12.603315525053814,46.151236697868484],[12.60072995247678,46.151182428385475],[12.600710375525601,46.15163269972203],[12.599437168977374,46.151155271731966],[12.599417581502367,46.151605542644205],[12.598771185188488,46.151591958627236],[12.598692809566154,46.15339304100648],[12.602571320718734,46.153474495418244],[12.602551757219732,46.153924767180555],[12.6031981826347,46.15393833034476],[12.60315906476193,46.15483887416712],[12.602512628821383,46.15482531057907],[12.60239523242259,46.15752693976523],[12.601748765367041,46.15751337125275],[12.601709618971602,46.15841391355434],[12.600416665200232,46.158386764722586],[12.600436249159106,46.157936494017015],[12.59849683778239,46.157895744009295],[12.598516437064976,46.15744547389836],[12.59722350900179,46.15741828938716],[12.59724311834374,46.15696801965888],[12.596596660274198,46.15695442213659],[12.596635888081073,46.156053882978725],[12.595342994392787,46.156026677826226],[12.595284120400466,46.15737748522466],[12.594637658465444,46.157363876531676],[12.59403046784661,46.15644972681305],[12.59273756736169,46.156422492014535],[12.59271792164441,46.156872760296494],[12.592071466838522,46.15685913720549],[12.592032163470797,46.15775967321737],[12.591385698604778,46.15774604604788],[12.59130706518711,46.15954711671463],[12.590014094745547,46.159519849713284],[12.590621249681156,46.160434019695124],[12.589974754165592,46.16042038394186],[12.58993541170818,46.16132091800196],[12.58928890613105,46.161307278169375],[12.589269228933677,46.16175754492313],[12.588622718559348,46.1617439012242],[12.58864240102129,46.161293634683624],[12.587995896379025,46.16127998754467],[12.588114012873346,46.1585783886959],[12.587467540283324,46.158564739183454],[12.587506919217674,46.15766420632332],[12.586213996495063,46.15763689719335],[12.586253394603604,46.15673636501806],[12.587546296272892,46.156763673294655],[12.587565984095864,46.15631340671711],[12.588858877109244,46.156340699956864],[12.588839199812615,46.15679096696085],[12.589485652283576,46.15680460831503],[12.589524995881092,46.155904073838656],[12.592091117819061,46.15640886913637],[12.59216971705272,46.15460779643881],[12.590896520632747,46.15413027357436],[12.590916179325284,46.15368000567842],[12.592228661555424,46.15325699147349],[12.592248308785441,46.1528067230675],[12.59030908926243,46.15276583762838],[12.590269762759876,46.153666373120586],[12.58962334666148,46.15365273691053],[12.589643015409656,46.15320246939854],[12.587703785704695,46.153161539494576],[12.58776283649212,46.15181073862434],[12.586450356948216,46.15223370161308],[12.585843356794571,46.15131951137008],[12.583257813539072,46.15126484662592],[12.583277532557302,46.15081458103685],[12.583923912407453,46.150828252487095],[12.583943625693795,46.150377986642255],[12.582650876984658,46.15035064051721],[12.5826706003233,46.149900375057506],[12.583316969182427,46.149914049732246],[12.583376120591977,46.148563252459134],[12.582103141625689,46.14808563532541],[12.582182043788928,46.14628457324514],[12.581535717952383,46.14627089297709],[12.580928861882867,46.145356678619805],[12.581575176730738,46.14537036211147],[12.581614633626456,46.14446983107718],[12.585492469429616,46.14455185279058],[12.586178158413079,46.143664976104844],[12.586824455966319,46.14367862953412],[12.586844140691468,46.14322836216122],[12.587490433452663,46.14324201172631],[12.587510112448845,46.142791744097984],[12.588802688854265,46.14281903184914],[12.5887240121294,46.14462010381503],[12.589370322071188,46.14463374306674],[12.589409650852607,46.14373320674185],[12.591348551920822,46.14377410131259],[12.592073420993685,46.14198664897175],[12.594012264546885,46.14202749717767],[12.594697785671336,46.1411405657092],[12.595344057735657,46.141154170400355],[12.595324443724806,46.141604440751735],[12.59597072151394,46.14161804200472],[12.595990330265733,46.14116777144083],[12.597282876722652,46.14119496256971],[12.59796833519616,46.14030801012969],[12.59861459907016,46.14032159614282],[12.598653771230273,46.13942105302158],[12.599300025051999,46.13943463495966],[12.599985428596167,46.138547669109],[12.601297480941762,46.13812454132811],[12.60131704388686,46.13767426872971],[12.60260951364589,46.137701398055775],[12.603294842164088,46.13681441064893],[12.604587293676223,46.13684151722611],[12.605272579658585,46.13595451700638],[12.60656501292226,46.13598160083595],[12.606604049558957,46.13508105178849],[12.607250256370861,46.13509458780511],[12.607269768733433,46.134644313006824],[12.607915970751229,46.134657845162],[12.608601175532074,46.133770823099006],[12.609893560853983,46.13379786831442],[12.610578723106233,46.13291083344352],[12.611224906409959,46.13292434650429],[12.611910036186984,46.13203730289904],[12.612556209901925,46.13205080823825],[12.612575676953954,46.1316005314561],[12.613868015257058,46.13162753076367],[12.613887471331665,46.13117725351766],[12.615199246067135,46.13075396009556],[12.615238134871014,46.12985340455044],[12.61588428461352,46.129866890587664],[12.61590372306369,46.12941661254142],[12.617196013420966,46.129443573246384],[12.617215440895524,46.12899329473691],[12.61786158151013,46.129006769404796],[12.618546555121563,46.128119682436505],[12.619838817632546,46.12814661268413],[12.620523748728836,46.12725951291725],[12.622462115798074,46.12729986871066],[12.622539645481762,46.125498746851456],[12.623831850453374,46.125525630787806],[12.623851221208598,46.1250753497981],[12.624497319129308,46.12508878608297],[12.624477953629103,46.1255390672826],[12.626416265914488,46.12557935487337],[12.626396915717896,46.12602963666056],[12.625750805908009,46.126016210902804],[12.625065973758424,46.12690334410543],[12.625712093619478,46.12691677393185],[12.625692736782693,46.12736705538348],[12.626965641607425,46.127844186337676],[12.626868900749727,46.13009559485486],[12.627515058780855,46.13010901520164],[12.627476369720213,46.13100957873444],[12.626184033091313,46.13098273355249],[12.626145321157878,46.13188329607873],[12.627418332668482,46.132360423719255],[12.627360291463498,46.133711268326785],[12.628006492009222,46.13372468670116],[12.627967806080099,46.13462524998256],[12.628614017600201,46.13463866512615],[12.62857534034102,46.135539228659106],[12.627929118305312,46.13552581309631],[12.62794846242342,46.13507553156038],[12.6253635999065,46.135021833645986],[12.625382964593998,46.13457155290716],[12.626675384417934,46.13459840874506],[12.626752796489875,46.13279728369208],[12.624814230532078,46.13275699697804],[12.62483359816718,46.132306716239434],[12.624187415691198,46.13229328024497],[12.624226160089185,46.13139271906183],[12.625518504473606,46.131419586561336],[12.625537865466157,46.13096930548708],[12.6248916983007,46.13095587377203],[12.624930429413366,46.130055311917424],[12.62363811748789,46.130028438378254],[12.623657492863908,46.129578157807934],[12.623011342847425,46.12956471577414],[12.622991962215153,46.13001499613442],[12.622345807402585,46.130001550241104],[12.622326421051667,46.13045183034937],[12.622972581120601,46.13046527645277],[12.622933817544602,46.13136583696363],[12.622287646962562,46.13135239044005],[12.622229482360526,46.13270323026147],[12.62158329646826,46.132689779457785],[12.621563902085525,46.13314005910418],[12.622210093234893,46.133153510118056],[12.622778744746686,46.134968077329354],[12.624090546609285,46.134544682468935],[12.623954910483242,46.137696643821094],[12.62266242072657,46.13766975584196],[12.622643031771174,46.138120035447244],[12.621996782324882,46.13810658577186],[12.622016176538772,46.13765630637671],[12.618784962510123,46.137589004293865],[12.61880438255301,46.13713872590833],[12.617511910685263,46.13711177994327],[12.617550770413667,46.136211223888324],[12.616904545687945,46.13619774585146],[12.616219440663041,46.137084819376845],[12.614926972487343,46.137057844209096],[12.614946423615741,46.136607567045324],[12.61430019547873,46.13659407419679],[12.61433910685936,46.135693520164914],[12.613692889700094,46.13568002408787],[12.613007740590804,46.13656707754897],[12.611734764505881,46.13608979014909],[12.61171528755184,46.136540066300206],[12.611069061726031,46.13652655520048],[12.611030095907953,46.137427106954455],[12.612968806321247,46.137467630569255],[12.61294933848989,46.1379179070164],[12.613595581477325,46.13793140779825],[12.613615044050379,46.13748113114016],[12.614907520894947,46.137508121330875],[12.614888068838537,46.137958398410674],[12.616826803344352,46.13799885695108],[12.61680736659936,46.13844913462105],[12.618099869094811,46.13847608915023],[12.618080442403436,46.13892636719937],[12.620019215382062,46.138966772245524],[12.620038626297415,46.13851649356508],[12.62133113340398,46.138543411588955],[12.621311733006046,46.138993690689986],[12.620665473963648,46.138980233293054],[12.62127293082175,46.139894248766204],[12.620626661261545,46.13988079094874],[12.619941567089976,46.14076788654773],[12.621234126786133,46.140794806674606],[12.621214724074044,46.14124508556588],[12.621861009872656,46.141258540363275],[12.621802814737917,46.14260937741606],[12.62309541927467,46.142636277319035],[12.623076030490619,46.14308655667304],[12.62113710859683,46.14304620071141],[12.621117703570244,46.14349647939291],[12.619825080758314,46.143469556742204],[12.619786248275718,46.144370113138],[12.621078892128239,46.14439703663004],[12.62109829808072,46.143946758032456],[12.622390933256176,46.143973666498866],[12.622410328225474,46.14352338743888],[12.62370295472301,46.143550280880085],[12.623664185362518,46.14445083979851],[12.624976209133166,46.144027439616615],[12.625583790529713,46.14494143386221],[12.626876453190649,46.14496829205016],[12.626837733661576,46.145868852816086],[12.625525678979034,46.14629227368922],[12.625506307537867,46.146742553547696],[12.626152659681459,46.146755985306825],[12.625428817151466,46.14854367256227],[12.628014312665455,46.14859738104559],[12.627956253163145,46.14994822238384],[12.631188211822572,46.15001527896379],[12.631168884041825,46.150465560373796],[12.633754480280887,46.15051914073744],[12.633793093284973,46.14961857620116],[12.633146704061204,46.149605187006905],[12.633166015134186,46.149154904885144],[12.631873248586363,46.14912811595908],[12.631892569722064,46.14867783421399],[12.630599815533108,46.14865103109881],[12.630580483874017,46.149101312425096],[12.62993410220646,46.14908790518015],[12.629972775586651,46.148187342904635],[12.632558262918039,46.1482409482974],[12.63269345790781,46.14508897315023],[12.633339794060047,46.14510236390407],[12.633397712077334,46.14375151615633],[12.632105071794294,46.143724732252686],[12.632085755728426,46.14417501445866],[12.629500459626614,46.144121401998206],[12.629481122058204,46.14457168332459],[12.628207814330523,46.144094573859995],[12.629008862768226,46.140505739311315],[12.63032075298315,46.140082274881486],[12.630436712247073,46.137380582523136],[12.631082957151799,46.137393984322564],[12.631063637018928,46.13784426669644],[12.631709887640977,46.13785766505472],[12.631729202515292,46.13740738247149],[12.633021694618074,46.13743416781788],[12.632336828645304,46.138321342513066],[12.63361004268027,46.13879840452242],[12.633667941357118,46.137447555015314],[12.634314188554427,46.13746093856224],[12.63433348193413,46.13701065510032],[12.635625967186039,46.13703741082456],[12.635683813014264,46.13568655893335],[12.634410650850748,46.135209520833776],[12.634468522706301,46.13385866969408],[12.632529908682145,46.13381851312156],[12.632626431430502,46.13156709685478],[12.633918787749588,46.13159386946153],[12.633938080404192,46.13114358566419],[12.633291907272389,46.131130201394825],[12.633388389925333,46.12887878282541],[12.632096097600968,46.128852005429565],[12.632115403262942,46.128401722008384],[12.632761543939926,46.128415112321804],[12.63278084388548,46.12796482864954],[12.634073116102133,46.127991597910004],[12.634111693589146,46.12709102960328],[12.633465567763333,46.127077647215884],[12.633484861072342,46.12662736320878],[12.63154650211059,46.126587194779084],[12.631585118880398,46.125686627894424],[12.632231227565304,46.1257000206016],[12.632250530004248,46.12524973688717],[12.634188843042583,46.1252898924872],[12.634208129255898,46.12483960810347],[12.633562029706814,46.124826226761506],[12.633639190979446,46.12302508964404],[12.632366334970417,46.12254803372083],[12.632404932943285,46.121647465663585],[12.633050994794239,46.121660852839106],[12.633089580418014,46.12076028419596],[12.63502773719444,46.12080042257718],[12.635047013554608,46.120350137565644],[12.632462826450594,46.120296613263505],[12.632443529075072,46.12074689743876],[12.63115142776373,46.12072011297921],[12.631170735646847,46.12026982922245],[12.631816780819596,46.12028322306714],[12.63120935003166,46.119369261583216],[12.632501419820967,46.11939604478732],[12.632482123365888,46.11984632904637],[12.633128164201318,46.11985971538526],[12.63314745540283,46.11940943091707],[12.634439527940357,46.11943619223186],[12.634420247246025,46.119886477118186],[12.636358375245818,46.11992659235538],[12.636319844000477,46.12082716325594],[12.636965898089647,46.12084052812269],[12.636869588206308,46.123091955685474],[12.636223507845763,46.12307858977461],[12.636204239236193,46.12352887495272],[12.637496410923928,46.12355560354338],[12.638181002685673,46.12266839071476],[12.6394539142206,46.12314538284176],[12.63949239751618,46.12224481027273],[12.63884632583607,46.12223145937397],[12.638904063100275,46.1208806008323],[12.640842232222964,46.12092064070584],[12.640861461297794,46.12047035381596],[12.639569358600552,46.12044366463241],[12.639588597724478,46.11999337811769],[12.640880689914018,46.120020066884244],[12.640899918071657,46.11956977991066],[12.643484086912638,46.1196231128301],[12.64358011575465,46.117371673168236],[12.640976826116567,46.11776863159794],[12.641015277387833,46.11686805719048],[12.640369267838238,46.116854716090586],[12.64035003717888,46.117305003106786],[12.639058008943472,46.117278309546094],[12.639019525236248,46.11817888261878],[12.63772747781551,46.11815217363147],[12.637708224766921,46.11860245968772],[12.636416168667871,46.11857573569048],[12.635808678461563,46.1176617973181],[12.634516646119556,46.1176350522678],[12.633832061958682,46.11852224391837],[12.631893986733502,46.11848208678405],[12.631913287061193,46.11803180260855],[12.633224615608235,46.11760829262546],[12.633243904509497,46.11715800794783],[12.632597895193602,46.1171446228638],[12.632636482121622,46.116244053801154],[12.633282480932008,46.11625743846692],[12.633340342115941,46.1149065839314],[12.633986325626838,46.11491996432215],[12.633967044277815,46.11537024941826],[12.635259023177332,46.115396999674736],[12.635827946350915,46.11721151180449],[12.63711997001658,46.117238241845065],[12.637139226940638,46.11678795587198],[12.63845048788833,46.11636438447084],[12.638508223012163,46.11501352492256],[12.637216250044553,46.114986811560875],[12.637196994957394,46.115437097701445],[12.635885747261973,46.11586065501249],[12.635924278905316,46.114960083608416],[12.635278294021646,46.11494671416066],[12.635297564406397,46.11449642860472],[12.63400560651604,46.114469679184154],[12.63469013512738,46.1135824848986],[12.635336103797252,46.113595857367194],[12.635316834331595,46.1140461430069],[12.637919983049764,46.113649310766526],[12.637939231048327,46.11319902424978],[12.636001336678815,46.11315894029784],[12.636020599973687,46.112708654365534],[12.638604439039906,46.11276209150491],[12.638623680868779,46.1123118046958],[12.637977725668426,46.112298451090716],[12.638054709400915,46.11049730427023],[12.638700643595813,46.110510657040784],[12.638681403602297,46.11096094401733],[12.63997328386449,46.1109876390341],[12.6399540539148,46.11143792638587],[12.638662163149961,46.11141123095201],[12.638642922238795,46.11186151784484],[12.639288872644347,46.11187486759397],[12.639250399948715,46.11277544167122],[12.641188285414557,46.112815470285554],[12.641795815633897,46.113729381439505],[12.643087763479391,46.113756042483345],[12.643106969462162,46.113305754299],[12.643752938816837,46.11331907914135],[12.643145380053678,46.11240517780481],[12.641853463719519,46.11237851801062],[12.641872678831572,46.111928230117314],[12.64316458466245,46.11195488949495],[12.643183788813253,46.111504601143274],[12.642537840921333,46.111491273486365],[12.64257625835174,46.11059069707397],[12.641930321418451,46.11057736618634],[12.641968747518778,46.10967679002315],[12.641322821543692,46.109663455905036],[12.641361256313019,46.10876287999115],[12.643299004101411,46.10880287015467],[12.643279802698157,46.109253158757355],[12.644552455978491,46.10973009002498],[12.644494879154575,46.11108095670539],[12.645786767625472,46.111107586071995],[12.645844312942227,46.10975671814341],[12.648428032332475,46.109809930615064],[12.648408872022081,46.110260220797834],[12.649054808258143,46.11027351500566],[12.649112272065565,46.10892264370881],[12.64846635158256,46.10890935012411],[12.648523827031138,46.107558479074136],[12.647877922754812,46.10754518246568],[12.648012052896192,46.10439315000672],[12.646739489328231,46.10391625865599],[12.646816165237972,46.10211509782627],[12.647462005608435,46.10212839923423],[12.647481168194359,46.10167810871445],[12.64618949840609,46.10165150266806],[12.646208671032545,46.10120121252216],[12.644271185509561,46.10116127673102],[12.644290373424562,46.10071098716727],[12.648165317074554,46.100790824688],[12.64814616065106,46.10124111549916],[12.648791991433436,46.10125440919943],[12.64875368771375,46.10215499111175],[12.648107846433739,46.10214169699607],[12.648088688639882,46.10259198768182],[12.648734535168902,46.1026052820052],[12.648657920422485,46.10440644516098],[12.649303788403433,46.10441973666882],[12.649246338297175,46.10577060921974],[12.650538107121275,46.10579718254159],[12.650518966672632,46.1062474737235],[12.649873076783312,46.10623418867831],[12.649834784016287,46.107134770501574],[12.651107448682705,46.107611629039454],[12.651050036242083,46.108962502580795],[12.649777341441407,46.10848564292297],[12.64973904410844,46.109386224328226],[12.65232275340706,46.109439348438706],[12.652284496256545,46.11033993133686],[12.65099261969406,46.110313375746],[12.6510117589998,46.109863084732716],[12.65036582665118,46.10984980167401],[12.650289245684167,46.11165096464616],[12.651581152846749,46.11167752877656],[12.652188845397072,46.11259138785098],[12.653480776291943,46.11261793092649],[12.653519016997178,46.111717347616775],[12.652873061826327,46.11170407831743],[12.652892186746609,46.11125378680723],[12.654184087038951,46.11128032134391],[12.654164972621905,46.111730613268705],[12.654810928700384,46.111743875273234],[12.654887362627898,46.10994270649456],[12.655533298154147,46.109955964023065],[12.655571501881738,46.10905537896881],[12.656863353290023,46.10908188225603],[12.656882443968712,46.10863158925216],[12.659466131218519,46.10868455123386],[12.658782058420238,46.109571903416445],[12.658136125879205,46.10955866433084],[12.658743906294143,46.11047249045687],[12.657452020659917,46.11044600781096],[12.657432933411574,46.11089630085475],[12.656786986022592,46.11088305385391],[12.656748799657086,46.11178363940226],[12.658040715894698,46.111810130584445],[12.658021632532598,46.112260423709884],[12.656729705791339,46.11223393211379],[12.656710611470242,46.11268422478357],[12.656064643527523,46.112670973307225],[12.656102842218099,46.11177038834001],[12.65545688523249,46.11175713363034],[12.655437780863148,46.11220742592773],[12.654145857749024,46.112180905151725],[12.654107626635705,46.11308148879244],[12.65475359846985,46.11309475141861],[12.654715376037434,46.11399533530665],[12.656653325774736,46.11403510254228],[12.656615133034078,46.114935687505934],[12.655323145079077,46.11490917883487],[12.655284929505772,46.11580976280307],[12.657222943634798,46.11584952158033],[12.657299309927309,46.11404835099206],[12.65857219920667,46.114525130071954],[12.658591279591926,46.11407483694841],[12.659237265103718,46.114088074454976],[12.659294487772684,46.11273719421333],[12.661232399754176,46.1127768829861],[12.661194283276258,46.11367747109589],[12.659883251068333,46.11410130831379],[12.659864181188054,46.114551601850955],[12.660510172857878,46.11456483226874],[12.661118044866159,46.11547864681454],[12.659180038340637,46.11543895432086],[12.65914188489056,46.11633954068937],[12.657849861792675,46.116313059959815],[12.657165664134492,46.11720039908305],[12.6565196432122,46.11718714918419],[12.656538742087514,46.11673685693206],[12.655892726871816,46.11672360359215],[12.655873622743323,46.117173895637194],[12.653289545404453,46.11712084496817],[12.653232167244466,46.118471718365925],[12.65517027184849,46.118511513705165],[12.655189382597422,46.11806122199259],[12.656481444095073,46.118087733563115],[12.656424142002928,46.119438609818275],[12.657070189193053,46.11945186075231],[12.657089285092162,46.11900156850198],[12.65902741362065,46.119041298792794],[12.659065572530675,46.11814071292534],[12.661003673613724,46.11818040914027],[12.661022736625672,46.11773011552367],[12.666837017017892,46.11784900530293],[12.666856032294032,46.117398709787],[12.665563977328413,46.11737231578627],[12.665583002657828,46.116922020641],[12.661725936520025,46.116392458372005],[12.661744992460479,46.11594216438181],[12.664329030315951,46.11599502286959],[12.66430999538777,46.11644531768569],[12.667540079139155,46.11651130974578],[12.667521070023275,46.11696160555124],[12.672043242998525,46.11705384265532],[12.672024270203497,46.1175041398603],[12.67396236685504,46.11754361594135],[12.67394340936847,46.117993913721435],[12.67652756555217,46.118046498241554],[12.676508628628753,46.11849679680161],[12.67844676624906,46.118536197499324],[12.67835215367065,46.120787692752856],[12.678998226714024,46.12080082004738],[12.678979308099024,46.12125111917824],[12.682855787315257,46.12132980755085],[12.683464103739528,46.12224351051395],[12.687986759931453,46.122335124913455],[12.687378366802037,46.12142144462957],[12.682228598665686,46.120866401788575],[12.682266381997085,46.11996580135251],[12.683558512900158,46.11999200768859],[12.683539631968708,46.12044230833691],[12.68547784744846,46.12048159108967],[12.685458981830605,46.12093189231019],[12.687397217105442,46.120971142837405],[12.687453765318185,46.11962023721122],[12.688745892878433,46.11964638475949],[12.688783568422066,46.1187457799836],[12.688137514926819,46.118732708442295],[12.688156357278814,46.11828240619617],[12.688802405519967,46.11829547753323],[12.689009583948748,46.113342147833755],[12.687717603487185,46.11331600600461],[12.687736445700034,46.11286570346353],[12.687090461392723,46.11285262728146],[12.687203536746733,46.11015081238707],[12.689141396471863,46.11019002631337],[12.68908490808491,46.111540935785975],[12.690358028459366,46.11201736487325],[12.689636747946125,46.11380551638861],[12.690947557993734,46.11338133321832],[12.691004004497024,46.11203042240814],[12.693569119070174,46.11253292053081],[12.693512734252705,46.11388383366291],[12.694158733532904,46.11389687377405],[12.694177523667468,46.11344656923451],[12.69482351814091,46.11345960549397],[12.694842302574651,46.11300930070917],[12.694196313353922,46.11299626465339],[12.69427146761887,46.111195045913256],[12.696209373589758,46.1112341406934],[12.6961906014523,46.11168444605165],[12.69748255149908,46.11171049140703],[12.698203550029543,46.109922284489414],[12.69884950515793,46.109935297234436],[12.698887003390341,46.109034684516644],[12.699532948460334,46.10904769320761],[12.69957043440134,46.1081470799171],[12.700216369413258,46.10816008455426],[12.700937229379536,46.106371856839274],[12.701583144276283,46.10638485336951],[12.701639317216413,46.10503393079556],[12.702285216805446,46.105046923069665],[12.703005965839141,46.103258679393036],[12.70365184531541,46.103271663561735],[12.703614432208054,46.10417228020244],[12.704906213493397,46.10419823841086],[12.704943605599885,46.103297620958976],[12.705589486407844,46.10331059418751],[12.70553341333026,46.104661520911186],[12.704222918237985,46.10508587801034],[12.704204215373624,46.10553618638819],[12.705496029049938,46.1055621385194],[12.705439949286292,46.106913064620386],[12.704148104104478,46.10688711127265],[12.704129399456034,46.10733741948443],[12.70348347227992,46.10732443713694],[12.702800113907577,46.108212066629704],[12.701489513778691,46.10863639016207],[12.701470786339447,46.10908669739599],[12.702116733188447,46.10909969149724],[12.702079287473723,46.11000030624653],[12.701433330121132,46.109987311739204],[12.701414601342034,46.11043761884852],[12.700103937736907,46.11086192514648],[12.70006645693633,46.111762538344884],[12.699420479909369,46.11174953208205],[12.699251746905494,46.11580228758943],[12.697959699634131,46.11577626046069],[12.697940938779777,46.116226566013765],[12.696002855452882,46.11618749734829],[12.696686425058026,46.11529991355118],[12.69862447820069,46.115338970051205],[12.698661987165853,46.11443835833056],[12.698015979512675,46.11442534355214],[12.698091013087351,46.11262412042567],[12.69744502689088,46.11261110281279],[12.697407500492837,46.113511714052336],[12.696761504236378,46.11349869238468],[12.696723965542482,46.114399303051044],[12.696077959225711,46.114386277328386],[12.696040408234879,46.11528688742147],[12.695394391857477,46.11527385764355],[12.695356828568627,46.1161744671632],[12.694710802130269,46.11616143332981],[12.694692014560337,46.116611737823625],[12.695338046252298,46.11662477186067],[12.695300480275758,46.11752538113091],[12.694654438076222,46.117512346686546],[12.694616859799678,46.1184129553832],[12.693970807538152,46.118399916882936],[12.693895624589763,46.12020113296244],[12.692584672003196,46.12062534689396],[12.692509438048404,46.12242656051131],[12.691863339833825,46.12241350923017],[12.691806893890918,46.12376441839474],[12.692453007871768,46.12377747028768],[12.692415385510694,46.12467807659738],[12.691104314607411,46.125102271030904],[12.691066668529716,46.12600287627519],[12.690420529162989,46.12598981606351],[12.690326379828686,46.12824132742596],[12.689015208143406,46.12866549575189],[12.688977523338895,46.12956609910582],[12.688331343260346,46.12955302631167],[12.68829364614338,46.130453629090674],[12.687647455997801,46.13044055223792],[12.687628601507429,46.13089085336069],[12.683751438495205,46.130812314366516],[12.683675889850331,46.132613513532554],[12.684322103596124,46.132626613308815],[12.684303220566557,46.13307691320095],[12.685595659919223,46.13310310221181],[12.685576786955531,46.133553402471534],[12.686869238617138,46.13357957728992],[12.686850375719862,46.13402987791702],[12.685539039677504,46.1344540028661],[12.685520165363139,46.13490430300097],[12.682935204317982,46.13485190710319],[12.682954099666441,46.13440160778701],[12.682307865785063,46.13438849989096],[12.682270064120283,46.13528909807203],[12.68291630851877,46.13530220637772],[12.682897412268792,46.135752505610625],[12.681586006184704,46.1361765837205],[12.681567098515186,46.136626882460426],[12.680920839237963,46.13661376623871],[12.681529281822975,46.13752747981534],[12.680883012027447,46.13751436318374],[12.6808451830121,46.138414959962184],[12.679533698027411,46.13883901284283],[12.679495845265587,46.13973960855122],[12.680769519566498,46.14021615301936],[12.680731685136028,46.14111674929809],[12.679439062736385,46.14109050180143],[12.679457990697667,46.14064020409301],[12.678184318646192,46.14016364506164],[12.677424353021877,46.14285229112609],[12.678070683689988,46.142865428475126],[12.678108563816052,46.1419648341706],[12.67938227614311,46.14244139467676],[12.679306554362885,46.144242584594096],[12.678660207012507,46.144229453932645],[12.67862233289002,46.14513004823104],[12.679268690762882,46.14514317930284],[12.679249758285358,46.14559347659474],[12.677938089014221,46.146017507228706],[12.677215922141666,46.14780555456411],[12.676569534048198,46.14779241130467],[12.67660744516452,46.146891818738005],[12.675961068045133,46.146878672237264],[12.67598002818668,46.14642837609685],[12.674687285822385,46.14640207255028],[12.674649344039743,46.14730266396744],[12.674002963009785,46.147289506305015],[12.673983986177568,46.14773980174547],[12.672691214945942,46.14771347505308],[12.67265323887467,46.14861406498624],[12.672006843410996,46.14860089575032],[12.671987849433503,46.14905119044858],[12.671341449158641,46.14903801735461],[12.671303449319149,46.149938606214384],[12.670657038970605,46.14992542905635],[12.670600020023004,46.15127631141558],[12.67314775448341,46.152229590280776],[12.673090791894134,46.15358047448457],[12.670504979373483,46.15352778118035],[12.670466959938798,46.15442836879435],[12.669155014406687,46.15485229273356],[12.669763449063609,46.1557660664145],[12.668470493776448,46.15573968847894],[12.668489520873779,46.15528939543604],[12.667843049172138,46.15527620119478],[12.667690777564177,46.15887854272059],[12.667044264198399,46.1588653431764],[12.666987139055356,46.16021621994153],[12.666340610346262,46.16020301612492],[12.666207265580582,46.16335505900576],[12.666853831150457,46.16336826426668],[12.66675859758397,46.16561972324733],[12.666112005681205,46.16560651695467],[12.666092952337337,46.16605680841927],[12.664799759355876,46.16603038445806],[12.664742564992935,46.16738125736285],[12.663468417997178,46.166904527031356],[12.663411189299902,46.16825539844633],[12.664057810994786,46.16826862059586],[12.664038739119501,46.16871891119064],[12.663392112156966,46.16870568883451],[12.66323947862233,46.172308010437334],[12.662592809967359,46.172294782773065],[12.662573723457667,46.1727450725789],[12.661280376970643,46.172718605871324]],[[12.662041593823778,46.17003010283203],[12.662688235683424,46.17004333311775],[12.662707319460251,46.16959304306146],[12.662060682868608,46.16957981298247],[12.662041593823778,46.17003010283203]],[[12.661452233989046,46.16866599983789],[12.662098859591614,46.168679233158116],[12.662175207571387,46.16687807300846],[12.66152860303852,46.16686484051533],[12.661452233989046,46.16866599983789]],[[12.66088199895917,46.16685160436772],[12.66152860303852,46.16686484051533],[12.661547694161852,46.16641455058032],[12.6609010953496,46.166401314639536],[12.66088199895917,46.16685160436772]],[[12.661547694161852,46.16641455058032],[12.662194293427607,46.1664277828667],[12.66223246377368,46.16552720245793],[12.662879052958944,46.165540430676494],[12.663640079508358,46.16285191053264],[12.662993521468556,46.16283868720816],[12.662955367119741,46.16373926853124],[12.66230879900072,46.16372604113943],[12.661547694161852,46.16641455058032]],[[12.664153163544386,46.16601716699589],[12.664799759355876,46.16603038445806],[12.664837886656414,46.16512980231289],[12.664191301378628,46.165116585263775],[12.664153163544386,46.16601716699589]],[[12.6396213976112,46.16461162965343],[12.641561102915832,46.164651686410046],[12.641580355475124,46.164201402745604],[12.644147383057437,46.16470504426248],[12.64416661455188,46.16425475976431],[12.643520049097146,46.16424142599061],[12.643558521241381,46.16334085728543],[12.642911966775655,46.163327520274535],[12.642931207425084,46.16287723606757],[12.642284658682232,46.16286389561127],[12.642246166392448,46.16376446356644],[12.641599607574996,46.16375111903931],[12.641638110396539,46.16285055150115],[12.63969846828363,46.16281049724807],[12.6396213976112,46.16461162965343]],[[12.646733670508407,46.16475834365012],[12.649319965260755,46.16481158457251],[12.649339154624851,46.16436129840961],[12.648046016869172,46.16433468567244],[12.647437857626675,46.16342080261922],[12.64614474367223,46.163394168790205],[12.646106313656514,46.164294739161434],[12.646752880937784,46.16430805831912],[12.646733670508407,46.16475834365012]],[[12.660958381786674,46.16505044520447],[12.661604964798384,46.16506368052481],[12.661681319269505,46.163262519866336],[12.662327881668995,46.16327575070545],[12.662346963881902,46.16282546022972],[12.66170040674852,46.162812229597336],[12.661738580340128,46.16191164893414],[12.66432476946527,46.16196454788676],[12.66430570396071,46.16241483906582],[12.664952257640397,46.16242805487584],[12.664971317879047,46.161977763490285],[12.665617866745572,46.16199097543994],[12.665675028935603,46.160640100413566],[12.664401026934142,46.1601633827532],[12.664381963249303,46.16061367409919],[12.663735431085335,46.16060045546146],[12.663697291819746,46.16150103761514],[12.663050749577597,46.161487814910515],[12.663107973589947,46.160136942237216],[12.663754500035571,46.16015016432201],[12.663773568530786,46.15969987314083],[12.661225664273946,46.158746382872586],[12.66126384019782,46.157845801871474],[12.661910338959036,46.157859033883284],[12.661929420973191,46.15740874311336],[12.660636434433306,46.15738227584998],[12.66067461815326,46.15648169501202],[12.660028136092237,46.15646845631418],[12.660047232533083,46.15601816603942],[12.66069370932992,46.156031404530395],[12.661378357038926,46.1551440578662],[12.660085424047832,46.155117585364636],[12.660123613740076,46.15421700452285],[12.658849808307874,46.15374022816751],[12.658811598472427,46.15464080826509],[12.656225762620124,46.15458779103143],[12.656187508850712,46.15548836930512],[12.657461329882697,46.15596517554487],[12.658146027963085,46.15507784921511],[12.659438958232538,46.15510434363441],[12.659400756189818,46.15600492389538],[12.6581078048645,46.15597842864809],[12.65808869263117,46.15642871830194],[12.658735173331067,46.15644196795914],[12.658696958024938,46.15734254755559],[12.659343449707364,46.15735579397363],[12.659247929786723,46.159607243268894],[12.661187486528139,46.1596469637067],[12.660502777062359,46.16053430746776],[12.659856247618006,46.16052106690805],[12.659818045165968,46.16142164658072],[12.660464585141328,46.16143488755421],[12.659779840890671,46.16232222608636],[12.661072942358043,46.16234870520708],[12.661053850068539,46.162798995311014],[12.66040729384208,46.16278575737074],[12.660388195830889,46.16323604722608],[12.661034757323428,46.16324928537321],[12.660958381786674,46.16505044520447]],[[12.654511723870513,46.16446760319589],[12.655824006975962,46.16404385457113],[12.6558431427626,46.163593566248906],[12.654550016965562,46.16356702742257],[12.654511723870513,46.16446760319589]],[[12.651944603446275,46.16396419299965],[12.654550016965562,46.16356702742257],[12.655234860372207,46.16267972230756],[12.655881412965991,46.16269298947911],[12.655919681342949,46.16179241254222],[12.658505854135491,46.16184544303219],[12.65852496657657,46.16139515367246],[12.65917150564434,46.16140840195346],[12.65922882443499,46.16005753300268],[12.658582301163463,46.16004428534269],[12.658620521941243,46.15914370624736],[12.657974009653833,46.15913045534792],[12.657954894227922,46.1595807447094],[12.657308377129539,46.15956748994941],[12.657270134378896,46.160468068132865],[12.656623607204319,46.160454809305016],[12.656661860485334,46.15955423153591],[12.655368828559952,46.159527703748424],[12.655387965045826,46.159077415215705],[12.654741455029859,46.15906414604908],[12.654760596323941,46.15861385768194],[12.655407101075074,46.15862712664123],[12.655483640626096,46.1568259719255],[12.654837156933036,46.15681270379551],[12.654875434497434,46.15591212660163],[12.652936017731028,46.155872301537464],[12.652974325051998,46.15497172542098],[12.652327864233927,46.15495844350866],[12.652347022472545,46.15450815559527],[12.651054112728913,46.15448158122725],[12.651034943963031,46.1549318687254],[12.649761204806389,46.15445499224801],[12.64972284576258,46.15535556637159],[12.647783455713762,46.15531565425953],[12.647821846339363,46.154415081383206],[12.647175394428658,46.15440177045605],[12.64719459431788,46.15395148416314],[12.645901702391463,46.153924851766675],[12.645844069768295,46.155275709271486],[12.645197608698911,46.15526238696973],[12.645159174130542,46.15616295801414],[12.645805645727558,46.15617628073223],[12.64641370243463,46.15709017150701],[12.647060185472366,46.15710348733525],[12.64702177882148,46.15800405929375],[12.646375285255056,46.157990743049375],[12.64635607597775,46.158441028757814],[12.644416582223016,46.15840105748085],[12.644397356693455,46.158851342522915],[12.645043859419834,46.1588646701434],[12.645024638696256,46.15931495535186],[12.644378130705135,46.159301627523114],[12.644339677352175,46.160202197398064],[12.644986195873157,46.1602155256433],[12.645671147143927,46.15932827952723],[12.648276379897267,46.158931253445985],[12.64896126225705,46.15804398610752],[12.651547246551191,46.15809717071378],[12.651528079390513,46.1585474580852],[12.652821084798937,46.158574028883926],[12.65280192771044,46.159024316628724],[12.65344843636204,46.15903759675559],[12.653410131343614,46.15993817253485],[12.652763612162055,46.159924891992965],[12.652744453702137,46.16037517961241],[12.653390978148867,46.160388460361794],[12.65333351582232,46.1617393235919],[12.652686975579336,46.16172604221994],[12.652706135410792,46.16127575472589],[12.651413066821348,46.16124918143598],[12.651432236726409,46.16079889431535],[12.646906547870943,46.160705774165514],[12.64688734110852,46.1611560598311],[12.646240810687743,46.161142742130146],[12.646221598201588,46.16159302754581],[12.646868133887773,46.16160634545485],[12.646829718071265,46.16250691657691],[12.646183171853885,46.16249359825165],[12.646163957992307,46.162943883541836],[12.65004327373303,46.16302373993408],[12.650024091008616,46.163474026430244],[12.65196377083006,46.163513905922166],[12.651944603446275,46.16396419299965]],[[12.637739547513931,46.16322069264876],[12.638386098319808,46.1632340588904],[12.638424652879703,46.16233349335531],[12.63777811260517,46.16232012753138],[12.637739547513931,46.16322069264876]],[[12.657801954398586,46.163183058097765],[12.659095074206915,46.16320955996988],[12.659114182750228,46.162759270528404],[12.657821073473967,46.1627327690704],[12.657801954398586,46.163183058097765]],[[12.642303904138236,46.162413611570905],[12.643596991549549,46.162440288412874],[12.643616226015142,46.16199000391385],[12.642323149135,46.161963327488714],[12.642303904138236,46.162413611570905]],[[12.637150859909559,46.161856475641144],[12.638443929469654,46.161883210524984],[12.638482481269637,46.160982644738695],[12.63783595679118,46.16096927954127],[12.637874517281446,46.160068714005185],[12.637228003791028,46.160055345572026],[12.637247288610924,46.15960506295005],[12.636600780843407,46.159591691072414],[12.636542909208316,46.16094253818585],[12.637189432770697,46.160955910690326],[12.637150859909559,46.161856475641144]],[[12.643635460021759,46.161539719372975],[12.644928528198443,46.16156638076671],[12.644947751215375,46.16111609576741],[12.643654693569415,46.16108943479026],[12.643635460021759,46.161539719372975]],[[12.640422057451609,46.161022718409725],[12.641734359411492,46.1605991319234],[12.641753607836495,46.160148847882304],[12.641107091600261,46.160135501369716],[12.640499092352902,46.159221583830195],[12.639225351332634,46.158744590040364],[12.639244618978642,46.158294306666335],[12.638598125631184,46.15828094637505],[12.638540305520008,46.15963179574528],[12.639186814661326,46.159645156662855],[12.639167545636003,46.160095439911295],[12.639814060499889,46.160108797384204],[12.640422057451609,46.161022718409725]],[[12.588740806286621,46.15904230134886],[12.589387285075414,46.15905594376879],[12.589426633366928,46.15815540971366],[12.588133697311756,46.15812812207363],[12.588740806286621,46.15904230134886]],[[12.643085116093033,46.159274960905535],[12.643731623170686,46.159288296041005],[12.643750854423732,46.1588380112491],[12.643104352610795,46.15882467632199],[12.643085116093033,46.159274960905535]],[[12.663773568530786,46.15969987314083],[12.665066612250188,46.15972630593653],[12.665123783415666,46.15837543090354],[12.663830771286424,46.1583489993469],[12.663773568530786,46.15969987314083]],[[12.590092770273527,46.157718780750635],[12.590739234205644,46.15773241522563],[12.590758896650934,46.15728214766664],[12.590112437982283,46.15726851340467],[12.590092770273527,46.157718780750635]],[[12.640518349929387,46.15877130008067],[12.643104352610795,46.15882467632199],[12.642534813793445,46.15701019982264],[12.641241854567555,46.15698351336995],[12.641222604093178,46.15743379749547],[12.638655941603531,46.156930096628045],[12.638617398081818,46.15783066316792],[12.639263886164906,46.15784402325044],[12.639244618978642,46.158294306666335],[12.640537607046365,46.15832101628929],[12.640518349929387,46.15877130008067]],[[12.588173064779573,46.15722758870271],[12.58881952204648,46.15724123392271],[12.588839199812615,46.15679096696085],[12.58819274780901,46.15677732195405],[12.588173064779573,46.15722758870271]],[[12.656053606280736,46.15864039194716],[12.656700111940795,46.1586536535997],[12.65671923698398,46.158203364568955],[12.656072736588653,46.158190103123616],[12.656053606280736,46.15864039194716]],[[12.663184265901076,46.158335778088485],[12.663830771286424,46.1583489993469],[12.663849837961683,46.15789870799878],[12.663203337841093,46.157885486946945],[12.663184265901076,46.158335778088485]],[[12.665123783415666,46.15837543090354],[12.66641679735547,46.158401847846555],[12.66643584297157,46.15795155567266],[12.665142839561373,46.15792513914242],[12.665123783415666,46.15837543090354]],[[12.6431620594101,46.157473822320306],[12.643808545429644,46.157487156622345],[12.643827774847251,46.15703687166309],[12.64318129409192,46.15702353756939],[12.6431620594101,46.157473822320306]],[[12.6625568381735,46.157872262241774],[12.663203337841093,46.157885486946945],[12.663222409326027,46.15743519576368],[12.662575914923053,46.15742197126515],[12.6625568381735,46.157872262241774]],[[12.664496338535155,46.15791192539728],[12.665142839561373,46.15792513914242],[12.665161895252375,46.15747484733959],[12.664515399490814,46.1574616338009],[12.664496338535155,46.15791192539728]],[[12.59728233562403,46.1560674800761],[12.597928783632698,46.156081073520895],[12.597948386307944,46.15563080345398],[12.597301943562396,46.15561721022157],[12.59728233562403,46.1560674800761]],[[12.665808391466554,46.15748805722497],[12.666454888133218,46.15750126345704],[12.666473932840425,46.15705097119971],[12.665827441438319,46.157037765173975],[12.665808391466554,46.15748805722497]],[[12.59536261812043,46.155576408609214],[12.596009059468514,46.15559001279919],[12.5960482949934,46.1546894738138],[12.595401864171096,46.15467587004894],[12.59536261812043,46.155576408609214]],[[12.63544285808919,46.15641296121957],[12.636755084952041,46.15598943026068],[12.637440111503258,46.15510223442742],[12.638733023129118,46.15512896304591],[12.638752292361044,46.15467867954571],[12.641338100049808,46.15473209211455],[12.642023037566483,46.15384486691277],[12.643315924014766,46.153871543141435],[12.643450531453631,46.15071954666328],[12.646036162470374,46.15077284945816],[12.645428177597102,46.149858957189544],[12.643488986592818,46.14981897586441],[12.643527439897067,46.148918404898176],[12.640941900380778,46.14886504700196],[12.640961147392032,46.148414762289796],[12.640314768917191,46.14840141389426],[12.64099964003697,46.147514192739905],[12.6371021615255,46.14788433363565],[12.637063604822156,46.148784900597285],[12.635770843297488,46.14875815591318],[12.635751553732279,46.149208438913305],[12.634439482967256,46.14963196174335],[12.635047281152135,46.150545909006254],[12.635693682275251,46.15055928766239],[12.635674390869061,46.15100957049502],[12.636967205014264,46.15103631726862],[12.636909359609302,46.15238716676893],[12.635616513888772,46.152360418741544],[12.635577926933673,46.153260984029814],[12.636224360090612,46.15327436028774],[12.636127910963054,46.15552577382061],[12.63548145148962,46.155512396517636],[12.63552004304839,46.15461183164814],[12.634207840454451,46.15503534895762],[12.634188533917806,46.155485630953216],[12.634834992474493,46.15549901556183],[12.63544285808919,46.15641296121957]],[[12.638675212674636,46.15647981329531],[12.63996815771369,46.15650652855489],[12.640006677421223,46.15560596092899],[12.638713753437417,46.155579246504246],[12.638675212674636,46.15647981329531]],[[12.666473932840425,46.15705097119971],[12.66712042469488,46.157064173572195],[12.66715850221726,46.15616358851977],[12.666512020891574,46.15615038655987],[12.666473932840425,46.15705097119971]],[[12.596675114016056,46.1551533436525],[12.597967988515482,46.155180533345],[12.597987590255324,46.154730263193926],[12.596694726281623,46.15470307392626],[12.596675114016056,46.1551533436525]],[[12.661321100667745,46.156494930056716],[12.663260550930708,46.15653461327194],[12.663298690715232,46.15563403061323],[12.66135927203726,46.155594348638125],[12.661321100667745,46.156494930056716]],[[12.594109003924745,46.154648651562034],[12.594755433814836,46.15466226263169],[12.594814315167197,46.15331145511337],[12.595460729735766,46.153325061892815],[12.595480350654357,46.152874792423255],[12.596126760426603,46.15288839533792],[12.596812390048946,46.152001454685],[12.595519591087172,46.15197425335786],[12.5948339413481,46.152861185856416],[12.594187532507954,46.15284757563741],[12.594109003924745,46.154648651562034]],[[12.630309792211813,46.155405246592906],[12.631602704277904,46.1554320559908],[12.631622031868504,46.15498177483231],[12.63032913032931,46.15495496585331],[12.630309792211813,46.155405246592906]],[[12.629682680248592,46.15494155588475],[12.63032913032931,46.15495496585331],[12.630348467985403,46.15450468507181],[12.629702023167987,46.15449127531278],[12.629682680248592,46.15494155588475]],[[12.632268483326735,46.154995173842735],[12.632914935243885,46.15500856920043],[12.632934251846633,46.15455828758138],[12.632287805192838,46.15454489243299],[12.632268483326735,46.154995173842735]],[[12.663945164513924,46.15564725063218],[12.664591638765426,46.15566046699808],[12.665276219850355,46.15477309564622],[12.663983291950514,46.154746667393404],[12.663945164513924,46.15564725063218]],[[12.634227146530444,46.15458506692014],[12.634873594560212,46.15459845111049],[12.634892894912294,46.15414816882201],[12.634246452145797,46.154134784840785],[12.634227146530444,46.15458506692014]],[[12.643943141718006,46.1543351610289],[12.645236041433192,46.154361815758],[12.645255257112584,46.153911530089395],[12.64396236792411,46.15388487577677],[12.643943141718006,46.1543351610289]],[[12.655579304792436,46.154574527590846],[12.656225762620124,46.15458779103143],[12.656244888820275,46.15413750183193],[12.655598436256179,46.1541242385986],[12.655579304792436,46.154574527590846]],[[12.662690365861803,46.15472022452884],[12.663336828679705,46.154733447787585],[12.663355896979454,46.15428315631216],[12.662709439425292,46.154269933260025],[12.662690365861803,46.15472022452884]],[[12.618104969055622,46.153348721347555],[12.619397821523675,46.15337566786407],[12.61941724726354,46.15292539052643],[12.618124405320863,46.15289844443094],[12.618104969055622,46.153348721347555]],[[12.620044248449826,46.1533891356437],[12.620690675837226,46.1534025997709],[12.620710091051661,46.15295232201247],[12.620063668926981,46.152938858095624],[12.620044248449826,46.1533891356437]],[[12.631680011873442,46.15363093110546],[12.632326447542018,46.15364432948782],[12.632345768025122,46.15319404795238],[12.631699337619514,46.15318064977938],[12.631680011873442,46.15363093110546]],[[12.656244888820275,46.15413750183193],[12.656891341838639,46.15415076141247],[12.65691046231896,46.153700471963994],[12.656264014564078,46.15368721259065],[12.656244888820275,46.15413750183193]],[[12.660770069481417,46.15423024218642],[12.662062982324148,46.15425670655502],[12.662082060696143,46.153806415451136],[12.660789158380572,46.15377995149606],[12.660770069481417,46.15423024218642]],[[12.624588633478709,46.1530330288133],[12.627174337639008,46.15308676029891],[12.627859478090697,46.152199623775864],[12.626566645221176,46.15217277348188],[12.626586011684234,46.15172249370685],[12.625939601201825,46.15170906329122],[12.625978343266343,46.15080850403507],[12.62533194376854,46.15079507038699],[12.625370694508463,46.1498945113829],[12.624724305994839,46.149881074502574],[12.62411668787937,46.14896707563832],[12.623470310809859,46.14895363187409],[12.623489700346616,46.14850335285528],[12.622843328999119,46.14848990564927],[12.622804538939828,46.149390463224734],[12.622158157529785,46.149377011946555],[12.622099953184586,46.15072784736461],[12.622746350380288,46.15074129927332],[12.622726953268225,46.15119157787227],[12.624039146153574,46.1507681921344],[12.624019759565828,46.15121847115356],[12.62466616340534,46.151231912315936],[12.624588633478709,46.1530330288133]],[[12.645274472333497,46.15346124437895],[12.645920912349121,46.153474565848086],[12.64594012184844,46.15302427988766],[12.64529368709594,46.15301095862669],[12.645274472333497,46.15346124437895]],[[12.65109244888859,46.15358100610554],[12.652385337578455,46.1536075796431],[12.652404494445767,46.153157291604344],[12.653050934209988,46.153170572686534],[12.65303178260595,46.15362086093284],[12.654324674025444,46.15364741255414],[12.653716520312999,46.15273356162054],[12.653070085357076,46.152720284398455],[12.653089236047228,46.15226999606858],[12.653735665740111,46.152283273083206],[12.654420374845829,46.151395968830485],[12.655066794922258,46.151409238125325],[12.655085928453657,46.1509589490479],[12.65379309928072,46.150932407220495],[12.65377395522396,46.151382695883186],[12.653127536056775,46.151369419283476],[12.652519426051532,46.15045556249404],[12.651226611041965,46.15042899186283],[12.65124577523479,46.14997870394669],[12.650599373675034,46.149965413360306],[12.650580204219857,46.15041570106878],[12.6492873919416,46.15038910852384],[12.648602614628112,46.151276380817784],[12.649249030609015,46.15128968298437],[12.64921066744584,46.15219025727765],[12.649857094407839,46.15220355620743],[12.649818739940004,46.15310413074908],[12.651111616282412,46.15313071848199],[12.65109244888859,46.15358100610554]],[[12.657556910527969,46.15371372768459],[12.658849808307874,46.15374022816751],[12.658868912541838,46.15328993805608],[12.659515356849074,46.153303182611424],[12.65961084486665,46.15105173039317],[12.658964426874581,46.15103848687253],[12.65827979444478,46.15192581988416],[12.657006057877654,46.15144902409515],[12.656948701910979,46.15279989294176],[12.656302264682683,46.152786633982764],[12.656283139851542,46.15323692330761],[12.657576025288709,46.15326343798724],[12.657556910527969,46.15371372768459]],[[12.66402141756766,46.15384608398771],[12.664667870763845,46.153859299527575],[12.664686927626644,46.15340900755563],[12.664040479693975,46.153395792222256],[12.66402141756766,46.15384608398771]],[[12.620083088940786,46.152488580505604],[12.621375923126047,46.152515504266205],[12.620768333915652,46.151601488485376],[12.620121927578388,46.15158802519964],[12.620083088940786,46.152488580505604]],[[12.634304366228172,46.15278393835137],[12.634950793205602,46.152797321705236],[12.634989389765495,46.1518967567513],[12.636282224044384,46.15192351166549],[12.635674390869061,46.15100957049502],[12.634381578556564,46.1509828091124],[12.633696557319917,46.151869987227684],[12.631110897932684,46.15181640435241],[12.631091568307287,46.1522666855948],[12.634323670001113,46.15233365610446],[12.634304366228172,46.15278393835137]],[[12.647879428842849,46.153064221755095],[12.64852586541954,46.15307752840569],[12.648545053408391,46.15262724157144],[12.647898622094754,46.15261393512874],[12.647879428842849,46.153064221755095]],[[12.660808246824267,46.15332966076395],[12.661454692491976,46.1533428943611],[12.661473775216901,46.15289260338046],[12.660827334812517,46.15287936999008],[12.660808246824267,46.15332966076395]],[[12.666626274139855,46.15344863163909],[12.667272723882245,46.15346183236132],[12.667291759236651,46.15301153952225],[12.666645314757707,46.152998339006274],[12.666626274139855,46.15344863163909]],[[12.591014465752789,46.15142866556698],[12.591660856474562,46.1514422934079],[12.591680507091393,46.15099202504634],[12.591034121631349,46.150978397418356],[12.591014465752789,46.15142866556698]],[[12.592953639318067,46.151469538133846],[12.594246424027352,46.1514967682519],[12.594266053597131,46.151046499039204],[12.5929732794114,46.1510192693466],[12.592953639318067,46.151469538133846]],[[12.655009391588889,46.15276010510689],[12.656302264682683,46.152786633982764],[12.656321389057512,46.15233634461618],[12.65502852648989,46.15230981615482],[12.655009391588889,46.15276010510689]],[[12.664705984034748,46.15295871554195],[12.665352427156629,46.15297192701612],[12.665390528082376,46.15207134245069],[12.664744095486927,46.152058131389396],[12.664705984034748,46.15295871554195]],[[12.667291759236651,46.15301153952225],[12.667938204167703,46.15302473638547],[12.667976262987452,46.15212415016974],[12.66732982858294,46.152110953718925],[12.667291759236651,46.15301153952225]],[[12.668584649550736,46.153037929595946],[12.669877541672243,46.153064305058614],[12.669896555519058,46.152614011353336],[12.668603673924284,46.1525876363028],[12.668584649550736,46.153037929595946]],[[12.588448584460476,46.15092385038756],[12.591034121631349,46.150978397418356],[12.59105377704096,46.15052812922759],[12.592366182322216,46.15010511174724],[12.592385826271254,46.14965484304647],[12.593678567955168,46.14968207876624],[12.593658934528907,46.15013234789256],[12.594305311331734,46.1501459604875],[12.594364194421464,46.14879515234421],[12.595010555906555,46.14880876064948],[12.595030177405562,46.148358490971574],[12.596322891251448,46.14838569620205],[12.596362111801618,46.14748515586983],[12.59571576516752,46.14747155550539],[12.595735380001546,46.14702128548864],[12.593130383290616,46.14741711753286],[12.59307147284975,46.14876792477879],[12.591778753143485,46.14874068260684],[12.591818048282953,46.14784014533627],[12.589879003788864,46.14779925596901],[12.589839677083988,46.14869979196183],[12.589193319331295,46.148686154443624],[12.589114639246889,46.15048722507143],[12.588468260916365,46.15047358304906],[12.588448584460476,46.15092385038756]],[[12.660199987657485,46.152415842338236],[12.662139293080918,46.15245554188905],[12.662196521369172,46.151104667951266],[12.661550101563655,46.15109143904042],[12.661569182012174,46.150641147851054],[12.660276354286172,46.15061467948558],[12.660199987657485,46.152415842338236]],[[12.597517600010422,46.150664239044424],[12.598163984869922,46.15067782994074],[12.598183581933577,46.15022755936891],[12.597537202335692,46.15021396868494],[12.597517600010422,46.150664239044424]],[[12.620141346202216,46.15113774748372],[12.62145355644968,46.15071439180378],[12.621511776580498,46.14936355701644],[12.620865396092086,46.1493500984344],[12.620884807137962,46.14889982029833],[12.619592058067449,46.14887289259924],[12.619630899815505,46.14797233704271],[12.617691811237531,46.14793191936825],[12.61763350056756,46.149282750745506],[12.619572636498395,46.14932317031456],[12.619514369010966,46.15067400320875],[12.620160764362742,46.15068746972585],[12.620141346202216,46.15113774748372]],[[12.626624743224191,46.150821934031015],[12.62727114364196,46.1508353603748],[12.627309862809696,46.14993480011167],[12.626663472916018,46.14992137418745],[12.626624743224191,46.150821934031015]],[[12.667995291716275,46.151673856999324],[12.668641721309644,46.151687049591374],[12.668660744321487,46.151236756173084],[12.668014319991086,46.15122356378718],[12.667995291716275,46.151673856999324]],[[12.587214878206156,46.14954575409848],[12.588507612419852,46.1495730482457],[12.588586309794053,46.14777197813344],[12.587293617668074,46.14774468569198],[12.587273933507033,46.14819495285681],[12.58662758288441,46.1481813009456],[12.586607892992872,46.148631567854984],[12.587254248876375,46.14864521997951],[12.587214878206156,46.14954575409848]],[[12.64668257136529,46.150786166026144],[12.648621800785788,46.15082609381627],[12.648640986485706,46.150375806772956],[12.646074575511227,46.149872276993584],[12.64668257136529,46.150786166026144]],[[12.657671592251582,46.151011988873975],[12.658318009336183,46.151025239699464],[12.658337116098053,46.15057494954448],[12.657690704276085,46.150561698926026],[12.657671592251582,46.151011988873975]],[[12.653812242880724,46.15048211851602],[12.65575147153413,46.15052192515655],[12.655770598890074,46.150071635788315],[12.655124194146943,46.15005837076774],[12.655808852232916,46.1491710569265],[12.653204130593222,46.14956826521176],[12.653812242880724,46.15048211851602]],[[12.596303280274576,46.148835966305036],[12.596949643157258,46.14884956365532],[12.596969248873041,46.14839929333989],[12.596322891251448,46.14838569620205],[12.596303280274576,46.148835966305036]],[[12.615694368791358,46.149242298309474],[12.616340745588257,46.14925578610669],[12.616360193465013,46.14880550944423],[12.615713821929614,46.14879202185775],[12.615694368791358,46.149242298309474]],[[12.64801377198994,46.14991221449256],[12.64995297257055,46.14995211912169],[12.64997214683059,46.14950183157914],[12.6493257514437,46.14948853389608],[12.649364109115426,46.14858795910109],[12.64807134075627,46.14856135360996],[12.648128905402244,46.14721049235102],[12.649421642191298,46.14723709659505],[12.649383287264932,46.14813767164089],[12.650029666865958,46.14815096870063],[12.650637711213337,46.14906483781794],[12.651284102248752,46.149078127988986],[12.651303265069922,46.148627839947444],[12.652576885684805,46.14910469737471],[12.65259603798197,46.14865440891801],[12.653242425120336,46.14866768792518],[12.653261571698666,46.148217399219206],[12.651968808400566,46.148190837967825],[12.652026276964632,46.146839972844205],[12.652672642601363,46.14685325467332],[12.652691792613963,46.14640296600766],[12.651399072318172,46.146376399112725],[12.651418232396397,46.14592611082039],[12.650771878192222,46.14591282210288],[12.650791043074443,46.1454625339764],[12.651437392017513,46.14547582248626],[12.651456551181534,46.14502553411034],[12.650810207499442,46.145012245808104],[12.65084853497783,46.1441116693461],[12.650202202272416,46.14409837780763],[12.650240538443134,46.1431978015938],[12.650886860627494,46.14321109271691],[12.650906022766588,46.142760804339616],[12.650259705842569,46.14274751342418],[12.650278872784737,46.142297225212765],[12.6483399405248,46.14225733118193],[12.648397485947283,46.14090646816683],[12.649043780465453,46.14091976920486],[12.649062956098083,46.14046948124171],[12.648416666839587,46.14045618041152],[12.648455027251485,46.13955560477543],[12.649766754186878,46.13913191365731],[12.64978592273061,46.13868162531916],[12.650432191862148,46.1386949180165],[12.65048967897293,46.13734405212819],[12.651135932782633,46.13735734055182],[12.651155088979957,46.136907051631134],[12.652447587446447,46.1369336171114],[12.652466732669591,46.136483327733856],[12.653759222437325,46.136509878196904],[12.653778356686747,46.13605958836272],[12.655717078970147,46.136099386056316],[12.655736196987881,46.1356490955585],[12.654462853606562,46.135172277702694],[12.654520235103757,46.13382140707678],[12.653246944294455,46.13334457652562],[12.653266080606743,46.13289428660633],[12.65391228365323,46.132907558353516],[12.65395054439351,46.132006977974825],[12.656554427717369,46.13160973572392],[12.656592643662911,46.13070915343684],[12.655946465086732,46.13069589732574],[12.655927352084786,46.13114618828304],[12.654634985779909,46.13111966469692],[12.654615861807704,46.131569955198],[12.653323486804853,46.131543416597744],[12.653304351861928,46.131993706642376],[12.652011968161956,46.13196715302757],[12.65199282224785,46.132417442615534],[12.65070042985161,46.13239087398575],[12.65073874225225,46.131490295598276],[12.64944637270449,46.13146371319918],[12.649465538733544,46.1310134243581],[12.648819359899283,46.13100012789149],[12.648800188613183,46.13145041652482],[12.646861639071043,46.131410504602556],[12.64684245155621,46.13186079257044],[12.648781016869783,46.131900705116344],[12.648742672011016,46.13280128217398],[12.648096472603076,46.132787981226286],[12.648115650518532,46.1323376929262],[12.64617707079962,46.132297768806765],[12.646157877112026,46.13274805648304],[12.644846277736159,46.13317170895576],[12.644788661006304,46.134522570359636],[12.645434879166716,46.13453589038989],[12.645415677931785,46.134986177648976],[12.64347700904498,46.134946205983],[12.643457791577779,46.13539649257571],[12.642165337418538,46.13536982613036],[12.642184565401827,46.134919539954296],[12.640245903361663,46.13487951353436],[12.640226659604345,46.13532979908501],[12.641519111023726,46.13535648743221],[12.641499877323612,46.13580677335802],[12.642146108976574,46.13582011226458],[12.64212688007592,46.13627039835695],[12.640834406710184,46.13624371647656],[12.640815166834043,46.13669400211018],[12.64146140854693,46.13670734508406],[12.641403701940554,46.138058202359296],[12.642049959886135,46.13807154230798],[12.642011497038752,46.138972114032434],[12.6433040353357,46.13899878381125],[12.643342477147154,46.13809821125339],[12.643988736462346,46.1381115402501],[12.643911872041809,46.13991268603156],[12.643265591690106,46.13989935620177],[12.643246369179476,46.14034964233427],[12.641953799326755,46.14032297130528],[12.641973032356226,46.139872685589516],[12.6413267533743,46.13985934480705],[12.641307515085428,46.14030963031438],[12.638741642016235,46.13980594516851],[12.638722382689899,46.14025622984146],[12.641269037130817,46.14121020120346],[12.640584252517025,46.14209742644925],[12.641230557340299,46.142110771925154],[12.641192075713759,46.143011342479454],[12.641838391514115,46.143024684721134],[12.64181915527258,46.14347497014397],[12.64246547679004,46.14348830894279],[12.643188698896077,46.141700500480724],[12.645127604435785,46.14174048151608],[12.645050767425614,46.143541627624515],[12.64440444408211,46.143528303431125],[12.644385228423396,46.14397858964545],[12.645031557027371,46.14399191404703],[12.644973923082736,46.14534277306365],[12.644327578696604,46.14532944803747],[12.644346795730657,46.144879161948644],[12.6430541188493,46.14485250135809],[12.643034891293595,46.145302787030346],[12.643681234766847,46.1453161193597],[12.643662012013364,46.145766405198444],[12.64495471085118,46.14579305931885],[12.644916285012965,46.14669363170378],[12.646209006720564,46.14672027205006],[12.646189803636613,46.14717055859603],[12.645543437293355,46.147157240040684],[12.645505019227858,46.148057812590956],[12.64485864281769,46.14804448996745],[12.64482021239538,46.148945061934064],[12.645466599329145,46.14895838497391],[12.645447388692295,46.149408671102655],[12.648032962036556,46.149461927573505],[12.64801377198994,46.14991221449256]],[[12.651892177249684,46.14999199088083],[12.6525385797196,46.15000527416272],[12.652557732930687,46.149554985789614],[12.65191133572303,46.14954170271527],[12.651892177249684,46.14999199088083]],[[12.657709815844596,46.15011140893631],[12.65835622240406,46.15012465934772],[12.658375328254213,46.1496743691092],[12.657728926957128,46.14966111890483],[12.657709815844596,46.15011140893631]],[[12.666759548924869,46.15029658233327],[12.668698788983551,46.1503361692114],[12.669383235561742,46.149448769991984],[12.667444025722546,46.14940919530783],[12.667463056989813,46.14895890209331],[12.666816659876229,46.14894570343358],[12.666797623346646,46.14939599644186],[12.666151221422867,46.149382793923614],[12.666759548924869,46.15029658233327]],[[12.669345203240164,46.150349357532626],[12.669991617948426,46.15036254220142],[12.670010629073449,46.14991224824594],[12.669364219627806,46.14989906378316],[12.669345203240164,46.150349357532626]],[[12.598261965512906,46.14842647666071],[12.59890832453093,46.14844006284369],[12.598927913996006,46.14798979184917],[12.598281560238986,46.147976205878464],[12.598261965512906,46.14842647666071]],[[12.585354582985339,46.14770371964392],[12.58600092741192,46.147717378644714],[12.586040315367455,46.14681684504197],[12.585393981461955,46.146803186467984],[12.585354582985339,46.14770371964392]],[[12.635124463222253,46.14874477809318],[12.635770843297488,46.14875815591318],[12.63580942104729,46.14785758978731],[12.634516682401406,46.14783083133157],[12.635124463222253,46.14874477809318]],[[12.589252324467381,46.14733535103044],[12.58989866643764,46.14734898790944],[12.589918328617333,46.14689871980772],[12.589271991907633,46.14688508314181],[12.589252324467381,46.14733535103044]],[[12.598947502993733,46.14753952081259],[12.59959385195507,46.14755310291949],[12.599613435224697,46.14710283162862],[12.598967091524125,46.147089249733924],[12.598947502993733,46.14753952081259]],[[12.642253905712883,46.148441448125006],[12.64290028555864,46.14845478556463],[12.642919516325698,46.14800450018527],[12.64227314174162,46.147991162954014],[12.642253905712883,46.148441448125006]],[[12.656474367630599,46.14873402817961],[12.657120757495465,46.148747285274155],[12.657805366847738,46.147859958361266],[12.658451747096555,46.147873207737504],[12.658432643069682,46.14832349814307],[12.659725415452103,46.14834998635335],[12.659744508955178,46.1478996955339],[12.661056355151556,46.14747587744729],[12.66044815255579,46.14656206062464],[12.661094518833632,46.14657529477235],[12.661779036902967,46.14568794201282],[12.66242539356422,46.14570116844344],[12.662406323383943,46.14615146029866],[12.664345411868617,46.146191118299456],[12.664364466264814,46.14574082582457],[12.667596263147775,46.14580684842368],[12.667615290782944,46.14535655487546],[12.666322581195828,46.14533015720374],[12.666341618899411,46.144879864026265],[12.665695270045145,46.144866659919074],[12.6656762270804,46.14531695289023],[12.665029873417224,46.145303744924966],[12.665048921643118,46.144853452160184],[12.661817186420928,46.144787358590484],[12.661798111889485,46.145237650322535],[12.66050541044852,46.1452111869195],[12.661874407284909,46.14343648314389],[12.659289090389754,46.143383545039754],[12.659308184143203,46.14293325396789],[12.664478783096063,46.14303907009892],[12.664497834310403,46.14258877733194],[12.665144155956265,46.1426019877104],[12.664574034622925,46.14078760584668],[12.665220335227998,46.140800815399515],[12.665201291091577,46.14125110853983],[12.666493904178386,46.141277517104584],[12.66647487010794,46.1417278106158],[12.66582855807831,46.14171460795276],[12.665790478054422,46.14261519443746],[12.667729447061427,46.142654792710125],[12.667786519073225,46.14130391106433],[12.667140211399866,46.14129071591008],[12.66715923975618,46.14084042215091],[12.66845184503452,46.14086680839585],[12.668470862417003,46.14041651418267],[12.665885674707521,46.14036372791279],[12.665923750189407,46.13946314101088],[12.66463118008561,46.13943672679459],[12.664593083564911,46.140337312871054],[12.663946788672076,46.1403240998735],[12.663927734470219,46.14077439264268],[12.662635135522407,46.14074795528117],[12.661266232869906,46.142522670668704],[12.66061991394044,46.14250943838193],[12.660658078128947,46.14160885520209],[12.660011770173107,46.14159561967757],[12.659992683046307,46.142045911081546],[12.654175884514828,46.14192662519196],[12.65411847837278,46.14327749356171],[12.654764803285662,46.14329076277648],[12.654745672252487,46.14374105235684],[12.655392002880248,46.14375431812745],[12.655430253969202,46.14285373851041],[12.656076574530147,46.142867000215105],[12.656095694129899,46.142416710136715],[12.657388326093145,46.14244322217774],[12.657369217014077,46.14289351267038],[12.658015538936812,46.14290676342095],[12.657920013006576,46.14515821629301],[12.659859060407848,46.1451979497404],[12.659839969637785,46.14564824081037],[12.659193614789334,46.1456349997727],[12.659801786731242,46.14654882282504],[12.659155421360106,46.146535581373584],[12.659136323962068,46.14698587211139],[12.657197214785885,46.1469461252248],[12.656474367630599,46.14873402817961]],[[12.66164549925398,46.14883998267612],[12.663584681092448,46.14887965535165],[12.66426918973763,46.1479922877817],[12.66233003811288,46.14795262730217],[12.66164549925398,46.14883998267612]],[[12.664877471248635,46.14890608554105],[12.665523867005515,46.14891929515745],[12.66554291360526,46.148469002520066],[12.66489652311053,46.14845579311008],[12.664877471248635,46.14890608554105]],[[12.667463056989813,46.14895890209331],[12.669402251041978,46.1489984761591],[12.669421266068532,46.148548182284514],[12.668774872861599,46.14853499478755],[12.668793892696588,46.148084701077316],[12.669440280641416,46.14809788836821],[12.669478308426223,46.14719730041052],[12.668185554035928,46.14717092300091],[12.667463056989813,46.14895890209331]],[[12.582808650519233,46.14674851565897],[12.583454982552773,46.14676218883817],[12.583474696867125,46.14631192282753],[12.582828370093882,46.14629824986195],[12.582808650519233,46.14674851565897]],[[12.586040315367455,46.14681684504197],[12.587332984581364,46.14684415123593],[12.58735266733364,46.14639388394468],[12.587998997381407,46.14640753135142],[12.588077702654724,46.14460646091224],[12.5867850851072,46.14457916415351],[12.58672602529626,46.14592996576658],[12.58607970144369,46.14591631127062],[12.586040315367455,46.14681684504197]],[[12.598320748288739,46.14707566418777],[12.598967091524125,46.147089249733924],[12.599006267182961,46.14618870745037],[12.598359934468707,46.14617512232874],[12.598320748288739,46.14707566418777]],[[12.633223945588842,46.14780405826848],[12.634516682401406,46.14783083133157],[12.634613171334438,46.145579417374385],[12.6333204871331,46.14555264640287],[12.633223945588842,46.14780405826848]],[[12.641626767614376,46.14797782207086],[12.64227314174162,46.147991162954014],[12.642292377311428,46.147540877741186],[12.641646008445724,46.14752753706647],[12.641626767614376,46.14797782207086]],[[12.653261571698666,46.148217399219206],[12.65390795402985,46.148230674366864],[12.653927094889593,46.14778038541167],[12.653280717820193,46.14776711047144],[12.653261571698666,46.148217399219206]],[[12.654554336815625,46.14824394586248],[12.655200720055864,46.14825721370606],[12.655219850391997,46.14780692433619],[12.654573472413569,46.14779365669992],[12.654554336815625,46.14824394586248]],[[12.670067659727062,46.14856136612927],[12.670714053837067,46.14857454632183],[12.670752061480922,46.14767395762366],[12.670105677895059,46.14766077784298],[12.670067659727062,46.14856136612927]],[[12.62225515551461,46.147125618744134],[12.622901510617726,46.14713906897148],[12.622920903565227,46.146688789995],[12.622274553723122,46.1466753399778],[12.62225515551461,46.147125618744134]],[[12.637121439187265,46.147434050092016],[12.63776780485173,46.14744741632955],[12.637787076792254,46.146997132535205],[12.63714071638911,46.14698376650651],[12.637121439187265,46.147434050092016]],[[12.599006267182961,46.14618870745037],[12.599652600362374,46.14620228892065],[12.599691763631379,46.145301746044424],[12.599045440972626,46.14528816499854],[12.599006267182961,46.14618870745037]],[[12.62162820434169,46.14666188630901],[12.622274553723122,46.1466753399778],[12.622313348751803,46.145774782319286],[12.622959688072266,46.145788231916164],[12.622979079631826,46.14533795281384],[12.620393746156802,46.14528413335835],[12.620354920489634,46.146184689839195],[12.621647607348287,46.14621160771093],[12.62162820434169,46.14666188630901]],[[12.641665248818033,46.14707725202025],[12.642957976483409,46.14710392930098],[12.642977205874088,46.14665364379608],[12.64168448873131,46.14662696693219],[12.641665248818033,46.14707725202025]],[[12.644250705975516,46.14713059197448],[12.64489707140628,46.147143917833496],[12.644916285012965,46.14669363170378],[12.644269924843545,46.146680306052986],[12.644250705975516,46.14713059197448]],[[12.653299863484932,46.1473168216819],[12.653946235292672,46.147330096414706],[12.653984514728894,46.14642951829542],[12.653338153444098,46.14641624397744],[12.653299863484932,46.1473168216819]],[[12.663641866886541,46.147528779172475],[12.664934625470691,46.14755520812297],[12.664326357017812,46.14664141073261],[12.66303362038564,46.14661497530422],[12.663641866886541,46.147528779172475]],[[12.59773319986895,46.145711262775464],[12.598379526857558,46.14572485133612],[12.598418710233057,46.144824309224646],[12.597772393764803,46.144810721088625],[12.59773319986895,46.145711262775464]],[[12.638452703872613,46.146560210867136],[12.639099059929766,46.14657356938359],[12.639118320428558,46.14612328508801],[12.638471969632503,46.146109926780284],[12.638452703872613,46.146560210867136]],[[12.655904477604519,46.1469196090409],[12.657197214785885,46.1469461252248],[12.657216327968431,46.14649583510805],[12.655923601310006,46.14646931933847],[12.655904477604519,46.1469196090409]],[[12.670771064622754,46.147223663212024],[12.67208281478941,46.14679971654036],[12.672120797759872,46.14589912668525],[12.670828071328023,46.14587277972696],[12.670771064622754,46.147223663212024]],[[12.601630734397178,46.145342467274574],[12.60227705891521,46.145356033715444],[12.602335737194592,46.144005216541],[12.602982046396875,46.14401877869487],[12.603667451544291,46.1431317913569],[12.604313751155535,46.143145345785],[12.604333292936833,46.1426950725898],[12.603040704697747,46.14266796050623],[12.603060256531823,46.14221768769257],[12.604352834251948,46.14224479935253],[12.60507726337031,46.14045725548988],[12.606369801800623,46.140484343551464],[12.606408847750405,46.13958379534462],[12.605116330355422,46.1395567081295],[12.605096797095852,46.14000698183071],[12.604450533835292,46.1399934325356],[12.604430994850876,46.14044370598307],[12.603138459204084,46.14041659601749],[12.603118909235597,46.14086686899933],[12.60182636492783,46.14083974400733],[12.601806803974812,46.141290016523314],[12.60049467906892,46.141713148554366],[12.600435960453416,46.14306396445162],[12.599143367269884,46.1430368081327],[12.59912378294488,46.14348707959001],[12.601062689196425,46.14352780922831],[12.601082257742464,46.14307753713463],[12.601728555496202,46.143091106166665],[12.601630734397178,46.145342467274574]],[[12.602923383897748,46.14536959650505],[12.604235579368257,46.144946438145425],[12.60427466619434,46.14404589204931],[12.602982046396875,46.14401877869487],[12.602923383897748,46.14536959650505]],[[12.635886571024804,46.146056457032984],[12.63653291999,46.146069829947265],[12.636552201073105,46.14561954644504],[12.635905857368828,46.14560617373971],[12.635886571024804,46.146056457032984]],[[12.637179269413098,46.146083199209905],[12.637825619293974,46.146096564820915],[12.638510499773414,46.14520935848096],[12.637217820597574,46.14518263174581],[12.637179269413098,46.146083199209905]],[[12.59130925469797,46.14467463891539],[12.591955566506954,46.144688263562756],[12.5919752100929,46.14423799456954],[12.591328903543767,46.14422437013504],[12.59130925469797,46.14467463891539]],[[12.598418710233057,46.144824309224646],[12.599730925031823,46.144401202999916],[12.59975050503137,46.14395093141456],[12.598457891739049,46.14392376694489],[12.598418710233057,46.144824309224646]],[[12.657235440694983,46.146045544949516],[12.657881799443762,46.14605879714947],[12.657920013006576,46.14515821629301],[12.656627317007594,46.14513170906967],[12.657235440694983,46.146045544949516]],[[12.676626400044317,46.14644152239217],[12.677938089014221,46.146017507228706],[12.677975975466904,46.14511691350741],[12.676683261970407,46.14509063310468],[12.67674011982683,46.14373974344217],[12.676093779537077,46.143726598379295],[12.676055864229502,46.14462719111848],[12.675409513867852,46.14461404199306],[12.67535262173014,46.14596493017295],[12.676645354471887,46.14599122600468],[12.676626400044317,46.14644152239217]],[[12.587451074051895,46.1441425468565],[12.58809737779957,46.14415619319713],[12.588117052475049,46.14370592543988],[12.587470753987018,46.14369227931247],[12.587451074051895,46.1441425468565]],[[12.634632467739893,46.14512913445731],[12.636571481696217,46.14516926290095],[12.636590761859352,46.14471897931498],[12.638529764154464,46.144759074268514],[12.638510499773414,46.14520935848096],[12.639822434638848,46.144785785980154],[12.63980318077926,46.14523607060999],[12.640449521968122,46.145249421197185],[12.640488018706588,46.14434885147847],[12.638549028075925,46.14430879001419],[12.638568291537814,46.143858505718],[12.637921967502834,46.14384514480249],[12.637941235765494,46.14339486067321],[12.639233873772232,46.14342157843541],[12.639253131054792,46.142971293846784],[12.639899445483973,46.142984647042276],[12.640584252517025,46.14209742644925],[12.637979770911818,46.14249429228903],[12.637999037795506,46.142044008034155],[12.63735273525864,46.142030644302544],[12.638037570184002,46.14114343939877],[12.63674498660693,46.141116709119764],[12.636725710123116,46.14156699304072],[12.635452404860871,46.14108996423674],[12.635433117857735,46.141540247739805],[12.634786822412005,46.14152686961278],[12.634825406477331,46.14062630298282],[12.632886554446788,46.140586147950394],[12.633494232895094,46.14150010240562],[12.634140527424417,46.14151348783473],[12.634121229441645,46.14196377087779],[12.634767529688986,46.141977152864946],[12.63470964875833,46.14332800237012],[12.636021565771019,46.14290447310065],[12.635963713640258,46.14425532360865],[12.63467105916976,46.144228568497475],[12.634632467739893,46.14512913445731]],[[12.655315495226741,46.14555547686021],[12.65596184735225,46.14556873980827],[12.655980969689038,46.14511844998052],[12.6553346228246,46.14510518723969],[12.655315495226741,46.14555547686021]],[[12.652749239910573,46.14505209975997],[12.653395584957275,46.14506537710734],[12.653414727881568,46.144615088067084],[12.652768388095762,46.14460181092715],[12.652749239910573,46.14505209975997]],[[12.66890800217757,46.14538293794008],[12.670847072656416,46.14542248514855],[12.671531421159782,46.14453507055409],[12.674116814495745,46.14458773278697],[12.67413578815897,46.14413743705476],[12.672196758263834,46.14409794647474],[12.672215747257203,46.143647651317885],[12.671569410121498,46.143634480693684],[12.67155041586722,46.14408477564475],[12.669611391384416,46.14404524124494],[12.669592380893961,46.14449553553656],[12.668946035041477,46.14448234989399],[12.66890800217757,46.14538293794008]],[[12.651475709888471,46.14457524569261],[12.652122048764689,46.14458853013566],[12.652141201753812,46.14413824146857],[12.651494868138338,46.14412495723308],[12.651475709888471,46.14457524569261]],[[12.66763431796416,46.14490626128552],[12.668946035041477,46.14448234989399],[12.669041109262167,46.142230879048974],[12.669687428811008,46.142244063661416],[12.66974445211934,46.14089318003592],[12.668432827198343,46.14131710256732],[12.668356751316447,46.143118278836106],[12.666417765171982,46.143078690899166],[12.666398729285076,46.143528984243524],[12.66767237096479,46.144005673980494],[12.66763431796416,46.14490626128552]],[[12.593973013148196,46.14292803681957],[12.594619305783509,46.14294164601192],[12.59463892645754,46.14249137599939],[12.593992639081632,46.14247776701968],[12.593973013148196,46.14292803681957]],[[12.630812433346085,46.14369793374386],[12.631458752340775,46.14371133482391],[12.631516713553788,46.1423604885826],[12.630870410339279,46.14234708813069],[12.63085108513592,46.14279737004366],[12.628912162466657,46.142757146152825],[12.628892821022166,46.143207427395375],[12.630831759471526,46.14324765191471],[12.630812433346085,46.14369793374386]],[[12.665067969414574,46.14440315935368],[12.666360656148804,46.14442957080706],[12.66637969294402,46.14397927754616],[12.6650870167316,46.14395286650545],[12.665067969414574,46.14440315935368]],[[12.656057454474256,46.14331729025172],[12.656703780749718,46.143330548512225],[12.656722895545148,46.14288025826844],[12.656076574530147,46.142867000215105],[12.656057454474256,46.14331729025172]],[[12.665106063594218,46.14350257361549],[12.665752396213547,46.143515780755266],[12.665771437361114,46.14306548761722],[12.665125110002434,46.143052280683804],[12.665106063594218,46.14350257361549]],[[12.67415476136954,46.14368714128085],[12.674801100308306,46.14370029729862],[12.674839034849969,46.14279970521466],[12.674192706432748,46.142786549608026],[12.67415476136954,46.14368714128085]],[[12.630224107583683,46.142333684027676],[12.631536033036316,46.141910206418366],[12.631555352057962,46.14145992421223],[12.630262767126816,46.14143312049492],[12.630224107583683,46.142333684027676]],[[12.63216301722709,46.14237388538339],[12.632809321359057,46.14238727853305],[12.632828630321924,46.14193699595023],[12.632182331449794,46.14192360300983],[12.63216301722709,46.14237388538339]],[[12.651552340145662,46.14277409160374],[12.652844976268462,46.142800655178],[12.652864122169689,46.142350366136256],[12.651571496567385,46.142323802977046],[12.651552340145662,46.14277409160374]],[[12.66964941100473,46.143144652536584],[12.671588403922625,46.14318418570094],[12.671607397270622,46.14273389066651],[12.669668420134618,46.142694358119854],[12.66964941100473,46.143144652536584]],[[12.606330753987896,46.14138489159019],[12.606977034416735,46.14139843056804],[12.606996553296812,46.14094815635815],[12.606350278127135,46.140934617591846],[12.606330753987896,46.14138489159019]],[[12.638664601954124,46.14160708360913],[12.639310900146079,46.141620439829794],[12.63933015559109,46.141170155073745],[12.638683862658857,46.141156799061775],[12.638664601954124,46.14160708360913]],[[12.672272711519234,46.14229676559719],[12.674211678285417,46.14233625370908],[12.67423064968548,46.141885957768466],[12.672291698700597,46.141846470273585],[12.672272711519234,46.14229676559719]],[[12.630282096206695,46.140982838665686],[12.630928383183278,46.140996242140396],[12.630947706542631,46.14054596005984],[12.630301424825468,46.14053255679454],[12.630282096206695,46.140982838665686]],[[12.649670904608717,46.141383354720915],[12.650317205297332,46.1413966486645],[12.650355535981026,46.140496071949045],[12.649709245811938,46.140482778420896],[12.649670904608717,46.141383354720915]],[[12.650963506441082,46.14140993895694],[12.652902412601907,46.14144978792737],[12.652921557132922,46.140999498760245],[12.650982666751695,46.14095965041246],[12.650963506441082,46.14140993895694]],[[12.655487627180685,46.14150286877153],[12.656133931961037,46.14151612985461],[12.656153050192454,46.14106583965089],[12.655506750672048,46.141052578775025],[12.655487627180685,46.14150286877153]],[[12.67423064968548,46.141885957768466],[12.674876967581657,46.14189911296399],[12.674914898503475,46.14099852054664],[12.67232967170443,46.14094587950131],[12.672310685428991,46.141396174908294],[12.67424962063295,46.141435661786176],[12.67423064968548,46.141885957768466]],[[12.608328120353818,46.14007467354688],[12.608974386395573,46.14008820093821],[12.608993888102361,46.139637925967996],[12.610286411057334,46.13966496937612],[12.610305901781455,46.13921469394137],[12.610952158694511,46.13922820995833],[12.610991128230815,46.13832765854042],[12.609679140849009,46.13875089900828],[12.609659645331222,46.139201174273836],[12.608367133819716,46.139174123987154],[12.608328120353818,46.14007467354688]],[[12.653567854836078,46.14101277424062],[12.654214152993735,46.14102604606988],[12.65423328654849,46.14057575644617],[12.653586993650615,46.14056248482429],[12.653567854836078,46.14101277424062]],[[12.657445650595148,46.141092350449185],[12.65873825281285,46.141118846642854],[12.658795541653884,46.13976797329641],[12.659441827663763,46.13978121529576],[12.65940364607804,46.1406817979823],[12.661342538385563,46.14072150331502],[12.66136161362677,46.14027121137225],[12.66396584241938,46.13987380706258],[12.664650227664346,46.13898643369377],[12.665296507230634,46.138999642421034],[12.665372671965034,46.137198468774955],[12.66666519038033,46.13722487362624],[12.666722277609201,46.13587399171589],[12.665429790746568,46.135847588102315],[12.665410751606911,46.136297881701594],[12.664118256035412,46.136271463073015],[12.66409920592407,46.13672175621775],[12.662806701644554,46.136695322573765],[12.662825762273343,46.136245029842044],[12.662179516071157,46.136231807750676],[12.662217646481729,46.13533122257519],[12.660925176469666,46.13530476826743],[12.660982400223778,46.13395389143119],[12.661628619228868,46.1339671197902],[12.66164768764564,46.13351682722127],[12.660374339081727,46.13304007506917],[12.660412494671483,46.13213949054943],[12.66170489016689,46.132165949264014],[12.66168582311464,46.13261624195818],[12.665563052008128,46.13269553173919],[12.665544016047388,46.13314582563052],[12.664251594091386,46.13311940989132],[12.664232547160804,46.133569703328185],[12.666171196546534,46.133609322080694],[12.666228288655466,46.13225843978784],[12.666874490248004,46.132271638119455],[12.666855465256639,46.13272193246502],[12.667501672558586,46.13273512735268],[12.667463631730085,46.13363571633101],[12.668756068720258,46.133662095980156],[12.668794088517243,46.13276150617748],[12.669440297173706,46.1327746901146],[12.669497307695575,46.13142380447981],[12.67080868690249,46.130999864461195],[12.670770702277476,46.131900455833105],[12.670124503233982,46.13188727960815],[12.670067507125346,46.13323816573565],[12.671359937209782,46.1332645157706],[12.671340948116482,46.13371481147476],[12.672633390520541,46.133741147320116],[12.672652369097797,46.13329085120446],[12.673298585717836,46.13330401344596],[12.673260638626802,46.134204606046914],[12.674553094250813,46.134230920401365],[12.674609982660105,46.132880030203935],[12.675256195373374,46.13289318128906],[12.675199322738328,46.13424407210296],[12.676472833130981,46.134720661820324],[12.67651072854454,46.13382006724776],[12.677156953123957,46.133833207792726],[12.677232717495734,46.132032017326345],[12.67787892149315,46.132045153399886],[12.67780317815316,46.13384634468732],[12.678449403632026,46.13385947793151],[12.677765303772864,46.13474694008108],[12.679057776213503,46.13477320373979],[12.679076703112711,46.13432290565337],[12.679722934748828,46.13433603180184],[12.679760776676316,46.13343543509385],[12.680406998245234,46.13344855718179],[12.68046374197766,46.13209766119234],[12.681109948221875,46.132110779014994],[12.681831764848477,46.13032269631235],[12.680520481649538,46.1307467648281],[12.680482655652774,46.13164736244591],[12.679836455115355,46.13163424117809],[12.679893209206108,46.13028334530396],[12.678600841023565,46.13025709304856],[12.678619768665644,46.129806794750756],[12.675388882362116,46.12974110126478],[12.675407835837689,46.12929080395177],[12.676054006941843,46.129303949743296],[12.67607295470848,46.12885365218322],[12.679949959235667,46.128932449055014],[12.679968875009761,46.12848215022206],[12.679322711721777,46.12846902673959],[12.679360552429628,46.12756842935887],[12.68000670520439,46.127581552431245],[12.680025619624953,46.127131253473344],[12.681317916008773,46.127157488259314],[12.681299012101096,46.12760778762712],[12.683883631279754,46.127660214223255],[12.683940278573811,46.12630931353746],[12.684586418720505,46.126322410448424],[12.68454866482085,46.12722301135654],[12.685194815928417,46.12723610502719],[12.686562562411266,46.12546107698261],[12.68591643143261,46.12544799142907],[12.685935296294781,46.12499769042024],[12.683350797884136,46.124945312530635],[12.683331911998378,46.12539561272106],[12.682685783260546,46.125382508920616],[12.682704674402167,46.12493220893494],[12.680120184960776,46.12487975805923],[12.680158007937427,46.12397915960206],[12.676262407519566,46.124350674290746],[12.676281350315438,46.12390037627234],[12.676927458795472,46.123913515950136],[12.676984268706606,46.12256262102902],[12.673753809633187,46.122496889230085],[12.673772771641698,46.12204659186677],[12.677003204440352,46.12211232263865],[12.677022139722466,46.12166202420663],[12.66926918297447,46.12150411956907],[12.669231185842337,46.1224047114569],[12.670523361814798,46.122431066208016],[12.670504373078955,46.122881362501175],[12.673734847172405,46.12294718655173],[12.673715884259344,46.12339748383168],[12.669839285168432,46.12331848278976],[12.66985827961228,46.12286818674418],[12.668566094031934,46.12284182428339],[12.668585098532656,46.12239152860801],[12.663416416308753,46.12228593445806],[12.66343546239429,46.12183564039084],[12.66085115314971,46.121782756570276],[12.660755813080595,46.124034222357366],[12.662694123159307,46.12407389379508],[12.662656015480168,46.124974481057436],[12.659425448392346,46.124908341682655],[12.659387286339328,46.12580892671121],[12.66067953283858,46.12583539423561],[12.660603245318546,46.12763656544592],[12.659957100818618,46.12762333268133],[12.66001433290906,46.126272454956485],[12.658075949431593,46.12623273662771],[12.658056856755532,46.12668302862381],[12.657410724580318,46.12666978167535],[12.657506209684826,46.124418322312096],[12.656213999250605,46.124391819537756],[12.656233105415465,46.12394152795393],[12.656879205150634,46.123954780958535],[12.656917405603268,46.1230541972514],[12.654979139288686,46.12301442853342],[12.654998254596089,46.12256413723859],[12.654352171986849,46.1225508739088],[12.654275687001803,46.12435203800855],[12.65362958382671,46.124338770200765],[12.653572199532901,46.12568964221497],[12.654218318474161,46.125702910644684],[12.654237441772816,46.125252619807746],[12.655529670506272,46.12527914530515],[12.655491444475217,46.12617972776616],[12.656137570033911,46.12619298545544],[12.656099352691028,46.127093568163666],[12.654807081004009,46.127067048307126],[12.654768840813515,46.1279676300195],[12.655414986942317,46.1279808921869],[12.655395871419264,46.12843118318766],[12.656688175550942,46.12845769698825],[12.656630857785352,46.12980857098272],[12.657277026301436,46.12982182302986],[12.657296127422324,46.12937153153307],[12.657942291135228,46.12938477972349],[12.657980481497123,46.12848419619064],[12.65862663515034,46.128497440317496],[12.658550273631295,46.13029860804392],[12.659823543346702,46.130775379244724],[12.65978537997287,46.131675963601374],[12.658512090139512,46.13119919165659],[12.65839752873382,46.13390094149241],[12.657124200930795,46.133424153500584],[12.65710509570882,46.13387444462148],[12.655812664498466,46.13384793314958],[12.655793548304846,46.134298223814476],[12.655147328122542,46.13428496239598],[12.655128206214856,46.13473525281188],[12.657066883897622,46.134775026737984],[12.6570859900311,46.134324735700616],[12.658378433572055,46.134351232985566],[12.657694009368395,46.135238568615286],[12.659632708269422,46.135278299357886],[12.659613622257854,46.135728591139554],[12.658967383579089,46.13571535100225],[12.658948291853713,46.13616564253531],[12.65959453579099,46.13617888287949],[12.659556361491317,46.13707946623408],[12.658263853035347,46.137052981067505],[12.658225655878551,46.13795356342741],[12.657579391812918,46.13794031495413],[12.657655805339349,46.136139150895296],[12.65700956276251,46.136125899599485],[12.656933128200942,46.137927062830094],[12.655621482040287,46.13835083791869],[12.656229518557407,46.13926467841833],[12.656875797493226,46.1392779348145],[12.65691401842092,46.13837735353332],[12.657560287291991,46.13839060586443],[12.657522076882868,46.13929118755975],[12.65816835672621,46.139304436654044],[12.65811105347297,46.140655309504865],[12.657464757850798,46.14064205978947],[12.657445650595148,46.141092350449185]],[[12.606408847750405,46.13958379534462],[12.607055107143333,46.13959733347634],[12.607074624160987,46.13914705909834],[12.608367133819716,46.139174123987154],[12.608386639854679,46.13872384914425],[12.609698635901738,46.138300623700744],[12.609718130489428,46.137850348351165],[12.6084256505287,46.137823299332396],[12.607740390052223,46.138710318736514],[12.60644789183735,46.138683246969634],[12.606408847750405,46.13958379534462]],[[12.630986351878454,46.13964539577299],[12.631632623535985,46.13965879496867],[12.631651940253422,46.139208512553026],[12.631005673854947,46.139195113566686],[12.630986351878454,46.13964539577299]],[[12.63615653797559,46.13975248711636],[12.636802813299306,46.13976585710566],[12.63682208794379,46.13931557301721],[12.636175817879238,46.13930220323682],[12.63615653797559,46.13975248711636]],[[12.638095365319755,46.13979258613173],[12.638741642016235,46.13980594516851],[12.63878015929061,46.13890537569702],[12.63813389311242,46.1388920170777],[12.638095365319755,46.13979258613173]],[[12.668470862417003,46.14041651418267],[12.670409757941417,46.14045606554795],[12.670447759786624,46.13955547576049],[12.669801471346691,46.13954229603511],[12.669782465390995,46.139992590743745],[12.668489879345808,46.13996621992778],[12.668470862417003,46.14041651418267]],[[12.673641259505104,46.140521911466465],[12.674933863285716,46.14054822427544],[12.674952827615531,46.140097927962564],[12.673660234354823,46.14007161556472],[12.673641259505104,46.140521911466465]],[[12.675580165851626,46.140561375203106],[12.676872772334026,46.14058766610472],[12.676910668981701,46.13968707220476],[12.677556962378045,46.13970021176807],[12.678241130024979,46.13881275279252],[12.679552623731071,46.13838871492616],[12.679647245477375,46.13613722471803],[12.679000992806808,46.13612409774913],[12.678963134944656,46.137024693547104],[12.677670609916214,46.13699842783643],[12.677689549591129,46.13654813036869],[12.676397036879717,46.13652185046547],[12.676415986620585,46.13607155336667],[12.675123486226843,46.13604525927141],[12.674515166382815,46.13513151365793],[12.672576452072352,46.135092035416974],[12.672519509549259,46.13644292313867],[12.674458271187845,46.13648240323024],[12.67443930521801,46.13693269967097],[12.677024348076564,46.1369852895049],[12.677005402690694,46.137435586725694],[12.678297937338035,46.137461860148484],[12.6776137881805,46.13834931998972],[12.675674956678083,46.13830989219461],[12.675693913486615,46.137859595467916],[12.672462562950898,46.13779381048517],[12.672481545603182,46.13734351474468],[12.67183528210703,46.137330347001296],[12.671797305831182,46.138230938029075],[12.673736129227189,46.13827043154101],[12.673717156188047,46.13872072760946],[12.675009717890545,46.138747038773914],[12.674990754917932,46.13919733521181],[12.6756370417043,46.139210485523016],[12.675580165851626,46.140561375203106]],[[12.651686425501177,46.13962207033911],[12.652332706516114,46.139635352499084],[12.652351854479745,46.139185063372295],[12.653644407354848,46.139211616324545],[12.653663544343177,46.13876132674106],[12.654956088517489,46.138787864675095],[12.654994340088209,46.13788728455349],[12.653701816950296,46.13786074744875],[12.653740087731451,46.1369601679893],[12.653093837361697,46.13694689437565],[12.652409295630004,46.13783419574113],[12.651116776128331,46.13780762943069],[12.651097619017039,46.13825791826776],[12.652390149036679,46.13828448499331],[12.652371001986596,46.138734774203684],[12.651724731490265,46.138721492458764],[12.651686425501177,46.13962207033911]],[[12.631671256510055,46.13875823009549],[12.632317518108279,46.13877162522181],[12.632336828645304,46.138321342513066],[12.631690572305903,46.138307947596054],[12.631671256510055,46.13875823009549]],[[12.639426425926114,46.1389187306656],[12.640072693018803,46.13893208198345],[12.640091940448913,46.13848179676762],[12.639445678615209,46.1384684456584],[12.639426425926114,46.1389187306656]],[[12.650413028577617,46.13914520656233],[12.651059303423422,46.13915849581652],[12.651078461448739,46.13870820706304],[12.650432191862148,46.1386949180165],[12.650413028577617,46.13914520656233]],[[12.610364371164211,46.13786386738499],[12.611010612301772,46.13787738276844],[12.611030095907953,46.137427106954455],[12.610383860028637,46.137413591782185],[12.610364371164211,46.13786386738499]],[[12.635568117217975,46.13838826233885],[12.636214376306773,46.1384016353521],[12.636233654830688,46.13795135134692],[12.635587401000668,46.13793797854263],[12.635568117217975,46.13838826233885]],[[12.636860635853367,46.13841500471469],[12.638153156319442,46.138441732487884],[12.63817241906694,46.13799144785622],[12.63687990911849,46.13796472050062],[12.636860635853367,46.13841500471469]],[[12.640091940448913,46.13848179676762],[12.641384465487349,46.138508488034],[12.641403701940554,46.138058202359296],[12.640111187419878,46.138031511509965],[12.640091940448913,46.13848179676762]],[[12.665942787249113,46.13901284749733],[12.666589067719658,46.13902604892267],[12.666608099065813,46.13857575516115],[12.66596182385468,46.13856255394207],[12.665942787249113,46.13901284749733]],[[12.671113043660812,46.139118356672654],[12.671759327743388,46.13913152889008],[12.671778317013786,46.13868123348042],[12.671132038190725,46.13866806146881],[12.671113043660812,46.139118356672654]],[[12.63946493084503,46.13801816060935],[12.640111187419878,46.138031511509965],[12.64014967998442,46.137130940869056],[12.639503433926915,46.13711759038564],[12.63946493084503,46.13801816060935]],[[12.666608099065813,46.13857575516115],[12.667254374728875,46.1385889527293],[12.667292425540728,46.13768836466866],[12.666646160396137,46.13767516751293],[12.666608099065813,46.13857575516115]],[[12.67048575981872,46.13865488580625],[12.671132038190725,46.13866806146881],[12.671170025891191,46.13776747093605],[12.670523758037817,46.13775429568522],[12.67048575981872,46.13865488580625]],[[12.637545431410633,46.137527801538965],[12.638191681354934,46.13754116318268],[12.638210943183429,46.137090878467276],[12.637564698497698,46.13707751703233],[12.637545431410633,46.137527801538965]],[[12.667919671217282,46.13815185243094],[12.669858486493426,46.13819141165899],[12.669915497559902,46.136840526907555],[12.667349498354671,46.136337482264864],[12.667330474537184,46.136787776441174],[12.667976729615551,46.136800969533816],[12.667957710603176,46.13725126387456],[12.667311450265872,46.137238070575776],[12.667919671217282,46.13815185243094]],[[12.607191716490417,46.13644541194776],[12.610422836362833,46.136513040450524],[12.610481297377696,46.13516221313798],[12.609188879585998,46.13513517395491],[12.608503666293503,46.13602219920443],[12.607211230249368,46.13599513727557],[12.607191716490417,46.13644541194776]],[[12.620762497617893,46.13672883841963],[12.622054963578657,46.13675574746057],[12.622093748768101,46.13585518837663],[12.62144752607349,46.1358417361017],[12.620762497617893,46.13672883841963]],[[12.636918454269473,46.13706415194689],[12.637564698497698,46.13707751703233],[12.63760323129302,46.136176947893446],[12.636310764327641,46.136150214907495],[12.636918454269473,46.13706415194689]],[[12.653740087731451,46.1369601679893],[12.655032589833967,46.13698670426477],[12.65505171402252,46.136536414057744],[12.653759222437325,46.136509878196904],[12.653740087731451,46.1369601679893]],[[12.667368521718352,46.13588718804683],[12.67059974903744,46.13595311494278],[12.67067573278635,46.134151933533204],[12.6693832825719,46.13412557537406],[12.669364276797916,46.13457587037714],[12.66871804710936,46.134562685616004],[12.669326263889795,46.1354764602582],[12.667387544628236,46.13543689378709],[12.667368521718352,46.13588718804683]],[[12.679647245477375,46.13613722471803],[12.680939752166447,46.13616346770371],[12.680958664643763,46.135713169127094],[12.67966616847233,46.13568692655146],[12.679647245477375,46.13613722471803]],[[12.637661027039195,46.13482609387114],[12.638307245433966,46.134839454262284],[12.638326504505779,46.13438916929569],[12.637680291368826,46.134375809113294],[12.637661027039195,46.13482609387114]],[[12.664802591937324,46.13538408738506],[12.666114100351797,46.13496020399806],[12.66615216493562,46.134059616094866],[12.66485972104366,46.13403320683081],[12.664802591937324,46.13538408738506]],[[12.666741305777633,46.13542369766234],[12.667387544628236,46.13543689378709],[12.667406567084337,46.134986599485636],[12.666760333492158,46.13497340356707],[12.666741305777633,46.13542369766234]],[[12.671264987213375,46.13551599387447],[12.671911229223323,46.135529164445465],[12.671930214870097,46.13507886870228],[12.671283978118664,46.135065698337094],[12.671264987213375,46.13551599387447]],[[12.678373674098264,46.135660669373245],[12.67966616847233,46.13568692655146],[12.679704013108042,46.13478633009336],[12.679057776213503,46.13477320373979],[12.678373674098264,46.135660669373245]],[[12.642203792926454,46.134469253736405],[12.643496226053768,46.13449591934845],[12.643515442604158,46.134045632672056],[12.642869231070085,46.134032301899445],[12.64290767331095,46.133131728837746],[12.64226147274849,46.133118394831655],[12.6422806984386,46.13266810844638],[12.641634503590051,46.132654770998656],[12.640949836329485,46.133542001795966],[12.642223019992429,46.134018967476656],[12.642203792926454,46.134469253736405]],[[12.662902000241786,46.13444385849776],[12.66354822586296,46.13445707611242],[12.66356727896037,46.13400678296548],[12.662921058597288,46.13399356555735],[12.662902000241786,46.13444385849776]],[[12.671302968570936,46.134615402758],[12.672595432007832,46.13464173942637],[12.672614411490557,46.13419144339408],[12.671321958570205,46.13416510713723],[12.671302968570936,46.134615402758]],[[12.6803502504519,46.134799452796415],[12.680996488244945,46.134812571848926],[12.68103431004162,46.13391197440419],[12.680388082765353,46.13389885576164],[12.6803502504519,46.134799452796415]],[[12.67067573278635,46.134151933533204],[12.671321958570205,46.13416510713723],[12.671340948116482,46.13371481147476],[12.670694727590753,46.13370163807659],[12.67067573278635,46.134151933533204]],[[12.637738081600618,46.13302495458859],[12.63838427896487,46.13303831414475],[12.638403536199165,46.1325880290107],[12.63775734409223,46.13257466966328],[12.637738081600618,46.13302495458859]],[[12.64290767331095,46.133131728837746],[12.644219285722745,46.13270809888967],[12.644238495182362,46.132257811837725],[12.642946113717878,46.13223115560868],[12.64290767331095,46.133131728837746]],[[12.654539361356981,46.13337111678459],[12.655185570569525,46.13338438143884],[12.655204691108853,46.132934090897606],[12.65714330569704,46.13297386233793],[12.657181513862396,46.13207327988728],[12.65457761249475,46.13247053607486],[12.654539361356981,46.13337111678459]],[[12.662293901845578,46.13353005172336],[12.663586331603284,46.13355648977682],[12.66360538379172,46.13310619654643],[12.662312964549683,46.13307975890605],[12.662293901845578,46.13353005172336]],[[12.62483359816718,46.132306716239434],[12.625479781103023,46.13232014858409],[12.625499143019232,46.13186986759368],[12.624852965340308,46.13185643545889],[12.62483359816718,46.132306716239434]],[[12.638403536199165,46.1325880290107],[12.639049728763347,46.13260138470818],[12.639068980281092,46.1321510993236],[12.638422792974115,46.1321377438348],[12.638403536199165,46.1325880290107]],[[12.640342115262953,46.13262808515332],[12.640988309198129,46.13264142990097],[12.641026780231392,46.13174085783857],[12.640380596810585,46.131727513507926],[12.640342115262953,46.13262808515332]],[[12.639068980281092,46.1321510993236],[12.639715168045177,46.132164451162524],[12.639753659188996,46.13126387985055],[12.637188218842505,46.13076016738121],[12.637168952931892,46.13121045226519],[12.637815128810296,46.13122381463617],[12.637795867697056,46.13167409968707],[12.63908823133963,46.131700813897154],[12.639068980281092,46.1321510993236]],[[12.641026780231392,46.13174085783857],[12.643611518480602,46.13179419866259],[12.643669158506547,46.130443337754905],[12.643022989030372,46.13043000864848],[12.643707582899106,46.129542763607255],[12.640476792648395,46.12947608366207],[12.640419076522441,46.130826941695155],[12.641065249429385,46.13084028560879],[12.641026780231392,46.13174085783857]],[[12.645569274987343,46.13138387840511],[12.646215456801336,46.13139719332875],[12.646234649115483,46.13094690552701],[12.645588472558467,46.13093359081142],[12.645569274987343,46.13138387840511]],[[12.63524970972285,46.13072005899648],[12.635895878971752,46.13073343210773],[12.63591515493614,46.130283147599606],[12.635268990943874,46.1302697746973],[12.63524970972285,46.13072005899648]],[[12.646234649115483,46.13094690552701],[12.647527003596483,46.13097352400885],[12.646919198869524,46.13005964044793],[12.648211533234251,46.130086250798605],[12.648173181520221,46.130986827775075],[12.648819359899283,46.13100012789149],[12.648838530728092,46.13054983921635],[12.650130878337837,46.1305764280843],[12.650150038195765,46.13012613895191],[12.651442377111604,46.13015271280556],[12.651461525999112,46.129702423216166],[12.652107690882385,46.129715704460885],[12.652145976774097,46.12881512474167],[12.652792131598806,46.128828401921815],[12.652772994137742,46.12927869200977],[12.655357639005274,46.12933176506384],[12.655376755440255,46.128881474146624],[12.654084442611255,46.12885494533338],[12.654141820718129,46.12750407357462],[12.651595555423468,46.12655039492012],[12.651576409732916,46.12700068480209],[12.650930276841946,46.12698740115307],[12.650872821261974,46.12833826992551],[12.651518969921202,46.128351554197195],[12.651499822403897,46.12880184391197],[12.6501883565406,46.12922556056172],[12.649580525307881,46.12831169043366],[12.648288231173769,46.128285096343916],[12.64830740451528,46.12783480762571],[12.647661263387171,46.127821505314486],[12.647584546251746,46.12962265910501],[12.646292223311235,46.12959604187086],[12.646273032370418,46.13004632979807],[12.645626866326985,46.13003301549855],[12.646234649115483,46.13094690552701]],[[12.650757897767171,46.13104000634185],[12.651404077966287,46.131053291858976],[12.651423227767335,46.13060300235316],[12.650777052825179,46.13058971704361],[12.650757897767171,46.13104000634185]],[[12.65334262129135,46.13109312651132],[12.653988803308527,46.13110639742905],[12.654027060398391,46.13020581671612],[12.652734717846146,46.130179272060325],[12.65334262129135,46.13109312651132]],[[12.657219720204987,46.13117269726961],[12.65786590494552,46.131185946288056],[12.657885002176222,46.13073565470955],[12.657238822692781,46.13072240589812],[12.657219720204987,46.13117269726961]],[[12.636561319386082,46.13029651685229],[12.63849981548073,46.13033660271255],[12.638519069959155,46.12988631732734],[12.63981139246185,46.12991302256869],[12.640496030439277,46.129025797567344],[12.642434487451213,46.1290658158579],[12.643119072857049,46.12817857400691],[12.644411359701277,46.12820522648775],[12.643726794408005,46.12909247647068],[12.645665258263948,46.129132440018374],[12.645703648369471,46.1282318643709],[12.645057503807442,46.128218547254036],[12.645076703429533,46.127768259575646],[12.646368982497144,46.127794889743825],[12.646407359343872,46.12689431342942],[12.645115101299893,46.12686768409337],[12.644507379511547,46.12595378871813],[12.647072671530404,46.126457334195614],[12.646503293451739,46.124642871911476],[12.645857190479282,46.12462956010809],[12.64589557142921,46.12372898362417],[12.645249479422443,46.12371566858789],[12.645287869051128,46.12281509235274],[12.646580032501138,46.122841717944375],[12.646599216119588,46.122391429348056],[12.644034116239455,46.121887876596155],[12.644053319960179,46.121437588748414],[12.643407255593724,46.1214242638066],[12.6433880466187,46.12187455144615],[12.64144984049324,46.12183455410445],[12.641430615296883,46.12228484107722],[12.640784542246713,46.12227150112437],[12.64076531133733,46.122721787846835],[12.642057468403115,46.1227484645207],[12.642038247544312,46.12319875161814],[12.641392163528561,46.1231854148972],[12.641353709925998,46.12408598854978],[12.641999804451387,46.12409932568751],[12.641315254489085,46.124986562035005],[12.64260746501654,46.12501323349501],[12.642588247120699,46.12546352059158],[12.641942136373501,46.125450186477735],[12.641922912763885,46.12590047332412],[12.640630682128087,46.125873793732424],[12.641238338111775,46.12678770850326],[12.638653838449502,46.12673431845871],[12.638615335462593,46.127634889773326],[12.637323067350401,46.12760817202098],[12.637361591360294,46.12670760154125],[12.636715468501608,46.12669423760875],[12.63599225419604,46.128482009148335],[12.634680684082237,46.12890554562356],[12.635288271704994,46.129819490356255],[12.636599859422608,46.12939594729263],[12.636561319386082,46.13029651685229]],[[12.625595945673034,46.12961846201271],[12.626242097528886,46.12963188944872],[12.626261451418111,46.12918160799694],[12.625615304818442,46.129168180770705],[12.625595945673034,46.12961846201271]],[[12.654027060398391,46.13020581671612],[12.654673232355842,46.13021908356941],[12.654692354959595,46.129768792942976],[12.654046188258922,46.129755526297],[12.654027060398391,46.13020581671612]],[[12.623030723017434,46.129114435371896],[12.623676867777787,46.12912787719567],[12.623715616219174,46.128227315845336],[12.623069481970703,46.12821387444159],[12.623108239075075,46.12731331334352],[12.622462115798074,46.12729986871066],[12.622403963680966,46.12865070966465],[12.623050102725188,46.12866415492771],[12.623030723017434,46.129114435371896]],[[12.624988522618116,46.12870446882103],[12.625634663502098,46.12871789948679],[12.625654021724015,46.12826761816096],[12.625007886095954,46.12825418770502],[12.624988522618116,46.12870446882103]],[[12.685081574963487,46.12993790798017],[12.686373941605112,46.1299640868268],[12.686430532571135,46.128613184310474],[12.687741721703796,46.12818904600001],[12.687798275731174,46.12683814175798],[12.688444423821492,46.126851216976185],[12.688463269008318,46.126400915274665],[12.689755556018468,46.12642705435389],[12.689774390243318,46.12597675220234],[12.689128251770828,46.12596368469168],[12.689165929384954,46.125063080672135],[12.69043935768247,46.125539513666226],[12.69049584054639,46.124188606224855],[12.691788077679046,46.12421472136645],[12.691806893890918,46.12376441839474],[12.691160780356809,46.12375136285259],[12.69119842194513,46.12285075719243],[12.68990621723945,46.122824635976784],[12.68988738615896,46.12327493841951],[12.68924127922132,46.12326187213388],[12.68920360520175,46.1241624764862],[12.687892523450934,46.12458663385579],[12.687835976167893,46.12593753872193],[12.687189839037696,46.12592446026284],[12.686468257632098,46.127712582424884],[12.685822100371915,46.12769949584897],[12.685746627422759,46.12950069863581],[12.685100449583137,46.12948760759206],[12.685081574963487,46.12993790798017]],[[12.648326577399473,46.1273845188657],[12.650264987746553,46.12742440327973],[12.65032245635319,46.12607353487935],[12.649676334883244,46.12606024434704],[12.649657173882257,46.12651053364796],[12.649011047611571,46.12649723925873],[12.648326577399473,46.1273845188657]],[[12.635423224156696,46.12666749879624],[12.636069346100367,46.12668087002707],[12.636088617927241,46.12623058514206],[12.63544250123908,46.12621721412014],[12.635423224156696,46.12666749879624]],[[12.632211924665974,46.12615030427414],[12.633504153921178,46.126177079159795],[12.633523446309862,46.125726795068914],[12.632231227565304,46.1257000206016],[12.632211924665974,46.12615030427414]],[[12.63610788929446,46.125780300215204],[12.636754001184775,46.125793667379156],[12.636792532029876,46.12489309698208],[12.636146430649983,46.124879730235826],[12.63610788929446,46.125780300215204]],[[12.637400113532511,46.125807030894045],[12.638692339599734,46.12583374697663],[12.639376942122103,46.12494652747756],[12.640023045787704,46.12495987597903],[12.64008075978511,46.12360901693928],[12.639434671884413,46.123595669063505],[12.63939618583518,46.1244962413814],[12.638750087881549,46.12448288943959],[12.638730838913396,46.12493317532713],[12.63743863386716,46.12490646007939],[12.637400113532511,46.125807030894045]],[[12.639984567495132,46.125860448462916],[12.640630682128087,46.125873793732424],[12.640649916248456,46.125423507302884],[12.640003806870856,46.12541016224189],[12.639984567495132,46.125860448462916]],[[12.649030213868228,46.126046950165524],[12.649676334883244,46.12606024434704],[12.649695495427217,46.1256099550043],[12.649049379667744,46.12559666103051],[12.649030213868228,46.126046950165524]],[[12.651614700657365,46.12610010499638],[12.653553070522477,46.126139932802815],[12.653572199532901,46.12568964221497],[12.651633845434624,46.12564981503084],[12.651614700657365,46.12610010499638]],[[12.647111035120057,46.125556757214376],[12.64775714951404,46.12557006213554],[12.647776325367227,46.12511977337431],[12.647130216228623,46.125106468661045],[12.647111035120057,46.125556757214376]],[[12.648422434961104,46.12513307443853],[12.649068545010133,46.125146371853674],[12.649126038294671,46.12379550407237],[12.646541663891584,46.12374229501157],[12.647149396879701,46.12465618006586],[12.648441605101661,46.12468278542765],[12.648422434961104,46.12513307443853]],[[12.652299102078166,46.12521280419324],[12.652945214855478,46.12522607971385],[12.652964348208785,46.12477578924982],[12.652318240686833,46.12476251393662],[12.652299102078166,46.12521280419324]],[[12.634873509761213,46.12440270116188],[12.636165700638317,46.12442944518332],[12.636204239236193,46.12352887495272],[12.634892789799704,46.123952416485366],[12.634873509761213,46.12440270116188]],[[12.637457893345427,46.12445617460924],[12.638750087881549,46.12448288943959],[12.638142497453698,46.123568962365546],[12.637496410923928,46.12355560354338],[12.637457893345427,46.12445617460924]],[[12.659444528736202,46.124458049105755],[12.660090635992841,46.12447128407218],[12.660147858528536,46.1231204054706],[12.6595017670373,46.12310717112453],[12.659444528736202,46.124458049105755]],[[12.685935296294781,46.12499769042024],[12.68658142201751,46.12501077576931],[12.686600281173918,46.12456047451442],[12.685954160706993,46.124547389369795],[12.685935296294781,46.12499769042024]],[[12.683369683319436,46.124495012298595],[12.685954160706993,46.124547389369795],[12.685973024669263,46.124097088277736],[12.683388568304293,46.124044712024926],[12.683369683319436,46.124495012298595]],[[12.640099996866581,46.12315873050899],[12.640746079969277,46.12317207452747],[12.64076531133733,46.122721787846835],[12.64011923348924,46.122708444036846],[12.640099996866581,46.12315873050899]],[[12.679530813277701,46.123515739083935],[12.682761345123586,46.12358130872814],[12.682780234462953,46.12313100857595],[12.679549728893685,46.12306543995626],[12.679530813277701,46.123515739083935]],[[12.6859918881816,46.12364678714404],[12.687284108540718,46.12367295296631],[12.686675713301488,46.12275926907868],[12.68344522055632,46.122693810954125],[12.683426336922722,46.123144111352694],[12.68601075124402,46.12319648596877],[12.6859918881816,46.12364678714404]],[[12.651767846090621,46.12249778410186],[12.65241392688332,46.12251106202674],[12.65243306275334,46.1220607715194],[12.654371292092994,46.12210058277942],[12.65439041174312,46.12165029160825],[12.652452198166966,46.121610480970276],[12.652471333124211,46.12116019037937],[12.65117920352006,46.12113363212575],[12.651160058054133,46.121583922301696],[12.651806127883338,46.121597203460304],[12.651767846090621,46.12249778410186]],[[12.657601683402806,46.1221668619048],[12.660186004611043,46.12221981952748],[12.660243220323133,46.12086894029967],[12.662181418693491,46.12090861834451],[12.662162363007564,46.12135891208215],[12.667977029825309,46.121477751046434],[12.66799603822082,46.12102745545198],[12.664119621135463,46.12094826355163],[12.664138660603937,46.1204979691528],[12.66090835173401,46.12043187659711],[12.660946481849946,46.119531289739605],[12.65900833348307,46.119491591663895],[12.658324112784797,46.12037893687832],[12.65767805418002,46.120365692827264],[12.657601683402806,46.1221668619048]],[[12.680214739019506,46.12262826160397],[12.682799123351792,46.12268070838213],[12.682818011790113,46.122230408146656],[12.681544727734497,46.12175389259774],[12.681525829236742,46.12220419246522],[12.680233648478149,46.12217796218798],[12.680214739019506,46.12262826160397]],[[12.640823002689515,46.12137092755386],[12.641469065231075,46.12138426708985],[12.641488289510404,46.12093398003341],[12.640842232222964,46.12092064070584],[12.640823002689515,46.12137092755386]],[[12.677649292349276,46.122125457846344],[12.679587558772205,46.122164841575966],[12.679606473034763,46.12171454232333],[12.678314305480006,46.121688290562695],[12.678333229801005,46.121237991678605],[12.677687151952275,46.12122486053017],[12.677649292349276,46.122125457846344]],[[12.690571144744895,46.122387395720736],[12.691217242065946,46.12240045429997],[12.691236061737884,46.12195015136592],[12.690589969671983,46.12193709299073],[12.690571144744895,46.122387395720736]],[[12.649887075734032,46.12110705927781],[12.65053313939972,46.121120347526066],[12.650552289663226,46.120670057515895],[12.654428649675374,46.1207497091406],[12.654447767957524,46.1202994178441],[12.653801712074172,46.12028615190195],[12.653859079946553,46.11893527838361],[12.652567001065202,46.11890873679797],[12.652547868389657,46.119359027597824],[12.651255780817735,46.119332471004],[12.651236637178194,46.11978276134712],[12.649944540916554,46.119756189744734],[12.649925386312557,46.1202064796309],[12.649279333609865,46.120193188149436],[12.649887075734032,46.12110705927781]],[[12.688005605878997,46.12188482300017],[12.6886516961564,46.121897895971266],[12.688670536399483,46.121447593812114],[12.688024451377048,46.121434521045295],[12.688005605878997,46.12188482300017]],[[12.642799618767162,46.12051036022816],[12.643445672169387,46.12052368840203],[12.643464879770058,46.12007340063699],[12.64281883162174,46.120060072671365],[12.642799618767162,46.12051036022816]],[[12.646675946018194,46.1205902745446],[12.64732200215462,46.12060358082771],[12.647341178231551,46.12015329181439],[12.646695127349115,46.120139985739186],[12.646675946018194,46.1205902745446]],[[12.669288180860855,46.1210538235626],[12.67122639820334,46.1210933483632],[12.671245379873206,46.12064305169747],[12.669307178294137,46.12060352751444],[12.669288180860855,46.1210538235626]],[[12.674456769452345,46.121159150056215],[12.677041074552964,46.12121172573294],[12.677060008931859,46.120761427217595],[12.674475724849582,46.12070885236235],[12.674456769452345,46.121159150056215]],[[12.644756977434557,46.12010004562307],[12.645403026950495,46.120113362643515],[12.645441409255085,46.11921278573918],[12.64479537024667,46.11919946913486],[12.644756977434557,46.12010004562307]],[[12.664138660603937,46.1204979691528],[12.66607685135107,46.1205375809031],[12.666095874602734,46.1200872858436],[12.664157699618322,46.12004767471224],[12.664138660603937,46.1204979691528]],[[12.68933545640809,46.121010360525084],[12.689981537070127,46.12102342578993],[12.690702909806184,46.11923527573725],[12.691348970343832,46.11924833288829],[12.691386602955394,46.11834772639636],[12.692032653431333,46.11836077949082],[12.692051463809934,46.11791047597854],[12.690759373812822,46.11788436654904],[12.69077819425061,46.11743406340311],[12.690132155176105,46.117421003419715],[12.690094503343765,46.11832160926184],[12.689448454208325,46.1183085452218],[12.68937312413821,46.12010975559037],[12.688080985174398,46.120083614931005],[12.688062141024735,46.1205339170107],[12.689354290497752,46.12056005807852],[12.68933545640809,46.121010360525084]],[[12.64671430822257,46.11968969689195],[12.647360353851141,46.11970300275925],[12.647379529013405,46.11925271366232],[12.648671611128613,46.119279314036206],[12.648690775326292,46.11882902448183],[12.64675266859714,46.11878911907205],[12.64671430822257,46.11968969689195]],[[12.661573472634377,46.119994808790864],[12.662219528701925,46.120008030744],[12.66223858302446,46.119557736881156],[12.66159253221096,46.119544515134606],[12.661573472634377,46.119994808790864]],[[12.677078942859167,46.120311128660575],[12.677725009749368,46.12032426304735],[12.67774393797073,46.119873964243475],[12.677097876334896,46.11986083006191],[12.677078942859167,46.120311128660575]],[[12.690646441759357,46.120586184551144],[12.691292518060571,46.120599242314235],[12.691311335937131,46.12014893921384],[12.690665264890564,46.120135881654775],[12.690646441759357,46.120586184551144]],[[12.691938594808558,46.12061229642851],[12.692584672003196,46.12062534689396],[12.692603479370423,46.120175043385686],[12.691957407430458,46.12016199312416],[12.691938594808558,46.12061229642851]],[[12.649317652868742,46.11929260875066],[12.651255780817735,46.119332471004],[12.651274924000711,46.118882180619075],[12.649336811812764,46.11884231898856],[12.649317652868742,46.11929260875066]],[[12.66288463429032,46.11957095497924],[12.673221515963743,46.11978194835186],[12.673240480513094,46.11933165094403],[12.667426017643246,46.11921308395299],[12.667445029026046,46.118762788356065],[12.663568772274658,46.118683580751934],[12.663587814726531,46.118233286350886],[12.661003673613724,46.11818040914027],[12.660965546225876,46.11908099624822],[12.662903682904478,46.119120660868106],[12.66288463429032,46.11957095497924]],[[12.64546059972084,46.11876249722427],[12.646106633931259,46.11877580997228],[12.646145002982957,46.117875232401],[12.64743705175637,46.117901846120624],[12.647417877966006,46.118352135342995],[12.651294066727138,46.11843189019237],[12.651313208997028,46.11798159972387],[12.65195923679506,46.11799487922247],[12.652016645106023,46.11664400694376],[12.650078610354123,46.116604159371214],[12.650040307084396,46.11750473968694],[12.648748265177085,46.11747815556788],[12.648767427546648,46.117027865846275],[12.649413443019748,46.11704115952216],[12.648805750914796,46.11612728627767],[12.64492973066866,46.11604745010862],[12.64489134426546,46.116948027182396],[12.645537357007248,46.11696134274643],[12.64551816837211,46.11741163142862],[12.644226132838053,46.11738499623641],[12.644187733181841,46.118285572642996],[12.64547978972892,46.11831220866753],[12.64546059972084,46.11876249722427]],[[12.659673457369587,46.11905453492632],[12.660319501571372,46.119067767411465],[12.660338570746399,46.118617474085056],[12.659692531798374,46.11860424180666],[12.659673457369587,46.11905453492632]],[[12.667464039955437,46.11831249271744],[12.672632365530264,46.118417896898464],[12.67265133397653,46.11796759957121],[12.66942115337942,46.11790175034974],[12.669440147641355,46.117451454009675],[12.668148089065342,46.11742508919482],[12.667464039955437,46.11831249271744]],[[12.641642067240442,46.117331682075445],[12.642288082955721,46.11734501608774],[12.6423072978561,46.116894728446375],[12.641661287393825,46.116881394642405],[12.641642067240442,46.117331682075445]],[[12.642953308774523,46.11690805860234],[12.64426453066273,46.11648441966249],[12.644283728888274,46.11603413131281],[12.643637727563643,46.11602080886911],[12.643676133146437,46.11512023246051],[12.641092174428525,46.1150669078734],[12.641072950856048,46.11551719526544],[12.64171894510381,46.115530532092215],[12.641699726325497,46.115980819650794],[12.642972517963758,46.11645777071085],[12.642953308774523,46.11690805860234]],[[12.692051463809934,46.11791047597854],[12.692697509478409,46.11792352522056],[12.692735118382044,46.11702291766345],[12.693381153989217,46.117035962849315],[12.693399952514643,46.11658565880454],[12.692753922161154,46.116572613822505],[12.6928103308078,46.11522170205025],[12.691518302960667,46.11519560236467],[12.69148067663126,46.1160962094388],[12.692126700838273,46.116109261513536],[12.692051463809934,46.11791047597854]],[[12.641034502335716,46.11641776992396],[12.641680507088841,46.11643110716751],[12.641699726325497,46.115980819650794],[12.641053726825115,46.11596748261563],[12.641034502335716,46.11641776992396]],[[12.6526626575987,46.11665728217189],[12.654600697801122,46.11669708596817],[12.654619811980071,46.116246794295705],[12.655265821035565,46.11626005472452],[12.655284929505772,46.11580976280307],[12.654638925703177,46.11579650258143],[12.654696264137568,46.114445627188005],[12.654050276546634,46.11443236394015],[12.654069393698888,46.11398207226601],[12.652131449406664,46.11394226125799],[12.652112316497327,46.1143925523101],[12.650820345401941,46.11436599298472],[12.650762912420669,46.115716864645314],[12.651408913498912,46.11573014675442],[12.651389773511498,46.116180437431915],[12.652681787536649,46.11620699112134],[12.6526626575987,46.11665728217189]],[[12.689486116548528,46.11740793978792],[12.690797014239541,46.11698376021561],[12.690834652870887,46.11608315371581],[12.689523777092303,46.116507334187666],[12.689486116548528,46.11740793978792]],[[12.644948923183676,46.11559716150898],[12.645594920166989,46.115610476448865],[12.645614106971726,46.115160187599386],[12.644968115240987,46.115146872867534],[12.644948923183676,46.11559716150898]],[[12.646240917605793,46.11562378774093],[12.64753291384937,46.1156503993815],[12.647609595293995,46.11384924123759],[12.646963617954297,46.113835938072675],[12.64694444302666,46.114286227463516],[12.64565247920851,46.11425960977494],[12.645614106971726,46.115160187599386],[12.646260099157939,46.11517349868346],[12.646240917605793,46.11562378774093]],[[12.640446185889603,46.11505356760726],[12.641092174428525,46.1150669078734],[12.64111139754256,46.11461662043952],[12.640465414255994,46.11460328038183],[12.640446185889603,46.11505356760726]],[[12.644322123965848,46.11513355448791],[12.644968115240987,46.115146872867534],[12.645006497982546,46.11424629545915],[12.643714536897466,46.1142196558846],[12.644322123965848,46.11513355448791]],[[12.658534037071025,46.11542571619379],[12.659180038340637,46.11543895432086],[12.659199114383254,46.11498866107399],[12.658553118366374,46.11497542315375],[12.658534037071025,46.11542571619379]],[[12.637235504672518,46.11453652537844],[12.637881485675551,46.114549883674414],[12.637900734592177,46.114099597241406],[12.637254758841307,46.11408623915414],[12.637235504672518,46.11453652537844]],[[12.638527467135539,46.11456323832275],[12.640465414255994,46.11460328038183],[12.641149842395361,46.11371604544621],[12.63921192541809,46.11367601558103],[12.639231162912782,46.11322572864705],[12.638585196752159,46.11321237827215],[12.638565954005523,46.11366266499754],[12.637919983049764,46.113649310766526],[12.638527467135539,46.11456323832275]],[[12.689561435839757,46.11560672842102],[12.690207453453104,46.11561979123638],[12.690226276899997,46.11516948808656],[12.689580264539897,46.11515642547531],[12.689561435839757,46.11560672842102]],[[12.645025688666824,46.11379600669222],[12.645671664640588,46.11380932079999],[12.645690849615136,46.113359031783205],[12.647001966437754,46.112935359165554],[12.647059485733607,46.11158449049125],[12.64576758493835,46.11155787529787],[12.645748401793767,46.11200816448194],[12.643810538261771,46.11196821371275],[12.643791338904657,46.11241850223079],[12.6450832579738,46.11244514014048],[12.645025688666824,46.11379600669222]],[[12.647609595293995,46.11384924123759],[12.648901551338453,46.11387583662453],[12.648959026109724,46.11252496633098],[12.647647933273346,46.112948661914764],[12.647609595293995,46.11384924123759]],[[12.691537115452366,46.11474529876523],[12.693475142133162,46.11478444220976],[12.693512734252705,46.11388383366291],[12.69222073703104,46.113857742496684],[12.691537115452366,46.11474529876523]],[[12.650212657411814,46.11345212694954],[12.6508586317734,46.11346541166866],[12.650877774274353,46.11301512094796],[12.650231805164825,46.113001836436396],[12.650212657411814,46.11345212694954]],[[12.694842302574651,46.11300930070917],[12.696153055834317,46.11258505664347],[12.695544627097306,46.11167141790234],[12.694898653188076,46.111658386105354],[12.694842302574651,46.11300930070917]],[[12.648997340339578,46.11162438592626],[12.649643292784562,46.11163767710989],[12.649700744948907,46.110286805566304],[12.649054808258143,46.11027351500566],[12.648997340339578,46.11162438592626]],[[12.698091013087351,46.11262412042567],[12.698736999729112,46.112637134390695],[12.698774503327423,46.11173652217146],[12.698128527190619,46.11172350861312],[12.698091013087351,46.11262412042567]],[[12.647078657917788,46.11113420084953],[12.647724603746669,46.11114750276737],[12.64774377022229,46.110697212876],[12.647097829644776,46.11068391116598],[12.647078657917788,46.11113420084953]],[[12.702874975403105,46.10641083548865],[12.704812725424814,46.10644978131404],[12.704831423930282,46.10599947281643],[12.704185512063258,46.10598649472454],[12.704204215373624,46.10553618638819],[12.702912403473158,46.10551021966894],[12.702874975403105,46.10641083548865]]]},"properties":{"ndvi_class":"moderate","color":"#74c476","area_m2":17806562}},{"type":"Feature","geometry":{"type":"Polygon","coordinates":[[[12.64936123440013,46.1030688637417],[12.649399529448354,46.10216828158128],[12.64875368771375,46.10215499111175],[12.648791991433436,46.10125440919943],[12.64814616065106,46.10124111549916],[12.648165317074554,46.100790824688],[12.652040277092773,46.10087053095344],[12.652021152161266,46.10132082300996],[12.650083654361753,46.101280985661816],[12.650007087087388,46.103082150980256],[12.64936123440013,46.1030688637417]]]},"properties":{"ndvi_class":"sparse","color":"#c7e9c0","area_m2":30019}},{"type":"Feature","geometry":{"type":"Polygon","coordinates":[[[12.67397974527647,46.10177001953022],[12.673998691744277,46.101319720455315],[12.674644535363019,46.10133286810323],[12.674625594144377,46.10178316738356],[12.67397974527647,46.10177001953022]]]},"properties":{"ndvi_class":"moderate","color":"#74c476","area_m2":2502}},{"type":"Feature","geometry":{"type":"Polygon","coordinates":[[[12.69065909230472,46.10481250416158],[12.690677904981303,46.10436220001358],[12.690032018661588,46.104349142299846],[12.69006965316909,46.103448534287146],[12.690715528988687,46.10346159159284],[12.690696717209288,46.103911895824005],[12.691988480687952,46.10393799990331],[12.692671954707246,46.103050436745576],[12.689442599626696,46.102985169470145],[12.689461421008447,46.10253486556388],[12.690107285881808,46.102547926108066],[12.68949906242558,46.101634257626586],[12.692728338761613,46.101699521842725],[12.692709544524984,46.102149826851914],[12.69400126868205,46.10217590742087],[12.693963699863284,46.10307651812954],[12.69331782706226,46.10306347926087],[12.693242663048927,46.10486469936442],[12.69065909230472,46.10481250416158]]]},"properties":{"ndvi_class":"bare","color":"#d9d9d9","area_m2":77550}},{"type":"Feature","geometry":{"type":"Polygon","coordinates":[[[12.701639317216413,46.10503393079556],[12.7016580406368,46.104583623187835],[12.701012146742682,46.10457062746987],[12.701087056960251,46.10276939743588],[12.701732929853739,46.10278239234165],[12.701789092078979,46.10143146877093],[12.703080807700532,46.101457446424824],[12.703062097904414,46.101907754729176],[12.70370796163103,46.10192073828926],[12.70365184531541,46.103271663561735],[12.703005965839141,46.103258679393036],[12.702285216805446,46.105046923069665],[12.701639317216413,46.10503393079556]]]},"properties":{"ndvi_class":"dense","color":"#238b45","area_m2":52534}},{"type":"Feature","geometry":{"type":"Polygon","coordinates":[[[12.651829877762665,46.10582374127691],[12.651868136291226,46.104923157957835],[12.651222261243197,46.10490988082839],[12.65124139507297,46.1044595893136],[12.6518872648713,46.1044728662356],[12.651925520663108,46.10357228266579],[12.651279661363798,46.103559006158655],[12.65129879382488,46.10310871451851],[12.650007087087388,46.103082150980256],[12.650083654361753,46.101280985661816],[12.652021152161266,46.10132082300996],[12.65198290093017,46.10222140699766],[12.653255473593944,46.102698240174576],[12.653351048043229,46.10044677802752],[12.653996871961269,46.10046004214476],[12.653958654046244,46.10136062754342],[12.655231225094397,46.10183743871958],[12.655212125495769,46.102287731728794],[12.657149665676277,46.10232748281285],[12.656465638929648,46.10321482281912],[12.657111496608108,46.10322806994818],[12.657719194350094,46.10414190081302],[12.65642745754218,46.104115409373435],[12.656370182046714,46.10546628889166],[12.655078415552696,46.10543978162377],[12.655059312310282,46.10589007429881],[12.654413424493354,46.105876814987774],[12.65448985572925,46.10407564486559],[12.653217240623624,46.10359882474094],[12.653140769212776,46.10539999337229],[12.651829877762665,46.10582374127691]],[[12.655135722546868,46.104088903348],[12.655781589817886,46.10410215818394],[12.65580068598877,46.1036518651347],[12.655154823967282,46.10363861050584],[12.655135722546868,46.104088903348]]]},"properties":{"ndvi_class":"moderate","color":"#74c476","area_m2":167609}},{"type":"Feature","geometry":{"type":"Polygon","coordinates":[[[12.697155552444109,46.104042270351506],[12.6972118289383,46.10269135142217],[12.697857699162888,46.10270436820765],[12.697913955882498,46.10135344829418],[12.698559810803253,46.10136646082309],[12.698484821948314,46.103167688104584],[12.697838946028694,46.103154674762386],[12.697801438418745,46.10405528774715],[12.697155552444109,46.104042270351506]]]},"properties":{"ndvi_class":"dense","color":"#238b45","area_m2":17511}},{"type":"Feature","geometry":{"type":"Polygon","coordinates":[[[12.699074467728181,46.10453161843481],[12.699093211703392,46.10408131159813],[12.698447324838549,46.10406830149603],[12.698484821948314,46.103167688104584],[12.699130698312949,46.10318069780012],[12.699205666168966,46.101379469705556],[12.70049737823479,46.10140547653116],[12.70040371979559,46.10365701357734],[12.699757837291228,46.10364401097199],[12.699720360288248,46.104544625093354],[12.699074467728181,46.10453161843481]]]},"properties":{"ndvi_class":"sparse","color":"#c7e9c0","area_m2":35023}},{"type":"Feature","geometry":{"type":"Polygon","coordinates":[[[12.677798097601197,46.10319975262542],[12.678519606512216,46.10141167741924],[12.679830199261453,46.10098761705764],[12.679754601460761,46.102788820661125],[12.679108738500698,46.10277570156848],[12.67908983267421,46.10322600216025],[12.677798097601197,46.10319975262542]]]},"properties":{"ndvi_class":"dense","color":"#238b45","area_m2":25016}},{"type":"Feature","geometry":{"type":"Polygon","coordinates":[[[12.679014204859936,46.105027204110876],[12.679070926396903,46.10367630271038],[12.679716799856385,46.103689422212994],[12.679735700883919,46.10323912145788],[12.680381569542263,46.10325223710898],[12.68036267376451,46.10370253806902],[12.681654422926217,46.10372875884128],[12.681046328726625,46.102815047906994],[12.680400464869443,46.1028019361073],[12.680438254172154,46.101901333979],[12.681084107530364,46.10191444536897],[12.681121884532486,46.1010138426644],[12.681767727840544,46.10102694999839],[12.681748844813866,46.10147725157629],[12.682394693819322,46.10149035546875],[12.682356936913928,46.10239095890914],[12.683002796866269,46.102404059564655],[12.6829650486595,46.103304663247926],[12.68231917820786,46.10329156218302],[12.682281417701017,46.10419216529036],[12.680989657142751,46.10416595140173],[12.680305983727708,46.10505344069931],[12.679014204859936,46.105027204110876]]]},"properties":{"ndvi_class":"dense","color":"#238b45","area_m2":62541}},{"type":"Feature","geometry":{"type":"Polygon","coordinates":[[[12.684940379410715,46.10244333965246],[12.684959237090558,46.10199303713465],[12.686269797257484,46.10156890225036],[12.686288643539486,46.101118599240465],[12.688226185551406,46.101157822792494],[12.688169692602083,46.102508733535956],[12.684940379410715,46.10244333965246]]]},"properties":{"ndvi_class":"dense","color":"#238b45","area_m2":30019}},{"type":"Feature","geometry":{"type":"Polygon","coordinates":[[[12.660436079823096,46.10104277757654],[12.660455136065917,46.10059248278701],[12.66110096496607,46.10060570679806],[12.66108191397201,46.10105600179423],[12.660436079823096,46.10104277757654]]]},"properties":{"ndvi_class":"sparse","color":"#c7e9c0","area_m2":2502}},{"type":"Feature","geometry":{"type":"Polygon","coordinates":[[[12.678519606512216,46.10141167741924],[12.678538515784695,46.1009613768659],[12.679184357298727,46.100974498784886],[12.679165453275381,46.10142479954327],[12.678519606512216,46.10141167741924]]]},"properties":{"ndvi_class":"moderate","color":"#74c476","area_m2":2502}},{"type":"Feature","geometry":{"type":"Polygon","coordinates":[[[12.682394693819322,46.10149035546875],[12.6824135715968,46.101040053686106],[12.683059415801127,46.101053153727555],[12.683040543272861,46.101503455714884],[12.682394693819322,46.10149035546875]]]},"properties":{"ndvi_class":"dense","color":"#238b45","area_m2":2502}},{"type":"Feature","geometry":{"type":"Polygon","coordinates":[[[12.69519912171568,46.10445350190014],[12.695311767860908,46.10175166757985],[12.695957626250038,46.10176469489798],[12.69597639379127,46.1013143888289],[12.697286858001817,46.10089012560129],[12.697193070554215,46.103141657773506],[12.695882551609792,46.10356591875866],[12.695845011604295,46.10446653043964],[12.69519912171568,46.10445350190014]]]},"properties":{"ndvi_class":"sparse","color":"#c7e9c0","area_m2":40026}},{"type":"Feature","geometry":{"type":"Polygon","coordinates":[[[12.706235367659453,46.10332356376931],[12.706328787626186,46.10107201738638],[12.706974643072192,46.101084982308514],[12.706881249354584,46.10333652970435],[12.706235367659453,46.10332356376931]]]},"properties":{"ndvi_class":"sparse","color":"#c7e9c0","area_m2":12508}},{"type":"Feature","geometry":{"type":"Polygon","coordinates":[[[12.692709544524984,46.102149826851914],[12.692728338761613,46.101699521842725],[12.694020052419566,46.10172560200418],[12.694057618550932,46.10082499104607],[12.694703465549965,46.100838025249814],[12.694647131429434,46.102188942235586],[12.692709544524984,46.102149826851914]]]},"properties":{"ndvi_class":"sparse","color":"#c7e9c0","area_m2":12508}},{"type":"Feature","geometry":{"type":"Polygon","coordinates":[[[12.664937908402354,46.10158556672464],[12.66495692835708,46.1011352705317],[12.663019419131382,46.10109565257056],[12.663057489172903,46.100195061297505],[12.66564079372004,46.100247876302966],[12.665583750962949,46.10159876562561],[12.664937908402354,46.10158556672464]]]},"properties":{"ndvi_class":"moderate","color":"#74c476","area_m2":22515}},{"type":"Feature","geometry":{"type":"Polygon","coordinates":[[[12.650121935260488,46.1003804027518],[12.650141075025292,46.09993011123411],[12.651432708279543,46.099956671867275],[12.651413579011594,46.10040696379997],[12.650121935260488,46.1003804027518]]]},"properties":{"ndvi_class":"dense","color":"#238b45","area_m2":5003}},{"type":"Feature","geometry":{"type":"Polygon","coordinates":[[[12.670142616989915,46.10079046011404],[12.670161594047421,46.10034016218952],[12.670807424468295,46.10035333130329],[12.670788452659625,46.10080362943357],[12.670142616989915,46.10079046011404]]]},"properties":{"ndvi_class":"bare","color":"#d9d9d9","area_m2":2502}},{"type":"Feature","geometry":{"type":"Polygon","coordinates":[[[12.679830199261453,46.10098761705764],[12.679849097585024,46.10053731605266],[12.680494934747282,46.10055043047426],[12.680476041672746,46.101000731684145],[12.679830199261453,46.10098761705764]]]},"properties":{"ndvi_class":"dense","color":"#238b45","area_m2":2502}},{"type":"Feature","geometry":{"type":"Polygon","coordinates":[[[12.68951788246099,46.10118395359553],[12.689536702047645,46.10073364952288],[12.692120080229255,46.100785866556876],[12.692101281639612,46.1012361714454],[12.68951788246099,46.10118395359553]]]},"properties":{"ndvi_class":"moderate","color":"#74c476","area_m2":10006}},{"type":"Feature","geometry":{"type":"Polygon","coordinates":[[[12.688834382764384,46.102071497629446],[12.688909683005665,46.10027028223853],[12.689555521185556,46.10028334540866],[12.68951788246099,46.10118395359553],[12.692101281639612,46.1012361714454],[12.692120080229255,46.100785866556876],[12.692765925890452,46.1007989116996],[12.692728338761613,46.101699521842725],[12.68949906242558,46.101634257626586],[12.689480241941405,46.102084561616024],[12.688834382764384,46.102071497629446]]]},"properties":{"ndvi_class":"sparse","color":"#c7e9c0","area_m2":25016}},{"type":"Feature","geometry":{"type":"Polygon","coordinates":[[[12.6772279143325,46.10138542223233],[12.677284672291249,46.10003452167801],[12.677930502409684,46.10004765047918],[12.67787376019788,46.10139855164893],[12.6772279143325,46.10138542223233]]]},"properties":{"ndvi_class":"sparse","color":"#c7e9c0","area_m2":7505}},{"type":"Feature","geometry":{"type":"Polygon","coordinates":[[[12.67787376019788,46.10139855164893],[12.677930502409684,46.10004765047918],[12.678576332977032,46.10006077563427],[12.678519606512216,46.10141167741924],[12.67787376019788,46.10139855164893]]]},"properties":{"ndvi_class":"bare","color":"#d9d9d9","area_m2":7505}},{"type":"Feature","geometry":{"type":"Polygon","coordinates":[[[12.678538515784695,46.1009613768659],[12.678576332977032,46.10006077563427],[12.67922216399317,46.10007389714322],[12.679184357298727,46.100974498784886],[12.678538515784695,46.1009613768659]]]},"properties":{"ndvi_class":"sparse","color":"#c7e9c0","area_m2":5003}},{"type":"Feature","geometry":{"type":"Polygon","coordinates":[[[12.639808074490157,46.099717101165645],[12.639827297769529,46.09926681293423],[12.640473101638213,46.09928015319871],[12.640453883606924,46.09973044163854],[12.639808074490157,46.099717101165645]]]},"properties":{"ndvi_class":"moderate","color":"#74c476","area_m2":2502}},{"type":"Feature","geometry":{"type":"Polygon","coordinates":[[[12.67403658332461,46.1004191221805],[12.674055528437162,46.09996882298059],[12.674701356309155,46.09998197001225],[12.674682416445394,46.10043226941758],[12.67403658332461,46.1004191221805]]]},"properties":{"ndvi_class":"moderate","color":"#74c476","area_m2":2502}},{"type":"Feature","geometry":{"type":"Polygon","coordinates":[[[12.687599173101257,46.10069444846134],[12.687618007986414,46.10024414495961],[12.688263845272578,46.10025721542218],[12.688245015636486,46.100707519128136],[12.687599173101257,46.10069444846134]]]},"properties":{"ndvi_class":"sparse","color":"#c7e9c0","area_m2":2502}},{"type":"Feature","geometry":{"type":"Polygon","coordinates":[[[12.65260962388532,46.10268497137483],[12.652628744935852,46.10223467923629],[12.65198290093017,46.10222140699766],[12.652002026773737,46.1017711150247],[12.652647865530456,46.101784387055964],[12.652078525587767,46.099969946715014],[12.657264161959969,46.099625720404646],[12.657283243081437,46.09917542652379],[12.659866489365827,46.09922837113088],[12.659847429237713,46.09967866583896],[12.66049324718845,46.099691893082735],[12.660474191854364,46.10014218795573],[12.658536723614013,46.10010249466645],[12.658555794693553,46.09965220041363],[12.657909978100378,46.09963896223209],[12.658479507646929,46.101453377174465],[12.657206915865675,46.10097660179668],[12.657149665676277,46.10232748281285],[12.655212125495769,46.102287731728794],[12.655231225094397,46.10183743871958],[12.653958654046244,46.10136062754342],[12.653996871961269,46.10046004214476],[12.653351048043229,46.10044677802752],[12.653255473593944,46.102698240174576],[12.65260962388532,46.10268497137483]]]},"properties":{"ndvi_class":"sparse","color":"#c7e9c0","area_m2":120078}},{"type":"Feature","geometry":{"type":"Polygon","coordinates":[[[12.672061163586761,46.101280255634116],[12.672099086660802,46.10037965859251],[12.67274491843219,46.100392816767965],[12.672782829200404,46.09949221914848],[12.67342865092431,46.09950537326675],[12.673371799840307,46.10085627025006],[12.67401763776032,46.10086942133875],[12.673998691744277,46.101319720455315],[12.672061163586761,46.101280255634116]]]},"properties":{"ndvi_class":"moderate","color":"#74c476","area_m2":17511}},{"type":"Feature","geometry":{"type":"Polygon","coordinates":[[[12.640453883606924,46.09973044163854],[12.640492319211283,46.09882986471701],[12.641783917820943,46.09885653389208],[12.641745503208742,46.099757111647],[12.640453883606924,46.09973044163854]]]},"properties":{"ndvi_class":"sparse","color":"#c7e9c0","area_m2":10006}},{"type":"Feature","geometry":{"type":"Polygon","coordinates":[[[12.689536702047645,46.10073364952288],[12.689574339874742,46.09983304125284],[12.692157676063825,46.09988525665509],[12.692120080229255,46.100785866556876],[12.689536702047645,46.10073364952288]]]},"properties":{"ndvi_class":"dense","color":"#238b45","area_m2":20013}},{"type":"Feature","geometry":{"type":"Polygon","coordinates":[[[12.65908720993354,46.102367201080725],[12.659106278037795,46.10191690682985],[12.65846043474837,46.101903671260274],[12.658517652079738,46.10055278887755],[12.65787182498952,46.10053955028233],[12.657909978100378,46.09963896223209],[12.658555794693553,46.09965220041363],[12.658536723614013,46.10010249466645],[12.660474191854364,46.10014218795573],[12.659866489365827,46.09922837113088],[12.66244974288833,46.099281257403995],[12.662392624122777,46.10063214388202],[12.661746794318399,46.100618927163076],[12.662316459412656,46.102433325268464],[12.661670608612377,46.10242010772349],[12.661689655720116,46.101969812645976],[12.659752121779805,46.10193013875321],[12.65973305892466,46.10238043321081],[12.65908720993354,46.102367201080725]],[[12.660436079823096,46.10104277757654],[12.66108191397201,46.10105600179423],[12.66110096496607,46.10060570679806],[12.660455136065917,46.10059248278701],[12.660436079823096,46.10104277757654]]]},"properties":{"ndvi_class":"bare","color":"#d9d9d9","area_m2":80052}},{"type":"Feature","geometry":{"type":"Polygon","coordinates":[[[12.677284672291249,46.10003452167801],[12.677303590708615,46.09958422140992],[12.677949415578315,46.09959735000598],[12.677930502409684,46.10004765047918],[12.677284672291249,46.10003452167801]]]},"properties":{"ndvi_class":"bare","color":"#d9d9d9","area_m2":2502}},{"type":"Feature","geometry":{"type":"Polygon","coordinates":[[[12.67922216399317,46.10007389714322],[12.679241066664298,46.09962359625991],[12.679886892880333,46.099636713917775],[12.679867995457979,46.100087015006046],[12.67922216399317,46.10007389714322]]]},"properties":{"ndvi_class":"sparse","color":"#c7e9c0","area_m2":2502}},{"type":"Feature","geometry":{"type":"Polygon","coordinates":[[[12.69472224269464,46.10038771950475],[12.694741019391587,46.09993741371814],[12.696678531567379,46.099976493230045],[12.696659770617739,46.10042679962728],[12.69472224269464,46.10038771950475]]]},"properties":{"ndvi_class":"sparse","color":"#c7e9c0","area_m2":7505}},{"type":"Feature","geometry":{"type":"Polygon","coordinates":[[[12.640434665117404,46.10018073003655],[12.640453883606924,46.09973044163854],[12.641745503208742,46.099757111647],[12.641803124440106,46.09840624495187],[12.642448919180918,46.09841957386263],[12.642372110948727,46.10022073020549],[12.640434665117404,46.10018073003655]]]},"properties":{"ndvi_class":"moderate","color":"#74c476","area_m2":15010}},{"type":"Feature","geometry":{"type":"Polygon","coordinates":[[[12.706974643072192,46.101084982308514],[12.707030673958222,46.099734053372956],[12.707676514099548,46.09974701404108],[12.707620498961532,46.10109794358417],[12.706974643072192,46.101084982308514]]]},"properties":{"ndvi_class":"sparse","color":"#c7e9c0","area_m2":7505}},{"type":"Feature","geometry":{"type":"Polygon","coordinates":[[[12.681140772357972,46.100563541249656],[12.681159659733094,46.10011323979328],[12.680513827371326,46.10010012922273],[12.680551611268005,46.09919952659476],[12.681197433132299,46.09921263675562],[12.681178546657867,46.099662938295275],[12.681824374219115,46.09967604501489],[12.681843255444862,46.09922574327045],[12.68313490141429,46.099251945361985],[12.682451325801384,46.100139449995936],[12.681140772357972,46.100563541249656]]]},"properties":{"ndvi_class":"sparse","color":"#c7e9c0","area_m2":17511}},{"type":"Feature","geometry":{"type":"Polygon","coordinates":[[[12.698578556899438,46.100916153898844],[12.697970208577933,46.100002528006755],[12.70055356793863,46.100054553805],[12.70057229694671,46.099604246146534],[12.70250980538817,46.099643226600165],[12.702472378420367,46.10054384309371],[12.699243147415636,46.100478855409015],[12.699224407015736,46.100929162578055],[12.698578556899438,46.100916153898844]]]},"properties":{"ndvi_class":"sparse","color":"#c7e9c0","area_m2":27518}},{"type":"Feature","geometry":{"type":"Polygon","coordinates":[[[12.64307551825405,46.09888318848442],[12.643094714377455,46.09843289912775],[12.645677899718356,46.09848616373175],[12.64565872458663,46.09893645392064],[12.64307551825405,46.09888318848442]]]},"properties":{"ndvi_class":"moderate","color":"#74c476","area_m2":10006}},{"type":"Feature","geometry":{"type":"Polygon","coordinates":[[[12.658574865318371,46.09920190611905],[12.658593935488481,46.0987516117827],[12.659885549039481,46.09877807638102],[12.659866489365827,46.09922837113088],[12.658574865318371,46.09920190611905]]]},"properties":{"ndvi_class":"moderate","color":"#74c476","area_m2":5003}},{"type":"Feature","geometry":{"type":"Polygon","coordinates":[[[12.677930502409684,46.10004765047918],[12.677949415578315,46.09959735000598],[12.677303590708615,46.09958422140992],[12.67732250867489,46.09913392110017],[12.678614148365966,46.09916017423603],[12.678576332977032,46.10006077563427],[12.677930502409684,46.10004765047918]]]},"properties":{"ndvi_class":"sparse","color":"#c7e9c0","area_m2":7505}},{"type":"Feature","geometry":{"type":"Polygon","coordinates":[[[12.686345179689273,46.09976768996111],[12.68636402417384,46.09931738678477],[12.687009850068065,46.09933046413109],[12.686991010832292,46.099780767511774],[12.686345179689273,46.09976768996111]]]},"properties":{"ndvi_class":"sparse","color":"#c7e9c0","area_m2":2502}},{"type":"Feature","geometry":{"type":"Polygon","coordinates":[[[12.65209764915128,46.09951965453313],[12.652135894910414,46.098619070044],[12.654073302323958,46.09865887084613],[12.654092408775673,46.09820857791705],[12.656675604016549,46.09826159378427],[12.65663743264223,46.099162181257384],[12.653408387243722,46.099095900237934],[12.653389274632618,46.09954619287624],[12.65209764915128,46.09951965453313]]]},"properties":{"ndvi_class":"sparse","color":"#c7e9c0","area_m2":32521}},{"type":"Feature","geometry":{"type":"Polygon","coordinates":[[[12.6596949318507,46.1032810220008],[12.659713995614963,46.10283072762669],[12.661005705453013,46.102857181361394],[12.661024758264203,46.102406886532215],[12.65973305892466,46.10238043321081],[12.659752121779805,46.10193013875321],[12.661689655720116,46.101969812645976],[12.661670608612377,46.10242010772349],[12.662316459412656,46.102433325268464],[12.662354542675768,46.10153273465872],[12.66170870237369,46.10151951752675],[12.661746794318399,46.100618927163076],[12.662392624122777,46.10063214388202],[12.66244974288833,46.099281257403995],[12.659866489365827,46.09922837113088],[12.659885549039481,46.09877807638102],[12.663114590831258,46.09884417407497],[12.663133623809717,46.09839387825066],[12.665716844382498,46.09844668995542],[12.665678819957938,46.09934728321263],[12.666970453945499,46.099373668014614],[12.66689444164575,46.10117485567747],[12.665583750962949,46.10159876562561],[12.66564079372004,46.100247876302966],[12.663057489172903,46.100195061297505],[12.663019419131382,46.10109565257056],[12.663665255088299,46.101108862203745],[12.663646224635654,46.10155915798406],[12.663000383429798,46.101545948144484],[12.662943273601583,46.10289683461588],[12.662297417100026,46.10288362051075],[12.662278374333331,46.103333915711275],[12.6596949318507,46.1032810220008]]]},"properties":{"ndvi_class":"sparse","color":"#c7e9c0","area_m2":125081}},{"type":"Feature","geometry":{"type":"Polygon","coordinates":[[[12.665488670632916,46.10385024699567],[12.665583750962949,46.10159876562561],[12.66689444164575,46.10117485567747],[12.666970453945499,46.099373668014614],[12.665678819957938,46.09934728321263],[12.665716844382498,46.09844668995542],[12.667654264550507,46.09848626045294],[12.667540280310941,46.10118804343372],[12.668186119427078,46.1012012275438],[12.668091146349434,46.1034527132442],[12.667445280986886,46.10343952810411],[12.66742627976289,46.10388982491307],[12.665488670632916,46.10385024699567]]]},"properties":{"ndvi_class":"bare","color":"#d9d9d9","area_m2":80052}},{"type":"Feature","geometry":{"type":"Polygon","coordinates":[[[12.692157676063825,46.09988525665509],[12.692195270105536,46.09898464658699],[12.692841094770838,46.098997690914445],[12.692803511226826,46.099898301390176],[12.692157676063825,46.09988525665509]]]},"properties":{"ndvi_class":"dense","color":"#238b45","area_m2":5003}},{"type":"Feature","geometry":{"type":"Polygon","coordinates":[[[12.651490093346785,46.09860579581848],[12.65150922079038,46.09815550371863],[12.65215501710606,46.09816877773675],[12.652135894910414,46.098619070044],[12.651490093346785,46.09860579581848]]]},"properties":{"ndvi_class":"sparse","color":"#c7e9c0","area_m2":2502}},{"type":"Feature","geometry":{"type":"Polygon","coordinates":[[[12.696051459481273,46.09951316413699],[12.69607022478511,46.09906285786012],[12.698007708139412,46.09910191427405],[12.697988958582211,46.099552221161176],[12.696051459481273,46.09951316413699]]]},"properties":{"ndvi_class":"sparse","color":"#c7e9c0","area_m2":7505}},{"type":"Feature","geometry":{"type":"Polygon","coordinates":[[[12.70572030799053,46.10015843037933],[12.705738995005582,46.09970812109783],[12.705093156194515,46.09969514949083],[12.705111848013036,46.09924484037049],[12.706403515580604,46.099270779532894],[12.70636615249433,46.10017139854266],[12.70572030799053,46.10015843037933]]]},"properties":{"ndvi_class":"dense","color":"#238b45","area_m2":7505}},{"type":"Feature","geometry":{"type":"Polygon","coordinates":[[[12.665450635326716,46.10475083925167],[12.665488670632916,46.10385024699567],[12.66742627976289,46.10388982491307],[12.667445280986886,46.10343952810411],[12.668091146349434,46.1034527132442],[12.668186119427078,46.1012012275438],[12.667540280310941,46.10118804343372],[12.667673260338422,46.0980359631435],[12.670902276726471,46.09810184002654],[12.670845366728559,46.099452734917655],[12.672782829200404,46.09949221914848],[12.672061163586761,46.101280255634116],[12.673998691744277,46.101319720455315],[12.673960798356887,46.10222031856343],[12.671377386386622,46.1021676898648],[12.671358418017718,46.10261798803404],[12.670712560901054,46.10260482153781],[12.670731534519307,46.102154523574285],[12.668793981619954,46.10211500282484],[12.669363892952076,46.10392937001179],[12.668718021438197,46.10391619195874],[12.668699030260681,46.10436648913798],[12.666115527715057,46.10431373963637],[12.666096515085083,46.104764035949685],[12.665450635326716,46.10475083925167]],[[12.670142616989915,46.10079046011404],[12.670788452659625,46.10080362943357],[12.670807424468295,46.10035333130329],[12.670161594047421,46.10034016218952],[12.670142616989915,46.10079046011404]]]},"properties":{"ndvi_class":"sparse","color":"#c7e9c0","area_m2":190123}},{"type":"Feature","geometry":{"type":"Polygon","coordinates":[[[12.707676514099548,46.09974701404108],[12.707713855298847,46.098846394138185],[12.7090055159147,46.098872303725834],[12.708322354684045,46.09975997106291],[12.707676514099548,46.09974701404108]]]},"properties":{"ndvi_class":"sparse","color":"#c7e9c0","area_m2":7505}},{"type":"Feature","geometry":{"type":"Polygon","coordinates":[[[12.681862136220408,46.098775441484385],[12.681881016545768,46.09832513965669],[12.682526828809447,46.09833824211603],[12.682507953732538,46.09878854414845],[12.681862136220408,46.098775441484385]]]},"properties":{"ndvi_class":"dense","color":"#238b45","area_m2":2502}},{"type":"Feature","geometry":{"type":"Polygon","coordinates":[[[12.68638286820908,46.09886708356683],[12.686401711795009,46.09841678030727],[12.687047527192025,46.098429857244945],[12.687028688854637,46.09888016070882],[12.68638286820908,46.09886708356683]]]},"properties":{"ndvi_class":"dense","color":"#238b45","area_m2":2502}},{"type":"Feature","geometry":{"type":"Polygon","coordinates":[[[12.70317434998941,46.09920590428026],[12.703193057108937,46.09875559572677],[12.705130539385866,46.098794531208654],[12.705111848013036,46.09924484037049],[12.70317434998941,46.09920590428026]]]},"properties":{"ndvi_class":"sparse","color":"#c7e9c0","area_m2":7505}},{"type":"Feature","geometry":{"type":"Polygon","coordinates":[[[12.67732250867489,46.09913392110017],[12.677379259867331,46.09778301992101],[12.67996247806401,46.09783550914829],[12.679943582443926,46.09828581040313],[12.679297771973458,46.09827269336012],[12.679259968884713,46.099173295334964],[12.67732250867489,46.09913392110017]]]},"properties":{"ndvi_class":"dense","color":"#238b45","area_m2":25016}},{"type":"Feature","geometry":{"type":"Polygon","coordinates":[[[12.673239131494674,46.10400836175244],[12.673258085471282,46.10355806309142],[12.672612216505124,46.10354490712328],[12.672669091471802,46.1021940115068],[12.673960798356887,46.10222031856343],[12.674644535363019,46.10133286810323],[12.673371799840307,46.10085627025006],[12.67342865092431,46.09950537326675],[12.672155967881052,46.099028762717516],[12.672174927383638,46.098578464009144],[12.671529117056501,46.09856530301014],[12.67156704520186,46.09766470587962],[12.673504446043998,46.097704176705534],[12.673447600381952,46.09905507418895],[12.674739234681889,46.099081371076586],[12.674701356309155,46.09998197001225],[12.675993013401625,46.10000825313731],[12.675936223949105,46.10135915246031],[12.676582068916199,46.10137228916946],[12.675860498359548,46.10316035097435],[12.67456876777848,46.10313406497449],[12.673885006160498,46.10402151427957],[12.673239131494674,46.10400836175244]],[[12.67403658332461,46.1004191221805],[12.674682416445394,46.10043226941758],[12.674701356309155,46.09998197001225],[12.674055528437162,46.09996882298059],[12.67403658332461,46.1004191221805]]]},"properties":{"ndvi_class":"dense","color":"#238b45","area_m2":110071}},{"type":"Feature","geometry":{"type":"Polygon","coordinates":[[[12.643778890407916,46.097545641492125],[12.643798079910763,46.09709535180183],[12.644443860275384,46.097108669151424],[12.644424676020078,46.0975589590498],[12.643778890407916,46.097545641492125]]]},"properties":{"ndvi_class":"moderate","color":"#74c476","area_m2":2502}},{"type":"Feature","geometry":{"type":"Polygon","coordinates":[[[12.64700782302072,46.09761219282501],[12.64702698628574,46.097161902094925],[12.647672768925675,46.09717520121703],[12.647653610908263,46.09762549215491],[12.64700782302072,46.09761219282501]]]},"properties":{"ndvi_class":"sparse","color":"#c7e9c0","area_m2":2502}},{"type":"Feature","geometry":{"type":"Polygon","coordinates":[[[12.7090055159147,46.098872303725834],[12.709024175348858,46.098421993307305],[12.709670001072313,46.09843494242951],[12.709651346887032,46.098885253050376],[12.7090055159147,46.098872303725834]]]},"properties":{"ndvi_class":"sparse","color":"#c7e9c0","area_m2":2502}},{"type":"Feature","geometry":{"type":"Polygon","coordinates":[[[12.65215501710606,46.09816877773675],[12.65154747430942,46.09725491939357],[12.655441290624974,46.096884212861326],[12.654757307654277,46.09777154417438],[12.652819930367459,46.09773175555284],[12.652800813875581,46.0981820481092],[12.65215501710606,46.09816877773675]]]},"properties":{"ndvi_class":"sparse","color":"#c7e9c0","area_m2":22515}},{"type":"Feature","geometry":{"type":"Polygon","coordinates":[[[12.686420554931638,46.0979664770061],[12.686439397618983,46.097516173663315],[12.687731007866686,46.09754232307553],[12.68771217567594,46.0979926268269],[12.686420554931638,46.0979664770061]]]},"properties":{"ndvi_class":"dense","color":"#238b45","area_m2":5003}},{"type":"Feature","geometry":{"type":"Polygon","coordinates":[[[12.702565942493376,46.098292301548426],[12.702584653969433,46.09784199311477],[12.703230470009842,46.09785497849524],[12.70321176378241,46.09830528713177],[12.702565942493376,46.098292301548426]]]},"properties":{"ndvi_class":"sparse","color":"#c7e9c0","area_m2":2502}},{"type":"Feature","geometry":{"type":"Polygon","coordinates":[[[12.70321176378241,46.09830528713177],[12.703230470009842,46.09785497849524],[12.703876286494243,46.09786796022966],[12.703857585515443,46.09831826906903],[12.70321176378241,46.09830528713177]]]},"properties":{"ndvi_class":"bare","color":"#d9d9d9","area_m2":2502}},{"type":"Feature","geometry":{"type":"Polygon","coordinates":[[[12.707086700836289,46.09838312406385],[12.707105375571714,46.097932814211134],[12.707751194717433,46.097945774069245],[12.707732525230721,46.098396084124474],[12.707086700836289,46.09838312406385]]]},"properties":{"ndvi_class":"dense","color":"#238b45","area_m2":2502}},{"type":"Feature","geometry":{"type":"Polygon","coordinates":[[[12.709670001072313,46.09843494242951],[12.709688654812803,46.09798463176715],[12.71033447573025,46.09799757704093],[12.710315827238526,46.09844788790557],[12.709670001072313,46.09843494242951]]]},"properties":{"ndvi_class":"sparse","color":"#c7e9c0","area_m2":2502}},{"type":"Feature","geometry":{"type":"Polygon","coordinates":[[[12.648337704333445,46.09673820550619],[12.648356856189949,46.09628791427697],[12.649002629244249,46.096301205692704],[12.648983482635128,46.09675149712959],[12.648337704333445,46.09673820550619]]]},"properties":{"ndvi_class":"moderate","color":"#74c476","area_m2":2502}},{"type":"Feature","geometry":{"type":"Polygon","coordinates":[[[12.675460782839913,46.09729331485869],[12.675479714294825,46.09684301495636],[12.676125506327539,46.09685615325881],[12.676106580120573,46.097306453366436],[12.675460782839913,46.09729331485869]]]},"properties":{"ndvi_class":"dense","color":"#238b45","area_m2":2502}},{"type":"Feature","geometry":{"type":"Polygon","coordinates":[[[12.682564577613133,46.09743763792629],[12.682583451339937,46.096987335769],[12.683229248306967,46.09700043396844],[12.683210379828253,46.09745073633038],[12.682564577613133,46.09743763792629]]]},"properties":{"ndvi_class":"bare","color":"#d9d9d9","area_m2":2502}},{"type":"Feature","geometry":{"type":"Polygon","coordinates":[[[12.700647208513375,46.097803015097305],[12.700665935288693,46.097352707231174],[12.701957554651525,46.0973786958161],[12.701938838373135,46.0978290040883],[12.700647208513375,46.097803015097305]]]},"properties":{"ndvi_class":"very_dense","color":"#00441b","area_m2":5003}},{"type":"Feature","geometry":{"type":"Polygon","coordinates":[[[12.702584653969433,46.09784199311477],[12.702603364999337,46.097391684639625],[12.703249175791251,46.09740466981719],[12.703230470009842,46.09785497849524],[12.702584653969433,46.09784199311477]]]},"properties":{"ndvi_class":"moderate","color":"#74c476","area_m2":2502}},{"type":"Feature","geometry":{"type":"Polygon","coordinates":[[[12.695443167996093,46.098599525648304],[12.695461937653667,46.098149219491816],[12.696107754050479,46.09816224518168],[12.696164044592969,46.09681132585232],[12.698101449219706,46.09685037921514],[12.698045205912631,46.09820130037514],[12.697399388180084,46.098188285623344],[12.697380634268358,46.09863859239023],[12.695443167996093,46.098599525648304]]]},"properties":{"ndvi_class":"sparse","color":"#c7e9c0","area_m2":30019}},{"type":"Feature","geometry":{"type":"Polygon","coordinates":[[[12.676752377850441,46.09731958822842],[12.676790219317331,46.096418987561044],[12.677436007000468,46.09643211836695],[12.677398176029394,46.09733271944464],[12.676752377850441,46.09731958822842]]]},"properties":{"ndvi_class":"dense","color":"#238b45","area_m2":5003}},{"type":"Feature","geometry":{"type":"Polygon","coordinates":[[[12.69870976705769,46.09776400426582],[12.698747251652032,46.09686338971104],[12.699393054529189,46.09687639656106],[12.699355580431558,46.09777701152231],[12.69870976705769,46.09776400426582]]]},"properties":{"ndvi_class":"very_dense","color":"#00441b","area_m2":5003}},{"type":"Feature","geometry":{"type":"Polygon","coordinates":[[[12.704503407692355,46.09833124736021],[12.704522103422507,46.09788093831805],[12.703230470009842,46.09785497849524],[12.703249175791251,46.09740466981719],[12.70454079870688,46.097430629234395],[12.70455949354549,46.09698032010919],[12.707124049861859,46.097482504316936],[12.707105375571714,46.097932814211134],[12.705167920794509,46.0978939127604],[12.705149230313019,46.09834422200529],[12.704503407692355,46.09833124736021]]]},"properties":{"ndvi_class":"sparse","color":"#c7e9c0","area_m2":22515}},{"type":"Feature","geometry":{"type":"Polygon","coordinates":[[[12.685166641894527,46.09703970669211],[12.685185494179388,46.096589403674884],[12.685831287688966,46.096602487086784],[12.685812440652125,46.09705279030843],[12.685166641894527,46.09703970669211]]]},"properties":{"ndvi_class":"sparse","color":"#c7e9c0","area_m2":2502}},{"type":"Feature","geometry":{"type":"Polygon","coordinates":[[[12.703249175791251,46.09740466981719],[12.703267881126646,46.09695436109759],[12.70455949354549,46.09698032010919],[12.70454079870688,46.097430629234395],[12.703249175791251,46.09740466981719]]]},"properties":{"ndvi_class":"moderate","color":"#74c476","area_m2":5003}},{"type":"Feature","geometry":{"type":"Polygon","coordinates":[[[12.6451088196458,46.09667169270733],[12.645166352553723,46.09532082201177],[12.64581211283983,46.09533413123858],[12.645754595673479,46.09668500255798],[12.6451088196458,46.09667169270733]]]},"properties":{"ndvi_class":"bare","color":"#d9d9d9","area_m2":7505}},{"type":"Feature","geometry":{"type":"Polygon","coordinates":[[[12.674852858962764,46.096379573269516],[12.674871794762606,46.09592927348916],[12.675517575850515,46.09594241502665],[12.675498645298354,46.09639271501233],[12.674852858962764,46.096379573269516]]]},"properties":{"ndvi_class":"sparse","color":"#c7e9c0","area_m2":2502}},{"type":"Feature","geometry":{"type":"Polygon","coordinates":[[[12.675498645298354,46.09639271501233],[12.675517575850515,46.09594241502665],[12.676163357387718,46.095955552918554],[12.676144432083252,46.09640585310951],[12.675498645298354,46.09639271501233]]]},"properties":{"ndvi_class":"bare","color":"#d9d9d9","area_m2":2502}},{"type":"Feature","geometry":{"type":"Polygon","coordinates":[[[12.676144432083252,46.09640585310951],[12.676163357387718,46.095955552918554],[12.676809139374091,46.09596868716487],[12.676790219317331,46.096418987561044],[12.676144432083252,46.09640585310951]]]},"properties":{"ndvi_class":"sparse","color":"#c7e9c0","area_m2":2502}},{"type":"Feature","geometry":{"type":"Polygon","coordinates":[[[12.699393054529189,46.09687639656106],[12.699411790907872,46.096426089018124],[12.70264078572075,46.09649106756471],[12.702622075583106,46.09694137612292],[12.699393054529189,46.09687639656106]]]},"properties":{"ndvi_class":"moderate","color":"#74c476","area_m2":12508}},{"type":"Feature","geometry":{"type":"Polygon","coordinates":[[[12.639046885036457,46.1024054843056],[12.639143036843734,46.10015404502803],[12.639788850752431,46.1001673893552],[12.639808074490157,46.099717101165645],[12.640453883606924,46.09973044163854],[12.640434665117404,46.10018073003655],[12.642372110948727,46.10022073020549],[12.642448919180918,46.09841957386263],[12.641803124440106,46.09840624495187],[12.641783917820943,46.09885653389208],[12.640492319211283,46.09882986471701],[12.640511536326152,46.098379576193466],[12.641157330155142,46.098392912395475],[12.641234173042712,46.09659175704941],[12.641879946337488,46.09660508877259],[12.64193755795267,46.095254221198836],[12.642583315961868,46.095267548651904],[12.64260251367101,46.094817259168764],[12.643894020562385,46.09484390272291],[12.64387483334703,46.09529419262234],[12.644520592722749,46.09530750913968],[12.644443860275384,46.097108669151424],[12.643798079910763,46.09709535180183],[12.643740510029591,46.09844622074723],[12.643094714377455,46.09843289912775],[12.64307551825405,46.09888318848442],[12.64565872458663,46.09893645392064],[12.645677899718356,46.09848616373175],[12.64632369719165,46.098499470768594],[12.646304527307878,46.0989497611654],[12.646950330484117,46.09896306476442],[12.646892833834913,46.100313936327524],[12.648830293326528,46.100353827119875],[12.6488111426083,46.10080411818054],[12.644290373424562,46.10071098716727],[12.644271185509561,46.10116127673102],[12.642333704085466,46.10112130812592],[12.642314499966998,46.101571597023366],[12.641022837465856,46.10154493264013],[12.640338565795869,46.10243217139885],[12.639046885036457,46.1024054843056]]]},"properties":{"ndvi_class":"dense","color":"#238b45","area_m2":225146}},{"type":"Feature","geometry":{"type":"Polygon","coordinates":[[[12.6488111426083,46.10080411818054],[12.648830293326528,46.100353827119875],[12.646892833834913,46.100313936327524],[12.646950330484117,46.09896306476442],[12.646304527307878,46.0989497611654],[12.646400372156208,46.096698308763216],[12.647691926486313,46.09672491023733],[12.647672768925675,46.09717520121703],[12.64961011957312,46.09721507671022],[12.649629261391237,46.0967647851075],[12.650920820266244,46.096791350126885],[12.650939951133136,46.096341058067345],[12.650294176715967,46.096327777587895],[12.650978211498561,46.09544047382284],[12.654207037919786,46.09550681946518],[12.654226141182901,46.09505652624367],[12.654871902580695,46.09506978422894],[12.65485280456471,46.0955200776576],[12.655498571662902,46.09553333220466],[12.655460384759532,46.09643391935088],[12.656106162805553,46.09644717066665],[12.65604889477904,46.097798051693836],[12.657340483716158,46.097824544630654],[12.657302323747952,46.09872513260116],[12.656656518556924,46.098711887541704],[12.656675604016549,46.09826159378427],[12.654092408775673,46.09820857791705],[12.654073302323958,46.09865887084613],[12.652135894910414,46.098619070044],[12.65209764915128,46.09951965453313],[12.653389274632618,46.09954619287624],[12.653408387243722,46.099095900237934],[12.657283243081437,46.09917542652379],[12.657264161959969,46.099625720404646],[12.652078525587767,46.099969946715014],[12.652040277092773,46.10087053095344],[12.6488111426083,46.10080411818054]],[[12.650121935260488,46.1003804027518],[12.651413579011594,46.10040696379997],[12.651432708279543,46.099956671867275],[12.650141075025292,46.09993011123411],[12.650121935260488,46.1003804027518]],[[12.651490093346785,46.09860579581848],[12.652135894910414,46.098619070044],[12.65215501710606,46.09816877773675],[12.65150922079038,46.09815550371863],[12.651490093346785,46.09860579581848]],[[12.65215501710606,46.09816877773675],[12.652800813875581,46.0981820481092],[12.652819930367459,46.09773175555284],[12.654757307654277,46.09777154417438],[12.655441290624974,46.096884212861326],[12.65154747430942,46.09725491939357],[12.65215501710606,46.09816877773675]],[[12.64700782302072,46.09761219282501],[12.647653610908263,46.09762549215491],[12.647672768925675,46.09717520121703],[12.64702698628574,46.097161902094925],[12.64700782302072,46.09761219282501]]]},"properties":{"ndvi_class":"moderate","color":"#74c476","area_m2":290188}},{"type":"Feature","geometry":{"type":"Polygon","coordinates":[[[12.71035312377732,46.097547266134825],[12.710409065250746,46.09619633316756],[12.711054865616944,46.096209273986425],[12.710998939888732,46.0975602075603],[12.71035312377732,46.097547266134825]]]},"properties":{"ndvi_class":"sparse","color":"#c7e9c0","area_m2":7505}},{"type":"Feature","geometry":{"type":"Polygon","coordinates":[[[12.675517575850515,46.09594241502665],[12.675536505951321,46.09549211499931],[12.676182282240955,46.09550525268594],[12.676163357387718,46.095955552918554],[12.675517575850515,46.09594241502665]]]},"properties":{"ndvi_class":"sparse","color":"#c7e9c0","area_m2":2502}},{"type":"Feature","geometry":{"type":"Polygon","coordinates":[[[12.647730240237316,46.09582432815251],[12.648414309019772,46.094937040338465],[12.651016470039592,46.09453988941118],[12.650332447575863,46.095427193758375],[12.647730240237316,46.09582432815251]]]},"properties":{"ndvi_class":"bare","color":"#d9d9d9","area_m2":17511}},{"type":"Feature","geometry":{"type":"Polygon","coordinates":[[[12.670275446890686,46.09763837376686],[12.67029442078106,46.09718807555047],[12.669648627548872,46.09717490423125],[12.669686584467973,46.09627430808503],[12.66839502034604,46.096247955333034],[12.668414008621955,46.095797657609126],[12.6690597852101,46.095810835602],[12.669097749909039,46.094910239617285],[12.669743516452971,46.094923413552976],[12.669724539577109,46.09537371177203],[12.671661857652737,46.095413212323834],[12.671642896066798,46.095863511118345],[12.672288674906378,46.09587667088361],[12.672269718115947,46.09632696984207],[12.671623934028752,46.0963138098712],[12.67156704520186,46.09766470587962],[12.670275446890686,46.09763837376686]]]},"properties":{"ndvi_class":"dense","color":"#238b45","area_m2":47531}},{"type":"Feature","geometry":{"type":"Polygon","coordinates":[[[12.683172641521118,46.09835134092944],[12.683229248306967,46.09700043396844],[12.682583451339937,46.096987335769],[12.682564577613133,46.09743763792629],[12.681272974526918,46.097411430180664],[12.68129185874986,46.09696112843284],[12.680646063127062,46.09694801929614],[12.68068384071791,46.09604741608521],[12.681329625844986,46.09606052481229],[12.681348508717194,46.09561022293955],[12.683912770833789,46.09611292326411],[12.683969355128772,46.094762015064966],[12.684615126752629,46.0947751049502],[12.684558558200491,46.096126013762934],[12.68520434601475,46.09613910061608],[12.685185494179388,46.096589403674884],[12.68453970111725,46.096576316617266],[12.68446426828794,46.09837752761844],[12.683172641521118,46.09835134092944]]]},"properties":{"ndvi_class":"sparse","color":"#c7e9c0","area_m2":65042}},{"type":"Feature","geometry":{"type":"Polygon","coordinates":[[[12.68522319740063,46.09568879751565],[12.685260898823998,46.09478819118994],[12.685906671342758,46.09480127378418],[12.68586898041455,46.09570188051871],[12.68522319740063,46.09568879751565]]]},"properties":{"ndvi_class":"dense","color":"#238b45","area_m2":5003}},{"type":"Feature","geometry":{"type":"Polygon","coordinates":[[[12.697493151031534,46.09593675116568],[12.697530653042339,46.09503613709174],[12.698176434037887,46.09504915042015],[12.69813894252274,46.09594976490075],[12.697493151031534,46.09593675116568]]]},"properties":{"ndvi_class":"moderate","color":"#74c476","area_m2":5003}},{"type":"Feature","geometry":{"type":"Polygon","coordinates":[[[12.67297235592593,46.09498922855027],[12.67299130611321,46.09453892926122],[12.673637070110322,46.094552081118906],[12.673618125170309,46.09500238061345],[12.67297235592593,46.09498922855027]]]},"properties":{"ndvi_class":"dense","color":"#238b45","area_m2":2502}},{"type":"Feature","geometry":{"type":"Polygon","coordinates":[[[12.665811897511244,46.09619520608239],[12.665906939308964,46.093943721166504],[12.666552693104995,46.09395691291687],[12.666457677543498,46.096208398863375],[12.665811897511244,46.09619520608239]]]},"properties":{"ndvi_class":"sparse","color":"#c7e9c0","area_m2":12508}},{"type":"Feature","geometry":{"type":"Polygon","coordinates":[[[12.711054865616944,46.096209273986425],[12.71111078734488,46.094858340039195],[12.711756572409394,46.09487127660578],[12.711700666425587,46.096222211159414],[12.711054865616944,46.096209273986425]]]},"properties":{"ndvi_class":"sparse","color":"#c7e9c0","area_m2":7505}},{"type":"Feature","geometry":{"type":"Polygon","coordinates":[[[12.702678204657714,46.0955904503237],[12.702715621810338,46.09468983291658],[12.703361401113888,46.094702816876854],[12.703323994456884,46.09560343468972],[12.702678204657714,46.0955904503237]]]},"properties":{"ndvi_class":"moderate","color":"#74c476","area_m2":5003}},{"type":"Feature","geometry":{"type":"Polygon","coordinates":[[[12.667825210337753,46.09443358316664],[12.66784420204987,46.09398328548186],[12.668489957198467,46.093996466296446],[12.668470970733384,46.094446764187175],[12.667825210337753,46.09443358316664]]]},"properties":{"ndvi_class":"dense","color":"#238b45","area_m2":2502}},{"type":"Feature","geometry":{"type":"Polygon","coordinates":[[[12.683323583952555,46.09474892153423],[12.683342449732166,46.09429861892252],[12.683988215661032,46.09431171224867],[12.683969355128772,46.094762015064966],[12.683323583952555,46.09474892153423]]]},"properties":{"ndvi_class":"sparse","color":"#c7e9c0","area_m2":2502}},{"type":"Feature","geometry":{"type":"Polygon","coordinates":[[[12.687198217721948,46.094827428036105],[12.687217052017242,46.09437712419777],[12.68850858968962,46.094403263459185],[12.688489765889203,46.09485356770594],[12.687198217721948,46.094827428036105]]]},"properties":{"ndvi_class":"dense","color":"#238b45","area_m2":5003}},{"type":"Feature","geometry":{"type":"Polygon","coordinates":[[[12.676182282240955,46.09550525268594],[12.676239054093418,46.09415435173812],[12.677549489090264,46.09373031413415],[12.677473836167566,46.09553151712264],[12.676182282240955,46.09550525268594]]]},"properties":{"ndvi_class":"dense","color":"#238b45","area_m2":17511}},{"type":"Feature","geometry":{"type":"Polygon","coordinates":[[[12.678746488026977,46.09600806803029],[12.678176338430646,46.094193741078506],[12.679486760378955,46.093769680987194],[12.68009473479038,46.09468339919847],[12.6794489663026,46.09467028379494],[12.679392271808783,46.09602118769422],[12.678746488026977,46.09600806803029]]]},"properties":{"ndvi_class":"sparse","color":"#c7e9c0","area_m2":20013}},{"type":"Feature","geometry":{"type":"Polygon","coordinates":[[[12.67559329354574,46.09414121466728],[12.67561222184126,46.093690914473285],[12.676257977141866,46.093704051338875],[12.676239054093418,46.09415435173812],[12.67559329354574,46.09414121466728]]]},"properties":{"ndvi_class":"dense","color":"#238b45","area_m2":2502}},{"type":"Feature","geometry":{"type":"Polygon","coordinates":[[[12.682050919217808,46.09427242133395],[12.682069795042034,46.09382211908994],[12.682715554828075,46.09383521950224],[12.68269668425105,46.09428552195096],[12.682050919217808,46.09427242133395]]]},"properties":{"ndvi_class":"dense","color":"#238b45","area_m2":2502}},{"type":"Feature","geometry":{"type":"Polygon","coordinates":[[[12.683342449732166,46.09429861892252],[12.683361315061976,46.09384831626919],[12.684007075743613,46.09386140939077],[12.683988215661032,46.09431171224867],[12.683342449732166,46.09429861892252]]]},"properties":{"ndvi_class":"dense","color":"#238b45","area_m2":2502}},{"type":"Feature","geometry":{"type":"Polygon","coordinates":[[[12.685279748861511,46.09433788796466],[12.685298598449595,46.093887584697775],[12.685944360473695,46.0939006668832],[12.685925516132878,46.09435097035449],[12.685279748861511,46.09433788796466]]]},"properties":{"ndvi_class":"dense","color":"#238b45","area_m2":2502}},{"type":"Feature","geometry":{"type":"Polygon","coordinates":[[[12.669762492876384,46.094473115292246],[12.669781468847356,46.0940228169898],[12.670427225347401,46.09403598686853],[12.670465165438308,46.09313538972705],[12.671756658801344,46.09316171772592],[12.671699779468359,46.09451261460972],[12.669762492876384,46.094473115292246]]]},"properties":{"ndvi_class":"dense","color":"#238b45","area_m2":17511}},{"type":"Feature","geometry":{"type":"Polygon","coordinates":[[[12.660740925190884,46.093838055935045],[12.660779022685626,46.09293746497851],[12.661424762375947,46.092950685477575],[12.661386675374608,46.09385127684723],[12.660740925190884,46.093838055935045]]]},"properties":{"ndvi_class":"moderate","color":"#74c476","area_m2":5003}},{"type":"Feature","geometry":{"type":"Polygon","coordinates":[[[12.694339307440458,46.09407040356019],[12.694358083117917,46.093620097395245],[12.695003846144722,46.0936331283409],[12.694985075714587,46.09408343470946],[12.694339307440458,46.09407040356019]]]},"properties":{"ndvi_class":"sparse","color":"#c7e9c0","area_m2":2502}},{"type":"Feature","geometry":{"type":"Polygon","coordinates":[[[12.644463044073293,46.09665837921122],[12.644520592722749,46.09530750913968],[12.64387483334703,46.09529419262234],[12.643894020562385,46.09484390272291],[12.64260251367101,46.094817259168764],[12.642640907716187,46.093916680076944],[12.643286650440729,46.093930003260276],[12.643325032162283,46.0930294235848],[12.643970764849362,46.09304274270687],[12.644009134248371,46.09214216244787],[12.644654856898308,46.092155477508896],[12.644635677673664,46.09260576786735],[12.645927134831274,46.09263238747069],[12.645888795995667,46.09353296889393],[12.646534535749712,46.09354627364395],[12.646515370892931,46.09399656450072],[12.645869625892306,46.093983259542824],[12.6458312843144,46.09488384071515],[12.645185529275235,46.09487053169627],[12.6451088196458,46.09667169270733],[12.644463044073293,46.09665837921122]]]},"properties":{"ndvi_class":"moderate","color":"#74c476","area_m2":70045}},{"type":"Feature","geometry":{"type":"Polygon","coordinates":[[[12.680132518372314,46.0937827959809],[12.680151409487651,46.09333249430964],[12.679505656741316,46.09331937952086],[12.679524552653156,46.09286907801288],[12.680816048100354,46.0928953035354],[12.68077827681403,46.09379590732926],[12.680132518372314,46.0937827959809]]]},"properties":{"ndvi_class":"dense","color":"#238b45","area_m2":7505}},{"type":"Feature","geometry":{"type":"Polygon","coordinates":[[[12.686608961589398,46.09346344170597],[12.686627799784612,46.09301313794711],[12.687273552208849,46.09302621243316],[12.68725471926068,46.09347651639631],[12.686608961589398,46.09346344170597]]]},"properties":{"ndvi_class":"sparse","color":"#c7e9c0","area_m2":2502}},{"type":"Feature","geometry":{"type":"Polygon","coordinates":[[[12.647141956281406,46.0944601568363],[12.647180275958588,46.09355957474893],[12.646534535749712,46.09354627364395],[12.646553700149575,46.093095982745375],[12.649136642726866,46.093149164463995],[12.649174928185477,46.09224858087956],[12.65175783606105,46.09230170261788],[12.651776957121106,46.091851409933],[12.652422679978601,46.091864681047916],[12.652307978258882,46.09456643777453],[12.651662223922305,46.094553165415476],[12.651681347261892,46.09410287293952],[12.648452608623378,46.09403645750376],[12.64843345904986,46.09448674894201],[12.647141956281406,46.0944601568363]]]},"properties":{"ndvi_class":"moderate","color":"#74c476","area_m2":77550}},{"type":"Feature","geometry":{"type":"Polygon","coordinates":[[[12.698026457249547,46.09865160734537],[12.698120196094717,46.09640007207872],[12.691662248745423,46.0962697686344],[12.691681047653034,46.09581946349237],[12.692326835134276,46.09583251003889],[12.692345628345892,46.0953822046514],[12.693637194150812,46.09540828639985],[12.693655976419006,46.09495798056329],[12.694301754742519,46.09497101576537],[12.694282977722013,46.09542132180561],[12.695555779228735,46.09589768808602],[12.695612078804011,46.09454676874377],[12.698840955317827,46.094611852597026],[12.698765993278885,46.096413082371335],[12.699411790907872,46.096426089018124],[12.699393054529189,46.09687639656106],[12.702622075583106,46.09694137612292],[12.702678204657714,46.0955904503237],[12.703323994456884,46.09560343468972],[12.703361401113888,46.094702816876854],[12.702715621810338,46.09468983291658],[12.702790450762986,46.09288859760403],[12.70408196783444,46.09291456025627],[12.704063271759832,46.09336486955236],[12.703417507754919,46.09335188984614],[12.703398805987154,46.093802198897905],[12.704044575239452,46.09381517880693],[12.704007180861334,46.09471579719151],[12.705944522765812,46.094754716261605],[12.705925840651407,46.095205025999725],[12.705280054325215,46.095192056419364],[12.705242678264078,46.09609267536577],[12.704596881885474,46.09607970173428],[12.70455949354549,46.09698032010919],[12.703267881126646,46.09695436109759],[12.703249175791251,46.09740466981719],[12.702603364999337,46.097391684639625],[12.702547230571154,46.09874260994054],[12.698026457249547,46.09865160734537]],[[12.69870976705769,46.09776400426582],[12.699355580431558,46.09777701152231],[12.699393054529189,46.09687639656106],[12.698747251652032,46.09686338971104],[12.69870976705769,46.09776400426582]],[[12.700647208513375,46.097803015097305],[12.701938838373135,46.0978290040883],[12.701957554651525,46.0973786958161],[12.700665935288693,46.097352707231174],[12.700647208513375,46.097803015097305]],[[12.697493151031534,46.09593675116568],[12.69813894252274,46.09594976490075],[12.698176434037887,46.09504915042015],[12.697530653042339,46.09503613709174],[12.697493151031534,46.09593675116568]]]},"properties":{"ndvi_class":"dense","color":"#238b45","area_m2":200130}},{"type":"Feature","geometry":{"type":"Polygon","coordinates":[[[12.698765993278885,46.096413082371335],[12.698840955317827,46.094611852597026],[12.695612078804011,46.09454676874377],[12.695555779228735,46.09589768808602],[12.694909989518491,46.09588465976801],[12.694928761738877,46.09543435356572],[12.693655976419006,46.09495798056329],[12.693693539611948,46.09405736876544],[12.693047772229189,46.09404433032521],[12.693066558401265,46.09359402456764],[12.693712320536724,46.09360706280416],[12.694395633129885,46.092719484940645],[12.69568713864039,46.092745542372256],[12.695668374352396,46.09319584902748],[12.696314133022819,46.09320887247878],[12.696276613599224,46.09410948607153],[12.699505466100526,46.094174550680314],[12.699486731955387,46.09462485843095],[12.70013250903759,46.09463786061929],[12.700095049902743,46.09553847640228],[12.699449262325048,46.09552547380762],[12.699411790907872,46.096426089018124],[12.698765993278885,46.096413082371335]],[[12.694339307440458,46.09407040356019],[12.694985075714587,46.09408343470946],[12.695003846144722,46.0936331283409],[12.694358083117917,46.093620097395245],[12.694339307440458,46.09407040356019]]]},"properties":{"ndvi_class":"moderate","color":"#74c476","area_m2":77550}},{"type":"Feature","geometry":{"type":"Polygon","coordinates":[[[12.645927134831274,46.09263238747069],[12.645965471838815,46.09173180588018],[12.648548349642871,46.09178499968544],[12.648529202352005,46.09223529133271],[12.647237752048444,46.092208701304294],[12.647218593808596,46.09265899249432],[12.645927134831274,46.09263238747069]]]},"properties":{"ndvi_class":"moderate","color":"#74c476","area_m2":15010}},{"type":"Feature","geometry":{"type":"Polygon","coordinates":[[[12.671129876015108,46.09269825671009],[12.671148839683296,46.09224795782942],[12.671794576096527,46.092261119594966],[12.671775617674939,46.09271141868128],[12.671129876015108,46.09269825671009]]]},"properties":{"ndvi_class":"dense","color":"#238b45","area_m2":2502}},{"type":"Feature","geometry":{"type":"Polygon","coordinates":[[[12.683380179941993,46.09339801357423],[12.683399044372235,46.09294771083765],[12.68210754534038,46.092921514477005],[12.682126419814526,46.0924712121081],[12.684709398681683,46.09252358942997],[12.684671691258657,46.09342419576291],[12.683380179941993,46.09339801357423]]]},"properties":{"ndvi_class":"sparse","color":"#c7e9c0","area_m2":15010}},{"type":"Feature","geometry":{"type":"Polygon","coordinates":[[[12.685336296277528,46.09298697803914],[12.685355144517404,46.092536674647405],[12.686000890800447,46.09254975621965],[12.685982047807464,46.093000059815765],[12.685336296277528,46.09298697803914]]]},"properties":{"ndvi_class":"dense","color":"#238b45","area_m2":2502}},{"type":"Feature","geometry":{"type":"Polygon","coordinates":[[[12.654245243990552,46.09460623298037],[12.654264346342757,46.094155939675304],[12.652972845895121,46.094129413597756],[12.653011070219929,46.093228827691185],[12.653656809723678,46.093242092138034],[12.653733231920361,46.09144091899456],[12.654378950892342,46.09145417896762],[12.654283448239529,46.093705646328445],[12.654929193896685,46.0937189036923],[12.654891000141342,46.09461949075849],[12.654245243990552,46.09460623298037]]]},"properties":{"ndvi_class":"moderate","color":"#74c476","area_m2":25016}},{"type":"Feature","geometry":{"type":"Polygon","coordinates":[[[12.701424064535425,46.09466385405914],[12.701517652084728,46.092412311844136],[12.702163404263374,46.09242530208078],[12.70206984295081,46.09467684531067],[12.701424064535425,46.09466385405914]]]},"properties":{"ndvi_class":"bare","color":"#d9d9d9","area_m2":12508}},{"type":"Feature","geometry":{"type":"Polygon","coordinates":[[[12.660152336760023,46.09247394550011],[12.660190442022556,46.09157335470636],[12.660836165521678,46.09158657823067],[12.66079807075177,46.09248716943764],[12.660152336760023,46.09247394550011]]]},"properties":{"ndvi_class":"moderate","color":"#74c476","area_m2":5003}},{"type":"Feature","geometry":{"type":"Polygon","coordinates":[[[12.709856518463798,46.093931833938875],[12.709875167757106,46.09348152286161],[12.708583632211775,46.0934556254225],[12.708620950453707,46.092555003952796],[12.709266707510395,46.09256795409041],[12.709248053859111,46.09301826504837],[12.710539579795023,46.0930441547919],[12.710502292147968,46.09394477739238],[12.709856518463798,46.093931833938875]]]},"properties":{"ndvi_class":"moderate","color":"#74c476","area_m2":12508}},{"type":"Feature","geometry":{"type":"Polygon","coordinates":[[[12.648548349642871,46.09178499968544],[12.648567496477245,46.09133470799637],[12.649858927614163,46.09136128261476],[12.649839791271821,46.09181157471904],[12.648548349642871,46.09178499968544]]]},"properties":{"ndvi_class":"moderate","color":"#74c476","area_m2":5003}},{"type":"Feature","geometry":{"type":"Polygon","coordinates":[[[12.682772163859708,46.092484311906354],[12.68279103263715,46.09203400929115],[12.68343677188344,46.092047105239594],[12.683417908352713,46.09249740805943],[12.682772163859708,46.092484311906354]]]},"properties":{"ndvi_class":"moderate","color":"#74c476","area_m2":2502}},{"type":"Feature","geometry":{"type":"Polygon","coordinates":[[[12.693104129401716,46.09269341292779],[12.693122914230116,46.0922431070455],[12.695060154749987,46.09228220898588],[12.695041385662408,46.09273251547911],[12.693104129401716,46.09269341292779]]]},"properties":{"ndvi_class":"bare","color":"#d9d9d9","area_m2":7505}},{"type":"Feature","geometry":{"type":"Polygon","coordinates":[[[12.706515594149256,46.09656892150745],[12.706627656684864,46.09386706198776],[12.707273428154648,46.093880023669094],[12.70734810661682,46.092078782349105],[12.707993857540616,46.09209173957507],[12.707975193839857,46.092542050169776],[12.708620950453707,46.092555003952796],[12.708583632211775,46.0934556254225],[12.709875167757106,46.09348152286161],[12.709856518463798,46.093931833938875],[12.70921074522226,46.09391888683979],[12.708453004350108,46.09660779925938],[12.706515594149256,46.09656892150745]]]},"properties":{"ndvi_class":"dense","color":"#238b45","area_m2":75049}},{"type":"Feature","geometry":{"type":"Polygon","coordinates":[[[12.679543448114478,46.09241877646325],[12.679562343125301,46.091968474871976],[12.6808727016529,46.09154439753235],[12.680834933068114,46.09244500157603],[12.679543448114478,46.09241877646325]]]},"properties":{"ndvi_class":"sparse","color":"#c7e9c0","area_m2":7505}},{"type":"Feature","geometry":{"type":"Polygon","coordinates":[[[12.688339159327295,46.09845600018236],[12.688376813661055,46.097555392312834],[12.68968724258731,46.097131215444435],[12.689706058135771,46.09668091099745],[12.687768670901116,46.09664171544803],[12.68778750174483,46.09619141157187],[12.68649592298543,46.09616526338535],[12.686533604316875,46.09526465632532],[12.689116721641394,46.09531693648183],[12.689173177300278,46.093966023129234],[12.687881649228922,46.09393989156705],[12.687900477378937,46.09348958744129],[12.689191994955888,46.093515718595164],[12.689210812162843,46.09306541401951],[12.688565058398089,46.093052350469364],[12.688602701959885,46.092151741601505],[12.686665474827635,46.092112530304576],[12.686646637530687,46.09256283414665],[12.685355144517404,46.092536674647405],[12.685392839649037,46.091636067739095],[12.689912999562722,46.09172755933566],[12.689229628921158,46.09261510940227],[12.689875377885533,46.09262816910303],[12.689837754414333,46.093528778704055],[12.690483514319254,46.09354183516755],[12.690464707158103,46.09399214010968],[12.691110472756632,46.094005193131736],[12.691054064325117,46.09535610832043],[12.690408282984093,46.0953430546865],[12.69038947402919,46.09579335946228],[12.691035260617964,46.09580641330016],[12.69092242895933,46.09850824230523],[12.688339159327295,46.09845600018236]]]},"properties":{"ndvi_class":"sparse","color":"#c7e9c0","area_m2":142593}},{"type":"Feature","geometry":{"type":"Polygon","coordinates":[[[12.643740510029591,46.09844622074723],[12.644463044073293,46.09665837921122],[12.645754595673479,46.09668500255798],[12.64581211283983,46.09533413123858],[12.645166352553723,46.09532082201177],[12.645185529275235,46.09487053169627],[12.6458312843144,46.09488384071515],[12.645869625892306,46.093983259542824],[12.646515370892931,46.09399656450072],[12.646534535749712,46.09354627364395],[12.645888795995667,46.09353296889393],[12.645927134831274,46.09263238747069],[12.647218593808596,46.09265899249432],[12.647237752048444,46.092208701304294],[12.648529202352005,46.09223529133271],[12.648548349642871,46.09178499968544],[12.649839791271821,46.09181157471904],[12.649858927614163,46.09136128261476],[12.652441795336715,46.09141438811391],[12.653125732259026,46.0905270689687],[12.653771440285778,46.09054033217215],[12.653656809723678,46.093242092138034],[12.653011070219929,46.093228827691185],[12.652972845895121,46.094129413597756],[12.654264346342757,46.094155939675304],[12.654871902580695,46.09506978422894],[12.654226141182901,46.09505652624367],[12.654207037919786,46.09550681946518],[12.650978211498561,46.09544047382284],[12.650959081543904,46.09589076596598],[12.650313312374033,46.095877485694025],[12.650920820266244,46.096791350126885],[12.649629261391237,46.0967647851075],[12.64961011957312,46.09721507671022],[12.647672768925675,46.09717520121703],[12.647691926486313,46.09672491023733],[12.646400372156208,46.096698308763216],[12.64632369719165,46.098499470768594],[12.643740510029591,46.09844622074723]],[[12.648337704333445,46.09673820550619],[12.648983482635128,46.09675149712959],[12.649002629244249,46.096301205692704],[12.648356856189949,46.09628791427697],[12.648337704333445,46.09673820550619]],[[12.647730240237316,46.09582432815251],[12.650332447575863,46.095427193758375],[12.651016470039592,46.09453988941118],[12.648414309019772,46.094937040338465],[12.647730240237316,46.09582432815251]],[[12.647141956281406,46.0944601568363],[12.64843345904986,46.09448674894201],[12.648452608623378,46.09403645750376],[12.651681347261892,46.09410287293952],[12.651662223922305,46.094553165415476],[12.652307978258882,46.09456643777453],[12.652422679978601,46.091864681047916],[12.651776957121106,46.091851409933],[12.65175783606105,46.09230170261788],[12.649174928185477,46.09224858087956],[12.649136642726866,46.093149164463995],[12.646553700149575,46.093095982745375],[12.646534535749712,46.09354627364395],[12.647180275958588,46.09355957474893],[12.647141956281406,46.0944601568363]]]},"properties":{"ndvi_class":"sparse","color":"#c7e9c0","area_m2":255166}},{"type":"Feature","geometry":{"type":"Polygon","coordinates":[[[12.673693902220279,46.09320118238523],[12.673712845353615,46.09275088272399],[12.673067102344318,46.09273773168823],[12.673123944774112,46.09138683307089],[12.675061127931821,46.09142627339394],[12.675080058766117,46.09097597315526],[12.676371505958592,46.09100224806844],[12.676979399586786,46.091915981724746],[12.677625134798339,46.09192911047919],[12.677644045098171,46.09147880946131],[12.678935506374568,46.09150505562485],[12.67895440573082,46.09105475415525],[12.679600131795505,46.09106787156451],[12.678878805602174,46.092855959783776],[12.677587312846077,46.09282971238997],[12.677606224047643,46.0923794114554],[12.676314743580287,46.092353149891125],[12.676333664824162,46.09190284932522],[12.675687930510582,46.09188971328063],[12.67563114968549,46.093240614237615],[12.673693902220279,46.09320118238523]]]},"properties":{"ndvi_class":"dense","color":"#238b45","area_m2":72547}},{"type":"Feature","geometry":{"type":"Polygon","coordinates":[[[12.690464707158103,46.09399214010968],[12.689248445230845,46.09216480474342],[12.689894188948372,46.09217786424014],[12.690577543399211,46.091290309833134],[12.69122327751612,46.09130336163156],[12.691110472756632,46.094005193131736],[12.690464707158103,46.09399214010968]]]},"properties":{"ndvi_class":"moderate","color":"#74c476","area_m2":27518}},{"type":"Feature","geometry":{"type":"Polygon","coordinates":[[[12.659563776171616,46.09110983228432],[12.65960188920066,46.090209241653426],[12.660247596509661,46.09022246820267],[12.66020949397247,46.09112305924686],[12.659563776171616,46.09110983228432]]]},"properties":{"ndvi_class":"moderate","color":"#74c476","area_m2":5003}},{"type":"Feature","geometry":{"type":"Polygon","coordinates":[[[12.6808727016529,46.09154439753235],[12.680891585269952,46.09109409544806],[12.682183040537012,46.09112030475159],[12.682201913211236,46.09067000221617],[12.682847636270356,46.090683101195744],[12.682809900964731,46.0915837066343],[12.6808727016529,46.09154439753235]]]},"properties":{"ndvi_class":"sparse","color":"#c7e9c0","area_m2":10006}},{"type":"Feature","geometry":{"type":"Polygon","coordinates":[[[12.646668676954224,46.09039423647578],[12.646687838156037,46.08994394528452],[12.647333536396655,46.08995724472705],[12.647314380440436,46.090407536126115],[12.646668676954224,46.09039423647578]]]},"properties":{"ndvi_class":"bare","color":"#d9d9d9","area_m2":2502}},{"type":"Feature","geometry":{"type":"Polygon","coordinates":[[[12.649858927614163,46.09136128261476],[12.651226859409029,46.08958667215903],[12.652518252212026,46.089613215960036],[12.652480024685772,46.09051380212053],[12.653125732259026,46.0905270689687],[12.652441795336715,46.09141438811391],[12.649858927614163,46.09136128261476]]]},"properties":{"ndvi_class":"moderate","color":"#74c476","area_m2":32521}},{"type":"Feature","geometry":{"type":"Polygon","coordinates":[[[12.668527928770622,46.09309587038991],[12.66860386648326,46.091294678076416],[12.667958142814252,46.09128149849741],[12.667977131357052,46.09083120052071],[12.668622849779899,46.090844379893795],[12.668641832623956,46.09039408166948],[12.669933260328953,46.090420429069354],[12.66995223222858,46.089970130391656],[12.671243651242671,46.08999646280077],[12.67120572797518,46.09089706093729],[12.669914287977008,46.09087072770533],[12.669895315172731,46.09132102629961],[12.669249590602796,46.09130785401048],[12.66981941943204,46.09312222025985],[12.668527928770622,46.09309587038991]]]},"properties":{"ndvi_class":"dense","color":"#238b45","area_m2":37524}},{"type":"Feature","geometry":{"type":"Polygon","coordinates":[[[12.676390425849174,46.090551947377556],[12.676409345288686,46.090101646645024],[12.677055059066227,46.09011477822382],[12.6770361448728,46.09056507916154],[12.676390425849174,46.090551947377556]]]},"properties":{"ndvi_class":"sparse","color":"#c7e9c0","area_m2":2502}},{"type":"Feature","geometry":{"type":"Polygon","coordinates":[[[12.682201913211236,46.09067000221617],[12.682220785435511,46.09021969963911],[12.68286650324843,46.09023279841403],[12.682847636270356,46.090683101195744],[12.682201913211236,46.09067000221617]]]},"properties":{"ndvi_class":"moderate","color":"#74c476","area_m2":2502}},{"type":"Feature","geometry":{"type":"Polygon","coordinates":[[[12.698288897857045,46.09234730598117],[12.698382605417388,46.090095767806126],[12.699674053308211,46.09012177905509],[12.699599130126435,46.09192301130392],[12.700244875725161,46.091936012273386],[12.700226149060173,46.09238632043488],[12.698288897857045,46.09234730598117]]]},"properties":{"ndvi_class":"moderate","color":"#74c476","area_m2":27518}},{"type":"Feature","geometry":{"type":"Polygon","coordinates":[[[12.695724665874252,46.091844928937135],[12.695799714973846,46.090043701568156],[12.697091159305602,46.09006974197714],[12.697016152178401,46.09187097097364],[12.695724665874252,46.091844928937135]]]},"properties":{"ndvi_class":"bare","color":"#d9d9d9","area_m2":20013}},{"type":"Feature","geometry":{"type":"Polygon","coordinates":[[[12.699599130126435,46.09192301130392],[12.699674053308211,46.09012177905509],[12.700319777920452,46.090134779212036],[12.700244875725161,46.091936012273386],[12.699599130126435,46.09192301130392]]]},"properties":{"ndvi_class":"dense","color":"#238b45","area_m2":10006}},{"type":"Feature","geometry":{"type":"Polygon","coordinates":[[[12.662811400207675,46.090725634321224],[12.662868489020338,46.08937474508896],[12.663514188097189,46.089387953001726],[12.663457115021941,46.090738842853106],[12.662811400207675,46.090725634321224]]]},"properties":{"ndvi_class":"sparse","color":"#c7e9c0","area_m2":7505}},{"type":"Feature","geometry":{"type":"Polygon","coordinates":[[[12.672497169773418,46.090923379589626],[12.672554022520652,46.08957248108872],[12.673845434641894,46.08959878392849],[12.673826494669731,46.09004908388143],[12.675763631960143,46.09008851142137],[12.675744707274559,46.09053881194868],[12.674453271472855,46.09051253015625],[12.674434335843724,46.09096283023125],[12.672497169773418,46.090923379589626]]]},"properties":{"ndvi_class":"dense","color":"#238b45","area_m2":25016}},{"type":"Feature","geometry":{"type":"Polygon","coordinates":[[[12.700282327715712,46.09103539582579],[12.700319777920452,46.090134779212036],[12.70096550297708,46.09014777572395],[12.700928063265359,46.09104839274384],[12.700282327715712,46.09103539582579]]]},"properties":{"ndvi_class":"moderate","color":"#74c476","area_m2":5003}},{"type":"Feature","geometry":{"type":"Polygon","coordinates":[[[12.667369399604262,46.0899174218362],[12.66738839203476,46.089467123940345],[12.668679796954384,46.08949348509574],[12.668660815015448,46.08994378340346],[12.667369399604262,46.0899174218362]]]},"properties":{"ndvi_class":"sparse","color":"#c7e9c0","area_m2":5003}},{"type":"Feature","geometry":{"type":"Polygon","coordinates":[[[12.669306523396834,46.089956958719945],[12.66932550008997,46.089506660206375],[12.669971203675903,46.08951983167231],[12.66995223222858,46.089970130391656],[12.669306523396834,46.089956958719945]]]},"properties":{"ndvi_class":"dense","color":"#238b45","area_m2":2502}},{"type":"Feature","geometry":{"type":"Polygon","coordinates":[[[12.644635677673664,46.09260576786735],[12.644693213975854,46.09125489666653],[12.64533892658897,46.091268207666744],[12.64537727134613,46.090367626241154],[12.647314380440436,46.090407536126115],[12.647333536396655,46.08995724472705],[12.648624934241568,46.089983832678335],[12.648644079250117,46.089533540822046],[12.649935468421395,46.089560113779676],[12.649954602482737,46.08910982146642],[12.651891673908732,46.089149652946226],[12.651910791778011,46.08869935996885],[12.653202164506723,46.088725895651464],[12.653125732259026,46.0905270689687],[12.652480024685772,46.09051380212053],[12.652518252212026,46.089613215960036],[12.651226859409029,46.08958667215903],[12.649858927614163,46.09136128261476],[12.648567496477245,46.09133470799637],[12.648548349642871,46.09178499968544],[12.645965471838815,46.09173180588018],[12.645927134831274,46.09263238747069],[12.644635677673664,46.09260576786735]]]},"properties":{"ndvi_class":"sparse","color":"#c7e9c0","area_m2":107570}},{"type":"Feature","geometry":{"type":"Polygon","coordinates":[[[12.679562343125301,46.091968474871976],[12.679600131795505,46.09106787156451],[12.68024585830859,46.09108098532878],[12.680321409259228,46.089279777394594],[12.68290423585516,46.08933219272571],[12.682885369776693,46.089782495590676],[12.680948233419896,46.08974318894537],[12.680910468436792,46.090643793322144],[12.682201913211236,46.09067000221617],[12.682183040537012,46.09112030475159],[12.680891585269952,46.09109409544806],[12.680208080131314,46.09198158904605],[12.679562343125301,46.091968474871976]]]},"properties":{"ndvi_class":"moderate","color":"#74c476","area_m2":30019}},{"type":"Feature","geometry":{"type":"Polygon","coordinates":[[[12.68862152306767,46.091701437105165],[12.688013436852517,46.09078776181307],[12.68672198402385,46.09076161852872],[12.686759654575939,46.08986101047011],[12.687405370274355,46.08987408352627],[12.687424199630774,46.089423779230295],[12.690652758593014,46.08948908881703],[12.690633955467023,46.08993939413344],[12.691279673844805,46.0899524453201],[12.69122327751612,46.09130336163156],[12.690577543399211,46.091290309833134],[12.69055873847995,46.091740614983195],[12.68862152306767,46.091701437105165]]]},"properties":{"ndvi_class":"dense","color":"#238b45","area_m2":67544}},{"type":"Feature","geometry":{"type":"Polygon","coordinates":[[[12.658975243422661,46.08974571628809],[12.659013364216934,46.088845125820136],[12.659659055336897,46.088858355393995],[12.659620945033703,46.08975894627535],[12.658975243422661,46.08974571628809]]]},"properties":{"ndvi_class":"moderate","color":"#74c476","area_m2":5003}},{"type":"Feature","geometry":{"type":"Polygon","coordinates":[[[12.66212761387589,46.09161301434455],[12.662184721148863,46.09026212598195],[12.661539012483889,46.09024891036693],[12.661577092221536,46.08934831832949],[12.660931394499832,46.08933509948281],[12.660950438933295,46.08888480360802],[12.662887517717213,46.088924448594746],[12.662811400207675,46.090725634321224],[12.663457115021941,46.090738842853106],[12.663419064037233,46.091639435878726],[12.66212761387589,46.09161301434455]]]},"properties":{"ndvi_class":"bare","color":"#d9d9d9","area_m2":30019}},{"type":"Feature","geometry":{"type":"Polygon","coordinates":[[[12.675763631960143,46.09008851142137],[12.675782556194546,46.08963821085239],[12.674491141376796,46.08961192988122],[12.674510075651634,46.089161629681215],[12.676447182814556,46.08920104505496],[12.676409345288686,46.090101646645024],[12.675763631960143,46.09008851142137]]]},"properties":{"ndvi_class":"sparse","color":"#c7e9c0","area_m2":10006}},{"type":"Feature","geometry":{"type":"Polygon","coordinates":[[[12.690633955467023,46.08993939413344],[12.690652758593014,46.08948908881703],[12.69129847172467,46.089502139799784],[12.691279673844805,46.0899524453201],[12.690633955467023,46.08993939413344]]]},"properties":{"ndvi_class":"moderate","color":"#74c476","area_m2":2502}},{"type":"Feature","geometry":{"type":"Polygon","coordinates":[[[12.699674053308211,46.09012177905509],[12.699692782987245,46.08967147088902],[12.700338502353176,46.089684470842855],[12.700319777920452,46.090134779212036],[12.699674053308211,46.09012177905509]]]},"properties":{"ndvi_class":"moderate","color":"#74c476","area_m2":2502}},{"type":"Feature","geometry":{"type":"Polygon","coordinates":[[[12.708012520796396,46.09164142893887],[12.70810583040103,46.089389875135396],[12.708751550287772,46.08940282750169],[12.708732894503058,46.08985313854777],[12.710024346097404,46.08987903274995],[12.70998705417984,46.090779655526795],[12.709341317668208,46.0907667098437],[12.70930401347874,46.09166733205004],[12.708012520796396,46.09164142893887]]]},"properties":{"ndvi_class":"dense","color":"#238b45","area_m2":27518}},{"type":"Feature","geometry":{"type":"Polygon","coordinates":[[[12.694508272423118,46.09001764657925],[12.69454581527366,46.08911703345957],[12.69519152583405,46.08913006236938],[12.695153993475792,46.090030675896195],[12.694508272423118,46.09001764657925]]]},"properties":{"ndvi_class":"sparse","color":"#c7e9c0","area_m2":5003}},{"type":"Feature","geometry":{"type":"Polygon","coordinates":[[[12.70290268081204,46.09018674338947],[12.702940087260835,46.089286124985755],[12.70358580360114,46.08929910651182],[12.70419413492167,46.09021270360788],[12.70290268081204,46.09018674338947]]]},"properties":{"ndvi_class":"moderate","color":"#74c476","area_m2":7505}},{"type":"Feature","geometry":{"type":"Polygon","coordinates":[[[12.676428264277144,46.08965134587081],[12.676485018536303,46.08830044329826],[12.677130711330753,46.0883135740564],[12.677073972808723,46.08966447724446],[12.676428264277144,46.08965134587081]]]},"properties":{"ndvi_class":"dense","color":"#238b45","area_m2":7505}},{"type":"Feature","geometry":{"type":"Polygon","coordinates":[[[12.671281572701938,46.089095864497516],[12.671965181552517,46.08820842594238],[12.672610871201757,46.0882215822127],[12.672572972532794,46.08912218150507],[12.671281572701938,46.089095864497516]]]},"properties":{"ndvi_class":"dense","color":"#238b45","area_m2":7505}},{"type":"Feature","geometry":{"type":"Polygon","coordinates":[[[12.673218673122857,46.08913533454182],[12.673256561300683,46.08823473483844],[12.673902251849176,46.0882478838196],[12.674510075651634,46.089161629681215],[12.673218673122857,46.08913533454182]]]},"properties":{"ndvi_class":"sparse","color":"#c7e9c0","area_m2":7505}},{"type":"Feature","geometry":{"type":"Polygon","coordinates":[[[12.70356710584595,46.08974941593728],[12.703623197774206,46.088398487536345],[12.7042689040661,46.08841146501192],[12.70421282787626,46.08976239402117],[12.70356710584595,46.08974941593728]]]},"properties":{"ndvi_class":"dense","color":"#238b45","area_m2":7505}},{"type":"Feature","geometry":{"type":"Polygon","coordinates":[[[12.65838673851016,46.088381597511884],[12.658424867068375,46.08748100720694],[12.659070542000377,46.08749423980508],[12.659032423932462,46.08839483052354],[12.65838673851016,46.088381597511884]]]},"properties":{"ndvi_class":"moderate","color":"#74c476","area_m2":5003}},{"type":"Feature","geometry":{"type":"Polygon","coordinates":[[[12.674529009475066,46.08871132943951],[12.674566875767768,46.08781072883115],[12.675212561969598,46.087823870317784],[12.67517470616786,46.088724471336825],[12.674529009475066,46.08871132943951]]]},"properties":{"ndvi_class":"dense","color":"#238b45","area_m2":5003}},{"type":"Feature","geometry":{"type":"Polygon","coordinates":[[[12.662925573750025,46.08802385548113],[12.66294460108599,46.08757355886173],[12.663590279181365,46.08758676594907],[12.663571257090585,46.088037062774816],[12.662925573750025,46.08802385548113]]]},"properties":{"ndvi_class":"sparse","color":"#c7e9c0","area_m2":2502}},{"type":"Feature","geometry":{"type":"Polygon","coordinates":[[[12.65663743264223,46.099162181257384],[12.656656518556924,46.098711887541704],[12.657302323747952,46.09872513260116],[12.657340483716158,46.097824544630654],[12.65604889477904,46.097798051693836],[12.656106162805553,46.09644717066665],[12.655460384759532,46.09643391935088],[12.655498571662902,46.09553333220466],[12.65485280456471,46.0955200776576],[12.654929193896685,46.0937189036923],[12.654283448239529,46.093705646328445],[12.654378950892342,46.09145417896762],[12.653733231920361,46.09144091899456],[12.65386695322916,46.08828886438507],[12.656468765200271,46.08789158209903],[12.656506924319496,46.086990992951755],[12.657798261431108,46.0870174759561],[12.657779192588782,46.087467770964416],[12.658424867068375,46.08748100720694],[12.65838673851016,46.088381597511884],[12.659032423932462,46.08839483052354],[12.658975243422661,46.08974571628809],[12.659620945033703,46.08975894627535],[12.659563776171616,46.09110983228432],[12.66020949397247,46.09112305924686],[12.660152336760023,46.09247394550011],[12.66079807075177,46.09248716943764],[12.660740925190884,46.093838055935045],[12.661386675374608,46.09385127684723],[12.661348586557077,46.09475186804995],[12.662640109268203,46.09477829976465],[12.662621074672648,46.09522859571638],[12.663266841953078,46.095241806312146],[12.663190720022305,46.09704299052738],[12.661899143933343,46.09701656403893],[12.661215261391673,46.097903935944686],[12.66056946398146,46.09789071317326],[12.660531356493596,46.09879130321148],[12.65663743264223,46.099162181257384]]]},"properties":{"ndvi_class":"dense","color":"#238b45","area_m2":572872}},{"type":"Feature","geometry":{"type":"Polygon","coordinates":[[[12.695153993475792,46.090030675896195],[12.69524782101598,46.08777914176743],[12.695893516284194,46.08779216642183],[12.695799714973846,46.090043701568156],[12.695153993475792,46.090030675896195]]]},"properties":{"ndvi_class":"bare","color":"#d9d9d9","area_m2":12508}},{"type":"Feature","geometry":{"type":"Polygon","coordinates":[[[12.70474641741751,46.09247722657394],[12.70483986264201,46.09022567824949],[12.70419413492167,46.09021270360788],[12.7042689040661,46.08841146501192],[12.70491461080158,46.088424438842665],[12.70493329672769,46.087974128887176],[12.70751610711928,46.088025986951315],[12.707497442176912,46.08847629771709],[12.708143151128475,46.08848925332352],[12.708068507893975,46.09029049678128],[12.707422777957293,46.090277540365115],[12.707329437668967,46.092529092741366],[12.706683681941165,46.09251613166757],[12.70677704846363,46.09026458030384],[12.706131319413112,46.09025161659748],[12.706056606098565,46.09205285696123],[12.70474641741751,46.09247722657394]]]},"properties":{"ndvi_class":"sparse","color":"#c7e9c0","area_m2":105068}},{"type":"Feature","geometry":{"type":"Polygon","coordinates":[[[12.691850217653192,46.09176671534275],[12.691962977488128,46.0890648813719],[12.691317269156373,46.08905183423787],[12.69133606613993,46.088601528634385],[12.691981769225796,46.08861457556454],[12.692019351357118,46.087713963825124],[12.692665044397515,46.087727006702934],[12.692495957908958,46.09177976005478],[12.691850217653192,46.09176671534275]]]},"properties":{"ndvi_class":"bare","color":"#d9d9d9","area_m2":25016}},{"type":"Feature","geometry":{"type":"Polygon","coordinates":[[[12.657779192588782,46.087467770964416],[12.657798261431108,46.0870174759561],[12.65844393066575,46.08703071199183],[12.658424867068375,46.08748100720694],[12.657779192588782,46.087467770964416]]]},"properties":{"ndvi_class":"moderate","color":"#74c476","area_m2":2502}},{"type":"Feature","geometry":{"type":"Polygon","coordinates":[[[12.67133845150066,46.08774496672997],[12.671376368439839,46.08684436800985],[12.672667715817088,46.086870682961575],[12.672629819858601,46.08777128250401],[12.67133845150066,46.08774496672997]]]},"properties":{"ndvi_class":"sparse","color":"#c7e9c0","area_m2":10006}},{"type":"Feature","geometry":{"type":"Polygon","coordinates":[[[12.68104263799991,46.08749167727484],[12.68106151756555,46.08704137481583],[12.682998559501026,46.087080677776456],[12.682979695671339,46.08753098084956],[12.68104263799991,46.08749167727484]]]},"properties":{"ndvi_class":"sparse","color":"#c7e9c0","area_m2":7505}},{"type":"Feature","geometry":{"type":"Polygon","coordinates":[[[12.682979695671339,46.08753098084956],[12.682998559501026,46.087080677776456],[12.683644241041677,46.08709377147432],[12.683625382457333,46.087544074752],[12.682979695671339,46.08753098084956]]]},"properties":{"ndvi_class":"moderate","color":"#74c476","area_m2":2502}},{"type":"Feature","geometry":{"type":"Polygon","coordinates":[[[12.709453219564434,46.088064842228874],[12.709471868324249,46.08761453081452],[12.71011756811208,46.08762747508179],[12.710098924598148,46.0880777866984],[12.709453219564434,46.088064842228874]]]},"properties":{"ndvi_class":"moderate","color":"#74c476","area_m2":2502}},{"type":"Feature","geometry":{"type":"Polygon","coordinates":[[[12.703623197774206,46.088398487536345],[12.703641894192106,46.087948177986334],[12.70428759523811,46.087961155259144],[12.704324976245314,46.087060535629035],[12.704970667243462,46.08707350885167],[12.704951982208314,46.08752381889017],[12.706243376026109,46.08754975480661],[12.70622470103708,46.08800006520885],[12.70493329672769,46.087974128887176],[12.70491461080158,46.088424438842665],[12.703623197774206,46.088398487536345]]]},"properties":{"ndvi_class":"moderate","color":"#74c476","area_m2":15010}},{"type":"Feature","geometry":{"type":"Polygon","coordinates":[[[12.676503935720662,46.08785014235743],[12.676522852454033,46.08739984137493],[12.675877170599296,46.0873867073826],[12.675915013203388,46.086486105703045],[12.677852028643334,46.08652549551566],[12.677814217510134,46.08742609842609],[12.676503935720662,46.08785014235743]]]},"properties":{"ndvi_class":"dense","color":"#238b45","area_m2":17511}},{"type":"Feature","geometry":{"type":"Polygon","coordinates":[[[12.659108658250855,46.08659364891964],[12.659127715694588,46.08614335341429],[12.660419035446166,46.086169806437496],[12.6603999884919,46.08662010235615],[12.659108658250855,46.08659364891964]]]},"properties":{"ndvi_class":"moderate","color":"#74c476","area_m2":5003}},{"type":"Feature","geometry":{"type":"Polygon","coordinates":[[[12.6603999884919,46.08662010235615],[12.660419035446166,46.086169806437496],[12.66106469600001,46.08618302748276],[12.661045654290497,46.086633323607984],[12.6603999884919,46.08662010235615]]]},"properties":{"ndvi_class":"sparse","color":"#c7e9c0","area_m2":2502}},{"type":"Feature","geometry":{"type":"Polygon","coordinates":[[[12.670730695426,46.0868312050674],[12.670749658462608,46.086380905850476],[12.671395326231483,46.08639406858727],[12.671376368439839,46.08684436800985],[12.670730695426,46.0868312050674]]]},"properties":{"ndvi_class":"dense","color":"#238b45","area_m2":2502}},{"type":"Feature","geometry":{"type":"Polygon","coordinates":[[[12.708180470076417,46.087588631345646],[12.708199128883106,46.08713832029447],[12.709490516639462,46.08716421935868],[12.709471868324249,46.08761453081452],[12.708180470076417,46.087588631345646]]]},"properties":{"ndvi_class":"moderate","color":"#74c476","area_m2":5003}},{"type":"Feature","geometry":{"type":"Polygon","coordinates":[[[12.653125732259026,46.0905270689687],[12.653202164506723,46.088725895651464],[12.652556477915585,46.088712629632404],[12.652671144091164,46.08601086964674],[12.653962454787944,46.08603739555361],[12.653924255530475,46.08693798321153],[12.655861256442781,46.08697774598312],[12.656545081619345,46.08609040363742],[12.657855465230565,46.08566659068069],[12.657798261431108,46.0870174759561],[12.656506924319496,46.086990992951755],[12.656468765200271,46.08789158209903],[12.65386695322916,46.08828886438507],[12.653771440285778,46.09054033217215],[12.653125732259026,46.0905270689687]]]},"properties":{"ndvi_class":"moderate","color":"#74c476","area_m2":80052}},{"type":"Feature","geometry":{"type":"Polygon","coordinates":[[[12.653924255530475,46.08693798321153],[12.653962454787944,46.08603739555361],[12.655253767297667,46.08606390688386],[12.655272855754415,46.08561361257804],[12.656545081619345,46.08609040363742],[12.655861256442781,46.08697774598312],[12.653924255530475,46.08693798321153]]]},"properties":{"ndvi_class":"sparse","color":"#c7e9c0","area_m2":20013}},{"type":"Feature","geometry":{"type":"Polygon","coordinates":[[[12.663628322002484,46.0866861721724],[12.663666363009769,46.085785578228815],[12.664312020577029,46.08579878084659],[12.664919658567298,46.086712574588745],[12.663628322002484,46.0866861721724]]]},"properties":{"ndvi_class":"sparse","color":"#c7e9c0","area_m2":7505}},{"type":"Feature","geometry":{"type":"Polygon","coordinates":[[[12.681480676217285,46.09245810866465],[12.681518434308844,46.0915575042114],[12.682809900964731,46.0915837066343],[12.68286650324843,46.09023279841403],[12.682220785435511,46.09021969963911],[12.682201913211236,46.09067000221617],[12.680910468436792,46.090643793322144],[12.680948233419896,46.08974318894537],[12.682885369776693,46.089782495590676],[12.68290423585516,46.08933219272571],[12.683549943623774,46.08934528744652],[12.68360652342338,46.087994377988075],[12.682960831391922,46.08798128388104],[12.683644241041677,46.08709377147432],[12.682998559501026,46.087080677776456],[12.683036285811268,46.08618007150538],[12.684327628359451,46.0862062544384],[12.684897908828868,46.08802055526824],[12.686189296023617,46.08804671796981],[12.686208134075562,46.08759641391598],[12.686853823098065,46.087609489595486],[12.68681615703625,46.08851009807015],[12.685524758455937,46.0884839422492],[12.685468224520216,46.08983485342313],[12.684157940217403,46.09025898502913],[12.684728251718937,46.09207328620107],[12.68408251157741,46.0920601975429],[12.684063653293412,46.09251050056731],[12.683417908352713,46.09249740805943],[12.68343677188344,46.092047105239594],[12.68279103263715,46.09203400929115],[12.682772163859708,46.092484311906354],[12.681480676217285,46.09245810866465]]]},"properties":{"ndvi_class":"dense","color":"#238b45","area_m2":120078}},{"type":"Feature","geometry":{"type":"Polygon","coordinates":[[[12.655899424232075,46.08607715708273],[12.655918507444301,46.08562686256988],[12.656564159587038,46.085640108917616],[12.656545081619345,46.08609040363742],[12.655899424232075,46.08607715708273]]]},"properties":{"ndvi_class":"moderate","color":"#74c476","area_m2":2502}},{"type":"Feature","geometry":{"type":"Polygon","coordinates":[[[12.656545081619345,46.08609040363742],[12.656564159587038,46.085640108917616],[12.657209812182499,46.08565335162122],[12.657190739459358,46.08610364654793],[12.656545081619345,46.08609040363742]]]},"properties":{"ndvi_class":"dense","color":"#238b45","area_m2":2502}},{"type":"Feature","geometry":{"type":"Polygon","coordinates":[[[12.662279890861019,46.088010644542955],[12.66229892344215,46.08756034812997],[12.661007569509584,46.08753391573321],[12.661026612127026,46.08708361969146],[12.660380941083552,46.08707039823305],[12.6603999884919,46.08662010235615],[12.661045654290497,46.086633323607984],[12.660438081946365,46.0857195104771],[12.66302070589387,46.08577237196685],[12.662925573750025,46.08802385548113],[12.662279890861019,46.088010644542955]]]},"properties":{"ndvi_class":"bare","color":"#d9d9d9","area_m2":37524}},{"type":"Feature","geometry":{"type":"Polygon","coordinates":[[[12.675269342287939,46.08647296847675],[12.6752882681583,46.08602266777974],[12.675933933828816,46.08603580480079],[12.675915013203388,46.086486105703045],[12.675269342287939,46.08647296847675]]]},"properties":{"ndvi_class":"dense","color":"#238b45","area_m2":2502}},{"type":"Feature","geometry":{"type":"Polygon","coordinates":[[[12.706243376026109,46.08754975480661],[12.706299398321903,46.08619882335085],[12.708236445161988,46.08623769806763],[12.70821778724496,46.0866880092018],[12.706926411750992,46.08666209596364],[12.706889073599854,46.08756271729771],[12.706243376026109,46.08754975480661]]]},"properties":{"ndvi_class":"moderate","color":"#74c476","area_m2":12508}},{"type":"Feature","geometry":{"type":"Polygon","coordinates":[[[12.658501118731108,46.08567982609602],[12.658520180510681,46.08522953071391],[12.659811478379764,46.08525599019872],[12.659792427089132,46.085706285994235],[12.658501118731108,46.08567982609602]]]},"properties":{"ndvi_class":"bare","color":"#d9d9d9","area_m2":5003}},{"type":"Feature","geometry":{"type":"Polygon","coordinates":[[[12.670122958973106,46.08591744041645],[12.670141926350285,46.08546714132187],[12.670787583179617,46.085480307291576],[12.670768621047142,46.085930606591866],[12.670122958973106,46.08591744041645]]]},"properties":{"ndvi_class":"sparse","color":"#c7e9c0","area_m2":2502}},{"type":"Feature","geometry":{"type":"Polygon","coordinates":[[[12.70098422216348,46.08969746715171],[12.701152674759701,46.08564468813248],[12.701798347802848,46.08565767896945],[12.70177963787778,46.08610798811848],[12.704362355470176,46.086159915832866],[12.704306285964512,46.08751084546485],[12.701723505426173,46.087458915316354],[12.701629942418034,46.089710459815585],[12.70098422216348,46.08969746715171]]]},"properties":{"ndvi_class":"bare","color":"#d9d9d9","area_m2":52534}},{"type":"Feature","geometry":{"type":"Polygon","coordinates":[[[12.661367631192874,46.094301572469455],[12.661424762375947,46.092950685477575],[12.660779022685626,46.09293746497851],[12.660836165521678,46.09158657823067],[12.660190442022556,46.09157335470636],[12.660247596509661,46.09022246820267],[12.65960188920066,46.090209241653426],[12.659659055336897,46.088858355393995],[12.659013364216934,46.088845125820136],[12.659070542000377,46.08749423980508],[12.657798261431108,46.0870174759561],[12.657893598824073,46.08476600028828],[12.65853924183584,46.08477923529004],[12.658501118731108,46.08567982609602],[12.661102778057217,46.08528243510711],[12.661083737255579,46.08573273131581],[12.660438081946365,46.0857195104771],[12.660419035446166,46.086169806437496],[12.659127715694588,46.08614335341429],[12.659108658250855,46.08659364891964],[12.6603999884919,46.08662010235615],[12.661007569509584,46.08753391573321],[12.66229892344215,46.08756034812997],[12.662279890861019,46.088010644542955],[12.662925573750025,46.08802385548113],[12.662887517717213,46.088924448594746],[12.660950438933295,46.08888480360802],[12.660931394499832,46.08933509948281],[12.661577092221536,46.08934831832949],[12.661539012483889,46.09024891036693],[12.662184721148863,46.09026212598195],[12.66212761387589,46.09161301434455],[12.663419064037233,46.091639435878726],[12.663457115021941,46.090738842853106],[12.664102830287714,46.090752047740146],[12.664121849853748,46.09030175095844],[12.665413271247393,46.09032814938556],[12.665375252645973,46.09122874373218],[12.664083810268226,46.09120234448014],[12.664045768868828,46.09210293783495],[12.663400037864477,46.092089732328944],[12.66396968062799,46.09390412404389],[12.66332392863712,46.09389091771255],[12.66330490019613,46.09434121395415],[12.661367631192874,46.094301572469455]]]},"properties":{"ndvi_class":"sparse","color":"#c7e9c0","area_m2":205133}},{"type":"Feature","geometry":{"type":"Polygon","coordinates":[[[12.699767697238133,46.08787023780937],[12.699861330005929,46.08561869552516],[12.701152674759701,46.08564468813248],[12.70113395958942,46.08609499707854],[12.700488281745205,46.08608200239407],[12.700413395620075,46.087883236950745],[12.699767697238133,46.08787023780937]]]},"properties":{"ndvi_class":"moderate","color":"#74c476","area_m2":15010}},{"type":"Feature","geometry":{"type":"Polygon","coordinates":[[[12.679600131795505,46.09106787156451],[12.6796757037305,46.08926666444987],[12.678403196367416,46.088790126153306],[12.67845990071125,46.08743922148489],[12.679105584360908,46.08745234089918],[12.678497701354102,46.08653861816438],[12.679143374513384,46.086551737168705],[12.679200056363744,46.08520083126066],[12.681782690544654,46.08525326837582],[12.681763818024102,46.085703571206125],[12.681118153561975,46.08569046718898],[12.681080396681097,46.08659107231518],[12.679770158515195,46.0870151546196],[12.679751268458988,46.08746545666894],[12.680396953005364,46.087478568794154],[12.680378067744206,46.087928871006724],[12.68166944867219,46.08795508473311],[12.681650573451885,46.0884053873136],[12.682941966662764,46.088431586870875],[12.68290423585516,46.08933219272571],[12.680321409259228,46.089279777394594],[12.68024585830859,46.09108098532878],[12.679600131795505,46.09106787156451]]]},"properties":{"ndvi_class":"sparse","color":"#c7e9c0","area_m2":97563}},{"type":"Feature","geometry":{"type":"Polygon","coordinates":[[[12.693329517786337,46.08728973959648],[12.693404632919714,46.08548851382237],[12.694050300625088,46.085501548392514],[12.693975206472677,46.08730277498127],[12.693329517786337,46.08728973959648]]]},"properties":{"ndvi_class":"bare","color":"#d9d9d9","area_m2":10006}},{"type":"Feature","geometry":{"type":"Polygon","coordinates":[[[12.696557965672307,46.08735488007415],[12.69657671889992,46.0869045726752],[12.697222404567274,46.086917589633444],[12.69727864583193,46.08556666657713],[12.699215658295548,46.085605693754815],[12.699140731992788,46.08740692685266],[12.696557965672307,46.08735488007415]]]},"properties":{"ndvi_class":"bare","color":"#d9d9d9","area_m2":32521}},{"type":"Feature","geometry":{"type":"Polygon","coordinates":[[[12.690119886724064,46.086774202641436],[12.69017630107966,46.085423286306],[12.692113298845959,46.085462433748944],[12.69205693169651,46.086813351919396],[12.690119886724064,46.086774202641436]]]},"properties":{"ndvi_class":"dense","color":"#238b45","area_m2":22515}},{"type":"Feature","geometry":{"type":"Polygon","coordinates":[[[12.706945080158947,46.086211785234354],[12.70696374812184,46.085761474463546],[12.70760942515658,46.08577443250002],[12.707590762439017,46.08622474347328],[12.706945080158947,46.086211785234354]]]},"properties":{"ndvi_class":"bare","color":"#d9d9d9","area_m2":2502}},{"type":"Feature","geometry":{"type":"Polygon","coordinates":[[[12.707590762439017,46.08622474347328],[12.70760942515658,46.08577443250002],[12.708255102634208,46.08578738689196],[12.708236445161988,46.08623769806763],[12.707590762439017,46.08622474347328]]]},"properties":{"ndvi_class":"sparse","color":"#c7e9c0","area_m2":2502}},{"type":"Feature","geometry":{"type":"Polygon","coordinates":[[[12.708236445161988,46.08623769806763],[12.708255102634208,46.08578738689196],[12.708900780554602,46.08580033763934],[12.708882128327739,46.08625064901737],[12.708236445161988,46.08623769806763]]]},"properties":{"ndvi_class":"moderate","color":"#74c476","area_m2":2502}},{"type":"Feature","geometry":{"type":"Polygon","coordinates":[[[12.709837868725835,46.094382144974645],[12.709856518463798,46.093931833938875],[12.710502292147968,46.09394477739238],[12.710539579795023,46.0930441547919],[12.709248053859111,46.09301826504837],[12.708639608907363,46.09210469315569],[12.709931112969203,46.09213058938089],[12.709912465009795,46.09258090058263],[12.710558222951782,46.092593843429434],[12.711241255822095,46.0917061593771],[12.711887004154672,46.09171909452884],[12.71192426636944,46.090818470704974],[12.712570004650468,46.09083140180729],[12.712625878901534,46.08948046515428],[12.713271601884886,46.08949339200545],[12.71330883867291,46.0885927669588],[12.713954551605594,46.08860568976109],[12.713991776126063,46.08770506414471],[12.715301783435239,46.08728058473312],[12.71602186094968,46.08549224167771],[12.717313217347812,46.085518051654674],[12.717921739070395,46.0864315796277],[12.717276049718793,46.08641867970296],[12.717238880317518,46.08731930758545],[12.716593180915527,46.08730640361281],[12.71591028979727,46.08819412290543],[12.715264580785906,46.08818121123972],[12.7152087734857,46.08953215068867],[12.714563049177093,46.089519234772645],[12.713842867393698,46.09130756561497],[12.713197122981882,46.091294641601124],[12.713141259143136,46.092645578362415],[12.712495499432036,46.09263265009732],[12.712420987107675,46.09443389772374],[12.711775206848689,46.09442096500494],[12.711793840843688,46.09397065336262],[12.711148066274639,46.0939577172003],[12.71112942703197,46.094408028640494],[12.709837868725835,46.094382144974645]]]},"properties":{"ndvi_class":"sparse","color":"#c7e9c0","area_m2":152599}},{"type":"Feature","geometry":{"type":"Polygon","coordinates":[[[12.693141698610654,46.091792801121635],[12.693160482543338,46.091342495156205],[12.693806218444161,46.091355532374166],[12.693310737883724,46.08774004593607],[12.694620895604569,46.08731580672144],[12.694714735950228,46.08506427236355],[12.69665172733967,46.08510334266388],[12.696595471680448,46.086454265234714],[12.695949791703491,46.08644124483533],[12.695912275204508,46.087341859267895],[12.695266585181889,46.08732883481699],[12.69519152583405,46.08913006236938],[12.69454581527366,46.08911703345957],[12.694508272423118,46.09001764657925],[12.695153993475792,46.090030675896195],[12.695078923390078,46.09183190245106],[12.693141698610654,46.091792801121635]]]},"properties":{"ndvi_class":"moderate","color":"#74c476","area_m2":90058}},{"type":"Feature","geometry":{"type":"Polygon","coordinates":[[[12.688069910530002,46.08943684843735],[12.688088734191581,46.08898654389557],[12.687443028538285,46.088973474892725],[12.688164024350305,46.087185325312504],[12.687518339679503,46.087172257126404],[12.687537166342668,46.08672195258082],[12.688847341364255,46.08629777990467],[12.688866156639637,46.08584747486759],[12.688220487257766,46.08583441093842],[12.688258126952658,46.084933801147706],[12.68954944518333,46.084959924545316],[12.689361333668538,46.089462975916916],[12.688069910530002,46.08943684843735]]]},"properties":{"ndvi_class":"sparse","color":"#c7e9c0","area_m2":55036}},{"type":"Feature","geometry":{"type":"Polygon","coordinates":[[[12.670806544860048,46.08503000794957],[12.670825506088441,46.0845797085659],[12.671471152878695,46.0845928704801],[12.67145219689477,46.08504317006941],[12.670806544860048,46.08503000794957]]]},"properties":{"ndvi_class":"dense","color":"#238b45","area_m2":2502}},{"type":"Feature","geometry":{"type":"Polygon","coordinates":[[[12.693975206472677,46.08730277498127],[12.694050300625088,46.085501548392514],[12.693404632919714,46.08548851382237],[12.69342341058386,46.08503820727493],[12.694714735950228,46.08506427236355],[12.694620895604569,46.08731580672144],[12.693975206472677,46.08730277498127]]]},"properties":{"ndvi_class":"sparse","color":"#c7e9c0","area_m2":15010}},{"type":"Feature","geometry":{"type":"Polygon","coordinates":[[[12.70438104441426,46.08570960587249],[12.704399732912801,46.08525929587062],[12.705045402929587,46.08527226828246],[12.705026719676201,46.085722578487015],[12.70438104441426,46.08570960587249]]]},"properties":{"ndvi_class":"moderate","color":"#74c476","area_m2":2502}},{"type":"Feature","geometry":{"type":"Polygon","coordinates":[[[12.71794031786089,46.08598126542272],[12.717977474113118,46.085080636888414],[12.718623148169351,46.08509353256397],[12.718586002407855,46.08599416150125],[12.71794031786089,46.08598126542272]]]},"properties":{"ndvi_class":"sparse","color":"#c7e9c0","area_m2":5003}},{"type":"Feature","geometry":{"type":"Polygon","coordinates":[[[12.674053744536776,46.08464548169571],[12.674072679091303,46.08419518124269],[12.67471832288506,46.08420832473091],[12.674699393574942,46.08465862538929],[12.674053744536776,46.08464548169571]]]},"properties":{"ndvi_class":"moderate","color":"#74c476","area_m2":2502}},{"type":"Feature","geometry":{"type":"Polygon","coordinates":[[[12.68493560546546,46.08711994793649],[12.685067529539959,46.08396782096453],[12.68571317570866,46.083980902298045],[12.685637814197806,46.08578211877786],[12.686929149834032,46.085808272146885],[12.68694798039567,46.08535796768073],[12.687593643639238,46.08537103869445],[12.687537166342668,46.08672195258082],[12.686891487363956,46.0867088809544],[12.686910318823465,46.08625857657145],[12.685618972697181,46.08623242279377],[12.685581288348349,46.08713303070078],[12.68493560546546,46.08711994793649]]]},"properties":{"ndvi_class":"dense","color":"#238b45","area_m2":30019}},{"type":"Feature","geometry":{"type":"Polygon","coordinates":[[[12.705026719676201,46.085722578487015],[12.705064085737567,46.08482195803638],[12.706374088483773,46.08439758082871],[12.706318071530115,46.085748512782544],[12.705026719676201,46.085722578487015]]]},"properties":{"ndvi_class":"dense","color":"#238b45","area_m2":12508}},{"type":"Feature","geometry":{"type":"Polygon","coordinates":[[[12.674699393574942,46.08465862538929],[12.67471832288506,46.08420832473091],[12.674072679091303,46.08419518124269],[12.674091613194447,46.08374488074802],[12.675382890742576,46.08377116366973],[12.675363967128012,46.08422146457506],[12.676009611820039,46.084234600775105],[12.675990692998779,46.08468490184402],[12.674699393574942,46.08465862538929]]]},"properties":{"ndvi_class":"dense","color":"#238b45","area_m2":10006}},{"type":"Feature","geometry":{"type":"Polygon","coordinates":[[[12.676009611820039,46.084234600775105],[12.676028530190289,46.083784299664536],[12.677319810432396,46.083810560722014],[12.67730090255081,46.0842608622429],[12.676009611820039,46.084234600775105]]]},"properties":{"ndvi_class":"sparse","color":"#c7e9c0","area_m2":5003}},{"type":"Feature","geometry":{"type":"Polygon","coordinates":[[[12.718623148169351,46.08509353256397],[12.718641720385932,46.08464321803316],[12.719287389637728,46.08465610986274],[12.719268822666338,46.08510642459499],[12.718623148169351,46.08509353256397]]]},"properties":{"ndvi_class":"sparse","color":"#c7e9c0","area_m2":2502}},{"type":"Feature","geometry":{"type":"Polygon","coordinates":[[[12.66547029575062,46.088977257552756],[12.665489303012041,46.088526960191714],[12.664843613072227,46.08851376362531],[12.664919658567298,46.086712574588745],[12.665565327526476,46.086725770330446],[12.665527316175481,46.08762636534451],[12.668110038481638,46.08767911351614],[12.668129023403166,46.08722881520582],[12.668774699861215,46.087241992931666],[12.668793679085105,46.08679169437376],[12.667502337109603,46.086765335689485],[12.668299867331555,46.08317612853641],[12.66894549658875,46.08318930440936],[12.66885061404206,46.085440798449845],[12.668204958563418,46.08542762154754],[12.668166991888436,46.08632821846008],[12.66947729734919,46.08590427059678],[12.670047084942409,46.087718636377915],[12.669401402338483,46.08770546573514],[12.669363452119004,46.08860606305414],[12.668717759474646,46.0885928883552],[12.668698778440778,46.08904318674632],[12.66547029575062,46.088977257552756]]]},"properties":{"ndvi_class":"sparse","color":"#c7e9c0","area_m2":95062}},{"type":"Feature","geometry":{"type":"Polygon","coordinates":[[[12.706318071530115,46.085748512782544],[12.706374088483773,46.08439758082871],[12.707019749340294,46.08441054190215],[12.70703841552308,46.083960230965346],[12.708329728075245,46.08398614177431],[12.708255102634208,46.08578738689196],[12.706318071530115,46.085748512782544]]]},"properties":{"ndvi_class":"moderate","color":"#74c476","area_m2":27518}},{"type":"Feature","geometry":{"type":"Polygon","coordinates":[[[12.70939727061726,46.08941577622299],[12.709415920710953,46.08896546493311],[12.708770205627708,46.08895251641412],[12.708807514973303,46.088051894114514],[12.70622470103708,46.08800006520885],[12.706243376026109,46.08754975480661],[12.706889073599854,46.08756271729771],[12.706926411750992,46.08666209596364],[12.70821778724496,46.0866880092018],[12.708236445161988,46.08623769806763],[12.708882128327739,46.08625064901737],[12.708900780554602,46.08580033763934],[12.708255102634208,46.08578738689196],[12.708329728075245,46.08398614177431],[12.709621042398261,46.08401203800604],[12.710192137723189,46.08582622820049],[12.711464865416039,46.08630241637029],[12.711427601592858,46.08720304061956],[12.712073297461854,46.087215973750375],[12.71199878546877,46.08901722255949],[12.711353068615837,46.08900428862035],[12.711334434260955,46.08945460051684],[12.70939727061726,46.08941577622299]],[[12.709453219564434,46.088064842228874],[12.710098924598148,46.0880777866984],[12.71011756811208,46.08762747508179],[12.709471868324249,46.08761453081452],[12.709453219564434,46.088064842228874]],[[12.708180470076417,46.087588631345646],[12.709471868324249,46.08761453081452],[12.709490516639462,46.08716421935868],[12.708199128883106,46.08713832029447],[12.708180470076417,46.087588631345646]]]},"properties":{"ndvi_class":"dense","color":"#238b45","area_m2":130084}},{"type":"Feature","geometry":{"type":"Polygon","coordinates":[[[12.68307401032275,46.085279465067806],[12.68309287190399,46.08482916178659],[12.681801562615295,46.084802965503904],[12.68185817612787,46.08345205663834],[12.683795093532257,46.083491343754496],[12.683776238544272,46.08394164736515],[12.684421883818455,46.08395473598691],[12.684403033625456,46.08440503976043],[12.683757383106789,46.08439195093417],[12.68436533189128,46.08530564718265],[12.68307401032275,46.085279465067806]]]},"properties":{"ndvi_class":"sparse","color":"#c7e9c0","area_m2":30019}},{"type":"Feature","geometry":{"type":"Polygon","coordinates":[[[12.70958375154699,46.0849126614571],[12.709621042398261,46.08401203800604],[12.710266700223528,46.084024980655414],[12.71022941986215,46.08492560451094],[12.70958375154699,46.0849126614571]]]},"properties":{"ndvi_class":"moderate","color":"#74c476","area_m2":5003}},{"type":"Feature","geometry":{"type":"Polygon","coordinates":[[[12.717350383204682,46.08461742344057],[12.717368965468594,46.084167109271334],[12.718014628593748,46.084180008188326],[12.717996051574875,46.084630322559086],[12.717350383204682,46.08461742344057]]]},"properties":{"ndvi_class":"sparse","color":"#c7e9c0","area_m2":2502}},{"type":"Feature","geometry":{"type":"Polygon","coordinates":[[[12.698588722734005,46.085142380164925],[12.698644927167122,46.08379145539031],[12.699936228184537,46.083817460950094],[12.69995495161324,46.08336715220249],[12.701246243918826,46.08339314277928],[12.701227530979262,46.083843451932985],[12.701873183042803,46.08385644195807],[12.70181705728187,46.0852073697789],[12.698588722734005,46.085142380164925]]]},"properties":{"ndvi_class":"bare","color":"#d9d9d9","area_m2":42528}},{"type":"Feature","geometry":{"type":"Polygon","coordinates":[[[12.68698564017222,46.08445735862359],[12.687004469387155,46.08400705403261],[12.6876501168967,46.08402012443368],[12.687687763491237,46.083119514718504],[12.689624677233242,46.083158702832115],[12.689568253868378,46.08450961917939],[12.68698564017222,46.08445735862359]]]},"properties":{"ndvi_class":"dense","color":"#238b45","area_m2":25016}},{"type":"Feature","geometry":{"type":"Polygon","coordinates":[[[12.670217791337421,46.08366594452659],[12.670255721118226,46.08276534587881],[12.671546972295586,46.08279167170597],[12.670863427189184,46.083679109673476],[12.670217791337421,46.08366594452659]]]},"properties":{"ndvi_class":"sparse","color":"#c7e9c0","area_m2":7505}},{"type":"Feature","geometry":{"type":"Polygon","coordinates":[[[12.670863427189184,46.083679109673476],[12.671546972295586,46.08279167170597],[12.672192598558993,46.08280482915372],[12.672173649626549,46.08325512911535],[12.673464913990205,46.08328143349018],[12.673445975094284,46.083731733821125],[12.670863427189184,46.083679109673476]]]},"properties":{"ndvi_class":"bare","color":"#d9d9d9","area_m2":12508}},{"type":"Feature","geometry":{"type":"Polygon","coordinates":[[[12.68571317570866,46.083980902298045],[12.68573201496353,46.08353059807406],[12.687042126470415,46.08310644472586],[12.687004469387155,46.08400705403261],[12.68571317570866,46.083980902298045]]]},"properties":{"ndvi_class":"sparse","color":"#c7e9c0","area_m2":7505}},{"type":"Feature","geometry":{"type":"Polygon","coordinates":[[[12.685086374039214,46.08351751694494],[12.685105218089234,46.08306721288375],[12.68575085376929,46.08308029380848],[12.68573201496353,46.08353059807406],[12.685086374039214,46.08351751694494]]]},"properties":{"ndvi_class":"sparse","color":"#c7e9c0","area_m2":2502}},{"type":"Feature","geometry":{"type":"Polygon","coordinates":[[[12.68573201496353,46.08353059807406],[12.68575085376929,46.08308029380848],[12.68639648989639,46.08309337108919],[12.686377656334907,46.083543675559085],[12.68573201496353,46.08353059807406]]]},"properties":{"ndvi_class":"bare","color":"#d9d9d9","area_m2":2502}},{"type":"Feature","geometry":{"type":"Polygon","coordinates":[[[12.708975385015458,46.08399909171233],[12.70899403501909,46.08354878012686],[12.709639687157146,46.083561726218285],[12.709621042398261,46.08401203800604],[12.708975385015458,46.08399909171233]]]},"properties":{"ndvi_class":"moderate","color":"#74c476","area_m2":2502}},{"type":"Feature","geometry":{"type":"Polygon","coordinates":[[[12.665527316175481,46.08762636534451],[12.665565327526476,46.086725770330446],[12.664919658567298,46.086712574588745],[12.66493866880801,46.08626227722531],[12.663666363009769,46.085785578228815],[12.663723421119988,46.084434687000524],[12.663077779737387,46.08442148135754],[12.663172893739755,46.08216999617417],[12.665109740582185,46.0822095990771],[12.66509073441976,46.08265989681599],[12.666381978390744,46.08268628094473],[12.666362982262939,46.08313657905412],[12.668299867331555,46.08317612853641],[12.667502337109603,46.086765335689485],[12.668793679085105,46.08679169437376],[12.668774699861215,46.087241992931666],[12.668129023403166,46.08722881520582],[12.668110038481638,46.08767911351614],[12.665527316175481,46.08762636534451]]]},"properties":{"ndvi_class":"bare","color":"#d9d9d9","area_m2":172612}},{"type":"Feature","geometry":{"type":"Polygon","coordinates":[[[12.690195104968259,46.08497298077769],[12.690289117687358,46.082721452512274],[12.692226021051468,46.08276059628545],[12.692132086999923,46.085012127608984],[12.690195104968259,46.08497298077769]]]},"properties":{"ndvi_class":"sparse","color":"#c7e9c0","area_m2":37524}},{"type":"Feature","geometry":{"type":"Polygon","coordinates":[[[12.696043575125273,46.084189708026635],[12.6960998398127,46.08283878544272],[12.698682394556098,46.082890838666174],[12.698663661084911,46.08334114704902],[12.696726728626947,46.08330211198766],[12.696689228877316,46.08420272740888],[12.696043575125273,46.084189708026635]]]},"properties":{"ndvi_class":"moderate","color":"#74c476","area_m2":15010}},{"type":"Feature","geometry":{"type":"Polygon","coordinates":[[[12.699411790907872,46.096426089018124],[12.70013250903759,46.09463786061929],[12.699486731955387,46.09462485843095],[12.699505466100526,46.094174550680314],[12.696276613599224,46.09410948607153],[12.696314133022819,46.09320887247878],[12.695041385662408,46.09273251547911],[12.695060154749987,46.09228220898588],[12.693122914230116,46.0922431070455],[12.693104129401716,46.09269341292779],[12.694395633129885,46.092719484940645],[12.693712320536724,46.09360706280416],[12.693066558401265,46.09359402456764],[12.693047772229189,46.09404433032521],[12.693693539611948,46.09405736876544],[12.693655976419006,46.09495798056329],[12.692364421109426,46.09493189922236],[12.692402005292298,46.09403128823952],[12.691110472756632,46.094005193131736],[12.69129847172467,46.089502139799784],[12.690652758593014,46.08948908881703],[12.690727966614254,46.08768786713555],[12.691373658762657,46.08770091730267],[12.69139245440185,46.08725061157443],[12.692683829545667,46.08727670056708],[12.692758965659962,46.08547547560786],[12.693404632919714,46.08548851382237],[12.693329517786337,46.08728973959648],[12.693975206472677,46.08730277498127],[12.693956431815621,46.08775308152454],[12.693310737883724,46.08774004593607],[12.693235613795817,46.08954127087873],[12.69388132871118,46.089554307281915],[12.693806218444161,46.091355532374166],[12.693160482543338,46.091342495156205],[12.693141698610654,46.091792801121635],[12.695078923390078,46.09183190245106],[12.695153993475792,46.090030675896195],[12.695799714973846,46.090043701568156],[12.695893516284194,46.08779216642183],[12.69524782101598,46.08777914176743],[12.695266585181889,46.08732883481699],[12.695912275204508,46.087341859267895],[12.695949791703491,46.08644124483533],[12.696595471680448,46.086454265234714],[12.69665172733967,46.08510334266388],[12.696006063098038,46.085090322874784],[12.696043575125273,46.084189708026635],[12.696689228877316,46.08420272740888],[12.696726728626947,46.08330211198766],[12.698663661084911,46.08334114704902],[12.698682394556098,46.082890838666174],[12.69995495161324,46.08336715220249],[12.699936228184537,46.083817460950094],[12.698644927167122,46.08379145539031],[12.698588722734005,46.085142380164925],[12.70181705728187,46.0852073697789],[12.701873183042803,46.08385644195807],[12.701227530979262,46.083843451932985],[12.701246243918826,46.08339314277928],[12.702537538000673,46.08341911877935],[12.702462725523922,46.08522035676847],[12.703108394209845,46.08523334011362],[12.70312709275287,46.08478303047577],[12.705064085737567,46.08482195803638],[12.70438104441426,46.08570960587249],[12.70696374812184,46.085761474463546],[12.706945080158947,46.086211785234354],[12.706299398321903,46.08619882335085],[12.706243376026109,46.08754975480661],[12.704951982208314,46.08752381889017],[12.704970667243462,46.08707350885167],[12.704324976245314,46.087060535629035],[12.704362355470176,46.086159915832866],[12.70177963787778,46.08610798811848],[12.701798347802848,46.08565767896945],[12.699861330005929,46.08561869552516],[12.699767697238133,46.08787023780937],[12.700413395620075,46.087883236950745],[12.700488281745205,46.08608200239407],[12.70113395958942,46.08609499707854],[12.70098422216348,46.08969746715171],[12.701629942418034,46.089710459815585],[12.701723505426173,46.087458915316354],[12.704306285964512,46.08751084546485],[12.70428759523811,46.087961155259144],[12.703641894192106,46.087948177986334],[12.70358580360114,46.08929910651182],[12.702940087260835,46.089286124985755],[12.70290268081204,46.09018674338947],[12.70419413492167,46.09021270360788],[12.704119358646402,46.09201394153954],[12.7028091568861,46.09243828867208],[12.70264078572075,46.09649106756471],[12.699411790907872,46.096426089018124]],[[12.701424064535425,46.09466385405914],[12.70206984295081,46.09467684531067],[12.702163404263374,46.09242530208078],[12.701517652084728,46.092412311844136],[12.701424064535425,46.09466385405914]],[[12.698288897857045,46.09234730598117],[12.700226149060173,46.09238632043488],[12.700282327715712,46.09103539582579],[12.700928063265359,46.09104839274384],[12.70096550297708,46.09014777572395],[12.700319777920452,46.090134779212036],[12.700338502353176,46.089684470842855],[12.699692782987245,46.08967147088902],[12.699674053308211,46.09012177905509],[12.698382605417388,46.090095767806126],[12.698288897857045,46.09234730598117]],[[12.691850217653192,46.09176671534275],[12.692495957908958,46.09177976005478],[12.692665044397515,46.087727006702934],[12.692019351357118,46.087713963825124],[12.691981769225796,46.08861457556454],[12.69133606613993,46.088601528634385],[12.691317269156373,46.08905183423787],[12.691962977488128,46.0890648813719],[12.691850217653192,46.09176671534275]],[[12.695724665874252,46.091844928937135],[12.697016152178401,46.09187097097364],[12.697091159305602,46.09006974197714],[12.695799714973846,46.090043701568156],[12.695724665874252,46.091844928937135]],[[12.696557965672307,46.08735488007415],[12.699140731992788,46.08740692685266],[12.699215658295548,46.085605693754815],[12.69727864583193,46.08556666657713],[12.697222404567274,46.086917589633444],[12.69657671889992,46.0869045726752],[12.696557965672307,46.08735488007415]]]},"properties":{"ndvi_class":"sparse","color":"#c7e9c0","area_m2":732976}},{"type":"Feature","geometry":{"type":"Polygon","coordinates":[[[12.713513609272615,46.08363932623699],[12.713532222119017,46.08318901319527],[12.714177872106912,46.08320193357481],[12.714159264505223,46.0836522468184],[12.713513609272615,46.08363932623699]]]},"properties":{"ndvi_class":"dense","color":"#238b45","area_m2":2502}},{"type":"Feature","geometry":{"type":"Polygon","coordinates":[[[12.677927645501434,46.084724289194945],[12.677319810432396,46.083810560722014],[12.679902376299859,46.083863039108294],[12.680623541025227,46.08207493899563],[12.681269163084524,46.082088045018814],[12.68115590864265,46.08478986189625],[12.677927645501434,46.084724289194945]]]},"properties":{"ndvi_class":"dense","color":"#238b45","area_m2":42528}},{"type":"Feature","geometry":{"type":"Polygon","coordinates":[[[12.710856453017545,46.08538885598803],[12.709639687157146,46.083561726218285],[12.710285339737654,46.08357466866544],[12.710303978807422,46.08312435663397],[12.71224092346843,46.08316316150345],[12.712259546360249,46.082712848824194],[12.712905190220074,46.08272577629024],[12.712147802349532,46.08541472427762],[12.710856453017545,46.08538885598803]]]},"properties":{"ndvi_class":"dense","color":"#238b45","area_m2":45029}},{"type":"Feature","geometry":{"type":"Polygon","coordinates":[[[12.679940148757343,46.08296243430172],[12.679977919413945,46.08206182932859],[12.680623541025227,46.08207493899563],[12.680585780856562,46.082975544378435],[12.679940148757343,46.08296243430172]]]},"properties":{"ndvi_class":"moderate","color":"#74c476","area_m2":5003}},{"type":"Feature","geometry":{"type":"Polygon","coordinates":[[[12.70061931528185,46.08292984032076],[12.700638032573545,46.082479531287],[12.703220578781727,46.08253148166368],[12.703201882467415,46.08298179150914],[12.70061931528185,46.08292984032076]]]},"properties":{"ndvi_class":"dense","color":"#238b45","area_m2":10006}},{"type":"Feature","geometry":{"type":"Polygon","coordinates":[[[12.713401922875345,46.0863412036164],[12.712793477678598,46.08542765295565],[12.714084829662252,46.085453499378104],[12.714159264505223,46.0836522468184],[12.715469173407286,46.08322776340111],[12.715506366301707,46.08232713598241],[12.716152007124808,46.08234004502575],[12.716096232852044,46.08369098669676],[12.71545057629506,46.0836780770483],[12.71543197873948,46.084128390654],[12.716077640541338,46.08414130050417],[12.716040454590168,46.08504192799466],[12.71474911044757,46.08501610384295],[12.71471190174208,46.085916730360594],[12.713401922875345,46.0863412036164]]]},"properties":{"ndvi_class":"dense","color":"#238b45","area_m2":42528}},{"type":"Feature","geometry":{"type":"Polygon","coordinates":[[[12.707975193839857,46.092542050169776],[12.707993857540616,46.09209173957507],[12.70734810661682,46.092078782349105],[12.707422777957293,46.090277540365115],[12.708068507893975,46.09029049678128],[12.708012520796396,46.09164142893887],[12.70930401347874,46.09166733205004],[12.710024346097404,46.08987903274995],[12.708732894503058,46.08985313854777],[12.70751610711928,46.088025986951315],[12.708807514973303,46.088051894114514],[12.708770205627708,46.08895251641412],[12.709415920710953,46.08896546493311],[12.70939727061726,46.08941577622299],[12.711334434260955,46.08945460051684],[12.711353068615837,46.08900428862035],[12.71199878546877,46.08901722255949],[12.712073297461854,46.087215973750375],[12.711427601592858,46.08720304061956],[12.711464865416039,46.08630241637029],[12.710819180480417,46.086289479998975],[12.71083781697113,46.08583916801424],[12.710192137723189,46.08582622820049],[12.71022941986215,46.08492560451094],[12.710875088619677,46.08493854392031],[12.710856453017545,46.08538885598803],[12.712147802349532,46.08541472427762],[12.712905190220074,46.08272577629024],[12.715487770076162,46.08277744971249],[12.714804920179414,46.083665163755505],[12.714159264505223,46.0836522468184],[12.714084829662252,46.085453499378104],[12.712793477678598,46.08542765295565],[12.713401922875345,46.0863412036164],[12.71404760957885,46.08635412540915],[12.714066219842389,46.085903812414344],[12.71471190174208,46.085916730360594],[12.71474911044757,46.08501610384295],[12.716040454590168,46.08504192799466],[12.716077640541338,46.08414130050417],[12.71543197873948,46.084128390654],[12.71545057629506,46.0836780770483],[12.716096232852044,46.08369098669676],[12.716152007124808,46.08234004502575],[12.718088932240635,46.08237875029081],[12.718014628593748,46.084180008188326],[12.719324522252608,46.08375548027395],[12.719287389637728,46.08465610986274],[12.717977474113118,46.085080636888414],[12.71794031786089,46.08598126542272],[12.717294633754829,46.08596836569953],[12.717313217347812,46.085518051654674],[12.71602186094968,46.08549224167771],[12.715301783435239,46.08728058473312],[12.713991776126063,46.08770506414471],[12.713954551605594,46.08860568976109],[12.71330883867291,46.0885927669588],[12.713271601884886,46.08949339200545],[12.712625878901534,46.08948046515428],[12.712570004650468,46.09083140180729],[12.71192426636944,46.090818470704974],[12.711887004154672,46.09171909452884],[12.711241255822095,46.0917061593771],[12.710558222951782,46.092593843429434],[12.709912465009795,46.09258090058263],[12.709931112969203,46.09213058938089],[12.708639608907363,46.09210469315569],[12.708620950453707,46.092555003952796],[12.707975193839857,46.092542050169776]],[[12.717350383204682,46.08461742344057],[12.717996051574875,46.084630322559086],[12.718014628593748,46.084180008188326],[12.717368965468594,46.084167109271334],[12.717350383204682,46.08461742344057]],[[12.713513609272615,46.08363932623699],[12.714159264505223,46.0836522468184],[12.714177872106912,46.08320193357481],[12.713532222119017,46.08318901319527],[12.713513609272615,46.08363932623699]]]},"properties":{"ndvi_class":"moderate","color":"#74c476","area_m2":310201}},{"type":"Feature","geometry":{"type":"Polygon","coordinates":[[[12.718014628593748,46.084180008188326],[12.718088932240635,46.08237875029081],[12.719380217855381,46.08240453557994],[12.719324522252608,46.08375548027395],[12.718014628593748,46.084180008188326]]]},"properties":{"ndvi_class":"sparse","color":"#c7e9c0","area_m2":17511}},{"type":"Feature","geometry":{"type":"Polygon","coordinates":[[[12.673294447672,46.08733413496837],[12.673313390180247,46.08688383497082],[12.67395906499293,46.08689698333566],[12.674034809530852,46.08509578210703],[12.6733891556975,46.08508263456389],[12.673351273841996,46.08598323485072],[12.672059946545076,46.085956928009864],[12.672135750406456,46.08415572891358],[12.670844466864816,46.08412940914054],[12.670863427189184,46.083679109673476],[12.673445975094284,46.083731733821125],[12.673464913990205,46.08328143349018],[12.672173649626549,46.08325512911535],[12.67156592602017,46.08234137190823],[12.673502790427618,46.08238083270329],[12.673540665059212,46.08148023174971],[12.674186276939892,46.08149337764959],[12.674053744536776,46.08464548169571],[12.674699393574942,46.08465862538929],[12.674585808237069,46.08736042846445],[12.673294447672,46.08733413496837]]]},"properties":{"ndvi_class":"sparse","color":"#c7e9c0","area_m2":80052}},{"type":"Feature","geometry":{"type":"Polygon","coordinates":[[[12.67479403561308,46.08240712168079],[12.67483188926981,46.081506519905744],[12.676123115276877,46.08153279348679],[12.676085282595121,46.08243339608286],[12.67479403561308,46.08240712168079]]]},"properties":{"ndvi_class":"dense","color":"#238b45","area_m2":10006}},{"type":"Feature","geometry":{"type":"Polygon","coordinates":[[[12.676085282595121,46.08243339608286],[12.676123115276877,46.08153279348679],[12.676768728953773,46.08154592481169],[12.676730906759547,46.08244652781809],[12.676085282595121,46.08243339608286]]]},"properties":{"ndvi_class":"moderate","color":"#74c476","area_m2":5003}},{"type":"Feature","geometry":{"type":"Polygon","coordinates":[[[12.66746231564252,46.16428205000352],[12.667519437256306,46.16293117374595],[12.666872876500232,46.16291797234537],[12.666949053354706,46.16111680424302],[12.66759559304717,46.16113000481852],[12.667690777564177,46.15887854272059],[12.668337291382109,46.1588917386113],[12.668375351479384,46.15799115306776],[12.669021855219492,46.15800434489269],[12.669059902971107,46.15710375877005],[12.670371903413955,46.15667983709963],[12.671132427599813,46.153991254019445],[12.672425344387605,46.15401760108324],[12.67310977987694,46.15313017979166],[12.673756228871326,46.15314334377988],[12.673832155219102,46.151342163768646],[12.674478583611235,46.15135532328154],[12.674516533542022,46.15045473261459],[12.675162951859003,46.150467888063766],[12.67518192088258,46.15001759246221],[12.675828334387349,46.1500307440534],[12.675885222955163,46.14867985638224],[12.677196971167254,46.1482558509903],[12.677215922141666,46.14780555456411],[12.677862310685207,46.14781869417137],[12.678584456960293,46.14603064236281],[12.67923082535614,46.14604377384497],[12.679306554362885,46.144242584594096],[12.679952902162858,46.14425571160382],[12.680066450558991,46.14155392524728],[12.681377997009786,46.141129867569425],[12.681415820919948,46.140229270880745],[12.6820621227225,46.14024238509089],[12.682118839424497,46.138891489130856],[12.681472553401509,46.138878375535434],[12.681491463326434,46.13842807700372],[12.682137744089818,46.13844119039423],[12.682175552067525,46.13754059279607],[12.682821822760971,46.137553702125906],[12.682213358241405,46.13663999503137],[12.683505879040322,46.13666620922091],[12.683543662374738,46.13576561047046],[12.684855044405964,46.13534150939104],[12.685539039677504,46.1344540028661],[12.686831512372615,46.1344801785025],[12.68751546511986,46.13359265922348],[12.688161692070363,46.133605737506606],[12.68829364614338,46.130453629090674],[12.688939836736523,46.13046670229337],[12.688977523338895,46.12956609910582],[12.689623703864855,46.12957916825004],[12.689661378155249,46.12867856448769],[12.690307548614353,46.12869162957367],[12.690345210593843,46.12779102523667],[12.690991370986414,46.12780408626463],[12.691029020656085,46.12690348135309],[12.691675170982444,46.12691653832329],[12.691750443908878,46.12511532718507],[12.693061510449661,46.124691125248845],[12.69317434061598,46.12198930459755],[12.693820434468392,46.122002348376746],[12.694541697868889,46.120214172277635],[12.695187771594155,46.120227207944026],[12.695244127951053,46.11887629472454],[12.695890186358866,46.11888932613126],[12.695927744514982,46.117988716703195],[12.696573792860265,46.11800174405419],[12.696611338717023,46.11710113405276],[12.697257377000101,46.117114157348226],[12.69729491055858,46.11621354677359],[12.698586967446369,46.11623958160564],[12.699270496805575,46.115351981588134],[12.699916515855579,46.11536498947685],[12.699935260055174,46.11491468323075],[12.699289246258488,46.114901675545276],[12.699364239598758,46.11310045095843],[12.700010232383422,46.113113457830934],[12.70006645693633,46.111762538344884],[12.700712434408187,46.11177554095995],[12.700749904704226,46.11087492735521],[12.701395872116288,46.110887925916295],[12.701414601342034,46.11043761884852],[12.702725245270779,46.11001329710631],[12.70276268048189,46.10911268195106],[12.704073282834333,46.10868834387063],[12.704129399456034,46.10733741948443],[12.704775327076163,46.10735039818468],[12.704794026473445,46.10690008977012],[12.706085872542893,46.10692603582348],[12.70616062366607,46.10512480012848],[12.705514721412966,46.10511182973607],[12.705552104801827,46.1042112120448],[12.706197996553934,46.1042241820319],[12.706235367659453,46.10332356376931],[12.706881249354584,46.10333652970435],[12.706974643072192,46.101084982308514],[12.707620498961532,46.10109794358417],[12.707676514099548,46.09974701404108],[12.708322354684045,46.09975997106291],[12.708341020257187,46.099309660929755],[12.709651346887032,46.098885253050376],[12.709670001072313,46.09843494242951],[12.710315827238526,46.09844788790557],[12.71035312377732,46.097547266134825],[12.710998939888732,46.0975602075603],[12.711054865616944,46.096209273986425],[12.711700666425587,46.096222211159414],[12.711775206848689,46.09442096500494],[12.712420987107675,46.09443389772374],[12.712495499432036,46.09263265009732],[12.713141259143136,46.092645578362415],[12.713197122981882,46.091294641601124],[12.713842867393698,46.09130756561497],[12.713880097239516,46.09040694049621],[12.714525831599566,46.09041986046102],[12.714563049177093,46.089519234772645],[12.7152087734857,46.08953215068867],[12.715264580785906,46.08818121123972],[12.71591028979727,46.08819412290543],[12.716593180915527,46.08730640361281],[12.717238880317518,46.08731930758545],[12.717276049718793,46.08641867970296],[12.718586002407855,46.08599416150125],[12.718623148169351,46.08509353256397],[12.719268822666338,46.08510642459499],[12.719380217855381,46.08240453557994],[12.720025861323641,46.08241742275822],[12.72004442039495,46.08196710757596],[12.725209542029793,46.08207007220167],[12.725191024914597,46.08252038899272],[12.724545377926413,46.08250753096822],[12.724471284071527,46.08430879691464],[12.723825616543463,46.084295934442025],[12.723770025779391,46.08564688286407],[12.723124342955215,46.085634016143885],[12.723068732478069,46.08698496359003],[12.721758788474325,46.087409533339276],[12.721721690744909,46.08831016387551],[12.721075977765961,46.08829728501414],[12.721038867774968,46.0891979149822],[12.720393144743785,46.089185032073296],[12.720356022490138,46.09008566147304],[12.71904598447925,46.09051019814949],[12.71828877254379,46.09319918703149],[12.71764300405301,46.09318628772857],[12.717605831851694,46.09408691477072],[12.716960053306824,46.09407401141903],[12.716904275937383,46.09542495106653],[12.716258482090078,46.095412043464165],[12.716221284464092,46.09631266928519],[12.715575480561819,46.09629975763353],[12.715519665051206,46.0976506954489],[12.714873845845018,46.0976377795459],[12.714818010595028,46.09898871638266],[12.714172176084006,46.09897579622796],[12.714134939866673,46.09987642017471],[12.713489095299234,46.099863495969885],[12.713433221895126,46.101214430973165],[12.712787362021372,46.10120150251598],[12.712750100365183,46.10210212524013],[12.712104230434136,46.10208919273229],[12.711383790300728,46.10387749991155],[12.710737900254118,46.10386455930169],[12.710700601763413,46.104765180315255],[12.710054701658537,46.10475223565404],[12.709998734834674,46.10610316625643],[12.709352819420323,46.106090217341304],[12.709315495477837,46.10699083713079],[12.708669570004334,46.10697788416376],[12.70863223377906,46.107878503382494],[12.70798629824609,46.10786554636334],[12.707948949736945,46.10876616501117],[12.70730300414418,46.108753203939656],[12.70726564335009,46.10965382201645],[12.70595504091872,46.11007819669159],[12.705917656443052,46.11097881370888],[12.704607012432264,46.1114031720475],[12.70456960427189,46.112303788004766],[12.703258918679184,46.11272813000521],[12.70322148683097,46.11362874490191],[12.702575486570002,46.1136157560662],[12.702519319690527,46.114966677490926],[12.701873304114647,46.114953684398145],[12.701817117455942,46.11630460484003],[12.701171086564228,46.11629160748984],[12.700450092287298,46.11807983154073],[12.699804041269685,46.11806682608102],[12.699120485083192,46.11895442843525],[12.697809600270181,46.11937870372181],[12.69779083583592,46.11982900894247],[12.697144765582,46.119815988074755],[12.697032138047676,46.12251781730522],[12.696386036709665,46.122504791567636],[12.696348480105442,46.12340540057159],[12.695702368702381,46.12339237077774],[12.695646014669478,46.124743283361155],[12.69499988794518,46.12473024930713],[12.694962305837487,46.125630857080914],[12.694316169047255,46.12561781897007],[12.693594821057927,46.127405990628425],[12.692948664134862,46.12739294440326],[12.692892234920887,46.12874385341915],[12.692246062673984,46.12873080293256],[12.692189613650253,46.13008171096245],[12.691543426078589,46.13006865621407],[12.691505780636883,46.13096926095144],[12.690859582997195,46.13095620214495],[12.690803095693704,46.13230710832692],[12.690156882727775,46.13229404525798],[12.690119211763449,46.13319464876311],[12.689472988728612,46.13318158163551],[12.689454147314212,46.1336318831215],[12.688807919468521,46.133618812139275],[12.688086279849593,46.13540694140038],[12.68744003186495,46.13539386229982],[12.687402312538218,46.13629446358834],[12.686756054483617,46.13628138042827],[12.686718322838928,46.1371819811415],[12.686072054714042,46.137168893921675],[12.686034310750317,46.13806949405945],[12.685388032554826,46.13805640277965],[12.685350276270984,46.13895700234182],[12.684703988004562,46.1389439070018],[12.684666219399519,46.139844505988265],[12.684019921061845,46.13983140658779],[12.68398214013452,46.140732004998384],[12.68333583172527,46.14071890153722],[12.683279141173008,46.14206979822662],[12.68263281743135,46.14205669049972],[12.682595010954275,46.14295728767488],[12.681948677140157,46.14294417588677],[12.681910858337254,46.1438447724856],[12.681264514450353,46.143831656636046],[12.681226683320537,46.14473225265843],[12.68058032936053,46.14471913274718],[12.680542485902718,46.145619728193],[12.679896121869284,46.14560660421982],[12.679858266082396,46.146507199088894],[12.679211891975209,46.14649407105355],[12.67848975922861,46.14828212696325],[12.677843364972949,46.14826899080289],[12.677786525123954,46.14961988044748],[12.677140115531042,46.14960674001894],[12.677083255825087,46.15095762867258],[12.676436830894001,46.15094448397548],[12.676398911636054,46.15184507579213],[12.675752476629125,46.15183192703158],[12.675695578559138,46.15318281382765],[12.675049128212551,46.15316966079788],[12.675011183375798,46.154070251375835],[12.673699279354807,46.154494228350636],[12.673661310745645,46.15539481785604],[12.673014835432115,46.15538165283932],[12.672957863327891,46.15673253616768],[12.67231137267246,46.15671936688054],[12.672273378474609,46.15761995514611],[12.671626877741158,46.157606781794044],[12.671588871200322,46.158507369481164],[12.670942360388533,46.15849419206393],[12.670219789383125,46.160282184219625],[12.669573258413681,46.16026899867136],[12.669516192368382,46.16161987753517],[12.668869646053873,46.161606687714944],[12.668850617865044,46.16205698038004],[12.667557516060386,46.16203058936566],[12.667538476885513,46.16248088157667],[12.66818503282776,46.16249407911703],[12.668146963647322,46.16339466382633],[12.668793530574062,46.16340785812505],[12.66875547010953,46.164308443079854],[12.66746231564252,46.16428205000352]]]},"properties":{"ndvi_class":"bare","color":"#d9d9d9","area_m2":2419071}},{"type":"Feature","geometry":{"type":"Polygon","coordinates":[[[12.670274685330485,46.08231504649239],[12.670331575254849,46.08096414808298],[12.671622784483006,46.080990472264915],[12.671584879292926,46.08189107206881],[12.670274685330485,46.08231504649239]]]},"properties":{"ndvi_class":"dense","color":"#238b45","area_m2":12508}},{"type":"Feature","geometry":{"type":"Polygon","coordinates":[[[12.692777748569025,46.08502516926412],[12.69287165639792,46.082773636921786],[12.69158038615081,46.08274755200509],[12.691636756939639,46.08139663332345],[12.692282376108246,46.08140967699241],[12.692890436620509,46.082323330328606],[12.69676422658867,46.08240149640023],[12.697447345493734,46.08151389516443],[12.699384216355218,46.08155291685451],[12.6993654894678,46.08200322556517],[12.70001111922128,46.08201622571043],[12.69932803435363,46.08290384286181],[12.6960998398127,46.08283878544272],[12.696006063098038,46.085090322874784],[12.692777748569025,46.08502516926412]]]},"properties":{"ndvi_class":"dense","color":"#238b45","area_m2":120078}},{"type":"Feature","geometry":{"type":"Polygon","coordinates":[[[12.681933654513331,46.08165084423481],[12.68195252298515,46.08120054102983],[12.682598135452585,46.08121363935597],[12.682579272224462,46.081663942765594],[12.681933654513331,46.08165084423481]]]},"properties":{"ndvi_class":"bare","color":"#d9d9d9","area_m2":2502}},{"type":"Feature","geometry":{"type":"Polygon","coordinates":[[[12.682579272224462,46.081663942765594],[12.682598135452585,46.08121363935597],[12.683243748367632,46.08122673403833],[12.683224890383217,46.081677037652554],[12.682579272224462,46.081663942765594]]]},"properties":{"ndvi_class":"sparse","color":"#c7e9c0","area_m2":2502}},{"type":"Feature","geometry":{"type":"Polygon","coordinates":[[[12.701302380060948,46.08204221506899],[12.701321091216176,46.08159190574916],[12.702612343343754,46.08161788012581],[12.70259364267672,46.08206818985149],[12.701302380060948,46.08204221506899]]]},"properties":{"ndvi_class":"dense","color":"#238b45","area_m2":5003}},{"type":"Feature","geometry":{"type":"Polygon","coordinates":[[[12.672249442646075,46.081453929018764],[12.672287336445724,46.08055332872037],[12.67293293694068,46.0805664814967],[12.672895053627899,46.0814670822061],[12.672249442646075,46.081453929018764]]]},"properties":{"ndvi_class":"sparse","color":"#c7e9c0","area_m2":5003}},{"type":"Feature","geometry":{"type":"Polygon","coordinates":[[[12.675477502048848,46.08151965851815],[12.675515343413888,46.08061905616585],[12.676160946154917,46.08063219072406],[12.676123115276877,46.08153279348679],[12.675477502048848,46.08151965851815]]]},"properties":{"ndvi_class":"sparse","color":"#c7e9c0","area_m2":5003}},{"type":"Feature","geometry":{"type":"Polygon","coordinates":[[[12.676123115276877,46.08153279348679],[12.676160946154917,46.08063219072406],[12.67680654934479,46.080645321638634],[12.677414343079416,46.08155905249282],[12.676123115276877,46.08153279348679]]]},"properties":{"ndvi_class":"bare","color":"#d9d9d9","area_m2":7505}},{"type":"Feature","geometry":{"type":"Polygon","coordinates":[[[12.68576969212595,46.08262998950127],[12.685807367492032,46.08172938076206],[12.68516174754401,46.08171630045045],[12.685845041061885,46.080828771856375],[12.68649065096949,46.080841848115504],[12.686471819652738,46.08129215279346],[12.688408667787222,46.08133136032092],[12.688352218338718,46.08268227594294],[12.68576969212595,46.08262998950127]]]},"properties":{"ndvi_class":"dense","color":"#238b45","area_m2":35023}},{"type":"Feature","geometry":{"type":"Polygon","coordinates":[[[12.693554841699306,46.08188606027876],[12.693592389418328,46.080985446477136],[12.696820470179157,46.08105057270742],[12.696782974899099,46.08195118854418],[12.693554841699306,46.08188606027876]]]},"properties":{"ndvi_class":"sparse","color":"#c7e9c0","area_m2":25016}},{"type":"Feature","geometry":{"type":"Polygon","coordinates":[[[12.68066129939362,46.08117433344629],[12.680680177902746,46.08072403060916],[12.681325784231035,46.08073713601805],[12.681306910965453,46.08118743905993],[12.68066129939362,46.08117433344629]]]},"properties":{"ndvi_class":"moderate","color":"#74c476","area_m2":2502}},{"type":"Feature","geometry":{"type":"Polygon","coordinates":[[[12.680680177902746,46.08072403060916],[12.68069905596184,46.0802737277304],[12.681344657046711,46.080286832934526],[12.681325784231035,46.08073713601805],[12.680680177902746,46.08072403060916]]]},"properties":{"ndvi_class":"dense","color":"#238b45","area_m2":2502}},{"type":"Feature","geometry":{"type":"Polygon","coordinates":[[[12.675363967128012,46.08422146457506],[12.675382890742576,46.08377116366973],[12.674091613194447,46.08374488074802],[12.674186276939892,46.08149337764959],[12.673540665059212,46.08148023174971],[12.673502790427618,46.08238083270329],[12.67156592602017,46.08234137190823],[12.671546972295586,46.08279167170597],[12.670255721118226,46.08276534587881],[12.670274685330485,46.08231504649239],[12.671584879292926,46.08189107206881],[12.671622784483006,46.080990472264915],[12.669685971315669,46.08095098052655],[12.669704938963015,46.080500681179096],[12.6709961368047,46.080527012236914],[12.671034049770405,46.07962641259416],[12.676198775229349,46.07973158779472],[12.676160946154917,46.08063219072406],[12.675515343413888,46.08061905616585],[12.67479403561308,46.08240712168079],[12.676085282595121,46.08243339608286],[12.676693082761993,46.083347130657884],[12.679275625858525,46.08339962280025],[12.679294517106289,46.08294932058105],[12.679940148757343,46.08296243430172],[12.679902376299859,46.083863039108294],[12.676028530190289,46.083784299664536],[12.676009611820039,46.084234600775105],[12.675363967128012,46.08422146457506]],[[12.672249442646075,46.081453929018764],[12.672895053627899,46.0814670822061],[12.67293293694068,46.0805664814967],[12.672287336445724,46.08055332872037],[12.672249442646075,46.081453929018764]]]},"properties":{"ndvi_class":"moderate","color":"#74c476","area_m2":145094}},{"type":"Feature","geometry":{"type":"Polygon","coordinates":[[[12.669704938963015,46.080500681179096],[12.669742872901274,46.07960008235912],[12.670388461110871,46.07961324929837],[12.6709961368047,46.080527012236914],[12.669704938963015,46.080500681179096]]]},"properties":{"ndvi_class":"sparse","color":"#c7e9c0","area_m2":7505}},{"type":"Feature","geometry":{"type":"Polygon","coordinates":[[[12.676693082761993,46.083347130657884],[12.676085282595121,46.08243339608286],[12.676730906759547,46.08244652781809],[12.676768728953773,46.08154592481169],[12.677414343079416,46.08155905249282],[12.67743324825673,46.08110875072201],[12.676160946154917,46.08063219072406],[12.676198775229349,46.07973158779472],[12.677489961084722,46.07975784515968],[12.67747105725937,46.080208147055444],[12.679407855136104,46.080247506391274],[12.679388966590208,46.080697808860336],[12.680680177902746,46.08072403060916],[12.68066129939362,46.08117433344629],[12.681306910965453,46.08118743905993],[12.681325784231035,46.08073713601805],[12.682616998231037,46.08076333590473],[12.681933654513331,46.08165084423481],[12.68064242043445,46.08162463624179],[12.680623541025227,46.08207493899563],[12.679977919413945,46.08206182932859],[12.679940148757343,46.08296243430172],[12.679294517106289,46.08294932058105],[12.679275625858525,46.08339962280025],[12.676693082761993,46.083347130657884]]]},"properties":{"ndvi_class":"sparse","color":"#c7e9c0","area_m2":107570}},{"type":"Feature","geometry":{"type":"Polygon","coordinates":[[[12.687136261323952,46.08085492073089],[12.686528312256291,46.079941238634795],[12.687819512438015,46.079967379404934],[12.688427483372948,46.080881055030396],[12.687136261323952,46.08085492073089]]]},"properties":{"ndvi_class":"sparse","color":"#c7e9c0","area_m2":10006}},{"type":"Feature","geometry":{"type":"Polygon","coordinates":[[[12.675553182974822,46.079718453646926],[12.675572102078783,46.07926815232496],[12.676217689090244,46.07928128626753],[12.676198775229349,46.07973158779472],[12.675553182974822,46.079718453646926]]]},"properties":{"ndvi_class":"sparse","color":"#c7e9c0","area_m2":2502}},{"type":"Feature","geometry":{"type":"Polygon","coordinates":[[[12.689091904960845,46.08044381117829],[12.689148331951378,46.079092894320105],[12.689793923118405,46.07910595154436],[12.689737511857897,46.08045686901458],[12.689091904960845,46.08044381117829]]]},"properties":{"ndvi_class":"very_dense","color":"#00441b","area_m2":7505}},{"type":"Feature","geometry":{"type":"Polygon","coordinates":[[[12.681895916220267,46.08255145051983],[12.68191478559171,46.082101147398134],[12.683206031949249,46.08212734122514],[12.6832626059025,46.08077643038249],[12.684553822587736,46.08080260840689],[12.68457266918612,46.08035230430043],[12.68392706586331,46.08033921731456],[12.683319175809983,46.079425519165255],[12.680736810729998,46.07937312184798],[12.680717933570921,46.079823424810016],[12.679426743231733,46.07979720388056],[12.679464518072248,46.07889659873421],[12.680110102531646,46.07890971061099],[12.680128984033665,46.078459407770495],[12.681420143810639,46.07848562018413],[12.681401272794448,46.07893592343417],[12.683338031546809,46.07897521534293],[12.683356886834162,46.07852491147898],[12.684002468736988,46.078538001290404],[12.684610361035093,46.079451695962646],[12.685901548048959,46.079477858185804],[12.685863877173254,46.080378467341134],[12.68521827295614,46.08036538764263],[12.684497280096853,46.08215352047661],[12.683851655799353,46.08214043267281],[12.683832802159785,46.08259073640833],[12.681895916220267,46.08255145051983]]]},"properties":{"ndvi_class":"dense","color":"#238b45","area_m2":77550}},{"type":"Feature","geometry":{"type":"Polygon","coordinates":[[[12.683983618692611,46.07898830535888],[12.684002468736988,46.078538001290404],[12.684648051087104,46.0785510874584],[12.684629206285713,46.079001391731325],[12.683983618692611,46.07898830535888]]]},"properties":{"ndvi_class":"moderate","color":"#74c476","area_m2":2502}},{"type":"Feature","geometry":{"type":"Polygon","coordinates":[[[12.687192736850585,46.07950400583467],[12.687211561128628,46.07905370078606],[12.68656597174757,46.079040628987656],[12.686603629443434,46.0781400191741],[12.687875969542624,46.078616463646554],[12.687838331921498,46.07951707419374],[12.687192736850585,46.07950400583467]]]},"properties":{"ndvi_class":"dense","color":"#238b45","area_m2":10006}},{"type":"Feature","geometry":{"type":"Polygon","coordinates":[[[12.683356886834162,46.07852491147898],[12.683375741672048,46.07807460757341],[12.684021318332027,46.07808769718032],[12.684002468736988,46.078538001290404],[12.683356886834162,46.07852491147898]]]},"properties":{"ndvi_class":"moderate","color":"#74c476","area_m2":2502}},{"type":"Feature","geometry":{"type":"Polygon","coordinates":[[[12.68852155457385,46.07862952795379],[12.688540367468578,46.07817922241368],[12.689831528384236,46.07820533968961],[12.689812725975429,46.07865564563778],[12.68852155457385,46.07862952795379]]]},"properties":{"ndvi_class":"very_dense","color":"#00441b","area_m2":5003}},{"type":"Feature","geometry":{"type":"Polygon","coordinates":[[[12.67686327655051,46.07929441656665],[12.67688218471759,46.07884411479268],[12.678173350498085,46.07887036405032],[12.678230040838699,46.07751945724812],[12.678875608673406,46.07753257579689],[12.678800041622877,46.07933378560307],[12.67686327655051,46.07929441656665]]]},"properties":{"ndvi_class":"sparse","color":"#c7e9c0","area_m2":15010}},{"type":"Feature","geometry":{"type":"Polygon","coordinates":[[[12.678818934061022,46.07888348321399],[12.678875608673406,46.07753257579689],[12.679521176956367,46.07754569070237],[12.679464518072248,46.07889659873421],[12.678818934061022,46.07888348321399]]]},"properties":{"ndvi_class":"bare","color":"#d9d9d9","area_m2":7505}},{"type":"Feature","geometry":{"type":"Polygon","coordinates":[[[12.679464518072248,46.07889659873421],[12.679521176956367,46.07754569070237],[12.680166745687455,46.07755880196458],[12.680110102531646,46.07890971061099],[12.679464518072248,46.07889659873421]]]},"properties":{"ndvi_class":"sparse","color":"#c7e9c0","area_m2":7505}},{"type":"Feature","geometry":{"type":"Polygon","coordinates":[[[12.685958050995106,46.07812694414075],[12.685976884412568,46.077676639375845],[12.687268031270433,46.077702785390606],[12.687249208338539,46.078153090564044],[12.685958050995106,46.07812694414075]]]},"properties":{"ndvi_class":"moderate","color":"#74c476","area_m2":5003}},{"type":"Feature","geometry":{"type":"Polygon","coordinates":[[[12.682598135452585,46.08121363935597],[12.682616998231037,46.08076333590473],[12.681325784231035,46.08073713601805],[12.681344657046711,46.080286832934526],[12.68069905596184,46.0802737277304],[12.680680177902746,46.08072403060916],[12.679388966590208,46.080697808860336],[12.679407855136104,46.080247506391274],[12.67747105725937,46.080208147055444],[12.677489961084722,46.07975784515968],[12.676198775229349,46.07973158779472],[12.676217689090244,46.07928128626753],[12.675572102078783,46.07926815232496],[12.675609938933755,46.07836754955607],[12.676255515459463,46.07838068308824],[12.676312251632057,46.07702977800684],[12.676957812878806,46.077042907280244],[12.676901092433948,46.07839381297704],[12.677546669857083,46.078406939222496],[12.67758447345237,46.0775063350561],[12.678230040838699,46.07751945724812],[12.678173350498085,46.07887036405032],[12.67688218471759,46.07884411479268],[12.67686327655051,46.07929441656665],[12.678800041622877,46.07933378560307],[12.678818934061022,46.07888348321399],[12.679464518072248,46.07889659873421],[12.679426743231733,46.07979720388056],[12.680717933570921,46.079823424810016],[12.680736810729998,46.07937312184798],[12.683319175809983,46.079425519165255],[12.683300319623664,46.07987582294596],[12.683945917255786,46.07988891337096],[12.684553822587736,46.08080260840689],[12.6832626059025,46.08077643038249],[12.683243748367632,46.08122673403833],[12.682598135452585,46.08121363935597]]]},"properties":{"ndvi_class":"moderate","color":"#74c476","area_m2":97563}},{"type":"Feature","geometry":{"type":"Polygon","coordinates":[[[12.689681096562964,46.08180778611051],[12.689793923118405,46.07910595154436],[12.689148331951378,46.079092894320105],[12.689091904960845,46.08044381117829],[12.688446298510138,46.080430749698266],[12.68852155457385,46.07862952795379],[12.689812725975429,46.07865564563778],[12.689831528384236,46.07820533968961],[12.688540367468578,46.07817922241368],[12.68857799191269,46.07727861120868],[12.689869131857252,46.07730472766849],[12.690477109511361,46.07821839286242],[12.692413855568432,46.07825753052013],[12.692395074131625,46.07870783728376],[12.693040662285167,46.07872087608646],[12.692357509914848,46.07960845068627],[12.691066313972104,46.07958236133506],[12.690972343158021,46.08183389207558],[12.689681096562964,46.08180778611051]]]},"properties":{"ndvi_class":"dense","color":"#238b45","area_m2":82554}},{"type":"Feature","geometry":{"type":"Polygon","coordinates":[[[12.678230040838699,46.07751945724812],[12.678248936718017,46.07706915489746],[12.678894499310228,46.07708227324124],[12.678875608673406,46.07753257579689],[12.678230040838699,46.07751945724812]]]},"properties":{"ndvi_class":"moderate","color":"#74c476","area_m2":2502}},{"type":"Feature","geometry":{"type":"Polygon","coordinates":[[[12.678875608673406,46.07753257579689],[12.678894499310228,46.07708227324124],[12.679540062350682,46.07709538794181],[12.679521176956367,46.07754569070237],[12.678875608673406,46.07753257579689]]]},"properties":{"ndvi_class":"sparse","color":"#c7e9c0","area_m2":2502}},{"type":"Feature","geometry":{"type":"Polygon","coordinates":[[[12.679521176956367,46.07754569070237],[12.679540062350682,46.07709538794181],[12.68018562583925,46.077108498999166],[12.680166745687455,46.07755880196458],[12.679521176956367,46.07754569070237]]]},"properties":{"ndvi_class":"moderate","color":"#74c476","area_m2":2502}},{"type":"Feature","geometry":{"type":"Polygon","coordinates":[[[12.684685739342255,46.07765047878768],[12.684704582796043,46.07720017438993],[12.685350149865066,46.07721325630127],[12.685331311653904,46.07766356090344],[12.684685739342255,46.07765047878768]]]},"properties":{"ndvi_class":"moderate","color":"#74c476","area_m2":2502}},{"type":"Feature","geometry":{"type":"Polygon","coordinates":[[[12.70071289727844,46.080678294736636],[12.700750326953939,46.07977767621224],[12.698167913704946,46.07972567240596],[12.698149178116084,46.0801759808764],[12.694275540121653,46.080097864635725],[12.69431307377376,46.07919725009432],[12.693667479486061,46.079184218375076],[12.693686250884257,46.078733911245635],[12.694331839928772,46.07874694276128],[12.694388135709794,46.07739602051273],[12.69567928367687,46.077422071392256],[12.695698037557175,46.076971763485915],[12.698280317859512,46.07702382071094],[12.698261584950183,46.077474129430655],[12.698907161380113,46.07748713483172],[12.698224117791849,46.07837474674541],[12.700160879872552,46.07841375323729],[12.70014216135301,46.07886406244181],[12.702724537984588,46.078916020899804],[12.702649743340434,46.08071726054991],[12.70071289727844,46.080678294736636]]]},"properties":{"ndvi_class":"dense","color":"#238b45","area_m2":162606}},{"type":"Feature","geometry":{"type":"Polygon","coordinates":[[[12.691160273586334,46.077330829555],[12.69119785429644,46.076430216551906],[12.691843415344726,46.0764432616225],[12.69180584511976,46.07734387503326],[12.691160273586334,46.077330829555]]]},"properties":{"ndvi_class":"sparse","color":"#c7e9c0","area_m2":5003}},{"type":"Feature","geometry":{"type":"Polygon","coordinates":[[[12.70082518095156,46.07797643866507],[12.700843893335755,46.077526129174444],[12.700198315573022,46.077513134703636],[12.700235749488765,46.076612516003834],[12.701526884487206,46.07663850049003],[12.701489471542507,46.07753912000183],[12.702135050193153,46.07755210718576],[12.702116348294881,46.07800241708226],[12.70082518095156,46.07797643866507]]]},"properties":{"ndvi_class":"dense","color":"#238b45","area_m2":15010}},{"type":"Feature","geometry":{"type":"Polygon","coordinates":[[[12.684723425800655,46.076749869950525],[12.684742268356105,46.076299565469526],[12.685387824940253,46.076312646972085],[12.685368987627179,46.076762951657486],[12.684723425800655,46.076749869950525]]]},"properties":{"ndvi_class":"bare","color":"#d9d9d9","area_m2":2502}},{"type":"Feature","geometry":{"type":"Polygon","coordinates":[[[12.687951239401889,46.076815242053016],[12.68800768708664,46.07546432542106],[12.688653235419899,46.075477388299525],[12.688596803462097,46.076828305543785],[12.687951239401889,46.076815242053016]]]},"properties":{"ndvi_class":"dense","color":"#238b45","area_m2":7505}},{"type":"Feature","geometry":{"type":"Polygon","coordinates":[[[12.675723438676052,46.075665740249484],[12.675742353721608,46.075215438552576],[12.676387893551105,46.07522857064843],[12.676368983747489,46.07567887255051],[12.675723438676052,46.075665740249484]]]},"properties":{"ndvi_class":"moderate","color":"#74c476","area_m2":2502}},{"type":"Feature","geometry":{"type":"Polygon","coordinates":[[[12.686052213593161,46.07587541990015],[12.68607104476606,46.07542511492721],[12.686716591759598,46.07543818873489],[12.686697765828852,46.0758884939121],[12.686052213593161,46.07587541990015]]]},"properties":{"ndvi_class":"bare","color":"#d9d9d9","area_m2":2502}},{"type":"Feature","geometry":{"type":"Polygon","coordinates":[[[12.681401272794448,46.07893592343417],[12.681420143810639,46.07848562018413],[12.680128984033665,46.078459407770495],[12.680166745687455,46.07755880196458],[12.680812314866547,46.0775719095835],[12.680850064235152,46.07667130320146],[12.681495623377158,46.07668440676761],[12.681571095747117,46.07488319268501],[12.682862173437156,46.07490938725065],[12.682881029921647,46.07445908321667],[12.68481763408656,46.07449834712936],[12.684798793327623,46.07494865177682],[12.68608987549009,46.07497480991267],[12.685406661804306,46.07586234224509],[12.682824459119715,46.075809995193765],[12.682843316503183,46.07535969124302],[12.682197772192437,46.075346595577074],[12.682122318992409,46.07714781031185],[12.682767884272199,46.07716090679625],[12.682730165459468,46.07806151432313],[12.682084589694407,46.07804841742947],[12.682065724370862,46.078498720925836],[12.683356886834162,46.07852491147898],[12.683338031546809,46.07897521534293],[12.681401272794448,46.07893592343417]]]},"properties":{"ndvi_class":"moderate","color":"#74c476","area_m2":80052}},{"type":"Feature","geometry":{"type":"Polygon","coordinates":[[[12.690608677126678,46.07506624863317],[12.690627470708243,46.07461594214837],[12.69127301034194,46.07462899004672],[12.69125422200237,46.075079296735396],[12.690608677126678,46.07506624863317]]]},"properties":{"ndvi_class":"bare","color":"#d9d9d9","area_m2":2502}},{"type":"Feature","geometry":{"type":"Polygon","coordinates":[[[12.681087655117366,46.117237780572424],[12.681201041120346,46.114535979224094],[12.68055504028235,46.11452286574471],[12.680630642948271,46.11272166483261],[12.679357594683593,46.11224512864756],[12.679433230350986,46.11044392854231],[12.680079183020872,46.110457047472664],[12.68011698764588,46.109556446760195],[12.677533221672526,46.10950395079464],[12.677552144314443,46.10905365119619],[12.680781826646212,46.109119261009646],[12.680800722580537,46.108668960344396],[12.681446655141754,46.108682071160416],[12.681578877310182,46.105529963903855],[12.680287086147546,46.10550374149279],[12.680249289635302,46.10640434295481],[12.679603384225844,46.10639122586915],[12.679641191239032,46.10549062481702],[12.678368316099203,46.10501408034653],[12.678425053386196,46.103663179561174],[12.6771333087116,46.10363692232306],[12.677190073437655,46.10228602239359],[12.67654421752279,46.10227288892032],[12.676582068916199,46.10137228916946],[12.675936223949105,46.10135915246031],[12.675993013401625,46.10000825313731],[12.674701356309155,46.09998197001225],[12.674739234681889,46.099081371076586],[12.673447600381952,46.09905507418895],[12.673504446043998,46.097704176705534],[12.67156704520186,46.09766470587962],[12.671529117056501,46.09856530301014],[12.672174927383638,46.098578464009144],[12.672782829200404,46.09949221914848],[12.670845366728559,46.099452734917655],[12.670902276726471,46.09810184002654],[12.667673260338422,46.0980359631435],[12.667654264550507,46.09848626045294],[12.663133623809717,46.09839387825066],[12.663114590831258,46.09884417407497],[12.660531356493596,46.09879130321148],[12.66056946398146,46.09789071317326],[12.661215261391673,46.097903935944686],[12.661899143933343,46.09701656403893],[12.663190720022305,46.09704299052738],[12.663266841953078,46.095241806312146],[12.662621074672648,46.09522859571638],[12.662640109268203,46.09477829976465],[12.661348586557077,46.09475186804995],[12.661367631192874,46.094301572469455],[12.66330490019613,46.09434121395415],[12.66332392863712,46.09389091771255],[12.66396968062799,46.09390412404389],[12.663400037864477,46.092089732328944],[12.664045768868828,46.09210293783495],[12.664083810268226,46.09120234448014],[12.665375252645973,46.09122874373218],[12.665413271247393,46.09032814938556],[12.664121849853748,46.09030175095844],[12.664102830287714,46.090752047740146],[12.663457115021941,46.090738842853106],[12.663514188097189,46.089387953001726],[12.662868489020338,46.08937474508896],[12.662925573750025,46.08802385548113],[12.663571257090585,46.088037062774816],[12.663590279181365,46.08758676594907],[12.66294460108599,46.08757355886173],[12.66302070589387,46.08577237196685],[12.663666363009769,46.085785578228815],[12.663628322002484,46.0866861721724],[12.664919658567298,46.086712574588745],[12.664843613072227,46.08851376362531],[12.665489303012041,46.088526960191714],[12.66547029575062,46.088977257552756],[12.668698778440778,46.08904318674632],[12.668717759474646,46.0885928883552],[12.669363452119004,46.08860606305414],[12.669401402338483,46.08770546573514],[12.670047084942409,46.087718636377915],[12.670085022862182,46.086818038480565],[12.669439350748508,46.08680486824934],[12.66947729734919,46.08590427059678],[12.668166991888436,46.08632821846008],[12.668204958563418,46.08542762154754],[12.66885061404206,46.085440798449845],[12.668926520984172,46.08363960330085],[12.670236756453875,46.08321564522354],[12.670844466864816,46.08412940914054],[12.672135750406456,46.08415572891358],[12.672059946545076,46.085956928009864],[12.673351273841996,46.08598323485072],[12.6733891556975,46.08508263456389],[12.674034809530852,46.08509578210703],[12.67395906499293,46.08689698333566],[12.673313390180247,46.08688383497082],[12.673294447672,46.08733413496837],[12.674585808237069,46.08736042846445],[12.674699393574942,46.08465862538929],[12.675990692998779,46.08468490184402],[12.676009611820039,46.084234600775105],[12.677946548589306,46.084273987510635],[12.677927645501434,46.084724289194945],[12.68115590864265,46.08478986189625],[12.681269163084524,46.082088045018814],[12.680623541025227,46.08207493899563],[12.68064242043445,46.08162463624179],[12.683224890383217,46.081677037652554],[12.683206031949249,46.08212734122514],[12.68191478559171,46.082101147398134],[12.681895916220267,46.08255145051983],[12.683832802159785,46.08259073640833],[12.683851655799353,46.08214043267281],[12.684497280096853,46.08215352047661],[12.684534975540075,46.08125291247175],[12.685180589797218,46.08126599622277],[12.68521827295614,46.08036538764263],[12.685863877173254,46.080378467341134],[12.685901548048959,46.079477858185804],[12.684610361035093,46.079451695962646],[12.684629206285713,46.079001391731325],[12.687211561128628,46.07905370078606],[12.687192736850585,46.07950400583467],[12.687838331921498,46.07951707419374],[12.687875969542624,46.078616463646554],[12.68723038495794,46.07860339569586],[12.687913605369387,46.077715852932975],[12.688559179914854,46.077728916831965],[12.688446298510138,46.080430749698266],[12.689737511857897,46.08045686901458],[12.689681096562964,46.08180778611051],[12.690972343158021,46.08183389207558],[12.691066313972104,46.07958236133506],[12.692357509914848,46.07960845068627],[12.693040662285167,46.07872087608646],[12.692395074131625,46.07870783728376],[12.692413855568432,46.07825753052013],[12.690477109511361,46.07821839286242],[12.689869131857252,46.07730472766849],[12.68664128534399,46.07723940919413],[12.686678939449342,46.07633879904772],[12.687324497374034,46.07635186962076],[12.687380959439793,46.07500095347649],[12.69123543321494,46.07552960338247],[12.69125422200237,46.075079296735396],[12.691899767323878,46.07509234119455],[12.691937333071273,46.074191727368024],[12.692582868354554,46.07420476777663],[12.693190859303845,46.075118419183674],[12.695773048608109,46.07517053144498],[12.695754296515892,46.07562083951755],[12.698336513908288,46.075672894302556],[12.698317782338549,46.0761232031469],[12.700254465777396,46.07616220659164],[12.700198315573022,46.077513134703636],[12.700843893335755,46.077526129174444],[12.70082518095156,46.07797643866507],[12.702116348294881,46.07800241708226],[12.702078943160855,46.07890303675073],[12.70014216135301,46.07886406244181],[12.700160879872552,46.07841375323729],[12.698224117791849,46.07837474674541],[12.698242851594301,46.07792443810879],[12.698888433267134,46.077937443713076],[12.698280317859512,46.07702382071094],[12.695698037557175,46.076971763485915],[12.69567928367687,46.077422071392256],[12.694388135709794,46.07739602051273],[12.694331839928772,46.07874694276128],[12.693686250884257,46.078733911245635],[12.693667479486061,46.079184218375076],[12.69431307377376,46.07919725009432],[12.694275540121653,46.080097864635725],[12.698149178116084,46.0801759808764],[12.698167913704946,46.07972567240596],[12.700750326953939,46.07977767621224],[12.70071289727844,46.080678294736636],[12.702649743340434,46.08071726054991],[12.702612343343754,46.08161788012581],[12.701321091216176,46.08159190574916],[12.701302380060948,46.08204221506899],[12.70259364267672,46.08206818985149],[12.70257494156387,46.08251849953563],[12.700638032573545,46.082479531287],[12.70061931528185,46.08292984032076],[12.703201882467415,46.08298179150914],[12.703108394209845,46.08523334011362],[12.702462725523922,46.08522035676847],[12.702537538000673,46.08341911877935],[12.699309306126857,46.083354151447836],[12.699346762133942,46.08245353423426],[12.699992397131599,46.08246653458265],[12.699384216355218,46.08155291685451],[12.697447345493734,46.08151389516443],[12.69676422658867,46.08240149640023],[12.692890436620509,46.082323330328606],[12.692282376108246,46.08140967699241],[12.691636756939639,46.08139663332345],[12.69158038615081,46.08274755200509],[12.690289117687358,46.082721452512274],[12.690195104968259,46.08497298077769],[12.692132086999923,46.085012127608984],[12.692226021051468,46.08276059628545],[12.69287165639792,46.082773636921786],[12.692777748569025,46.08502516926412],[12.69342341058386,46.08503820727493],[12.693404632919714,46.08548851382237],[12.692758965659962,46.08547547560786],[12.692683829545667,46.08727670056708],[12.69139245440185,46.08725061157443],[12.691373658762657,46.08770091730267],[12.690727966614254,46.08768786713555],[12.690652758593014,46.08948908881703],[12.689361333668538,46.089462975916916],[12.68954944518333,46.084959924545316],[12.688258126952658,46.084933801147706],[12.688220487257766,46.08583441093842],[12.688866156639637,46.08584747486759],[12.688847341364255,46.08629777990467],[12.687537166342668,46.08672195258082],[12.687518339679503,46.087172257126404],[12.688164024350305,46.087185325312504],[12.687443028538285,46.088973474892725],[12.688088734191581,46.08898654389557],[12.688069910530002,46.08943684843735],[12.686759654575939,46.08986101047011],[12.68672198402385,46.09076161852872],[12.688013436852517,46.09078776181307],[12.68862152306767,46.091701437105165],[12.685392839649037,46.091636067739095],[12.685336296277528,46.09298697803914],[12.686646637530687,46.09256283414665],[12.686665474827635,46.092112530304576],[12.688602701959885,46.092151741601505],[12.688565058398089,46.093052350469364],[12.689210812162843,46.09306541401951],[12.689191994955888,46.093515718595164],[12.687900477378937,46.09348958744129],[12.687881649228922,46.09393989156705],[12.689173177300278,46.093966023129234],[12.689116721641394,46.09531693648183],[12.686533604316875,46.09526465632532],[12.68649592298543,46.09616526338535],[12.68778750174483,46.09619141157187],[12.687768670901116,46.09664171544803],[12.689706058135771,46.09668091099745],[12.68968724258731,46.097131215444435],[12.688376813661055,46.097555392312834],[12.688339159327295,46.09845600018236],[12.69092242895933,46.09850824230523],[12.691035260617964,46.09580641330016],[12.69038947402919,46.09579335946228],[12.690408282984093,46.0953430546865],[12.691054064325117,46.09535610832043],[12.691110472756632,46.094005193131736],[12.692402005292298,46.09403128823952],[12.692364421109426,46.09493189922236],[12.693655976419006,46.09495798056329],[12.693637194150812,46.09540828639985],[12.692345628345892,46.0953822046514],[12.691662248745423,46.0962697686344],[12.698120196094717,46.09640007207872],[12.698101449219706,46.09685037921514],[12.696164044592969,46.09681132585232],[12.696107754050479,46.09816224518168],[12.695461937653667,46.098149219491816],[12.695443167996093,46.098599525648304],[12.697380634268358,46.09863859239023],[12.697399388180084,46.098188285623344],[12.698045205912631,46.09820130037514],[12.698026457249547,46.09865160734537],[12.702547230571154,46.09874260994054],[12.702565942493376,46.098292301548426],[12.703857585515443,46.09831826906903],[12.703876286494243,46.09786796022966],[12.704522103422507,46.09788093831805],[12.704503407692355,46.09833124736021],[12.705149230313019,46.09834422200529],[12.705167920794509,46.0978939127604],[12.707105375571714,46.097932814211134],[12.707124049861859,46.097482504316936],[12.705832423397414,46.09745657406766],[12.705851107739186,46.09700626453708],[12.70455949354549,46.09698032010919],[12.704596881885474,46.09607970173428],[12.705242678264078,46.09609267536577],[12.705280054325215,46.095192056419364],[12.705925840651407,46.095205025999725],[12.705944522765812,46.094754716261605],[12.704007180861334,46.09471579719151],[12.704044575239452,46.09381517880693],[12.703398805987154,46.093802198897905],[12.70408196783444,46.09291456025627],[12.702790450762986,46.09288859760403],[12.703473610382902,46.09200096244172],[12.704119358646402,46.09201394153954],[12.70419413492167,46.09021270360788],[12.70483986264201,46.09022567824949],[12.70474641741751,46.09247722657394],[12.706056606098565,46.09205285696123],[12.706131319413112,46.09025161659748],[12.70677704846363,46.09026458030384],[12.706683681941165,46.09251613166757],[12.707329437668967,46.092529092741366],[12.707273428154648,46.093880023669094],[12.706627656684864,46.09386706198776],[12.706515594149256,46.09656892150745],[12.708453004350108,46.09660779925938],[12.70921074522226,46.09391888683979],[12.709856518463798,46.093931833938875],[12.709837868725835,46.094382144974645],[12.71112942703197,46.094408028640494],[12.711148066274639,46.0939577172003],[12.711793840843688,46.09397065336262],[12.711756572409394,46.09487127660578],[12.71111078734488,46.094858340039195],[12.711054865616944,46.096209273986425],[12.710409065250746,46.09619633316756],[12.71033447573025,46.09799757704093],[12.709688654812803,46.09798463176715],[12.7090055159147,46.098872303725834],[12.707713855298847,46.098846394138185],[12.707676514099548,46.09974701404108],[12.707030673958222,46.099734053372956],[12.706974643072192,46.101084982308514],[12.706328787626186,46.10107201738638],[12.706235367659453,46.10332356376931],[12.705589486407844,46.10331059418751],[12.70560817654232,46.102860285196584],[12.704316425870259,46.10283433549826],[12.7042977252357,46.103284644083715],[12.70365184531541,46.103271663561735],[12.70370796163103,46.10192073828926],[12.703062097904414,46.101907754729176],[12.703080807700532,46.101457446424824],[12.701789092078979,46.10143146877093],[12.701732929853739,46.10278239234165],[12.701087056960251,46.10276939743588],[12.701012146742682,46.10457062746987],[12.7016580406368,46.104583623187835],[12.701639317216413,46.10503393079556],[12.700347519371812,46.10500793530658],[12.700366253293124,46.10455762810504],[12.699720360288248,46.104544625093354],[12.699757837291228,46.10364401097199],[12.70040371979559,46.10365701357734],[12.70049737823479,46.10140547653116],[12.699205666168966,46.101379469705556],[12.699130698312949,46.10318069780012],[12.698484821948314,46.103167688104584],[12.698559810803253,46.10136646082309],[12.697913955882498,46.10135344829418],[12.697857699162888,46.10270436820765],[12.6972118289383,46.10269135142217],[12.697286858001817,46.10089012560129],[12.69597639379127,46.1013143888289],[12.695957626250038,46.10176469489798],[12.694665909917374,46.10173863661524],[12.694703465549965,46.100838025249814],[12.694057618550932,46.10082499104607],[12.694020052419566,46.10172560200418],[12.692728338761613,46.101699521842725],[12.692157676063825,46.09988525665509],[12.689574339874742,46.09983304125284],[12.689555521185556,46.10028334540866],[12.688909683005665,46.10027028223853],[12.688834382764384,46.102071497629446],[12.689480241941405,46.102084561616024],[12.689461421008447,46.10253486556388],[12.688169692602083,46.102508733535956],[12.688150860720906,46.10295903703392],[12.685567388274386,46.102906728402786],[12.685529681165958,46.10380733363924],[12.68488380367312,46.10379424695617],[12.684864944194523,46.10424454930751],[12.684219061899334,46.10423145877325],[12.684181331092582,46.105132062941976],[12.682870670266134,46.10555617172759],[12.682851793237104,46.10600647329864],[12.683497695637739,46.1060195719449],[12.683441077601875,46.107370477022265],[12.682130357663723,46.10779457605449],[12.682035930505203,46.110046081429],[12.68138998174122,46.11003297364582],[12.681314410899844,46.11183417637678],[12.683252321559465,46.11187349124115],[12.68317680653772,46.113674695763144],[12.68253081485989,46.11366159363716],[12.682511929726136,46.114111894458844],[12.68444992186229,46.11415119050717],[12.684431052036736,46.11460149190125],[12.683785048957017,46.11458839666181],[12.683101284311961,46.11547589961908],[12.68180925938138,46.11544969008119],[12.682417497301262,46.116363397942905],[12.681771474553608,46.11635029094033],[12.681733687923517,46.11725089163293],[12.681087655117366,46.117237780572424]],[[12.679014204859936,46.105027204110876],[12.680305983727708,46.10505344069931],[12.680989657142751,46.10416595140173],[12.682281417701017,46.10419216529036],[12.683002796866269,46.102404059564655],[12.682356936913928,46.10239095890914],[12.682394693819322,46.10149035546875],[12.681748844813866,46.10147725157629],[12.681767727840544,46.10102694999839],[12.681121884532486,46.1010138426644],[12.681084107530364,46.10191444536897],[12.679792401262416,46.10188821894266],[12.679830199261453,46.10098761705764],[12.679184357298727,46.100974498784886],[12.67922216399317,46.10007389714322],[12.678576332977032,46.10006077563427],[12.678614148365966,46.09916017423603],[12.679259968884713,46.099173295334964],[12.679297771973458,46.09827269336012],[12.679943582443926,46.09828581040313],[12.67996247806401,46.09783550914829],[12.677379259867331,46.09778301992101],[12.6772279143325,46.10138542223233],[12.678519606512216,46.10141167741924],[12.677798097601197,46.10319975262542],[12.67908983267421,46.10322600216025],[12.679108738500698,46.10277570156848],[12.681046328726625,46.102815047906994],[12.681027438649116,46.103265349113535],[12.681673308204358,46.10327845747155],[12.681654422926217,46.10372875884128],[12.68036267376451,46.10370253806902],[12.680381569542263,46.10325223710898],[12.679070926396903,46.10367630271038],[12.679014204859936,46.105027204110876]],[[12.684940379410715,46.10244333965246],[12.688169692602083,46.102508733535956],[12.688226185551406,46.101157822792494],[12.686288643539486,46.101118599240465],[12.686269797257484,46.10156890225036],[12.684959237090558,46.10199303713465],[12.684940379410715,46.10244333965246]],[[12.682394693819322,46.10149035546875],[12.683040543272861,46.101503455714884],[12.683059415801127,46.101053153727555],[12.6824135715968,46.101040053686106],[12.682394693819322,46.10149035546875]],[[12.679830199261453,46.10098761705764],[12.680476041672746,46.101000731684145],[12.680494934747282,46.10055043047426],[12.679849097585024,46.10053731605266],[12.679830199261453,46.10098761705764]],[[12.681140772357972,46.100563541249656],[12.682451325801384,46.100139449995936],[12.68313490141429,46.099251945361985],[12.681843255444862,46.09922574327045],[12.681824374219115,46.09967604501489],[12.680551611268005,46.09919952659476],[12.680513827371326,46.10010012922273],[12.681159659733094,46.10011323979328],[12.681140772357972,46.100563541249656]],[[12.687599173101257,46.10069444846134],[12.688245015636486,46.100707519128136],[12.688263845272578,46.10025721542218],[12.687618007986414,46.10024414495961],[12.687599173101257,46.10069444846134]],[[12.698578556899438,46.100916153898844],[12.699224407015736,46.100929162578055],[12.699243147415636,46.100478855409015],[12.702472378420367,46.10054384309371],[12.70250980538817,46.099643226600165],[12.70057229694671,46.099604246146534],[12.70055356793863,46.100054553805],[12.697970208577933,46.100002528006755],[12.698578556899438,46.100916153898844]],[[12.67922216399317,46.10007389714322],[12.679867995457979,46.100087015006046],[12.679886892880333,46.099636713917775],[12.679241066664298,46.09962359625991],[12.67922216399317,46.10007389714322]],[[12.69472224269464,46.10038771950475],[12.696659770617739,46.10042679962728],[12.696678531567379,46.099976493230045],[12.694741019391587,46.09993741371814],[12.69472224269464,46.10038771950475]],[[12.686345179689273,46.09976768996111],[12.686991010832292,46.099780767511774],[12.687009850068065,46.09933046413109],[12.68636402417384,46.09931738678477],[12.686345179689273,46.09976768996111]],[[12.692157676063825,46.09988525665509],[12.692803511226826,46.099898301390176],[12.692841094770838,46.098997690914445],[12.692195270105536,46.09898464658699],[12.692157676063825,46.09988525665509]],[[12.70572030799053,46.10015843037933],[12.70636615249433,46.10017139854266],[12.706403515580604,46.099270779532894],[12.705111848013036,46.09924484037049],[12.70572030799053,46.10015843037933]],[[12.696051459481273,46.09951316413699],[12.697988958582211,46.099552221161176],[12.698007708139412,46.09910191427405],[12.69607022478511,46.09906285786012],[12.696051459481273,46.09951316413699]],[[12.681862136220408,46.098775441484385],[12.682507953732538,46.09878854414845],[12.682526828809447,46.09833824211603],[12.681881016545768,46.09832513965669],[12.681862136220408,46.098775441484385]],[[12.68638286820908,46.09886708356683],[12.687028688854637,46.09888016070882],[12.687047527192025,46.098429857244945],[12.686401711795009,46.09841678030727],[12.68638286820908,46.09886708356683]],[[12.70317434998941,46.09920590428026],[12.705111848013036,46.09924484037049],[12.705130539385866,46.098794531208654],[12.703193057108937,46.09875559572677],[12.70317434998941,46.09920590428026]],[[12.683172641521118,46.09835134092944],[12.68446426828794,46.09837752761844],[12.68453970111725,46.096576316617266],[12.685185494179388,46.096589403674884],[12.68520434601475,46.09613910061608],[12.684558558200491,46.096126013762934],[12.684615126752629,46.0947751049502],[12.683969355128772,46.094762015064966],[12.683912770833789,46.09611292326411],[12.682621197443535,46.096086731329486],[12.682640069820351,46.0956364290473],[12.681348508717194,46.09561022293955],[12.681329625844986,46.09606052481229],[12.68068384071791,46.09604741608521],[12.680646063127062,46.09694801929614],[12.68129185874986,46.09696112843284],[12.681272974526918,46.097411430180664],[12.683210379828253,46.09745073633038],[12.683172641521118,46.09835134092944]],[[12.670275446890686,46.09763837376686],[12.67156704520186,46.09766470587962],[12.671623934028752,46.0963138098712],[12.672269718115947,46.09632696984207],[12.672288674906378,46.09587667088361],[12.671642896066798,46.095863511118345],[12.671661857652737,46.095413212323834],[12.669724539577109,46.09537371177203],[12.669743516452971,46.094923413552976],[12.669097749909039,46.094910239617285],[12.6690597852101,46.095810835602],[12.668414008621955,46.095797657609126],[12.66839502034604,46.096247955333034],[12.669686584467973,46.09627430808503],[12.669648627548872,46.09717490423125],[12.67029442078106,46.09718807555047],[12.670275446890686,46.09763837376686]],[[12.686420554931638,46.0979664770061],[12.68771217567594,46.0979926268269],[12.687731007866686,46.09754232307553],[12.686439397618983,46.097516173663315],[12.686420554931638,46.0979664770061]],[[12.707086700836289,46.09838312406385],[12.707732525230721,46.098396084124474],[12.707751194717433,46.097945774069245],[12.707105375571714,46.097932814211134],[12.707086700836289,46.09838312406385]],[[12.675460782839913,46.09729331485869],[12.676106580120573,46.097306453366436],[12.676125506327539,46.09685615325881],[12.675479714294825,46.09684301495636],[12.675460782839913,46.09729331485869]],[[12.676752377850441,46.09731958822842],[12.677398176029394,46.09733271944464],[12.677436007000468,46.09643211836695],[12.676790219317331,46.096418987561044],[12.676752377850441,46.09731958822842]],[[12.685166641894527,46.09703970669211],[12.685812440652125,46.09705279030843],[12.685831287688966,46.096602487086784],[12.685185494179388,46.096589403674884],[12.685166641894527,46.09703970669211]],[[12.665811897511244,46.09619520608239],[12.666457677543498,46.096208398863375],[12.666552693104995,46.09395691291687],[12.665906939308964,46.093943721166504],[12.665811897511244,46.09619520608239]],[[12.674852858962764,46.096379573269516],[12.676790219317331,46.096418987561044],[12.676809139374091,46.09596868716487],[12.675536505951321,46.09549211499931],[12.674852858962764,46.096379573269516]],[[12.678746488026977,46.09600806803029],[12.679392271808783,46.09602118769422],[12.6794489663026,46.09467028379494],[12.68009473479038,46.09468339919847],[12.679486760378955,46.093769680987194],[12.678176338430646,46.094193741078506],[12.678746488026977,46.09600806803029]],[[12.676182282240955,46.09550525268594],[12.677473836167566,46.09553151712264],[12.677549489090264,46.09373031413415],[12.676239054093418,46.09415435173812],[12.676182282240955,46.09550525268594]],[[12.68522319740063,46.09568879751565],[12.68586898041455,46.09570188051871],[12.685906671342758,46.09480127378418],[12.685260898823998,46.09478819118994],[12.68522319740063,46.09568879751565]],[[12.67297235592593,46.09498922855027],[12.673618125170309,46.09500238061345],[12.673637070110322,46.094552081118906],[12.67299130611321,46.09453892926122],[12.67297235592593,46.09498922855027]],[[12.667825210337753,46.09443358316664],[12.668470970733384,46.094446764187175],[12.668489957198467,46.093996466296446],[12.66784420204987,46.09398328548186],[12.667825210337753,46.09443358316664]],[[12.669762492876384,46.094473115292246],[12.671699779468359,46.09451261460972],[12.671756658801344,46.09316171772592],[12.670465165438308,46.09313538972705],[12.670427225347401,46.09403598686853],[12.669781468847356,46.0940228169898],[12.669762492876384,46.094473115292246]],[[12.683323583952555,46.09474892153423],[12.683969355128772,46.094762015064966],[12.684007075743613,46.09386140939077],[12.683361315061976,46.09384831626919],[12.683323583952555,46.09474892153423]],[[12.687198217721948,46.094827428036105],[12.688489765889203,46.09485356770594],[12.68850858968962,46.094403263459185],[12.687217052017242,46.09437712419777],[12.687198217721948,46.094827428036105]],[[12.67559329354574,46.09414121466728],[12.676239054093418,46.09415435173812],[12.676257977141866,46.093704051338875],[12.67561222184126,46.093690914473285],[12.67559329354574,46.09414121466728]],[[12.682050919217808,46.09427242133395],[12.68269668425105,46.09428552195096],[12.682715554828075,46.09383521950224],[12.682069795042034,46.09382211908994],[12.682050919217808,46.09427242133395]],[[12.685279748861511,46.09433788796466],[12.685925516132878,46.09435097035449],[12.685944360473695,46.0939006668832],[12.685298598449595,46.093887584697775],[12.685279748861511,46.09433788796466]],[[12.680132518372314,46.0937827959809],[12.68077827681403,46.09379590732926],[12.680816048100354,46.0928953035354],[12.679524552653156,46.09286907801288],[12.680132518372314,46.0937827959809]],[[12.668527928770622,46.09309587038991],[12.66981941943204,46.09312222025985],[12.669249590602796,46.09130785401048],[12.669895315172731,46.09132102629961],[12.669914287977008,46.09087072770533],[12.67120572797518,46.09089706093729],[12.671243651242671,46.08999646280077],[12.66995223222858,46.089970130391656],[12.669933260328953,46.090420429069354],[12.668641832623956,46.09039408166948],[12.668622849779899,46.090844379893795],[12.667977131357052,46.09083120052071],[12.667958142814252,46.09128149849741],[12.66860386648326,46.091294678076416],[12.668527928770622,46.09309587038991]],[[12.673693902220279,46.09320118238523],[12.67563114968549,46.093240614237615],[12.675687930510582,46.09188971328063],[12.676333664824162,46.09190284932522],[12.676314743580287,46.092353149891125],[12.677606224047643,46.0923794114554],[12.677587312846077,46.09282971238997],[12.678878805602174,46.092855959783776],[12.67891660656772,46.09195535705281],[12.679562343125301,46.091968474871976],[12.679543448114478,46.09241877646325],[12.680834933068114,46.09244500157603],[12.6808727016529,46.09154439753235],[12.681518434308844,46.0915575042114],[12.681480676217285,46.09245810866465],[12.682126419814526,46.0924712121081],[12.68210754534038,46.092921514477005],[12.684671691258657,46.09342419576291],[12.684709398681683,46.09252358942997],[12.684063653293412,46.09251050056731],[12.68408251157741,46.0920601975429],[12.684728251718937,46.09207328620107],[12.684157940217403,46.09025898502913],[12.685468224520216,46.08983485342313],[12.685524758455937,46.0884839422492],[12.68681615703625,46.08851009807015],[12.686853823098065,46.087609489595486],[12.686208134075562,46.08759641391598],[12.686189296023617,46.08804671796981],[12.684897908828868,46.08802055526824],[12.684327628359451,46.0862062544384],[12.683036285811268,46.08618007150538],[12.682998559501026,46.087080677776456],[12.68106151756555,46.08704137481583],[12.68104263799991,46.08749167727484],[12.682979695671339,46.08753098084956],[12.682960831391922,46.08798128388104],[12.68360652342338,46.087994377988075],[12.683549943623774,46.08934528744652],[12.68290423585516,46.08933219272571],[12.682941966662764,46.088431586870875],[12.681650573451885,46.0884053873136],[12.68166944867219,46.08795508473311],[12.680378067744206,46.087928871006724],[12.680396953005364,46.087478568794154],[12.679751268458988,46.08746545666894],[12.679770158515195,46.0870151546196],[12.681080396681097,46.08659107231518],[12.681118153561975,46.08569046718898],[12.681763818024102,46.085703571206125],[12.681782690544654,46.08525326837582],[12.679200056363744,46.08520083126066],[12.679143374513384,46.086551737168705],[12.678497701354102,46.08653861816438],[12.67847880125797,46.08698891984547],[12.679124479662377,46.087002039054774],[12.679105584360908,46.08745234089918],[12.67845990071125,46.08743922148489],[12.678403196367416,46.088790126153306],[12.6796757037305,46.08926666444987],[12.679600131795505,46.09106787156451],[12.67895440573082,46.09105475415525],[12.678935506374568,46.09150505562485],[12.677644045098171,46.09147880946131],[12.677625134798339,46.09192911047919],[12.676979399586786,46.091915981724746],[12.676371505958592,46.09100224806844],[12.675080058766117,46.09097597315526],[12.675061127931821,46.09142627339394],[12.673123944774112,46.09138683307089],[12.673067102344318,46.09273773168823],[12.673712845353615,46.09275088272399],[12.673693902220279,46.09320118238523]],[[12.686608961589398,46.09346344170597],[12.68725471926068,46.09347651639631],[12.687273552208849,46.09302621243316],[12.686627799784612,46.09301313794711],[12.686608961589398,46.09346344170597]],[[12.671129876015108,46.09269825671009],[12.671775617674939,46.09271141868128],[12.671794576096527,46.092261119594966],[12.671148839683296,46.09224795782942],[12.671129876015108,46.09269825671009]],[[12.672497169773418,46.090923379589626],[12.674434335843724,46.09096283023125],[12.674453271472855,46.09051253015625],[12.675744707274559,46.09053881194868],[12.675763631960143,46.09008851142137],[12.673826494669731,46.09004908388143],[12.673845434641894,46.08959878392849],[12.672554022520652,46.08957248108872],[12.672497169773418,46.090923379589626]],[[12.676390425849174,46.090551947377556],[12.6770361448728,46.09056507916154],[12.677055059066227,46.09011477822382],[12.676409345288686,46.090101646645024],[12.676390425849174,46.090551947377556]],[[12.667369399604262,46.0899174218362],[12.668660815015448,46.08994378340346],[12.668679796954384,46.08949348509574],[12.66738839203476,46.089467123940345],[12.667369399604262,46.0899174218362]],[[12.669306523396834,46.089956958719945],[12.66995223222858,46.089970130391656],[12.669971203675903,46.08951983167231],[12.66932550008997,46.089506660206375],[12.669306523396834,46.089956958719945]],[[12.675763631960143,46.09008851142137],[12.677073972808723,46.08966447724446],[12.677130711330753,46.0883135740564],[12.676485018536303,46.08830044329826],[12.676447182814556,46.08920104505496],[12.674510075651634,46.089161629681215],[12.674491141376796,46.08961192988122],[12.675782556194546,46.08963821085239],[12.675763631960143,46.09008851142137]],[[12.671281572701938,46.089095864497516],[12.672572972532794,46.08912218150507],[12.672610871201757,46.0882215822127],[12.671965181552517,46.08820842594238],[12.671281572701938,46.089095864497516]],[[12.673218673122857,46.08913533454182],[12.674510075651634,46.089161629681215],[12.673902251849176,46.0882478838196],[12.673256561300683,46.08823473483844],[12.673218673122857,46.08913533454182]],[[12.674529009475066,46.08871132943951],[12.67517470616786,46.088724471336825],[12.675212561969598,46.087823870317784],[12.674566875767768,46.08781072883115],[12.674529009475066,46.08871132943951]],[[12.67133845150066,46.08774496672997],[12.672629819858601,46.08777128250401],[12.672667715817088,46.086870682961575],[12.671376368439839,46.08684436800985],[12.67133845150066,46.08774496672997]],[[12.676503935720662,46.08785014235743],[12.677814217510134,46.08742609842609],[12.677852028643334,46.08652549551566],[12.675915013203388,46.086486105703045],[12.675877170599296,46.0873867073826],[12.676522852454033,46.08739984137493],[12.676503935720662,46.08785014235743]],[[12.670730695426,46.0868312050674],[12.671376368439839,46.08684436800985],[12.671395326231483,46.08639406858727],[12.670749658462608,46.086380905850476],[12.670730695426,46.0868312050674]],[[12.68493560546546,46.08711994793649],[12.685581288348349,46.08713303070078],[12.685618972697181,46.08623242279377],[12.686910318823465,46.08625857657145],[12.686891487363956,46.0867088809544],[12.687537166342668,46.08672195258082],[12.687593643639238,46.08537103869445],[12.68694798039567,46.08535796768073],[12.686929149834032,46.085808272146885],[12.685637814197806,46.08578211877786],[12.68571317570866,46.083980902298045],[12.685067529539959,46.08396782096453],[12.68493560546546,46.08711994793649]],[[12.675269342287939,46.08647296847675],[12.675915013203388,46.086486105703045],[12.675933933828816,46.08603580480079],[12.6752882681583,46.08602266777974],[12.675269342287939,46.08647296847675]],[[12.690119886724064,46.086774202641436],[12.69205693169651,46.086813351919396],[12.692113298845959,46.085462433748944],[12.69017630107966,46.085423286306],[12.690119886724064,46.086774202641436]],[[12.670122958973106,46.08591744041645],[12.670768621047142,46.085930606591866],[12.670787583179617,46.085480307291576],[12.670141926350285,46.08546714132187],[12.670122958973106,46.08591744041645]],[[12.670806544860048,46.08503000794957],[12.67145219689477,46.08504317006941],[12.671471152878695,46.0845928704801],[12.670825506088441,46.0845797085659],[12.670806544860048,46.08503000794957]],[[12.68307401032275,46.085279465067806],[12.68436533189128,46.08530564718265],[12.684384182983068,46.08485534349236],[12.683738527219793,46.08484225446159],[12.684421883818455,46.08395473598691],[12.683776238544272,46.08394164736515],[12.683795093532257,46.083491343754496],[12.68185817612787,46.08345205663834],[12.681801562615295,46.084802965503904],[12.68309287190399,46.08482916178659],[12.68307401032275,46.085279465067806]],[[12.68698564017222,46.08445735862359],[12.689568253868378,46.08450961917939],[12.689624677233242,46.083158702832115],[12.687687763491237,46.083119514718504],[12.6876501168967,46.08402012443368],[12.687004469387155,46.08400705403261],[12.68698564017222,46.08445735862359]],[[12.68571317570866,46.083980902298045],[12.687004469387155,46.08400705403261],[12.687042126470415,46.08310644472586],[12.685105218089234,46.08306721288375],[12.68571317570866,46.083980902298045]],[[12.68576969212595,46.08262998950127],[12.688352218338718,46.08268227594294],[12.688408667787222,46.08133136032092],[12.686471819652738,46.08129215279346],[12.68649065096949,46.080841848115504],[12.685845041061885,46.080828771856375],[12.685826204501481,46.08127907633001],[12.685180589797218,46.08126599622277],[12.68516174754401,46.08171630045045],[12.685807367492032,46.08172938076206],[12.68576969212595,46.08262998950127]],[[12.693554841699306,46.08188606027876],[12.696782974899099,46.08195118854418],[12.696820470179157,46.08105057270742],[12.693592389418328,46.080985446477136],[12.693554841699306,46.08188606027876]],[[12.687136261323952,46.08085492073089],[12.688427483372948,46.080881055030396],[12.687819512438015,46.079967379404934],[12.686528312256291,46.079941238634795],[12.687136261323952,46.08085492073089]],[[12.691160273586334,46.077330829555],[12.69180584511976,46.07734387503326],[12.691843415344726,46.0764432616225],[12.69119785429644,46.076430216551906],[12.691160273586334,46.077330829555]],[[12.687951239401889,46.076815242053016],[12.688596803462097,46.076828305543785],[12.688653235419899,46.075477388299525],[12.68800768708664,46.07546432542106],[12.687951239401889,46.076815242053016]]]},"properties":{"ndvi_class":"moderate","color":"#74c476","area_m2":4212735}},{"type":"Feature","geometry":{"type":"Polygon","coordinates":[[[12.682881029921647,46.07445908321667],[12.682899885956669,46.074008779141046],[12.683545414989341,46.074021870550325],[12.683526564196034,46.07447217483048],[12.682881029921647,46.07445908321667]]]},"properties":{"ndvi_class":"sparse","color":"#c7e9c0","area_m2":2502}},{"type":"Feature","geometry":{"type":"Polygon","coordinates":[[[12.683526564196034,46.07447217483048],[12.683545414989341,46.074021870550325],[12.684190944469293,46.07403495831675],[12.684172098917713,46.07448526280139],[12.683526564196034,46.07447217483048]]]},"properties":{"ndvi_class":"bare","color":"#d9d9d9","area_m2":2502}},{"type":"Feature","geometry":{"type":"Polygon","coordinates":[[[12.688045316633962,46.07456371412511],[12.688064130734908,46.07411340841474],[12.688709663342335,46.07412647068094],[12.688690854483209,46.074576776595386],[12.688045316633962,46.07456371412511]]]},"properties":{"ndvi_class":"bare","color":"#d9d9d9","area_m2":2502}},{"type":"Feature","geometry":{"type":"Polygon","coordinates":[[[12.67635007349312,46.076129174410944],[12.676368983747489,46.07567887255051],[12.677660075236334,46.075705126223525],[12.677716771843944,46.07435421916175],[12.678362302535529,46.0743673399187],[12.679045608195244,46.07347985129681],[12.679691129300132,46.073492964358245],[12.67965336526343,46.07439357050398],[12.678343409358543,46.07481764251928],[12.678286727125398,46.07616855007112],[12.67635007349312,46.076129174410944]]]},"properties":{"ndvi_class":"moderate","color":"#74c476","area_m2":25016}},{"type":"Feature","geometry":{"type":"Polygon","coordinates":[[[12.682899885956669,46.074008779141046],[12.682918741542236,46.0735584750238],[12.68356426533332,46.07357156622854],[12.683545414989341,46.074021870550325],[12.682899885956669,46.074008779141046]]]},"properties":{"ndvi_class":"moderate","color":"#74c476","area_m2":2502}},{"type":"Feature","geometry":{"type":"Polygon","coordinates":[[[12.684629206285713,46.079001391731325],[12.684021318332027,46.07808769718032],[12.683375741672048,46.07807460757341],[12.683356886834162,46.07852491147898],[12.682065724370862,46.078498720925836],[12.682084589694407,46.07804841742947],[12.682730165459468,46.07806151432313],[12.682767884272199,46.07716090679625],[12.682122318992409,46.07714781031185],[12.682197772192437,46.075346595577074],[12.682843316503183,46.07535969124302],[12.682824459119715,46.075809995193765],[12.685406661804306,46.07586234224509],[12.685425498219345,46.07541203747647],[12.68607104476606,46.07542511492721],[12.68608987549009,46.07497480991267],[12.684798793327623,46.07494865177682],[12.68481763408656,46.07449834712936],[12.683545414989341,46.074021870550325],[12.68356426533332,46.07357156622854],[12.690019527823287,46.0737022779205],[12.690000729895923,46.074152584284555],[12.691937333071273,46.074191727368024],[12.691899767323878,46.07509234119455],[12.69125422200237,46.075079296735396],[12.69123543321494,46.07552960338247],[12.687380959439793,46.07500095347649],[12.687324497374034,46.07635186962076],[12.686678939449342,46.07633879904772],[12.68664128534399,46.07723940919413],[12.68857799191269,46.07727861120868],[12.688559179914854,46.077728916831965],[12.687913605369387,46.077715852932975],[12.687894787680294,46.07816615831057],[12.687249208338539,46.078153090564044],[12.687268031270433,46.077702785390606],[12.685976884412568,46.077676639375845],[12.685958050995106,46.07812694414075],[12.686603629443434,46.0781400191741],[12.68656597174757,46.079040628987656],[12.684629206285713,46.079001391731325]],[[12.684685739342255,46.07765047878768],[12.685331311653904,46.07766356090344],[12.685350149865066,46.07721325630127],[12.684704582796043,46.07720017438993],[12.684685739342255,46.07765047878768]],[[12.684723425800655,46.076749869950525],[12.685368987627179,46.076762951657486],[12.685387824940253,46.076312646972085],[12.684742268356105,46.076299565469526],[12.684723425800655,46.076749869950525]],[[12.686052213593161,46.07587541990015],[12.686697765828852,46.0758884939121],[12.686716591759598,46.07543818873489],[12.68607104476606,46.07542511492721],[12.686052213593161,46.07587541990015]],[[12.690608677126678,46.07506624863317],[12.69125422200237,46.075079296735396],[12.69127301034194,46.07462899004672],[12.690627470708243,46.07461594214837],[12.690608677126678,46.07506624863317]],[[12.688045316633962,46.07456371412511],[12.688690854483209,46.074576776595386],[12.688709663342335,46.07412647068094],[12.688064130734908,46.07411340841474],[12.688045316633962,46.07456371412511]]]},"properties":{"ndvi_class":"sparse","color":"#c7e9c0","area_m2":207635}},{"type":"Feature","geometry":{"type":"Polygon","coordinates":[[[12.690000729895923,46.074152584284555],[12.690019527823287,46.0737022779205],[12.690665056527466,46.07371532905402],[12.690646263841835,46.07416563562198],[12.690000729895923,46.074152584284555]]]},"properties":{"ndvi_class":"moderate","color":"#74c476","area_m2":2502}},{"type":"Feature","geometry":{"type":"Polygon","coordinates":[[[12.677716771843944,46.07435421916175],[12.677811257180803,46.07210270655915],[12.678456761665599,46.072115826291125],[12.679026721160422,46.07393015418562],[12.677716771843944,46.07435421916175]]]},"properties":{"ndvi_class":"sparse","color":"#c7e9c0","area_m2":17511}},{"type":"Feature","geometry":{"type":"Polygon","coordinates":[[[12.67841897936449,46.073016431867096],[12.678456761665599,46.072115826291125],[12.679102266598614,46.07212894238053],[12.679064494779873,46.07302954836636],[12.67841897936449,46.073016431867096]]]},"properties":{"ndvi_class":"moderate","color":"#74c476","area_m2":5003}},{"type":"Feature","geometry":{"type":"Polygon","coordinates":[[[12.676901092433948,46.07839381297704],[12.676957812878806,46.077042907280244],[12.675685607232284,46.07656634351833],[12.675723438676052,46.075665740249484],[12.676368983747489,46.07567887255051],[12.67635007349312,46.076129174410944],[12.678286727125398,46.07616855007112],[12.678343409358543,46.07481764251928],[12.67965336526343,46.07439357050398],[12.679691129300132,46.073492964358245],[12.679045608195244,46.07347985129681],[12.679102266598614,46.07212894238053],[12.67974777197972,46.072142054827346],[12.679710010643374,46.073042661222914],[12.681001043714248,46.073068876007895],[12.681057653596788,46.07171796512337],[12.681703155080383,46.07173106643768],[12.681684290810368,46.07218137031219],[12.683620813669398,46.072220653013474],[12.683601964673334,46.07267095746012],[12.684892992631491,46.07269712812337],[12.684911831145085,46.07224682326785],[12.685557340553457,46.07225990293106],[12.68550083938967,46.073610817985895],[12.682918741542236,46.0735584750238],[12.682862173437156,46.07490938725065],[12.681571095747117,46.07488319268501],[12.681495623377158,46.07668440676761],[12.680850064235152,46.07667130320146],[12.680812314866547,46.0775719095835],[12.680166745687455,46.07755880196458],[12.68018562583925,46.077108498999166],[12.678248936718017,46.07706915489746],[12.678230040838699,46.07751945724812],[12.67758447345237,46.0775063350561],[12.677546669857083,46.078406939222496],[12.676901092433948,46.07839381297704]]]},"properties":{"ndvi_class":"dense","color":"#238b45","area_m2":195127}},{"type":"Feature","geometry":{"type":"Polygon","coordinates":[[[12.679710010643374,46.073042661222914],[12.679766651972846,46.0716917515671],[12.681057653596788,46.07171796512337],[12.681001043714248,46.073068876007895],[12.679710010643374,46.073042661222914]]]},"properties":{"ndvi_class":"moderate","color":"#74c476","area_m2":15010}},{"type":"Feature","geometry":{"type":"Polygon","coordinates":[[[12.678456761665599,46.072115826291125],[12.678475652140735,46.07166552344067],[12.679121151832751,46.07167863932515],[12.679102266598614,46.07212894238053],[12.678456761665599,46.072115826291125]]]},"properties":{"ndvi_class":"sparse","color":"#c7e9c0","area_m2":2502}},{"type":"Feature","geometry":{"type":"Polygon","coordinates":[[[12.676463528258273,46.07342736262351],[12.676482435808309,46.072977060513146],[12.677127949878585,46.07299018794047],[12.677184654101442,46.071639280744144],[12.677830152896924,46.07165240391366],[12.677849048162656,46.07120210122654],[12.67914003661675,46.071228336228124],[12.679121151832751,46.07167863932515],[12.677811257180803,46.07210270655915],[12.677754567329993,46.07345361424565],[12.676463528258273,46.07342736262351]]]},"properties":{"ndvi_class":"moderate","color":"#74c476","area_m2":20013}},{"type":"Feature","geometry":{"type":"Polygon","coordinates":[[[12.676558061501826,46.0711758516551],[12.676576966798613,46.07072554933646],[12.6772224546641,46.07073867573832],[12.677203554608022,46.07118897826204],[12.676558061501826,46.0711758516551]]]},"properties":{"ndvi_class":"moderate","color":"#74c476","area_m2":2502}},{"type":"Feature","geometry":{"type":"Polygon","coordinates":[[[12.677184654101442,46.071639280744144],[12.6772224546641,46.07073867573832],[12.676576966798613,46.07072554933646],[12.676595871644793,46.07027524697615],[12.67853232086462,46.07031461463944],[12.67914003661675,46.071228336228124],[12.677849048162656,46.07120210122654],[12.677830152896924,46.07165240391366],[12.677184654101442,46.071639280744144]]]},"properties":{"ndvi_class":"dense","color":"#238b45","area_m2":17511}}]}