{"type":"FeatureCollection","scene_date":"2026-09-25","features":[{"type":"Feature","geometry":{"type":"Polygon","coordinates":[[[12.592918543981668,46.19117375235065],[12.592953971364748,46.1903626777973],[12.596441252769507,46.190436092971936],[12.596405876592351,46.19124716959168],[12.592918543981668,46.19117375235065]]]},"properties":{"lst_class":"fresco","color":"#4575b4"}},{"type":"Feature","geometry":{"type":"Polygon","coordinates":[[[12.594187213052988,46.18876501043712],[12.594222618800128,46.187953934784765],[12.596547372174841,46.188002862293196],[12.596512000560672,46.18881393932269],[12.594187213052988,46.18876501043712]]]},"properties":{"lst_class":"fresco","color":"#4575b4"}},{"type":"Feature","geometry":{"type":"Polygon","coordinates":[[[12.594116396991492,46.190387161331955],[12.595349606053063,46.18878948078447],[12.596512000560672,46.18881393932269],[12.596547372174841,46.188002862293196],[12.603521668437248,46.18814936140487],[12.603556936134138,46.18733828011545],[12.605916911498102,46.18657593451098],[12.605811210805719,46.189009182494644],[12.604648804263952,46.188984818430974],[12.603415856247604,46.1905826044544],[12.594116396991492,46.190387161331955]]]},"properties":{"lst_class":"moderato_fresco","color":"#91bfdb"}},{"type":"Feature","geometry":{"type":"Polygon","coordinates":[[[12.601479269139537,46.18161193245122],[12.601549847000424,46.17998977029818],[12.602712061338883,46.180014162237],[12.602641517597943,46.18163632576314],[12.601479269139537,46.18161193245122]]]},"properties":{"lst_class":"fresco","color":"#4575b4"}},{"type":"Feature","geometry":{"type":"Polygon","coordinates":[[[12.603874277179644,46.180038542370056],[12.60390952971657,46.17922745971609],[12.606233931783938,46.179276183193494],[12.606198713365165,46.180087267218866],[12.603874277179644,46.180038542370056]]]},"properties":{"lst_class":"fresco","color":"#4575b4"}},{"type":"Feature","geometry":{"type":"Polygon","coordinates":[[[12.604895537460603,46.18330724269239],[12.60493077899858,46.18249615989829],[12.602606243452726,46.1824474073215],[12.602712061338883,46.180014162237],[12.600422937878545,46.17915428595932],[12.600528839913054,46.17672104335709],[12.59823988696934,46.175861126183975],[12.598345873120005,46.17342788606712],[12.59950794649861,46.17345230792325],[12.600599433681735,46.17509888093976],[12.602923656171543,46.17514766838332],[12.602888394156269,46.175958751033434],[12.607501730066964,46.17686727227391],[12.607466533247218,46.177678357393646],[12.619088307260656,46.177921134719206],[12.618948187219692,46.18116550116893],[12.611939559292889,46.181831047225046],[12.611974695435983,46.18101996004961],[12.60736093370848,46.18011161193452],[12.6072553205488,46.182544865247884],[12.604895537460603,46.18330724269239]],[[12.603874277179644,46.180038542370056],[12.606198713365165,46.180087267218866],[12.606233931783938,46.179276183193494],[12.60390952971657,46.17922745971609],[12.603874277179644,46.180038542370056]]]},"properties":{"lst_class":"moderato_fresco","color":"#91bfdb"}},{"type":"Feature","geometry":{"type":"Polygon","coordinates":[[[12.648177993195047,46.177711804244545],[12.649409359785508,46.1761135016958],[12.642401670790747,46.1767809365704],[12.6424363528812,46.17596983077909],[12.640112029056127,46.17592184603253],[12.640146743769867,46.175110741456024],[12.637822459973288,46.1750627108414],[12.637857207307157,46.174251607480954],[12.640181456991217,46.17429963674369],[12.64025087895706,46.17267742691154],[12.642540390206829,46.173536512590424],[12.641308887886343,46.175134739056354],[12.645957479123245,46.1752306114103],[12.64599210706192,46.17441950332406],[12.650640653670074,46.174515184107136],[12.650606093958952,46.1753262948865],[12.654092570544544,46.17539793354117],[12.654127079084173,46.174586820745404],[12.656451370043648,46.17463451948034],[12.655220239381887,46.17623290281418],[12.652895883130647,46.176185177783054],[12.652861354565008,46.1769962896358],[12.648177993195047,46.177711804244545]]]},"properties":{"lst_class":"moderato_fresco","color":"#91bfdb"}},{"type":"Feature","geometry":{"type":"Polygon","coordinates":[[[12.632081440124637,46.17332022763945],[12.632151097865357,46.17169802700975],[12.629861831981096,46.17083873739574],[12.631093560354769,46.16924063775519],[12.633417587623692,46.169288800533685],[12.633382781044743,46.17009990200206],[12.6345448139546,46.17012396636548],[12.634440436398554,46.17255727198698],[12.632081440124637,46.17332022763945]]]},"properties":{"lst_class":"temperato","color":"#fee090"}},{"type":"Feature","geometry":{"type":"Polygon","coordinates":[[[12.65426509840816,46.17134236820645],[12.654299599530919,46.17053125473274],[12.653137541530715,46.17050739101674],[12.65317205822319,46.16969627807911],[12.655496141587195,46.16974399236495],[12.655461659000503,46.17055510664561],[12.656623719938747,46.170578946755285],[12.656589252923391,46.17139006157139],[12.65426509840816,46.17134236820645]]]},"properties":{"lst_class":"moderato_fresco","color":"#91bfdb"}},{"type":"Feature","geometry":{"type":"Polygon","coordinates":[[[12.64507244736442,46.168717797931166],[12.645107080446929,46.167906689433096],[12.647431075000203,46.167954566261116],[12.647396476019454,46.16876567610679],[12.64507244736442,46.168717797931166]]]},"properties":{"lst_class":"caldo","color":"#fc8d59"}},{"type":"Feature","geometry":{"type":"Polygon","coordinates":[[[12.647431075000203,46.167954566261116],[12.647465672493663,46.167143456279774],[12.6497896388403,46.167191284553944],[12.649755075447452,46.168002395881516],[12.647431075000203,46.167954566261116]]]},"properties":{"lst_class":"moderato_fresco","color":"#91bfdb"}},{"type":"Feature","geometry":{"type":"Polygon","coordinates":[[[12.641308887886343,46.175134739056354],[12.641343584051315,46.174323633668585],[12.64250571258916,46.17434761878911],[12.6414129719066,46.17270142248561],[12.64025087895706,46.17267742691154],[12.640181456991217,46.17429963674369],[12.637857207307157,46.174251607480954],[12.638030921571469,46.17019608864072],[12.636868884218686,46.170172059684845],[12.636938393572992,46.16854985255034],[12.635776391803077,46.168525813145195],[12.635811161289478,46.16771471005074],[12.632325216017687,46.167642523056166],[12.632394852800505,46.166020320523046],[12.62890902316723,46.16594803138528],[12.628943890456513,46.1651369319494],[12.634753528688439,46.16525735145265],[12.634718746637661,46.16606845427791],[12.644014381180515,46.166260517261485],[12.64397973402613,46.16707162535678],[12.647465672493663,46.167143456279774],[12.647431075000203,46.167954566261116],[12.650917077879505,46.168026292988735],[12.650882530051986,46.16883740485329],[12.65317205822319,46.16969627807911],[12.653137541530715,46.17050739101674],[12.654299599530919,46.17053125473274],[12.65426509840816,46.17134236820645],[12.656589252923391,46.17139006157139],[12.656451370043648,46.17463451948034],[12.654127079084173,46.174586820745404],[12.654092570544544,46.17539793354117],[12.650606093958952,46.1753262948865],[12.650640653670074,46.174515184107136],[12.641308887886343,46.175134739056354]],[[12.6449685391836,46.17115112261094],[12.646130603930878,46.171175069621846],[12.64616522442708,46.17036396085699],[12.645003176732834,46.17034001452009],[12.6449685391836,46.17115112261094]],[[12.64507244736442,46.168717797931166],[12.647396476019454,46.16876567610679],[12.647431075000203,46.167954566261116],[12.645107080446929,46.167906689433096],[12.64507244736442,46.168717797931166]]]},"properties":{"lst_class":"temperato","color":"#fee090"}},{"type":"Feature","geometry":{"type":"Polygon","coordinates":[[[12.64397973402613,46.16707162535678],[12.644014381180515,46.166260517261485],[12.634718746637661,46.16606845427791],[12.634753528688439,46.16525735145265],[12.64404902684558,46.165449409030415],[12.6440836710214,46.16463830066361],[12.646407526233729,46.164686195702735],[12.64637291615366,46.16549730541764],[12.647534863019038,46.16552123590996],[12.647465672493663,46.167143456279774],[12.64397973402613,46.16707162535678]]]},"properties":{"lst_class":"moderato_fresco","color":"#91bfdb"}},{"type":"Feature","geometry":{"type":"Polygon","coordinates":[[[12.623772016693529,46.17720682042678],[12.623806973204006,46.176395725613794],[12.620320509749337,46.1763231621184],[12.620355515926745,46.17551206921167],[12.615706987090157,46.1754151553472],[12.615671912687565,46.17622624552613],[12.614509767155129,46.17620198686671],[12.61465012393882,46.17295762806455],[12.618136360356228,46.17303036044025],[12.618206427380498,46.17140817612746],[12.619368475065496,46.17143239528284],[12.619473513153686,46.16899911574721],[12.620635511176076,46.16902332105603],[12.620670503812205,46.16821222692387],[12.62415645566838,46.16828476999825],[12.624261271115206,46.16585148065969],[12.623099336819948,46.16582731347701],[12.62313428934576,46.165016217438826],[12.62084544443167,46.16415675422071],[12.620950390757292,46.161723468965015],[12.622112236847098,46.16174765634438],[12.622077273286274,46.16255875224655],[12.624366073046266,46.16341819009627],[12.624331140570863,46.164229287086826],[12.633626395679519,46.16442218886885],[12.633591598076707,46.165233291152816],[12.628943890456513,46.1651369319494],[12.62890902316723,46.16594803138528],[12.632394852800505,46.166020320523046],[12.632325216017687,46.167642523056166],[12.635811161289478,46.16771471005074],[12.635776391803077,46.168525813145195],[12.636938393572992,46.16854985255034],[12.636868884218686,46.170172059684845],[12.638030921571469,46.17019608864072],[12.637857207307157,46.174251607480954],[12.635532963542774,46.174203531001204],[12.635498182096704,46.175014633008445],[12.634336045380222,46.174990576385184],[12.63426644388789,46.1766127786377],[12.63310427453958,46.17658870885505],[12.633139093091179,46.17577760847422],[12.630849644126718,46.174918335688766],[12.63091934196761,46.17329613695908],[12.628630030888456,46.17243682197561],[12.628490498764425,46.17568121400629],[12.62965264511911,46.17570533033028],[12.629617775395886,46.17651642867669],[12.62729345005837,46.176468182866174],[12.627363256232341,46.174845988753184],[12.62503900506749,46.174797698441566],[12.625073940014557,46.17398660254018],[12.623911833718997,46.1739624403582],[12.62493419121456,46.17723098532922],[12.623772016693529,46.17720682042678]],[[12.632081440124637,46.17332022763945],[12.634440436398554,46.17255727198698],[12.6345448139546,46.17012396636548],[12.633382781044743,46.17009990200206],[12.633417587623692,46.169288800533685],[12.631093560354769,46.16924063775519],[12.631058719673025,46.17005173786793],[12.629896691212613,46.170027638097324],[12.629861831981096,46.17083873739574],[12.632151097865357,46.17169802700975],[12.632081440124637,46.17332022763945]]]},"properties":{"lst_class":"moderato_fresco","color":"#91bfdb"}},{"type":"Feature","geometry":{"type":"Polygon","coordinates":[[[12.64186384758082,46.16215703655568],[12.641967860037669,46.15972371346662],[12.64661515547517,46.15981953456332],[12.646511347548037,46.16225286574374],[12.64186384758082,46.16215703655568]]]},"properties":{"lst_class":"temperato","color":"#fee090"}},{"type":"Feature","geometry":{"type":"Polygon","coordinates":[[[12.664723839930975,46.171556616534914],[12.664758187567957,46.170745497030865],[12.663596116369408,46.1707217395445],[12.663630479583391,46.16991062057372],[12.66479253372838,46.16993437739138],[12.664861221619887,46.16831213770622],[12.663699201579812,46.16828838222588],[12.66373356036241,46.16747726284884],[12.664895563351122,46.16750101766054],[12.664964242384954,46.16587877716294],[12.666126212735525,46.165902518835935],[12.66636642353211,46.16022466815188],[12.66872440579692,46.159460983342576],[12.668381581089642,46.167572211282554],[12.667219573715462,46.16754849187744],[12.667116646405987,46.1699818556172],[12.665954589336156,46.16995812240589],[12.66588592964675,46.17158036288616],[12.664723839930975,46.171556616534914]]]},"properties":{"lst_class":"caldo","color":"#fc8d59"}},{"type":"Feature","geometry":{"type":"Polygon","coordinates":[[[12.660488388320122,46.161728102223506],[12.6605571830518,46.160105865182004],[12.66291523591517,46.159342301704804],[12.662846512317365,46.16096454169435],[12.660488388320122,46.161728102223506]]]},"properties":{"lst_class":"caldo","color":"#fc8d59"}},{"type":"Feature","geometry":{"type":"Polygon","coordinates":[[[12.639644221173995,46.15967573212771],[12.639678923097431,46.158864625510255],[12.642002527876214,46.15891260549869],[12.641967860037669,46.15972371346662],[12.639644221173995,46.15967573212771]]]},"properties":{"lst_class":"temperato","color":"#fee090"}},{"type":"Feature","geometry":{"type":"Polygon","coordinates":[[[12.651227941507445,46.16072628010402],[12.651262474487586,46.15991516688311],[12.647776983019934,46.1598434603412],[12.647846146783403,46.15822123752891],[12.650169738119816,46.15826905099721],[12.65013519106582,46.159080163817],[12.652458822371488,46.15912793143773],[12.65242430791884,46.159939045466366],[12.653586142819906,46.159962912250876],[12.653551643927688,46.16077402681567],[12.651227941507445,46.16072628010402]]]},"properties":{"lst_class":"temperato","color":"#fee090"}},{"type":"Feature","geometry":{"type":"Polygon","coordinates":[[[12.667596860308537,46.15862614774184],[12.667734011210419,46.15538165490451],[12.6688957628984,46.15540536429736],[12.668930029899778,46.15459424008231],[12.672415242595896,46.15466529547692],[12.672346809362793,46.15628754777171],[12.66998901170629,46.15705131125106],[12.669920501477824,46.15867356006794],[12.667596860308537,46.15862614774184]]]},"properties":{"lst_class":"caldo","color":"#fc8d59"}},{"type":"Feature","geometry":{"type":"Polygon","coordinates":[[[12.643233629604365,46.15731436010319],[12.643268275932567,46.15650325105323],[12.642106522451744,46.15647928078019],[12.642210503618786,46.15404595483962],[12.64337220598288,46.15406992308873],[12.643302920771667,46.15569214186749],[12.64446465868806,46.155716099669085],[12.64443003088868,46.15652720952915],[12.64559178731936,46.156551156207925],[12.645557175072137,46.15736226660625],[12.643233629604365,46.15731436010319]]]},"properties":{"lst_class":"caldo","color":"#fc8d59"}},{"type":"Feature","geometry":{"type":"Polygon","coordinates":[[[12.607289780658565,46.154943599007076],[12.60743045766749,46.151699245174605],[12.608592081373999,46.15172356592009],[12.609683439234658,46.15337005479777],[12.61084510000339,46.1533943533224],[12.6107748606934,46.15501653407133],[12.607289780658565,46.154943599007076]]]},"properties":{"lst_class":"moderato_fresco","color":"#91bfdb"}},{"type":"Feature","geometry":{"type":"Polygon","coordinates":[[[12.59806691394906,46.15312642083377],[12.598137521980076,46.15150425462115],[12.602783977821991,46.15160184425056],[12.60271350606448,46.15322401595666],[12.59806691394906,46.15312642083377]]]},"properties":{"lst_class":"fresco","color":"#4575b4"}},{"type":"Feature","geometry":{"type":"Polygon","coordinates":[[[12.631720436599421,46.15464081247467],[12.631755248838802,46.15382970977852],[12.630593561265059,46.15380562357034],[12.630663215327987,46.15218341912598],[12.634148180277124,46.15225563829786],[12.634113405102097,46.15306674262072],[12.635275080083648,46.15309079276467],[12.635205559324154,46.1547130023565],[12.631720436599421,46.15464081247467]]]},"properties":{"lst_class":"temperato","color":"#fee090"}},{"type":"Feature","geometry":{"type":"Polygon","coordinates":[[[12.657278311802369,46.155167739496555],[12.657312749199235,46.154356621969704],[12.656151029182261,46.154332795276595],[12.656219933611835,46.15271056115754],[12.657381619552762,46.15273438650943],[12.657416052509577,46.15192326857601],[12.658577722879711,46.15194708146173],[12.658612137320393,46.15113596272254],[12.660969827273684,46.15037243155346],[12.660935448383375,46.15118355176758],[12.662097106111059,46.151207328597046],[12.662028377971348,46.152829569957376],[12.659704995832525,46.1527820018254],[12.659670595471322,46.153593120963514],[12.658508889560881,46.15356931853356],[12.65844005032491,46.155191555063396],[12.657278311802369,46.155167739496555]]]},"properties":{"lst_class":"caldo","color":"#fc8d59"}},{"type":"Feature","geometry":{"type":"Polygon","coordinates":[[[12.628374771631451,46.151324112966805],[12.627282886902409,46.149677792219165],[12.62495969546208,46.14962952043587],[12.624994600922511,46.14881842099584],[12.628479339212474,46.14889080894252],[12.628444484850123,46.149701910419964],[12.630767685197029,46.149750111439644],[12.6306980401143,46.151372316699856],[12.628374771631451,46.151324112966805]]]},"properties":{"lst_class":"temperato","color":"#fee090"}},{"type":"Feature","geometry":{"type":"Polygon","coordinates":[[[12.656392168775447,46.14865497348792],[12.656426611367031,46.147843855547364],[12.658749780293409,46.14789148641079],[12.658715371768453,46.14870260569198],[12.656392168775447,46.14865497348792]]]},"properties":{"lst_class":"caldo","color":"#fc8d59"}},{"type":"Feature","geometry":{"type":"Polygon","coordinates":[[[12.672517881416274,46.15223191602016],[12.672552091415572,46.151420789264044],[12.6713904205455,46.15139711859468],[12.67149309282925,46.14896373951333],[12.672654712592077,46.148987408184034],[12.672688916710712,46.14817628088684],[12.675012126536073,46.14822358151255],[12.675080462230275,46.14660132384976],[12.676242035258802,46.14662495514056],[12.676173733631451,46.14824721413367],[12.677335342180992,46.14827083496022],[12.677301206200285,46.14908196491883],[12.674943784967835,46.14984583863444],[12.674875437524934,46.151468095215435],[12.672517881416274,46.15223191602016]]]},"properties":{"lst_class":"caldo","color":"#fc8d59"}},{"type":"Feature","geometry":{"type":"Polygon","coordinates":[[[12.605811210805719,46.189009182494644],[12.605916911498102,46.18657593451098],[12.603556936134138,46.18733828011545],[12.603697991758906,46.18409395359315],[12.602535690612388,46.1840695700288],[12.602606243452726,46.1824474073215],[12.60493077899858,46.18249615989829],[12.604895537460603,46.18330724269239],[12.606057824547573,46.18333160195623],[12.606093049023508,46.18252051847651],[12.6072553205488,46.182544865247884],[12.60736093370848,46.18011161193452],[12.611974695435983,46.18101996004961],[12.611939559292889,46.181831047225046],[12.618948187219692,46.18116550116893],[12.619088307260656,46.177921134719206],[12.607466533247218,46.177678357393646],[12.607501730066964,46.17686727227391],[12.60517742734494,46.17681857651945],[12.60521265676403,46.17600749263392],[12.602888394156269,46.175958751033434],[12.602923656171543,46.17514766838332],[12.600599433681735,46.17509888093976],[12.600634728290023,46.17428779952634],[12.598345873120005,46.17342788606712],[12.59823988696934,46.175861126183975],[12.600528839913054,46.17672104335709],[12.600422937878545,46.17915428595932],[12.599260743605576,46.179129871096364],[12.59929606285937,46.17831879105265],[12.598133887148698,46.17829436507192],[12.598204555214787,46.17667220594983],[12.59704241512261,46.176647769539805],[12.597113111223356,46.17502561124707],[12.59595100674715,46.17500116440904],[12.596021730877192,46.17337900694615],[12.594859662014434,46.1733545496814],[12.594930414168408,46.17173239304888],[12.593768380916575,46.17170792535868],[12.593909935176688,46.16846361320893],[12.592747971631447,46.168439136472436],[12.592818773729947,46.16681698095564],[12.591656845787503,46.16679249379686],[12.59169226160069,46.16598141652272],[12.59053035221288,46.16595691825344],[12.590601213362987,46.16433476467414],[12.589439339574476,46.16431025598486],[12.589474784909283,46.16349917968002],[12.588312929674261,46.1634746598819],[12.588348390528841,46.162663584130456],[12.586060212091475,46.16180343601276],[12.586095703981211,46.16099236136902],[12.584933904405645,46.160967808248536],[12.58496941181077,46.16015673415908],[12.583807630788021,46.160132169932496],[12.583843153707074,46.15932109639764],[12.581555185750872,46.15846086164893],[12.581626292107856,46.1568387166625],[12.580464583780161,46.156814119813994],[12.580500151703518,46.15600304780779],[12.578212374132754,46.15514274935187],[12.578247973069525,46.15433167845744],[12.575960300713243,46.153471336707085],[12.575995930657585,46.15266026692559],[12.574834315084876,46.15263561456864],[12.57374402445468,46.15098881322003],[12.571420869029925,46.15093945231586],[12.571456562505803,46.15012838490074],[12.570295004103741,46.15010368745423],[12.570330713076025,46.149292620597166],[12.56804337639085,46.148432126114486],[12.568079116351573,46.14762106037447],[12.56691761360089,46.14759632963834],[12.565827655796403,46.1459494580042],[12.569312061882655,46.14602364603653],[12.569347780209583,46.14521257918974],[12.57863946041657,46.145409889584926],[12.578675040999563,46.14459881704801],[12.582159395012392,46.14467261181999],[12.582088334479023,46.14629476091088],[12.583249822897006,46.146319336970144],[12.583178790313061,46.14794148689719],[12.584340314300373,46.14796605254777],[12.584304812748641,46.148777127997526],[12.58546635527725,46.148801682547045],[12.585572804268368,46.146368453714345],[12.5867342972203,46.14639299439922],[12.586769760140054,46.145581917157486],[12.587931237574066,46.145606445360464],[12.587895791682104,46.14641752329255],[12.590218785132429,46.14646654570442],[12.590183371774472,46.147277624879536],[12.597152490460877,46.14742441324527],[12.597081863539872,46.149046579448374],[12.595920305935469,46.14902214282561],[12.59588497316714,46.149833225034556],[12.593526460058824,46.15059539572975],[12.593455718797166,46.1522175567115],[12.594617341521344,46.15224201967381],[12.594546628247878,46.153864181486156],[12.596869946350012,46.15391307478045],[12.596834621505272,46.15472415685784],[12.597996299848639,46.15474858650025],[12.597925679678163,46.15637075162057],[12.599087393598948,46.156395170842245],[12.599052098275322,46.15720625388491],[12.601375564701206,46.157255058313936],[12.601446085680147,46.155632889344986],[12.60260778706979,46.1556572724924],[12.602643028249252,46.15484618711695],[12.605001607048075,46.1540838297696],[12.6040512407166,46.14919295153283],[12.605212808831022,46.149217305604516],[12.606444732875113,46.14761947069984],[12.608767808469683,46.1476681171388],[12.609859096266847,46.149314603959134],[12.61454046638335,46.14860062031066],[12.61450540763297,46.149411713620516],[12.616793546083661,46.150271292228666],[12.616723489184018,46.15189348089646],[12.617885124843117,46.15191770728659],[12.617745061121429,46.15516208571523],[12.618906766415966,46.15518630303704],[12.618871763760987,46.15599739798534],[12.621160242815005,46.15685689477767],[12.621125271230177,46.15766799081592],[12.625772323679938,46.157764655936305],[12.625737418754087,46.15857575455915],[12.62689920262483,46.15859989202573],[12.626829422355794,46.16022209022201],[12.627991241796007,46.16024621724913],[12.628026115638082,46.15943511753994],[12.632673340072788,46.15953150495244],[12.632603727232288,46.16115370966079],[12.63608926338177,46.16122588040288],[12.63605450584994,46.16203698458448],[12.639540106453707,46.16210905116511],[12.63950539856335,46.16292015723927],[12.652286235271745,46.16318350022479],[12.652217190045185,46.16480572679031],[12.653379127221218,46.16482959760577],[12.653344619430298,46.16564071135699],[12.655668532287322,46.165688418928305],[12.655565102313673,46.168121763396975],[12.65672711209508,46.168145601493684],[12.656658185472427,46.169767831803625],[12.657820230825513,46.169791659439404],[12.657751332383386,46.171413890548564],[12.655461659000503,46.17055510664561],[12.655496141587195,46.16974399236495],[12.65317205822319,46.16969627807911],[12.652079081782878,46.16805017829393],[12.647465672493663,46.167143456279774],[12.647534863019038,46.16552123590996],[12.64637291615366,46.16549730541764],[12.646407526233729,46.164686195702735],[12.6440836710214,46.16463830066361],[12.64404902684558,46.165449409030415],[12.633591598076707,46.165233291152816],[12.633626395679519,46.16442218886885],[12.624331140570863,46.164229287086826],[12.624366073046266,46.16341819009627],[12.622077273286274,46.16255875224655],[12.622112236847098,46.16174765634438],[12.620950390757292,46.161723468965015],[12.62084544443167,46.16415675422071],[12.622007341655863,46.16418094364249],[12.623099336819948,46.16582731347701],[12.624261271115206,46.16585148065969],[12.62415645566838,46.16828476999825],[12.620670503812205,46.16821222692387],[12.620635511176076,46.16902332105603],[12.619473513153686,46.16899911574721],[12.619368475065496,46.17143239528284],[12.618206427380498,46.17140817612746],[12.618136360356228,46.17303036044025],[12.61465012393882,46.17295762806455],[12.614509767155129,46.17620198686671],[12.615671912687565,46.17622624552613],[12.615706987090157,46.1754151553472],[12.620355515926745,46.17551206921167],[12.620320509749337,46.1763231621184],[12.623806973204006,46.176395725613794],[12.623772016693529,46.17720682042678],[12.62493419121456,46.17723098532922],[12.623911833718997,46.1739624403582],[12.625073940014557,46.17398660254018],[12.62503900506749,46.174797698441566],[12.627363256232341,46.174845988753184],[12.62729345005837,46.176468182866174],[12.629617775395886,46.17651642867669],[12.62965264511911,46.17570533033028],[12.628490498764425,46.17568121400629],[12.628630030888456,46.17243682197561],[12.63091934196761,46.17329613695908],[12.630849644126718,46.174918335688766],[12.632011776394506,46.174942427725306],[12.63310427453958,46.17658870885505],[12.63426644388789,46.1766127786377],[12.634336045380222,46.174990576385184],[12.635498182096704,46.175014633008445],[12.635532963542774,46.174203531001204],[12.637857207307157,46.174251607480954],[12.637822459973288,46.1750627108414],[12.640146743769867,46.175110741456024],[12.640112029056127,46.17592184603253],[12.6424363528812,46.17596983077909],[12.642401670790747,46.1767809365704],[12.645888218779614,46.176852827175566],[12.645922849695836,46.176041719360796],[12.649409359785508,46.1761135016958],[12.649374780044226,46.17692461153106],[12.647015789047556,46.17768787545252],[12.646981172213168,46.17849898366972],[12.644656734222906,46.178451089319985],[12.64462208177942,46.17926219605335],[12.639973155275662,46.179166262980274],[12.639938433098772,46.17997736687764],[12.637613944596355,46.17992932815089],[12.637648700894543,46.17911822560565],[12.63183759086132,46.17899792556053],[12.631802749261269,46.179809024719674],[12.627153819702604,46.179712569459625],[12.625921732723716,46.181310617250226],[12.62359721159645,46.18126229245009],[12.623562246067534,46.18207338644644],[12.62123769677412,46.18202501305771],[12.621202695616915,46.18283610555636],[12.618878118162327,46.18278768357664],[12.61884308137414,46.18359877457621],[12.616518475763346,46.183550304003134],[12.616483403341492,46.18436139350222],[12.612996454941277,46.18428859703731],[12.611763855915727,46.18588648105753],[12.610601510142061,46.18586217877798],[12.610566347868357,46.18667326445149],[12.60820642876704,46.187435707266474],[12.60817122933605,46.18824679129815],[12.605811210805719,46.189009182494644]],[[12.615847269622995,46.17217079326909],[12.617009331375789,46.17219503671197],[12.617044381187497,46.17138394516948],[12.615882336487225,46.17135970240894],[12.615847269622995,46.17217079326909]],[[12.653241087156847,46.16807405179706],[12.654403094000687,46.1680979134981],[12.654437589191371,46.16728679948206],[12.653275599398189,46.16726293845265],[12.653241087156847,46.16807405179706]],[[12.609542886428532,46.15661441301464],[12.610704615345497,46.156638714275],[12.610739738774228,46.15582762424132],[12.609578026895417,46.155803323664934],[12.609542886428532,46.15661441301464]],[[12.607289780658565,46.154943599007076],[12.6107748606934,46.15501653407133],[12.61084510000339,46.1533943533224],[12.609683439234658,46.15337005479777],[12.608592081373999,46.15172356592009],[12.60743045766749,46.151699245174605],[12.607289780658565,46.154943599007076]]]},"properties":{"lst_class":"fresco","color":"#4575b4"}},{"type":"Feature","geometry":{"type":"Polygon","coordinates":[[[12.658749780293409,46.14789148641079],[12.658818592907192,46.146269247441914],[12.659980145503598,46.14629304384311],[12.659911366954486,46.14791528415157],[12.658749780293409,46.14789148641079]]]},"properties":{"lst_class":"caldo","color":"#fc8d59"}},{"type":"Feature","geometry":{"type":"Polygon","coordinates":[[[12.677301206200285,46.14908196491883],[12.677335342180992,46.14827083496022],[12.676173733631451,46.14824721413367],[12.676242035258802,46.14662495514056],[12.678531069663691,46.14748331323391],[12.678462833237946,46.14910557461532],[12.677301206200285,46.14908196491883]]]},"properties":{"lst_class":"temperato","color":"#fee090"}},{"type":"Feature","geometry":{"type":"Polygon","coordinates":[[[12.677369476694652,46.14745970486644],[12.676276183871005,46.14581382544118],[12.678599300224478,46.145861051311826],[12.678531069663691,46.14748331323391],[12.677369476694652,46.14745970486644]]]},"properties":{"lst_class":"caldo","color":"#fc8d59"}},{"type":"Feature","geometry":{"type":"Polygon","coordinates":[[[12.600637070110297,46.147497648233546],[12.600813355439767,46.14344222003103],[12.603136245766324,46.14349097753301],[12.603065804287734,46.1451131519681],[12.605388768720498,46.145161865048976],[12.605283197323947,46.14759512979152],[12.600637070110297,46.147497648233546]]]},"properties":{"lst_class":"temperato","color":"#fee090"}},{"type":"Feature","geometry":{"type":"Polygon","coordinates":[[[12.613589326373843,46.143709802644196],[12.613624391606107,46.14289870906326],[12.610140069020968,46.142825875528196],[12.609119149404998,46.13955720935021],[12.6102805191794,46.13958150804095],[12.610315627947106,46.13877041582834],[12.611476982193373,46.13879470204619],[12.61144189044849,46.139605794942334],[12.612603263211543,46.139630070054345],[12.612638337933527,46.13881897647499],[12.619606503705555,46.138964375475226],[12.61953655703689,46.14058657068239],[12.61837515830112,46.14056236562633],[12.618340165687608,46.14137346234441],[12.61717875141679,46.1413492448168],[12.617143740274056,46.142160340717076],[12.614785835454459,46.14292296332675],[12.614750787248905,46.14373405759032],[12.613589326373843,46.143709802644196]]]},"properties":{"lst_class":"caldo","color":"#fc8d59"}},{"type":"Feature","geometry":{"type":"Polygon","coordinates":[[[12.65764797361233,46.17384723619582],[12.657682428017168,46.17303612111559],[12.656520314447343,46.17301229079697],[12.657820230825513,46.169791659439404],[12.656658185472427,46.169767831803625],[12.65672711209508,46.168145601493684],[12.655565102313673,46.168121763396975],[12.655668532287322,46.165688418928305],[12.653344619430298,46.16564071135699],[12.653379127221218,46.16482959760577],[12.652217190045185,46.16480572679031],[12.652286235271745,46.16318350022479],[12.63950539856335,46.16292015723927],[12.639540106453707,46.16210905116511],[12.63605450584994,46.16203698458448],[12.63608926338177,46.16122588040288],[12.632603727232288,46.16115370966079],[12.632673340072788,46.15953150495244],[12.628026115638082,46.15943511753994],[12.627991241796007,46.16024621724913],[12.626829422355794,46.16022209022201],[12.62689920262483,46.15859989202573],[12.625737418754087,46.15857575455915],[12.625772323679938,46.157764655936305],[12.621125271230177,46.15766799081592],[12.621160242815005,46.15685689477767],[12.61999850046336,46.156832699685886],[12.618906766415966,46.15518630303704],[12.617745061121429,46.15516208571523],[12.617885124843117,46.15191770728659],[12.616723489184018,46.15189348089646],[12.616793546083661,46.150271292228666],[12.61450540763297,46.149411713620516],[12.61454046638335,46.14860062031066],[12.609859096266847,46.149314603959134],[12.608767808469683,46.1476681171388],[12.606444732875113,46.14761947069984],[12.605212808831022,46.149217305604516],[12.6040512407166,46.14919295153283],[12.605001607048075,46.1540838297696],[12.603839936731228,46.15405947158488],[12.603804714102573,46.154870557782694],[12.601446085680147,46.155632889344986],[12.601375564701206,46.157255058313936],[12.599052098275322,46.15720625388491],[12.599087393598948,46.156395170842245],[12.597925679678163,46.15637075162057],[12.597996299848639,46.15474858650025],[12.596834621505272,46.15472415685784],[12.596869946350012,46.15391307478045],[12.594546628247878,46.153864181486156],[12.594617341521344,46.15224201967381],[12.593455718797166,46.1522175567115],[12.593526460058824,46.15059539572975],[12.594688048716968,46.150619857315085],[12.594723400035788,46.14980877593083],[12.597081863539872,46.149046579448374],[12.597152490460877,46.14742441324527],[12.590183371774472,46.147277624879536],[12.590218785132429,46.14646654570442],[12.587895791682104,46.14641752329255],[12.587931237574066,46.145606445360464],[12.586769760140054,46.145581917157486],[12.5867342972203,46.14639299439922],[12.585572804268368,46.146368453714345],[12.58546635527725,46.148801682547045],[12.584304812748641,46.148777127997526],[12.584340314300373,46.14796605254777],[12.583178790313061,46.14794148689719],[12.583249822897006,46.146319336970144],[12.582088334479023,46.14629476091088],[12.582159395012392,46.14467261181999],[12.584482305251825,46.1447217493811],[12.58451779917623,46.14391067324751],[12.586840681407867,46.143959762263826],[12.58687613975609,46.14314868461192],[12.588037566111115,46.14317321074399],[12.58800212478849,46.14398428908619],[12.58916356967802,46.144008804117945],[12.59025419696857,46.14565546639265],[12.596061621825521,46.1457778126241],[12.596096947002623,46.14496672973232],[12.597258419461216,46.144991162916504],[12.597329031208275,46.143368995347934],[12.599687182073993,46.14260673823064],[12.599757716620474,46.14098456709446],[12.603241896633442,46.14105771485708],[12.603277110562601,46.14024662702553],[12.60559987068736,46.140295331880985],[12.605635049057154,46.13948424254225],[12.606796414343153,46.13950857660082],[12.605494326507579,46.142728599078794],[12.603171464235384,46.14267989011081],[12.603136245766324,46.14349097753301],[12.606620592500038,46.14356402535511],[12.608802949357854,46.14685702697349],[12.613484121635377,46.14614308256941],[12.61344905037506,46.14695417560528],[12.615772109845963,46.14700267916662],[12.61573707113923,46.147813773431395],[12.618060170638405,46.14786223118644],[12.618095175284019,46.14705113555784],[12.619256710238924,46.14707534606455],[12.619221722623983,46.14788644237458],[12.621544831063508,46.14793482937187],[12.620523149419315,46.14466625298839],[12.6216846362646,46.14469043786761],[12.622776259059501,46.14633680834024],[12.626260835155021,46.1464092609302],[12.626330598517853,46.144787059466765],[12.625169105725172,46.14476292175471],[12.625204002186367,46.143951821498284],[12.620558113992644,46.14385515545269],[12.620593077063463,46.14304405778085],[12.62175452985365,46.143068241298735],[12.621859358974653,46.140634945424466],[12.62069795726164,46.140610763948445],[12.62073291432321,46.13979966573205],[12.621894299011954,46.139823846527484],[12.621964174582487,46.13820164832515],[12.623125526712192,46.138225815970394],[12.623160445223428,46.137414715984875],[12.624321781817473,46.137438871161145],[12.624251977339705,46.13906107235585],[12.627736098170141,46.13913347122678],[12.627526955200228,46.14400008377211],[12.631011395850992,46.14407238874579],[12.630976584531748,46.14488349239567],[12.633334363696383,46.14412053310306],[12.633264807677998,46.14574274297703],[12.634426327880286,46.14576679882207],[12.634356799944557,46.1473890095065],[12.631998892626214,46.14815198709873],[12.633090891474417,46.14979826528318],[12.636575711997494,46.14987040759255],[12.637806756500131,46.14827221751276],[12.641291492567733,46.14834421423822],[12.641256827060921,46.14915532329649],[12.643580025886338,46.149203263494215],[12.643476122633423,46.15163659390238],[12.63999117329895,46.15156465984103],[12.639921794803035,46.15318687538494],[12.641083477177558,46.15321086655092],[12.641048802730468,46.154021974794404],[12.638725405384065,46.153973979315914],[12.638690695370686,46.15478508607272],[12.637528981876182,46.154761069963556],[12.636297777202314,46.15635925245962],[12.629327331738867,46.15621482917831],[12.629362181048451,46.15540372811036],[12.628200462366268,46.155379616953624],[12.628130728171111,46.15700181759621],[12.630454235175774,46.15705003082731],[12.630419399910604,46.157861132301605],[12.6327429469293,46.15790929970032],[12.632708144249003,46.15872040239435],[12.637320588221428,46.1596277035955],[12.63735532422944,46.158816598329835],[12.638517122924224,46.158840617819024],[12.638586556379039,46.15721840552803],[12.642071859083172,46.15729038915547],[12.642037194224688,46.15810149739498],[12.64668435332366,46.15819731309783],[12.646788138943588,46.15576397988178],[12.649111625091278,46.15581181290687],[12.649146183245628,46.155000700217144],[12.651469641200844,46.15504848470937],[12.651504163792529,46.154237370539036],[12.656082118829383,46.155955028853455],[12.656013202552566,46.15757726188812],[12.654851415842135,46.157553420714436],[12.654816938440087,46.1583645363574],[12.655978742192485,46.15838837820213],[12.65594428035118,46.15919949438059],[12.658267926343324,46.159247144016554],[12.658164634196945,46.16168049576229],[12.657002759334514,46.16165667483225],[12.656899402727941,46.16409002334684],[12.655737478193299,46.164066188604714],[12.655703005981236,46.16487730383429],[12.659188835130267,46.164948774670556],[12.659154412582453,46.16575989177626],[12.660316375613823,46.16578369245636],[12.660247560178805,46.16740592760115],[12.661409558775526,46.1674297178191],[12.66134077152684,46.16905195376122],[12.662502805691426,46.16907573351574],[12.662468426901905,46.16988685195294],[12.661306375684648,46.16986307152907],[12.661271978363786,46.170674189161474],[12.662434046634441,46.1706979702547],[12.662330896963644,46.173131324347246],[12.65764797361233,46.17384723619582]],[[12.64186384758082,46.16215703655568],[12.646511347548037,46.16225286574374],[12.64661515547517,46.15981953456332],[12.641967860037669,46.15972371346662],[12.64186384758082,46.16215703655568]],[[12.651227941507445,46.16072628010402],[12.653551643927688,46.16077402681567],[12.653586142819906,46.159962912250876],[12.65242430791884,46.159939045466366],[12.652458822371488,46.15912793143773],[12.65013519106582,46.159080163817],[12.650169738119816,46.15826905099721],[12.647846146783403,46.15822123752891],[12.647776983019934,46.1598434603412],[12.651262474487586,46.15991516688311],[12.651227941507445,46.16072628010402]],[[12.639644221173995,46.15967573212771],[12.641967860037669,46.15972371346662],[12.642002527876214,46.15891260549869],[12.639678923097431,46.158864625510255],[12.639644221173995,46.15967573212771]],[[12.631720436599421,46.15464081247467],[12.635205559324154,46.1547130023565],[12.635275080083648,46.15309079276467],[12.634113405102097,46.15306674262072],[12.634148180277124,46.15225563829786],[12.630663215327987,46.15218341912598],[12.630593561265059,46.15380562357034],[12.631755248838802,46.15382970977852],[12.631720436599421,46.15464081247467]],[[12.59806691394906,46.15312642083377],[12.60271350606448,46.15322401595666],[12.602783977821991,46.15160184425056],[12.598137521980076,46.15150425462115],[12.59806691394906,46.15312642083377]],[[12.628374771631451,46.151324112966805],[12.6306980401143,46.151372316699856],[12.630767685197029,46.149750111439644],[12.628444484850123,46.149701910419964],[12.628479339212474,46.14889080894252],[12.624994600922511,46.14881842099584],[12.62495969546208,46.14962952043587],[12.627282886902409,46.149677792219165],[12.628374771631451,46.151324112966805]],[[12.600637070110297,46.147497648233546],[12.605283197323947,46.14759512979152],[12.605388768720498,46.145161865048976],[12.603065804287734,46.1451131519681],[12.603136245766324,46.14349097753301],[12.600813355439767,46.14344222003103],[12.600637070110297,46.147497648233546]]]},"properties":{"lst_class":"moderato_fresco","color":"#91bfdb"}},{"type":"Feature","geometry":{"type":"Polygon","coordinates":[[[12.604508879149352,46.13864880790455],[12.605740575097256,46.13705097370767],[12.608063205035236,46.1370996259275],[12.606831574178845,46.13869748644082],[12.604508879149352,46.13864880790455]]]},"properties":{"lst_class":"caldo","color":"#fc8d59"}},{"type":"Feature","geometry":{"type":"Polygon","coordinates":[[[12.628897474748776,46.139157580604596],[12.628967143044166,46.13753537397757],[12.630128487059853,46.137559470209304],[12.630058852810453,46.13918167819275],[12.628897474748776,46.139157580604596]]]},"properties":{"lst_class":"moderato_fresco","color":"#91bfdb"}},{"type":"Feature","geometry":{"type":"Polygon","coordinates":[[[12.65909378422554,46.13978028614663],[12.659162567274079,46.138158044467886],[12.66148533337115,46.13820561208668],[12.661416618422905,46.13982785644315],[12.65909378422554,46.13978028614663]]]},"properties":{"lst_class":"molto_caldo","color":"#d73027"}},{"type":"Feature","geometry":{"type":"Polygon","coordinates":[[[12.611547161159612,46.137172515845016],[12.611582248381124,46.13636142253997],[12.616227476039093,46.13645844132829],[12.616192456900903,46.13726953736394],[12.611547161159612,46.137172515845016]]]},"properties":{"lst_class":"moderato_fresco","color":"#91bfdb"}},{"type":"Feature","geometry":{"type":"Polygon","coordinates":[[[12.679999502158038,46.14020672092339],[12.680067672281528,46.138584455240455],[12.681229080828228,46.138608032718345],[12.681331273954955,46.13617463118963],[12.683653993250323,46.136221746794654],[12.683619964386526,46.137032882098815],[12.682458586990116,46.13700932952828],[12.683551902271935,46.138655152301915],[12.682390490825272,46.13863159840551],[12.682356440548102,46.13944273264146],[12.679999502158038,46.14020672092339]]]},"properties":{"lst_class":"caldo","color":"#fc8d59"}},{"type":"Feature","geometry":{"type":"Polygon","coordinates":[[[12.644707011616012,46.150038326847884],[12.645018501124452,46.142738323447595],[12.643857035744217,46.14271437643258],[12.644030118550836,46.138658817607215],[12.642868739773377,46.13863486217214],[12.641776653273478,46.136988673164474],[12.640615311491418,46.13696469549962],[12.64068463038325,46.13534247452336],[12.646491183817329,46.13546223821458],[12.646422035143,46.13708446593262],[12.647583384292087,46.137108384651654],[12.647548824749434,46.137919498980345],[12.649871561506988,46.13796730239597],[12.649837034527101,46.13877841793444],[12.648675648389062,46.138754521448874],[12.648502906101657,46.1428100937434],[12.649664377370478,46.142833993592106],[12.64959530411966,46.144456222905625],[12.6507568109164,46.14448011230739],[12.650653240999866,46.146913457277535],[12.648295566356408,46.14767677601971],[12.648261004534087,46.14848788925758],[12.649422595016668,46.148511793815516],[12.649353500983429,46.15013402122989],[12.644707011616012,46.150038326847884]]]},"properties":{"lst_class":"moderato_fresco","color":"#91bfdb"}},{"type":"Feature","geometry":{"type":"Polygon","coordinates":[[[12.662337608083138,46.145529479569404],[12.663567815538778,46.143930994785904],[12.66127917080794,46.14307234353068],[12.661382258734092,46.14063897841821],[12.656770955885131,46.13973266868747],[12.656805382198902,46.138921549256054],[12.65796677861138,46.138945363210674],[12.658035592752716,46.137323122600776],[12.659196956581624,46.1373469234253],[12.659334499035486,46.13410243790004],[12.660495796239937,46.13412622425679],[12.660461429863783,46.13493734651082],[12.662749728893992,46.13579600865374],[12.662681056849495,46.137418255160654],[12.664969493484728,46.13827687508921],[12.664866572078374,46.14071024743827],[12.666028012782167,46.140733980195975],[12.665959425194744,46.14235622908774],[12.664797950435721,46.14233249499403],[12.664660689455395,46.14557698848078],[12.662337608083138,46.145529479569404]],[[12.65909378422554,46.13978028614663],[12.661416618422905,46.13982785644315],[12.66148533337115,46.13820561208668],[12.659162567274079,46.138158044467886],[12.65909378422554,46.13978028614663]]]},"properties":{"lst_class":"caldo","color":"#fc8d59"}},{"type":"Feature","geometry":{"type":"Polygon","coordinates":[[[12.619746379010374,46.135719983427016],[12.619851269713063,46.133286687961245],[12.621012516746406,46.133310875099816],[12.62210390770952,46.134957250287044],[12.619746379010374,46.135719983427016]]]},"properties":{"lst_class":"caldo","color":"#fc8d59"}},{"type":"Feature","geometry":{"type":"Polygon","coordinates":[[[12.630163301940462,46.1367483660136],[12.630198115325113,46.13593726168194],[12.629036805352495,46.13591316680653],[12.629106461674406,46.134290959091544],[12.63026773760687,46.13431505261067],[12.63037215981183,46.13188173798395],[12.632729384388114,46.13111877909093],[12.632659842140557,46.13274099196022],[12.633821088478676,46.13276504876192],[12.633751574292432,46.13438726244167],[12.634912856147935,46.13441130880976],[12.634878113834588,46.13522241612255],[12.63371681495906,46.13519836907768],[12.633647291811414,46.13682058194194],[12.630163301940462,46.1367483660136]]]},"properties":{"lst_class":"moderato_fresco","color":"#91bfdb"}},{"type":"Feature","geometry":{"type":"Polygon","coordinates":[[[12.659368880955263,46.13329131618001],[12.659403261397722,46.13248019432451],[12.65824199969666,46.132456397519],[12.658276395680636,46.13164527619778],[12.660598886508712,46.13169285668192],[12.660530161139423,46.13331510186729],[12.659368880955263,46.13329131618001]]]},"properties":{"lst_class":"moderato_fresco","color":"#91bfdb"}},{"type":"Feature","geometry":{"type":"Polygon","coordinates":[[[12.688469231165698,46.13226014473933],[12.68857108282591,46.12982672804697],[12.690893547149162,46.12987369159741],[12.6908257155771,46.13149597217106],[12.688469231165698,46.13226014473933]]]},"properties":{"lst_class":"caldo","color":"#fc8d59"}},{"type":"Feature","geometry":{"type":"Polygon","coordinates":[[[12.611722582191682,46.1331170479569],[12.611792740052786,46.13149485984762],[12.614115146678996,46.131543384623086],[12.614150189317495,46.130732288998324],[12.615311377852782,46.130756533024496],[12.615346401970639,46.12994543658117],[12.617703738067156,46.12918278996901],[12.617738725148104,46.12837169188963],[12.620061010561134,46.12842009335363],[12.62009596211265,46.12760899377586],[12.62241821945029,46.127657346738836],[12.622383301925339,46.12846844767752],[12.623544449837329,46.12849260716182],[12.623509547826245,46.129303708644365],[12.621187219460435,46.12925537653039],[12.619886230276114,46.13247558920034],[12.616402549160975,46.132402959106834],[12.616367537545539,46.13321405582356],[12.611722582191682,46.1331170479569]]]},"properties":{"lst_class":"caldo","color":"#fc8d59"}},{"type":"Feature","geometry":{"type":"Polygon","coordinates":[[[12.637408943291863,46.13040382081748],[12.63631717476161,46.12875758366065],[12.637478340453432,46.12878160172059],[12.637513036798001,46.127970491968355],[12.63983533858286,46.12801849138037],[12.639731347167897,46.130451824282495],[12.637408943291863,46.13040382081748]]]},"properties":{"lst_class":"caldo","color":"#fc8d59"}},{"type":"Feature","geometry":{"type":"Polygon","coordinates":[[[12.63163774386838,46.12947249979862],[12.631742088115033,46.12703918069155],[12.632903213864468,46.127063244538974],[12.632798920659914,46.12949656567795],[12.63163774386838,46.12947249979862]]]},"properties":{"lst_class":"moderato_fresco","color":"#91bfdb"}},{"type":"Feature","geometry":{"type":"Polygon","coordinates":[[[12.643422627217003,46.12565706191212],[12.643457232540898,46.12484594824199],[12.642296144537935,46.12482199248195],[12.642365384747047,46.12319976608287],[12.645848551109216,46.123271593967175],[12.645779412964957,46.124893824409554],[12.643422627217003,46.12565706191212]]]},"properties":{"lst_class":"caldo","color":"#fc8d59"}},{"type":"Feature","geometry":{"type":"Polygon","coordinates":[[[12.624949752250975,46.12283903591591],[12.62498462525964,46.12202793266523],[12.628467674092937,46.12210028875805],[12.628432852109878,46.12291139404519],[12.624949752250975,46.12283903591591]]]},"properties":{"lst_class":"moderato_fresco","color":"#91bfdb"}},{"type":"Feature","geometry":{"type":"Polygon","coordinates":[[[12.69458040791269,46.1250771916771],[12.694715814455272,46.12183261775232],[12.695876882960118,46.12185603989075],[12.695944543484368,46.12023375080059],[12.697105579407962,46.120257159837],[12.697004137474371,46.12269059524664],[12.695843050517729,46.12266718423353],[12.695741544468586,46.125100616452634],[12.69458040791269,46.1250771916771]]]},"properties":{"lst_class":"temperato","color":"#fee090"}},{"type":"Feature","geometry":{"type":"Polygon","coordinates":[[[12.667497872939839,46.133457568440626],[12.667532134243732,46.132646441905905],[12.666370862313086,46.13262272761496],[12.666439414542426,46.131000475474366],[12.668796131656121,46.13023676199142],[12.668864606982332,46.128614506369786],[12.663058680072767,46.12849589266915],[12.663093000607185,46.12768476799376],[12.660770674095765,46.127637241347955],[12.660839378797773,46.12601499426618],[12.659678251763406,46.12599121460327],[12.659712618913545,46.125180091528485],[12.662034840418405,46.125227637730994],[12.662069172067403,46.12441651318254],[12.660908077596261,46.12439274664257],[12.660976770491851,46.12277049847719],[12.657493597920107,46.12269913216837],[12.6575967792804,46.12026576493002],[12.658757784313647,46.120289563473776],[12.658792158137533,46.11947844012017],[12.661079798768691,46.120337125213226],[12.66104545748518,46.121148249769995],[12.66336751180429,46.12119576571577],[12.663333203064305,46.12200689147446],[12.669138449453037,46.1221254784706],[12.669172673144326,46.12131434937429],[12.67729996018023,46.12147987159444],[12.677197641924739,46.123913272454146],[12.676036545525498,46.12388965977955],[12.676002419496943,46.1247007924645],[12.673680197031864,46.124653530431424],[12.673714357085435,46.123842399076686],[12.671392174461419,46.12379509123583],[12.671357980383142,46.12460622125904],[12.67019687424172,46.12458254899571],[12.670162661681314,46.12539367821738],[12.671323784835701,46.125417351147],[12.671289587819027,46.12622848089966],[12.673611872521539,46.12627579273521],[12.673577708064629,46.127086923684246],[12.671255389333032,46.12703961051705],[12.671221189377645,46.12785073999917],[12.670060015179983,46.1278270650706],[12.671152785058373,46.12947299855756],[12.672313994744533,46.12949666303211],[12.672245618582311,46.13111892238151],[12.671084374860582,46.1310952565748],[12.669854682479736,46.13269383512393],[12.667497872939839,46.133457568440626]]]},"properties":{"lst_class":"caldo","color":"#fc8d59"}},{"type":"Feature","geometry":{"type":"Polygon","coordinates":[[[12.633216012835481,46.11976327378223],[12.634446447424839,46.11816510118086],[12.63676833211848,46.11821315507214],[12.636698939693996,46.11983537634946],[12.633216012835481,46.11976327378223]]]},"properties":{"lst_class":"moderato_fresco","color":"#91bfdb"}},{"type":"Feature","geometry":{"type":"Polygon","coordinates":[[[12.688978358205976,46.1200930491285],[12.689046217023803,46.118470767418984],[12.691402098186076,46.11770657008893],[12.69133431031569,46.11932885471099],[12.688978358205976,46.1200930491285]]]},"properties":{"lst_class":"caldo","color":"#fc8d59"}},{"type":"Feature","geometry":{"type":"Polygon","coordinates":[[[12.654182655195543,46.118572057122755],[12.654251531506462,46.11694981510015],[12.655412464120461,46.116973646308615],[12.655343621820904,46.11859588967271],[12.654182655195543,46.118572057122755]]]},"properties":{"lst_class":"caldo","color":"#fc8d59"}},{"type":"Feature","geometry":{"type":"Polygon","coordinates":[[[12.640216525782137,46.11909626028221],[12.640251170232066,46.1182851475494],[12.639090222718751,46.11826116183832],[12.640320454667123,46.116662921676394],[12.641481369645442,46.116686894256645],[12.6414467451764,46.117498007935744],[12.644929549963743,46.117569857013876],[12.644998695389408,46.11594762547563],[12.647320504588993,46.115995463262195],[12.647285966626773,46.116806580445584],[12.648446890435931,46.116830482340646],[12.64721688625097,46.118428814405306],[12.640216525782137,46.11909626028221]]]},"properties":{"lst_class":"caldo","color":"#fc8d59"}},{"type":"Feature","geometry":{"type":"Polygon","coordinates":[[[12.690995283578252,46.12744026972477],[12.69106310057921,46.1258179878016],[12.689901952777701,46.12579451522359],[12.689935876107162,46.124983374720216],[12.691097006894392,46.125006846637575],[12.691266516620432,46.12095113879331],[12.6936224759576,46.12018689737709],[12.693724057896105,46.117753466686395],[12.694885039913151,46.1177768973114],[12.69491888064279,46.11696575281856],[12.6972070082677,46.11782372321378],[12.697274620245306,46.116201431457405],[12.699596526327163,46.11624820759616],[12.699495208227075,46.11868164897828],[12.69833420344454,46.11865826482548],[12.698266616770734,46.120280557089835],[12.695944543484368,46.12023375080059],[12.695876882960118,46.12185603989075],[12.694715814455272,46.12183261775232],[12.694546552640805,46.125888334821084],[12.693385400511485,46.12586489760038],[12.69335152676971,46.12667603994978],[12.690995283578252,46.12744026972477]]]},"properties":{"lst_class":"caldo","color":"#fc8d59"}},{"type":"Feature","geometry":{"type":"Polygon","coordinates":[[[12.669377984418388,46.1164475719549],[12.669412197819183,46.11563644191145],[12.668251281683796,46.115612753413785],[12.669480620211578,46.11401418141859],[12.670641503795538,46.11403785680249],[12.67060731033759,46.11484898778291],[12.672929115877588,46.11489630454116],[12.671699855066631,46.11649491493955],[12.669377984418388,46.1164475719549]]]},"properties":{"lst_class":"molto_caldo","color":"#d73027"}},{"type":"Feature","geometry":{"type":"Polygon","coordinates":[[[12.635780929028838,46.11413358182647],[12.635815632555255,46.113322470980734],[12.638137316166823,46.11337049319943],[12.63810264664278,46.11418160539675],[12.635780929028838,46.11413358182647]]]},"properties":{"lst_class":"caldo","color":"#fc8d59"}},{"type":"Feature","geometry":{"type":"Polygon","coordinates":[[[12.684232260277644,46.12243242595792],[12.684266262833262,46.12162128822251],[12.678461006997585,46.12150347049172],[12.678563261039097,46.119070066422886],[12.676241270910099,46.11902286083075],[12.67627538667714,46.11821172719944],[12.67395343637136,46.118164475806886],[12.673987584686133,46.11735334337028],[12.668182819402059,46.117235012031955],[12.66821705127821,46.11642388279052],[12.665895189369357,46.1163764691178],[12.66599797819841,46.11394308458484],[12.667158857412293,46.113966795309736],[12.66719310040918,46.113155666194025],[12.67183656382106,46.113250388624245],[12.671802388834745,46.114061520405976],[12.672963275328481,46.114085172229004],[12.674192443770536,46.11248654591083],[12.675353299165904,46.11251017284285],[12.675387420211793,46.11169903879468],[12.678869944103175,46.11176984691825],[12.679962680760351,46.11341569934117],[12.681123560412177,46.11343926803664],[12.681055481026965,46.115061542097266],[12.683377312691352,46.11510864679839],[12.683343304815102,46.115919784951835],[12.682182371253866,46.1158962378291],[12.681978191267158,46.12076305993641],[12.685461302429662,46.1208336778846],[12.685427318345118,46.12164481641727],[12.687749433707776,46.12169183745512],[12.68771548218532,46.1225029771762],[12.684232260277644,46.12243242595792]],[[12.669377984418388,46.1164475719549],[12.671699855066631,46.11649491493955],[12.672929115877588,46.11489630454116],[12.67060731033759,46.11484898778291],[12.670641503795538,46.11403785680249],[12.669480620211578,46.11401418141859],[12.669446409750218,46.11482531173267],[12.668285510618897,46.11480162390172],[12.669377984418388,46.1164475719549]]]},"properties":{"lst_class":"caldo","color":"#fc8d59"}},{"type":"Feature","geometry":{"type":"Polygon","coordinates":[[[12.640528272259575,46.11179624079829],[12.640597532888266,46.11017401275261],[12.641758311857803,46.11019797993588],[12.641689085226936,46.111820209330695],[12.640528272259575,46.11179624079829]]]},"properties":{"lst_class":"caldo","color":"#fc8d59"}},{"type":"Feature","geometry":{"type":"Polygon","coordinates":[[[12.670709886304893,46.11241559443576],[12.67077826293938,46.11079333152792],[12.671939079971922,46.110816992467505],[12.671870737339308,46.112439256707255],[12.670709886304893,46.11241559443576]]]},"properties":{"lst_class":"caldo","color":"#fc8d59"}},{"type":"Feature","geometry":{"type":"Polygon","coordinates":[[[12.692766303956834,46.11286316321367],[12.692800169970447,46.11205201923058],[12.691639309870489,46.1120285696611],[12.691673191431272,46.1112174262031],[12.693994879068491,46.11126431224228],[12.69392718250086,46.11288660166269],[12.692766303956834,46.11286316321367]]]},"properties":{"lst_class":"caldo","color":"#fc8d59"}},{"type":"Feature","geometry":{"type":"Polygon","coordinates":[[[12.688156738225624,46.111958150272145],[12.68822460190041,46.11033586718508],[12.689385423669405,46.11035935077282],[12.689317593997353,46.111981635181834],[12.688156738225624,46.111958150272145]]]},"properties":{"lst_class":"caldo","color":"#fc8d59"}},{"type":"Feature","geometry":{"type":"Polygon","coordinates":[[[12.70444254465737,46.111474716311726],[12.704509929385155,46.10985241450819],[12.705670754293473,46.10987573252504],[12.705603403569107,46.111498035641226],[12.70444254465737,46.111474716311726]]]},"properties":{"lst_class":"temperato","color":"#fee090"}},{"type":"Feature","geometry":{"type":"Polygon","coordinates":[[[12.650975641938253,46.11201153355047],[12.651044596580885,46.1103892933865],[12.652205388781292,46.110413154565286],[12.652274303503821,46.108790912515786],[12.653435063174244,46.10881476057367],[12.65466466512529,46.10721635157781],[12.660468322793418,46.1073353496105],[12.659238883496068,46.108933824194686],[12.655756586911195,46.108862421355894],[12.655722181283853,46.109673544461046],[12.654561401684903,46.109649719288335],[12.654492551998038,46.11127196375096],[12.652170929199741,46.111224275386654],[12.652136468137893,46.112035396072436],[12.650975641938253,46.11201153355047]]]},"properties":{"lst_class":"caldo","color":"#fc8d59"}},{"type":"Feature","geometry":{"type":"Polygon","coordinates":[[[12.670846633699634,46.10917106807898],[12.670949178827179,46.106737671890954],[12.672109910867778,46.10676132950108],[12.672144072644317,46.105950196502015],[12.67794766965816,46.10606830456562],[12.677913592863794,46.10687944088887],[12.679074333616551,46.106903027833596],[12.679108393414248,46.1060918908465],[12.681429845273973,46.10613902807612],[12.681361792204093,46.10776130456863],[12.679040272355783,46.10771416468556],[12.679006209631867,46.10852530140238],[12.67436311934392,46.10843087764267],[12.674328987161834,46.10924201156674],[12.670846633699634,46.10917106807898]]]},"properties":{"lst_class":"moderato_fresco","color":"#91bfdb"}},{"type":"Feature","geometry":{"type":"Polygon","coordinates":[[[12.708093321646416,46.10748887360079],[12.708160589913767,46.10586656651469],[12.709321334122363,46.10588984591643],[12.7092540998516,46.107512154313],[12.708093321646416,46.10748887360079]]]},"properties":{"lst_class":"caldo","color":"#fc8d59"}},{"type":"Feature","geometry":{"type":"Polygon","coordinates":[[[12.699630296125475,46.11543706019916],[12.699664064473062,46.11462591266739],[12.6985031447245,46.11460253180518],[12.698570711076282,46.11298023765331],[12.697409826773974,46.11295684632655],[12.69744362477606,46.112145699706744],[12.695155725048213,46.111287737592114],[12.695291032735089,46.108043154495476],[12.69645181215311,46.108066565429624],[12.696519423282185,46.10644427175428],[12.698840918440565,46.10649105565315],[12.70006917151538,46.1048921317717],[12.701229888693028,46.10491549296102],[12.699934159036793,46.10813672756032],[12.703416518849735,46.10820678368259],[12.703382813104175,46.10901793426456],[12.704543619578102,46.10904126340432],[12.70457730832385,46.10823011216574],[12.708059685345491,46.108300026941855],[12.708026047599636,46.10911118014826],[12.706865236826554,46.10908788634622],[12.706797922997469,46.11071019104375],[12.704509929385155,46.10985241450819],[12.704408850122375,46.11228586701143],[12.702087102596252,46.112239191698215],[12.702120831136625,46.111428042312205],[12.700959976529061,46.11140468764225],[12.700791234316648,46.115460429937755],[12.699630296125475,46.11543706019916]]]},"properties":{"lst_class":"caldo","color":"#fc8d59"}},{"type":"Feature","geometry":{"type":"Polygon","coordinates":[[[12.705839105791211,46.10581997237731],[12.705906436266648,46.10419766737533],[12.707067143618543,46.10422096902129],[12.708160589913767,46.10586656651469],[12.705839105791211,46.10581997237731]]]},"properties":{"lst_class":"caldo","color":"#fc8d59"}},{"type":"Feature","geometry":{"type":"Polygon","coordinates":[[[12.644321882653403,46.104568062373936],[12.644425578282501,46.10213471036921],[12.645586191721053,46.102158635483484],[12.645482547068637,46.104591989508364],[12.644321882653403,46.104568062373936]]]},"properties":{"lst_class":"molto_caldo","color":"#d73027"}},{"type":"Feature","geometry":{"type":"Polygon","coordinates":[[[12.645275217692731,46.109458693894176],[12.644252744810318,46.106190296365156],[12.641965956070372,46.10533128849311],[12.642035158916665,46.103709056926085],[12.64087451590929,46.10368509513852],[12.640943746794276,46.10206286437722],[12.642104355818391,46.10208682481604],[12.642138952040241,46.10127570855739],[12.64678133488856,46.10137142987013],[12.64674680662964,46.10218254882284],[12.647907423007542,46.1022064503872],[12.647803880309201,46.10463980844941],[12.648964549133085,46.104663700255955],[12.648999047855147,46.10385258036512],[12.65128589118445,46.10471144854091],[12.651251424968612,46.10552256963994],[12.648930048929172,46.105474820011125],[12.648757525679091,46.10953041675235],[12.645275217692731,46.109458693894176]],[[12.644321882653403,46.104568062373936],[12.645482547068637,46.104591989508364],[12.645586191721053,46.102158635483484],[12.644425578282501,46.10213471036921],[12.644321882653403,46.104568062373936]]]},"properties":{"lst_class":"caldo","color":"#fc8d59"}},{"type":"Feature","geometry":{"type":"Polygon","coordinates":[[[12.668798768240233,46.10263466498253],[12.668867177606991,46.10101240149301],[12.671188399409187,46.101059742717716],[12.671120058010754,46.10268200887213],[12.668798768240233,46.10263466498253]]]},"properties":{"lst_class":"temperato","color":"#fee090"}},{"type":"Feature","geometry":{"type":"Polygon","coordinates":[[[12.687301377514448,46.10463438138971],[12.68859774791338,46.101413300554746],[12.690919018967957,46.10146024141579],[12.69095289860643,46.10064909686382],[12.697916644393333,46.100789632871994],[12.697849087576785,46.102411929752044],[12.696688425695086,46.102388535206096],[12.696654628116173,46.103199682785416],[12.694367106247055,46.102341710785375],[12.694299441659457,46.10396400317334],[12.693138750105792,46.10394057197972],[12.693104898636616,46.10475171731189],[12.687301377514448,46.10463438138971]]]},"properties":{"lst_class":"caldo","color":"#fc8d59"}},{"type":"Feature","geometry":{"type":"Polygon","coordinates":[[[12.675830860455934,46.10115428386544],[12.675899060057025,46.09953201184842],[12.678220231325676,46.09957920911403],[12.678186166238895,46.10039034651851],[12.679346771038714,46.10041392815301],[12.679312721480324,46.10122506608606],[12.675830860455934,46.10115428386544]]]},"properties":{"lst_class":"caldo","color":"#fc8d59"}},{"type":"Feature","geometry":{"type":"Polygon","coordinates":[[[12.665248327299551,46.10418581977626],[12.665385355821394,46.10094130134327],[12.666545961626605,46.10096501316816],[12.666580198087994,46.10015388255414],[12.665419609273503,46.10013017139661],[12.665488111764242,46.09850791109718],[12.671290900499868,46.09862634247159],[12.671256734937133,46.09943747602222],[12.672417314038126,46.09946112764054],[12.672280705077624,46.102705663153266],[12.671120058010754,46.10268200887213],[12.671051710741205,46.104304274485465],[12.665248327299551,46.10418581977626]],[[12.668798768240233,46.10263466498253],[12.671120058010754,46.10268200887213],[12.671188399409187,46.101059742717716],[12.668867177606991,46.10101240149301],[12.668798768240233,46.10263466498253]]]},"properties":{"lst_class":"caldo","color":"#fc8d59"}},{"type":"Feature","geometry":{"type":"Polygon","coordinates":[[[12.698942222265016,46.10405761017869],[12.699077273726047,46.10081301432544],[12.697916644393333,46.100789632871994],[12.697984195406695,46.099167335452655],[12.70146598576283,46.09923744053947],[12.70133108184395,46.10248204273183],[12.70017041565194,46.10245868351495],[12.700102921010522,46.104080982487574],[12.698942222265016,46.10405761017869]]]},"properties":{"lst_class":"caldo","color":"#fc8d59"}},{"type":"Feature","geometry":{"type":"Polygon","coordinates":[[[12.639817769445928,46.101227777253975],[12.639887025389621,46.099605547027274],[12.641047581971623,46.09962951721692],[12.641220610872129,46.09557393590098],[12.643541558584106,46.09562183421816],[12.64224273179069,46.09884235896688],[12.644529260550861,46.09970135714304],[12.644494701279136,46.100512475020814],[12.639817769445928,46.101227777253975]]]},"properties":{"lst_class":"moderato_fresco","color":"#91bfdb"}},{"type":"Feature","geometry":{"type":"Polygon","coordinates":[[[12.68180403267523,46.097216497708],[12.681838040946074,46.09640535777306],[12.684193063620167,46.0956412905965],[12.684125116490414,46.09726357325124],[12.68180403267523,46.097216497708]]]},"properties":{"lst_class":"caldo","color":"#fc8d59"}},{"type":"Feature","geometry":{"type":"Polygon","coordinates":[[[12.660536987738299,46.10571309709427],[12.660571317998729,46.10490197063298],[12.659410634526248,46.10487819658855],[12.659513667440178,46.102444818399256],[12.658353036408803,46.10242103458668],[12.658387394754929,46.10160990892204],[12.657226782177286,46.101586114003815],[12.65719240683953,46.10239723899875],[12.654871152090172,46.10234961249697],[12.654905561410953,46.10153848884246],[12.653744953223708,46.101514658599385],[12.65371052691153,46.10232578158322],[12.65135481917503,46.10308920593599],[12.651320355919896,46.10390032730625],[12.65015970115387,46.10387645972356],[12.650228660168407,46.1022542181909],[12.651389280949926,46.10227808443013],[12.651492657393982,46.099844719099],[12.652653228670392,46.099868571549095],[12.652722104922642,46.09824632597443],[12.651561567623615,46.098222474866915],[12.651596020518747,46.09741135254748],[12.652756540830172,46.09743520298373],[12.652825408208441,46.09581295659561],[12.649343953591355,46.09574137399686],[12.649309469683459,46.09655249524405],[12.646988473302025,46.09650471330474],[12.646919433095118,46.098126952702565],[12.644598374641527,46.09807912098035],[12.644702034646736,46.09564576571847],[12.645862512179495,46.09566968544653],[12.647092022493707,46.094071353190465],[12.654054723504743,46.09421454564476],[12.653917062606837,46.097459041646815],[12.655077585848021,46.09748286853667],[12.656169339187626,46.09912893352276],[12.663132721978528,46.09927158501142],[12.662926984123331,46.104138355458595],[12.664087654982117,46.10416209350553],[12.66405337717863,46.104973222107596],[12.662892689325641,46.10494948339254],[12.662858393054842,46.10576061119107],[12.660536987738299,46.10571309709427]]]},"properties":{"lst_class":"caldo","color":"#fc8d59"}},{"type":"Feature","geometry":{"type":"Polygon","coordinates":[[[12.71320624792047,46.09622572820481],[12.713373966922527,46.09216993696527],[12.715694890484983,46.092216367544786],[12.715661383537633,46.09302752736863],[12.714500904057273,46.09300431731192],[12.71436679392505,46.096248952648914],[12.71320624792047,46.09622572820481]]]},"properties":{"lst_class":"temperato","color":"#fee090"}},{"type":"Feature","geometry":{"type":"Polygon","coordinates":[[[12.666819812149326,46.09447596446646],[12.666854036849255,46.093664832769726],[12.664567389674609,46.09280627886153],[12.665796300165725,46.091207733049536],[12.66811710555098,46.091255128914455],[12.668082902243096,46.09206626168401],[12.669243324101815,46.092089942626416],[12.669140756317137,46.09452334212273],[12.666819812149326,46.09447596446646]]]},"properties":{"lst_class":"moderato_fresco","color":"#91bfdb"}},{"type":"Feature","geometry":{"type":"Polygon","coordinates":[[[12.646000636810191,46.09242520717147],[12.646104214713,46.08999184704049],[12.648424936425675,46.09003964176285],[12.648459425468,46.08922852010271],[12.651940468100376,46.08930012189565],[12.6519749047233,46.08848899808473],[12.653135238219154,46.08851284113839],[12.653066397454324,46.090135089966736],[12.650745664008038,46.090087389405035],[12.650711207446266,46.090898512273355],[12.653031974854574,46.09094621417756],[12.651802706818906,46.092544615783446],[12.646000636810191,46.09242520717147]]]},"properties":{"lst_class":"caldo","color":"#fc8d59"}},{"type":"Feature","geometry":{"type":"Polygon","coordinates":[[[12.695933426863062,46.092631355318225],[12.696001016807319,46.09100905783599],[12.697161439408776,46.09103245493721],[12.69719521522062,46.090221305335305],[12.699516030767503,46.090268062906766],[12.69954977116354,46.08945691185407],[12.700710164108022,46.089480272325225],[12.700608989523095,46.09191372705146],[12.699448545628156,46.091890364607785],[12.699414800884695,46.09270151525611],[12.695933426863062,46.092631355318225]]]},"properties":{"lst_class":"temperato","color":"#fee090"}},{"type":"Feature","geometry":{"type":"Polygon","coordinates":[[[12.65739863672106,46.097530486996604],[12.657433003201366,46.096719361188676],[12.656272494020492,46.096695558515265],[12.656375635563105,46.09426218228814],[12.654089135034235,46.09340342130538],[12.654192360756014,46.09097004747389],[12.655352748121349,46.090993868999654],[12.655490293810553,46.08774936597845],[12.657810937088174,46.087796968358894],[12.657742235115018,46.089419222820084],[12.658902592905564,46.08944300769505],[12.658833918993519,46.09106526295313],[12.659994312207228,46.09108903739622],[12.65985701461958,46.094333548963355],[12.66101747722724,46.09435731431097],[12.66098316613007,46.09516844253298],[12.663304129695007,46.09521593924856],[12.66333840682148,46.0944048096898],[12.664498873806616,46.09442853972094],[12.664430352053166,46.09605080003884],[12.666717129229774,46.09690935874465],[12.66668289864974,46.097720489900034],[12.662040756009636,46.09762558263619],[12.662109351598161,46.09600332553215],[12.660948853559272,46.09597957061956],[12.659719693443522,46.09757805836321],[12.65739863672106,46.097530486996604]]]},"properties":{"lst_class":"moderato_fresco","color":"#91bfdb"}},{"type":"Feature","geometry":{"type":"Polygon","coordinates":[[[12.70846322561296,46.0985661779618],[12.708564078184397,46.09613271268712],[12.709724618474635,46.09615598422766],[12.709859000407832,46.0929113593566],[12.70869852806708,46.092888090435835],[12.708732136928875,46.092076934536415],[12.711053049068568,46.09212345929572],[12.711086622517245,46.09131230195223],[12.712247063745325,46.09133554601902],[12.712347724489923,46.088902071218364],[12.713508116194987,46.08892530155147],[12.713541649912464,46.08811414236161],[12.715895901952152,46.087349405776564],[12.715929398827903,46.08653824501104],[12.718250090329224,46.086584619362775],[12.718116230050814,46.089829266838926],[12.71927664586602,46.08985243896788],[12.719176286519481,46.09228592511955],[12.718015819750168,46.09226275103394],[12.717948872361998,46.09388507315818],[12.716788373044032,46.09386188599472],[12.716687890213842,46.09629536621446],[12.71436679392505,46.096248952648914],[12.714333262791838,46.097060111146774],[12.713172699797761,46.097036886049],[12.713105599229433,46.0986592013337],[12.711945003681913,46.098635963153356],[12.711978571677463,46.09782480623235],[12.710817994549195,46.097801556931266],[12.710784409562846,46.098612713197916],[12.70846322561296,46.0985661779618]],[[12.71320624792047,46.09622572820481],[12.71436679392505,46.096248952648914],[12.714500904057273,46.09300431731192],[12.715661383537633,46.09302752736863],[12.715694890484983,46.092216367544786],[12.713373966922527,46.09216993696527],[12.71320624792047,46.09622572820481]]]},"properties":{"lst_class":"caldo","color":"#fc8d59"}},{"type":"Feature","geometry":{"type":"Polygon","coordinates":[[[12.678662944340303,46.08903441055753],[12.678833152773498,46.084978712723775],[12.68115371841757,46.08502583901027],[12.681017690425833,46.08827040285322],[12.682178043334217,46.088293950994135],[12.682144049665899,46.0891050922799],[12.678662944340303,46.08903441055753]]]},"properties":{"lst_class":"caldo","color":"#fc8d59"}},{"type":"Feature","geometry":{"type":"Polygon","coordinates":[[[12.700440336244036,46.09596948223302],[12.700507801901749,46.09434718056474],[12.699347307049802,46.09432381614837],[12.699381054691935,46.09351266576964],[12.695899629713754,46.093442503857084],[12.695933426863062,46.092631355318225],[12.69361251803753,46.092584523164874],[12.69357868691757,46.09339567038562],[12.692418217678421,46.09337223599107],[12.69119001533544,46.094971081221836],[12.688869016116874,46.09492415092881],[12.68890291808914,46.0941130066182],[12.687742437629717,46.094089524473006],[12.687810271176858,46.092467236768634],[12.690131165596977,46.09251418664343],[12.69016504621722,46.09170304126738],[12.691325478605746,46.09172649788647],[12.691494774972147,46.08767076568139],[12.692655123890384,46.087694207229674],[12.692722798299561,46.0860719120837],[12.695043432535318,46.08611875723273],[12.695009630016143,46.086929906191635],[12.693849295199376,46.08690648884283],[12.693747827988785,46.08933993293303],[12.694908213748311,46.089363352259134],[12.694975826045303,46.08774105501566],[12.696136179280543,46.08776446125329],[12.696203751810744,46.08614216215288],[12.697364072523577,46.08616555530339],[12.697431605293279,46.084543254346826],[12.704393355969906,46.08468335819894],[12.704359692180667,46.08549451268789],[12.705520005955732,46.085517822793854],[12.705452707999678,46.08714013267977],[12.707739790579712,46.08799787625734],[12.70763893036593,46.09043134360583],[12.704157679083002,46.09036143679259],[12.704090329815369,46.09198374374978],[12.702929881617424,46.091960416622506],[12.7027950977808,46.09520502629394],[12.700440336244036,46.09596948223302]],[[12.695933426863062,46.092631355318225],[12.699414800884695,46.09270151525611],[12.699448545628156,46.091890364607785],[12.700608989523095,46.09191372705146],[12.700710164108022,46.089480272325225],[12.69954977116354,46.08945691185407],[12.699516030767503,46.090268062906766],[12.69719521522062,46.090221305335305],[12.697161439408776,46.09103245493721],[12.696001016807319,46.09100905783599],[12.695933426863062,46.092631355318225]]]},"properties":{"lst_class":"caldo","color":"#fc8d59"}},{"type":"Feature","geometry":{"type":"Polygon","coordinates":[[[12.721697726286786,46.0874652566388],[12.721831365559705,46.0842205997277],[12.720671065767144,46.08419745570241],[12.720704488976923,46.08338629178996],[12.721864771791179,46.08340943516387],[12.721931579950555,46.08178710563294],[12.72541233505372,46.08185646123554],[12.725378982622273,46.08266762802026],[12.724218712524248,46.08264452060425],[12.7240852205592,46.0858891837979],[12.722924883965625,46.08586606201009],[12.722858095421463,46.08748839149902],[12.721697726286786,46.0874652566388]]]},"properties":{"lst_class":"caldo","color":"#fc8d59"}},{"type":"Feature","geometry":{"type":"Polygon","coordinates":[[[12.720704488976923,46.08338629178996],[12.720771331090726,46.08176396356175],[12.721931579950555,46.08178710563294],[12.721864771791179,46.08340943516387],[12.720704488976923,46.08338629178996]]]},"properties":{"lst_class":"temperato","color":"#fee090"}},{"type":"Feature","geometry":{"type":"Polygon","coordinates":[[[12.676580733968974,46.08330926193816],[12.676648869163975,46.081686983973306],[12.67548865931499,46.08166338229676],[12.676716998507615,46.08006470546777],[12.6778771758587,46.0800882940492],[12.677843128891483,46.08089943403344],[12.682483920666265,46.080993673343926],[12.68244994013358,46.08180481584534],[12.6800954914619,46.08256885943963],[12.680061474059382,46.08338000034533],[12.676580733968974,46.08330926193816]]]},"properties":{"lst_class":"caldo","color":"#fc8d59"}},{"type":"Feature","geometry":{"type":"Polygon","coordinates":[[[12.694052190407994,46.08203959702058],[12.694119810527928,46.08041729866746],[12.695280009529341,46.08044071074428],[12.696372657747514,46.08208641204204],[12.694052190407994,46.08203959702058]]]},"properties":{"lst_class":"caldo","color":"#fc8d59"}},{"type":"Feature","geometry":{"type":"Polygon","coordinates":[[[12.66112040167778,46.09192392883231],[12.661223312868502,46.089490542134776],[12.660062952156963,46.08946678079997],[12.660131586211481,46.08784452366191],[12.657845285862056,46.08698584092509],[12.657913978984825,46.085363585651024],[12.661394802059196,46.08543489493035],[12.661360507166743,46.08624602464209],[12.66368109713402,46.08629350665559],[12.663818132057989,46.08304898165107],[12.662657904250336,46.083025249200595],[12.662692176278115,46.08221411827892],[12.666172813148753,46.082285278324825],[12.666138592044634,46.08309641124925],[12.670779529483108,46.08319112923356],[12.670881984697987,46.080757722057356],[12.66972179907966,46.080734062210624],[12.669755964857812,46.07992292688055],[12.673236475151954,46.079993869123655],[12.673202360292311,46.08080500645036],[12.674362550266869,46.08082863099656],[12.674192038868798,46.08488431892633],[12.67535231517024,46.084907935028646],[12.675284134314902,46.08653021058346],[12.672963515252011,46.08648296395087],[12.672929388670633,46.087294100195734],[12.67176906433794,46.087270458560255],[12.670745374811654,46.08400226468844],[12.668424869232215,46.0839549278995],[12.668322294554772,46.0863883294556],[12.669482597548711,46.08641200573308],[12.669414241046274,46.08803427409334],[12.668253904094605,46.088010596483116],[12.668219706661729,46.08882172979392],[12.664738653599818,46.08875062434399],[12.664772901972096,46.08793949303437],[12.663612570844494,46.08791576834554],[12.66357830549257,46.08872689898745],[12.662417958843218,46.08870316186103],[12.66228081479375,46.09194768040231],[12.66112040167778,46.09192392883231]]]},"properties":{"lst_class":"caldo","color":"#fc8d59"}},{"type":"Feature","geometry":{"type":"Polygon","coordinates":[[[12.692959612964826,46.080393874823415],[12.693027261224064,46.07877157724926],[12.694187424840754,46.07879499977486],[12.694119810527928,46.08041729866746],[12.692959612964826,46.080393874823415]]]},"properties":{"lst_class":"caldo","color":"#fc8d59"}},{"type":"Feature","geometry":{"type":"Polygon","coordinates":[[[12.701081026085864,46.08055759461842],[12.701148436717009,46.07893528782889],[12.70230861038568,46.07895862798763],[12.702241233702017,46.080580936090996],[12.701081026085864,46.08055759461842]]]},"properties":{"lst_class":"moderato_fresco","color":"#91bfdb"}},{"type":"Feature","geometry":{"type":"Polygon","coordinates":[[[12.682585853509872,46.07856024502923],[12.682687773223437,46.07612681549893],[12.685007974125343,46.076173856606886],[12.68507584543194,46.07455156693026],[12.683915778196695,46.07452805358247],[12.683949728632244,46.07371690920338],[12.689749994396548,46.073834354990275],[12.689682261751509,46.07545665022445],[12.68736208324501,46.07540970456033],[12.687260371548696,46.07784314243557],[12.686100233547744,46.0778196499725],[12.686066309765604,46.07863079499973],[12.682585853509872,46.07856024502923]]]},"properties":{"lst_class":"caldo","color":"#fc8d59"}},{"type":"Feature","geometry":{"type":"Polygon","coordinates":[[[12.662330896963644,46.173131324347246],[12.662434046634441,46.1706979702547],[12.661271978363786,46.170674189161474],[12.662502805691426,46.16907573351574],[12.66134077152684,46.16905195376122],[12.661409558775526,46.1674297178191],[12.660247560178805,46.16740592760115],[12.660316375613823,46.16578369245636],[12.659154412582453,46.16575989177626],[12.659188835130267,46.164948774670556],[12.655703005981236,46.16487730383429],[12.655737478193299,46.164066188604714],[12.656899402727941,46.16409002334684],[12.657002759334514,46.16165667483225],[12.658164634196945,46.16168049576229],[12.658267926343324,46.159247144016554],[12.65594428035118,46.15919949438059],[12.655978742192485,46.15838837820213],[12.654816938440087,46.1583645363574],[12.654851415842135,46.157553420714436],[12.656013202552566,46.15757726188812],[12.656082118829383,46.155955028853455],[12.654920366200688,46.155931189021814],[12.654954839157353,46.15512007297215],[12.652631372383913,46.1550723592604],[12.65266587793679,46.1542612444181],[12.651504163792529,46.154237370539036],[12.651469641200844,46.15504848470937],[12.649146183245628,46.155000700217144],[12.649111625091278,46.15581181290687],[12.646788138943588,46.15576397988178],[12.64668435332366,46.15819731309783],[12.642037194224688,46.15810149739498],[12.642071859083172,46.15729038915547],[12.638586556379039,46.15721840552803],[12.638517122924224,46.158840617819024],[12.63735532422944,46.158816598329835],[12.637320588221428,46.1596277035955],[12.634996961185761,46.15957962787031],[12.635031731278032,46.15876852395777],[12.630419399910604,46.157861132301605],[12.630454235175774,46.15705003082731],[12.628130728171111,46.15700181759621],[12.628200462366268,46.155379616953624],[12.629362181048451,46.15540372811036],[12.629327331738867,46.15621482917831],[12.636297777202314,46.15635925245962],[12.636332524278075,46.15554814732682],[12.638690695370686,46.15478508607272],[12.638725405384065,46.153973979315914],[12.641048802730468,46.154021974794404],[12.641083477177558,46.15321086655092],[12.639921794803035,46.15318687538494],[12.63999117329895,46.15156465984103],[12.643476122633423,46.15163659390238],[12.643580025886338,46.149203263494215],[12.641256827060921,46.14915532329649],[12.641291492567733,46.14834421423822],[12.637806756500131,46.14827221751276],[12.636575711997494,46.14987040759255],[12.633090891474417,46.14979826528318],[12.633125677704895,46.148987161093814],[12.631964090858338,46.14896309074656],[12.631998892626214,46.14815198709873],[12.634356799944557,46.1473890095065],[12.633334363696383,46.14412053310306],[12.632172879033014,46.1440964668203],[12.632138084742397,46.144907571147876],[12.630976584531748,46.14488349239567],[12.631011395850992,46.14407238874579],[12.627526955200228,46.14400008377211],[12.627736098170141,46.13913347122678],[12.624251977339705,46.13906107235585],[12.624321781817473,46.137438871161145],[12.621964174582487,46.13820164832515],[12.621894299011954,46.139823846527484],[12.62073291432321,46.13979966573205],[12.62069795726164,46.140610763948445],[12.621859358974653,46.140634945424466],[12.62175452985365,46.143068241298735],[12.620593077063463,46.14304405778085],[12.620558113992644,46.14385515545269],[12.625204002186367,46.143951821498284],[12.625169105725172,46.14476292175471],[12.626330598517853,46.144787059466765],[12.626260835155021,46.1464092609302],[12.622776259059501,46.14633680834024],[12.6216846362646,46.14469043786761],[12.620523149419315,46.14466625298839],[12.621544831063508,46.14793482937187],[12.619221722623983,46.14788644237458],[12.619256710238924,46.14707534606455],[12.618095175284019,46.14705113555784],[12.618060170638405,46.14786223118644],[12.61573707113923,46.147813773431395],[12.615772109845963,46.14700267916662],[12.61344905037506,46.14695417560528],[12.613484121635377,46.14614308256941],[12.608802949357854,46.14685702697349],[12.606620592500038,46.14356402535511],[12.603136245766324,46.14349097753301],[12.603171464235384,46.14267989011081],[12.605494326507579,46.142728599078794],[12.606796414343153,46.13950857660082],[12.605635049057154,46.13948424254225],[12.60559987068736,46.140295331880985],[12.603277110562601,46.14024662702553],[12.603241896633442,46.14105771485708],[12.599757716620474,46.14098456709446],[12.599687182073993,46.14260673823064],[12.597329031208275,46.143368995347934],[12.597258419461216,46.144991162916504],[12.596096947002623,46.14496672973232],[12.596061621825521,46.1457778126241],[12.59025419696857,46.14565546639265],[12.590289607282978,46.1448443869442],[12.589128143858774,46.14481988301342],[12.588037566111115,46.14317321074399],[12.590395829096606,46.14241114777887],[12.591628015838028,46.140813476345436],[12.595112164292185,46.14088687168925],[12.595147497385723,46.14007578866597],[12.597434937450728,46.140935742971024],[12.5974702364977,46.14012465857228],[12.599828245105318,46.13936239541228],[12.599863507074826,46.13855130936645],[12.602221416524264,46.137788994657996],[12.60225664142215,46.136977906966536],[12.604579262373917,46.13702662991545],[12.604614451718028,46.136215540716265],[12.605775747421134,46.13623988382336],[12.605810918233734,46.13542879380264],[12.608168615355375,46.13466635175764],[12.609400113471832,46.133068473302956],[12.610561347084731,46.13309276652328],[12.610596443785884,46.13228167322016],[12.61175766187585,46.132305953970395],[12.611722582191682,46.1331170479569],[12.616367537545539,46.13321405582356],[12.616402549160975,46.132402959106834],[12.619886230276114,46.13247558920034],[12.621187219460435,46.12925537653039],[12.623509547826245,46.129303708644365],[12.62241821945029,46.127657346738836],[12.621257090037975,46.12763317614972],[12.621292023075336,46.1268220757552],[12.622453135475057,46.12684624566406],[12.621431740217242,46.123577672815905],[12.62259278457388,46.123601840003914],[12.623823611949454,46.122003790402495],[12.62498462525964,46.12202793266523],[12.624949752250975,46.12283903591591],[12.628432852109878,46.12291139404519],[12.628502494580017,46.12128918333491],[12.629663496814992,46.12131327778912],[12.63089406899017,46.119715146494926],[12.632055040172975,46.11973921602947],[12.632194091140637,46.1164947837564],[12.633354995783462,46.11651883880094],[12.633459217322835,46.11408551113787],[12.634620072436983,46.114109552371936],[12.63465479296447,46.11329844220249],[12.637011158658213,46.11253537632217],[12.63708052425905,46.110913152599544],[12.638241315803617,46.11093715579249],[12.638345302039067,46.108503817163125],[12.637184561487251,46.10847981599676],[12.637323256938492,46.10523536529121],[12.638483929510167,46.105259363755756],[12.638691826063896,46.10039267957017],[12.639852398161414,46.100416662208524],[12.639817769445928,46.101227777253975],[12.644494701279136,46.100512475020814],[12.644529260550861,46.09970135714304],[12.64224273179069,46.09884235896688],[12.642311910862524,46.097220125227764],[12.64347241942607,46.09724406984804],[12.642450251180733,46.09397565612056],[12.643610691803653,46.09399959804539],[12.643679819085342,46.0923773613297],[12.644840227212857,46.092401290136046],[12.644943856059596,46.08996793202432],[12.646104214713,46.08999184704049],[12.646000636810191,46.09242520717147],[12.651802706818906,46.092544615783446],[12.653031974854574,46.09094621417756],[12.650711207446266,46.090898512273355],[12.650745664008038,46.090087389405035],[12.653066397454324,46.090135089966736],[12.653135238219154,46.08851284113839],[12.6519749047233,46.08848899808473],[12.652078205719473,46.0860556258385],[12.65671934474721,46.08615091938958],[12.656753707548118,46.08533979235445],[12.657913978984825,46.085363585651024],[12.657845285862056,46.08698584092509],[12.660131586211481,46.08784452366191],[12.660062952156963,46.08946678079997],[12.661223312868502,46.089490542134776],[12.66112040167778,46.09192392883231],[12.66228081479375,46.09194768040231],[12.662417958843218,46.08870316186103],[12.66357830549257,46.08872689898745],[12.663612570844494,46.08791576834554],[12.664772901972096,46.08793949303437],[12.664738653599818,46.08875062434399],[12.668219706661729,46.08882172979392],[12.668253904094605,46.088010596483116],[12.669414241046274,46.08803427409334],[12.669482597548711,46.08641200573308],[12.668322294554772,46.0863883294556],[12.668424869232215,46.0839549278995],[12.670745374811654,46.08400226468844],[12.67176906433794,46.087270458560255],[12.672929388670633,46.087294100195734],[12.672963515252011,46.08648296395087],[12.675284134314902,46.08653021058346],[12.67535231517024,46.084907935028646],[12.674192038868798,46.08488431892633],[12.674362550266869,46.08082863099656],[12.673202360292311,46.08080500645036],[12.673270588546728,46.07918273166176],[12.67555682260565,46.08004110511968],[12.675659056566236,46.07760768834022],[12.676819181553132,46.07763128669576],[12.676853239643297,46.07682014683476],[12.675693131626637,46.07679654914337],[12.675761277358218,46.07517427034411],[12.678081426963606,46.07522145130576],[12.67814949897248,46.07359916931015],[12.676989457380994,46.07357558603917],[12.677125651725687,46.07033102308107],[12.679445600631427,46.0703781725508],[12.679377574242496,46.07200045695416],[12.684017625130316,46.072094620040055],[12.68398367761009,46.072905764689246],[12.68514371091033,46.07292927671355],[12.685109778899621,46.07374042188942],[12.683949728632244,46.07371690920338],[12.683915778196695,46.07452805358247],[12.68507584543194,46.07455156693026],[12.685007974125343,46.076173856606886],[12.682687773223437,46.07612681549893],[12.682585853509872,46.07856024502923],[12.686066309765604,46.07863079499973],[12.686100233547744,46.0778196499725],[12.687260371548696,46.07784314243557],[12.68736208324501,46.07540970456033],[12.689682261751509,46.07545665022445],[12.689749994396548,46.073834354990275],[12.69323017114786,46.07390468128939],[12.694322636047556,46.07555040037113],[12.696642831825576,46.07559720485308],[12.696609065141136,46.07640835622362],[12.698963033349246,46.07564396227371],[12.69892930060521,46.076455114960226],[12.701249541809476,46.07650182663388],[12.701215841559117,46.07731298050032],[12.702375981283216,46.07733631934529],[12.701081026085864,46.08055759461842],[12.703401442751437,46.08060426579607],[12.703233060605744,46.084660036979784],[12.697431605293279,46.084543254346826],[12.697364072523577,46.08616555530339],[12.696203751810744,46.08614216215288],[12.696136179280543,46.08776446125329],[12.694975826045303,46.08774105501566],[12.694908213748311,46.089363352259134],[12.693747827988785,46.08933993293303],[12.693849295199376,46.08690648884283],[12.695009630016143,46.086929906191635],[12.695043432535318,46.08611875723273],[12.692722798299561,46.0860719120837],[12.692655123890384,46.087694207229674],[12.691494774972147,46.08767076568139],[12.691325478605746,46.09172649788647],[12.69016504621722,46.09170304126738],[12.690131165596977,46.09251418664343],[12.687810271176858,46.092467236768634],[12.687742437629717,46.094089524473006],[12.68890291808914,46.0941130066182],[12.688869016116874,46.09492415092881],[12.69119001533544,46.094971081221836],[12.691223883334759,46.09415993559041],[12.69357868691757,46.09339567038562],[12.69361251803753,46.092584523164874],[12.695933426863062,46.092631355318225],[12.695899629713754,46.093442503857084],[12.699381054691935,46.09351266576964],[12.699347307049802,46.09432381614837],[12.700507801901749,46.09434718056474],[12.700440336244036,46.09596948223302],[12.701600866506398,46.09599283619088],[12.701634583071726,46.095181684766835],[12.7027950977808,46.09520502629394],[12.702929881617424,46.091960416622506],[12.704090329815369,46.09198374374978],[12.704157679083002,46.09036143679259],[12.70763893036593,46.09043134360583],[12.707739790579712,46.08799787625734],[12.705452707999678,46.08714013267977],[12.705520005955732,46.085517822793854],[12.704359692180667,46.08549451268789],[12.704393355969906,46.08468335819894],[12.706713950994128,46.08472996532951],[12.706747579381737,46.08391880939412],[12.709068146172708,46.08396536813704],[12.709101739161365,46.08315421075662],[12.71374282197788,46.08324718439674],[12.713776345616253,46.08243602426498],[12.719577646336633,46.082551973251746],[12.719544207584631,46.08336313664696],[12.721831365559705,46.0842205997277],[12.721630898041044,46.08908758428778],[12.719310096108199,46.08904127664839],[12.71927664586602,46.08985243896788],[12.718116230050814,46.089829266838926],[12.718250090329224,46.086584619362775],[12.715929398827903,46.08653824501104],[12.715895901952152,46.087349405776564],[12.713541649912464,46.08811414236161],[12.713508116194987,46.08892530155147],[12.712347724489923,46.088902071218364],[12.712247063745325,46.09133554601902],[12.711086622517245,46.09131230195223],[12.711053049068568,46.09212345929572],[12.708732136928875,46.092076934536415],[12.70869852806708,46.092888090435835],[12.709859000407832,46.0929113593566],[12.709724618474635,46.09615598422766],[12.708564078184397,46.09613271268712],[12.70846322561296,46.0985661779618],[12.710784409562846,46.098612713197916],[12.710817994549195,46.097801556931266],[12.713105599229433,46.0986592013337],[12.713172699797761,46.097036886049],[12.715527341356417,46.0962721653188],[12.715426794606946,46.09870564236884],[12.714266196204683,46.098682427738865],[12.712971380798987,46.10190383028819],[12.711810717280681,46.10188058949152],[12.711743565427577,46.10350290185301],[12.71058286934842,46.10347964797092],[12.710482079761539,46.10591311354014],[12.708160589913767,46.10586656651469],[12.708059685345491,46.108300026941855],[12.70457730832385,46.10823011216574],[12.704543619578102,46.10904126340432],[12.703382813104175,46.10901793426456],[12.703416518849735,46.10820678368259],[12.699934159036793,46.10813672756032],[12.701229888693028,46.10491549296102],[12.70006917151538,46.1048921317717],[12.698840918440565,46.10649105565315],[12.696519423282185,46.10644427175428],[12.69645181215311,46.108066565429624],[12.695291032735089,46.108043154495476],[12.695155725048213,46.111287737592114],[12.696316572467712,46.11131115116208],[12.696282758915236,46.11212229725805],[12.698570711076282,46.11298023765331],[12.6985031447245,46.11460253180518],[12.699664064473062,46.11462591266739],[12.699630296125475,46.11543706019916],[12.700791234316648,46.115460429937755],[12.700959976529061,46.11140468764225],[12.702120831136625,46.111428042312205],[12.702087102596252,46.112239191698215],[12.704408850122375,46.11228586701143],[12.704375154139873,46.11309701757641],[12.703214262655957,46.11307368515334],[12.703146832339039,46.11469598456566],[12.701985908281053,46.11467263904766],[12.701884700923115,46.11710608518423],[12.700723727282226,46.117082725912475],[12.700689971589822,46.117893873697675],[12.69952898237804,46.11787050198571],[12.699596526327163,46.11624820759616],[12.697274620245306,46.116201431457405],[12.6972070082677,46.11782372321378],[12.69491888064279,46.11696575281856],[12.694885039913151,46.1177768973114],[12.693724057896105,46.117753466686395],[12.6936224759576,46.12018689737709],[12.691266516620432,46.12095113879331],[12.691097006894392,46.125006846637575],[12.689935876107162,46.124983374720216],[12.689901952777701,46.12579451522359],[12.69106310057921,46.1258179878016],[12.690995283578252,46.12744026972477],[12.69335152676971,46.12667603994978],[12.693283774919713,46.12829832424386],[12.692122573184598,46.12827487325728],[12.692020883438072,46.1307082967063],[12.690859632091783,46.13068483195172],[12.690893547149162,46.12987369159741],[12.68857108282591,46.12982672804697],[12.688469231165698,46.13226014473933],[12.689630513663033,46.13228363439156],[12.689562639304027,46.133905912833804],[12.688401322764422,46.13388242185925],[12.68833340852685,46.1355046984392],[12.687172059387759,46.1354811943526],[12.685874729511228,46.13870222472226],[12.684713315167494,46.13867869440751],[12.684645281256389,46.14030096539555],[12.6834838343075,46.140277421964676],[12.6834157604926,46.14189969108711],[12.68225428093667,46.14187613453874],[12.682186167211666,46.143498401794744],[12.681024655046803,46.143474832127524],[12.680922422387894,46.14590823000795],[12.679760860580304,46.14588464655673],[12.679692664085373,46.14750690980709],[12.678531069663691,46.14748331323391],[12.678599300224478,46.145861051311826],[12.676276183871005,46.14581382544118],[12.676242035258802,46.14662495514056],[12.675080462230275,46.14660132384976],[12.675012126536073,46.14822358151255],[12.672688916710712,46.14817628088684],[12.672654712592077,46.148987408184034],[12.67149309282925,46.14896373951333],[12.6713904205455,46.15139711859468],[12.672552091415572,46.151420789264044],[12.672517881416274,46.15223191602016],[12.674875437524934,46.151468095215435],[12.674943784967835,46.14984583863444],[12.676105426132983,46.14986947258595],[12.676139580616146,46.14905834342742],[12.677301206200285,46.14908196491883],[12.677232929837412,46.15070422443047],[12.676071270181884,46.15068060160929],[12.6759687935202,46.15311398786799],[12.674807084206742,46.153090351255486],[12.674738725012636,46.154712606754615],[12.67357698307615,46.154688957014336],[12.673508583924196,46.15631121064115],[12.672346809362793,46.15628754777171],[12.672278370246673,46.15790979952542],[12.671116563058463,46.157886123525465],[12.669817725091546,46.16110693227836],[12.668655852644058,46.16108323001328],[12.66872440579692,46.159460983342576],[12.66636642353211,46.16022466815188],[12.666126212735525,46.165902518835935],[12.664964242384954,46.16587877716294],[12.664895563351122,46.16750101766054],[12.66373356036241,46.16747726284884],[12.663699201579812,46.16828838222588],[12.664861221619887,46.16831213770622],[12.66479253372838,46.16993437739138],[12.663630479583391,46.16991062057372],[12.663596116369408,46.1707217395445],[12.664758187567957,46.170745497030865],[12.664689490817363,46.17236773590357],[12.662330896963644,46.173131324347246]],[[12.660488388320122,46.161728102223506],[12.662846512317365,46.16096454169435],[12.66291523591517,46.159342301704804],[12.6605571830518,46.160105865182004],[12.660488388320122,46.161728102223506]],[[12.667596860308537,46.15862614774184],[12.669920501477824,46.15867356006794],[12.66998901170629,46.15705131125106],[12.672346809362793,46.15628754777171],[12.672415242595896,46.15466529547692],[12.668930029899778,46.15459424008231],[12.6688957628984,46.15540536429736],[12.667734011210419,46.15538165490451],[12.667596860308537,46.15862614774184]],[[12.643233629604365,46.15731436010319],[12.645557175072137,46.15736226660625],[12.64559178731936,46.156551156207925],[12.643302920771667,46.15569214186749],[12.64337220598288,46.15406992308873],[12.642210503618786,46.15404595483962],[12.642106522451744,46.15647928078019],[12.643268275932567,46.15650325105323],[12.643233629604365,46.15731436010319]],[[12.638621270868253,46.15640729917876],[12.639783019918863,46.15643130484292],[12.639817715876648,46.155620197682154],[12.638655983865442,46.15559619269365],[12.638621270868253,46.15640729917876]],[[12.657278311802369,46.155167739496555],[12.65844005032491,46.155191555063396],[12.658508889560881,46.15356931853356],[12.659670595471322,46.153593120963514],[12.659704995832525,46.1527820018254],[12.662028377971348,46.152829569957376],[12.662097106111059,46.151207328597046],[12.660935448383375,46.15118355176758],[12.660969827273684,46.15037243155346],[12.65980818804559,46.150348643598164],[12.658577722879711,46.15194708146173],[12.656219933611835,46.15271056115754],[12.656151029182261,46.154332795276595],[12.657312749199235,46.154356621969704],[12.657278311802369,46.155167739496555]],[[12.6679054166824,46.15132603581243],[12.66906708317819,46.151349741868835],[12.66910134281641,46.15053861697714],[12.667939693356866,46.15051491158796],[12.6679054166824,46.15132603581243]],[[12.644707011616012,46.150038326847884],[12.649353500983429,46.15013402122989],[12.649422595016668,46.148511793815516],[12.648261004534087,46.14848788925758],[12.648295566356408,46.14767677601971],[12.650653240999866,46.146913457277535],[12.6507568109164,46.14448011230739],[12.64959530411966,46.144456222905625],[12.649664377370478,46.142833993592106],[12.648502906101657,46.1428100937434],[12.648675648389062,46.138754521448874],[12.649837034527101,46.13877841793444],[12.649871561506988,46.13796730239597],[12.647548824749434,46.137919498980345],[12.647583384292087,46.137108384651654],[12.646422035143,46.13708446593262],[12.646491183817329,46.13546223821458],[12.64068463038325,46.13534247452336],[12.640615311491418,46.13696469549962],[12.641776653273478,46.136988673164474],[12.64174200861621,46.13779978412377],[12.644030118550836,46.138658817607215],[12.643857035744217,46.14271437643258],[12.645018501124452,46.142738323447595],[12.644707011616012,46.150038326847884]],[[12.656392168775447,46.14865497348792],[12.658715371768453,46.14870260569198],[12.658749780293409,46.14789148641079],[12.656426611367031,46.147843855547364],[12.656392168775447,46.14865497348792]],[[12.658749780293409,46.14789148641079],[12.659911366954486,46.14791528415157],[12.659980145503598,46.14629304384311],[12.658818592907192,46.146269247441914],[12.658749780293409,46.14789148641079]],[[12.661141699564146,46.14631682845094],[12.662303255088107,46.146340601265386],[12.662337608083138,46.145529479569404],[12.661176069590573,46.14550570742405],[12.661141699564146,46.14631682845094]],[[12.6112313083094,46.144472349456926],[12.612392783225184,46.1444966286686],[12.6124278669917,46.143685535906926],[12.611266409103196,46.14366125737859],[12.6112313083094,46.144472349456926]],[[12.662337608083138,46.145529479569404],[12.664660689455395,46.14557698848078],[12.664797950435721,46.14233249499403],[12.665959425194744,46.14235622908774],[12.666028012782167,46.140733980195975],[12.664866572078374,46.14071024743827],[12.664969493484728,46.13827687508921],[12.662681056849495,46.137418255160654],[12.662749728893992,46.13579600865374],[12.661588394721237,46.135772244536106],[12.661622745552307,46.13496112174837],[12.659334499035486,46.13410243790004],[12.659196956581624,46.1373469234253],[12.658035592752716,46.137323122600776],[12.65796677861138,46.138945363210674],[12.656805382198902,46.138921549256054],[12.656770955885131,46.13973266868747],[12.661382258734092,46.14063897841821],[12.66127917080794,46.14307234353068],[12.663567815538778,46.143930994785904],[12.662337608083138,46.145529479569404]],[[12.613589326373843,46.143709802644196],[12.614750787248905,46.14373405759032],[12.614785835454459,46.14292296332675],[12.617143740274056,46.142160340717076],[12.61717875141679,46.1413492448168],[12.618340165687608,46.14137346234441],[12.61837515830112,46.14056236562633],[12.61953655703689,46.14058657068239],[12.619606503705555,46.138964375475226],[12.612638337933527,46.13881897647499],[12.612603263211543,46.139630070054345],[12.610315627947106,46.13877041582834],[12.6102805191794,46.13958150804095],[12.609119149404998,46.13955720935021],[12.610140069020968,46.142825875528196],[12.613624391606107,46.14289870906326],[12.613589326373843,46.143709802644196]],[[12.604508879149352,46.13864880790455],[12.606831574178845,46.13869748644082],[12.608063205035236,46.1370996259275],[12.605740575097256,46.13705097370767],[12.604508879149352,46.13864880790455]],[[12.628897474748776,46.139157580604596],[12.630058852810453,46.13918167819275],[12.630128487059853,46.137559470209304],[12.628967143044166,46.13753537397757],[12.628897474748776,46.139157580604596]],[[12.679999502158038,46.14020672092339],[12.681160944757602,46.14023029972855],[12.681195013524915,46.13941916629101],[12.683551902271935,46.138655152301915],[12.683585934060423,46.13784401726789],[12.68242453963925,46.137820464034434],[12.683653993250323,46.136221746794654],[12.681331273954955,46.13617463118963],[12.681229080828228,46.138608032718345],[12.680067672281528,46.138584455240455],[12.679999502158038,46.14020672092339]],[[12.611547161159612,46.137172515845016],[12.616192456900903,46.13726953736394],[12.616227476039093,46.13645844132829],[12.611582248381124,46.13636142253997],[12.611547161159612,46.137172515845016]],[[12.625518002865027,46.13665191306761],[12.626679325408235,46.13667604398701],[12.62671418985616,46.13586494169083],[12.625552884333887,46.13584081145057],[12.625518002865027,46.13665191306761]],[[12.627840649435692,46.13670016311783],[12.629001974946673,46.13672427046005],[12.629036805352495,46.13591316680653],[12.627875496862606,46.13588906014282],[12.627840649435692,46.13670016311783]],[[12.630163301940462,46.1367483660136],[12.633647291811414,46.13682058194194],[12.63371681495906,46.13519836907768],[12.634878113834588,46.13522241612255],[12.634912856147935,46.13441130880976],[12.633751574292432,46.13438726244167],[12.633821088478676,46.13276504876192],[12.632659842140557,46.13274099196022],[12.632729384388114,46.13111877909093],[12.63037215981183,46.13188173798395],[12.63026773760687,46.13431505261067],[12.629106461674406,46.134290959091544],[12.629036805352495,46.13591316680653],[12.630198115325113,46.13593726168194],[12.630163301940462,46.1367483660136]],[[12.619746379010374,46.135719983427016],[12.62210390770952,46.134957250287044],[12.621012516746406,46.133310875099816],[12.619851269713063,46.133286687961245],[12.619746379010374,46.135719983427016]],[[12.651170957086089,46.13474672022019],[12.65233226104998,46.13477058976633],[12.652366746571643,46.1339594722057],[12.651205459628224,46.13393560333137],[12.651170957086089,46.13474672022019]],[[12.659368880955263,46.13329131618001],[12.660530161139423,46.13331510186729],[12.660598886508712,46.13169285668192],[12.658276395680636,46.13164527619778],[12.659368880955263,46.13329131618001]],[[12.667497872939839,46.133457568440626],[12.668659163349067,46.13348127161077],[12.668693407632857,46.13267014440891],[12.669854682479736,46.13269383512393],[12.669888908272666,46.13188270711996],[12.672245618582311,46.13111892238151],[12.672313994744533,46.12949666303211],[12.671152785058373,46.12947299855756],[12.670060015179983,46.1278270650706],[12.671221189377645,46.12785073999917],[12.671255389333032,46.12703961051705],[12.673577708064629,46.127086923684246],[12.673611872521539,46.12627579273521],[12.671289587819027,46.12622848089966],[12.671323784835701,46.125417351147],[12.670162661681314,46.12539367821738],[12.67019687424172,46.12458254899571],[12.671357980383142,46.12460622125904],[12.671392174461419,46.12379509123583],[12.676002419496943,46.1247007924645],[12.676036545525498,46.12388965977955],[12.677197641924739,46.123913272454146],[12.67729996018023,46.12147987159444],[12.669172673144326,46.12131434937429],[12.669138449453037,46.1221254784706],[12.663333203064305,46.12200689147446],[12.66336751180429,46.12119576571577],[12.66104545748518,46.121148249769995],[12.661079798768691,46.120337125213226],[12.658792158137533,46.11947844012017],[12.658757784313647,46.120289563473776],[12.6575967792804,46.12026576493002],[12.657493597920107,46.12269913216837],[12.660976770491851,46.12277049847719],[12.660908077596261,46.12439274664257],[12.662069172067403,46.12441651318254],[12.662034840418405,46.125227637730994],[12.659712618913545,46.125180091528485],[12.659678251763406,46.12599121460327],[12.660839378797773,46.12601499426618],[12.660770674095765,46.127637241347955],[12.663093000607185,46.12768476799376],[12.663058680072767,46.12849589266915],[12.668864606982332,46.128614506369786],[12.668796131656121,46.13023676199142],[12.666439414542426,46.131000475474366],[12.666370862313086,46.13262272761496],[12.667532134243732,46.132646441905905],[12.667497872939839,46.133457568440626]],[[12.637408943291863,46.13040382081748],[12.639731347167897,46.130451824282495],[12.63983533858286,46.12801849138037],[12.637513036798001,46.127970491968355],[12.637478340453432,46.12878160172059],[12.63631717476161,46.12875758366065],[12.637408943291863,46.13040382081748]],[[12.63163774386838,46.12947249979862],[12.632798920659914,46.12949656567795],[12.632903213864468,46.127063244538974],[12.631742088115033,46.12703918069155],[12.63163774386838,46.12947249979862]],[[12.651446935917484,46.12825778131236],[12.652608103738007,46.12828164548455],[12.652642577407683,46.127470526839154],[12.651481426601798,46.1274466633386],[12.651446935917484,46.12825778131236]],[[12.643422627217003,46.12565706191212],[12.645779412964957,46.124893824409554],[12.645848551109216,46.123271593967175],[12.642365384747047,46.12319976608287],[12.642296144537935,46.12482199248195],[12.643457232540898,46.12484594824199],[12.643422627217003,46.12565706191212]],[[12.622557874549052,46.124412941623106],[12.623718937401323,46.12443709770785],[12.623753830416396,46.12362599540881],[12.62259278457388,46.123601840003914],[12.622557874549052,46.124412941623106]],[[12.655102627185544,46.12427373717745],[12.65626371433928,46.12429756263905],[12.656298129570583,46.12348644130302],[12.655137059428075,46.12346261651198],[12.655102627185544,46.12427373717745]],[[12.631950736265182,46.12217253880696],[12.633111759950104,46.1221965985911],[12.633146512404856,46.12138549045739],[12.631985505728132,46.12136143135041],[12.631950736265182,46.12217253880696]],[[12.63775586947473,46.12229271989914],[12.63891690054851,46.12231672076883],[12.638951567961081,46.12150560925437],[12.637790553895893,46.12148160906017],[12.63775586947473,46.12229271989914]],[[12.684232260277644,46.12243242595792],[12.68771548218532,46.1225029771762],[12.687749433707776,46.12169183745512],[12.685427318345118,46.12164481641727],[12.685461302429662,46.1208336778846],[12.681978191267158,46.12076305993641],[12.682182371253866,46.1158962378291],[12.683343304815102,46.115919784951835],[12.683377312691352,46.11510864679839],[12.681055481026965,46.115061542097266],[12.681123560412177,46.11343926803664],[12.679962680760351,46.11341569934117],[12.678869944103175,46.11176984691825],[12.675387420211793,46.11169903879468],[12.674158304256583,46.11329767915881],[12.672997433311957,46.1132740397816],[12.672963275328481,46.114085172229004],[12.671802388834745,46.114061520405976],[12.67183656382106,46.113250388624245],[12.66719310040918,46.113155666194025],[12.667158857412293,46.113966795309736],[12.66599797819841,46.11394308458484],[12.665895189369357,46.1163764691178],[12.66821705127821,46.11642388279052],[12.668182819402059,46.117235012031955],[12.673987584686133,46.11735334337028],[12.67395343637136,46.118164475806886],[12.678563261039097,46.119070066422886],[12.678461006997585,46.12150347049172],[12.684266262833262,46.12162128822251],[12.684232260277644,46.12243242595792]],[[12.633216012835481,46.11976327378223],[12.636698939693996,46.11983537634946],[12.63676833211848,46.11821315507214],[12.634446447424839,46.11816510118086],[12.633216012835481,46.11976327378223]],[[12.640216525782137,46.11909626028221],[12.64721688625097,46.118428814405306],[12.648446890435931,46.116830482340646],[12.647285966626773,46.116806580445584],[12.647320504588993,46.115995463262195],[12.644998695389408,46.11594762547563],[12.644929549963743,46.117569857013876],[12.6414467451764,46.117498007935744],[12.641481369645442,46.116686894256645],[12.640320454667123,46.116662921676394],[12.640285813193701,46.11747403468079],[12.639124882685413,46.117450049644766],[12.640216525782137,46.11909626028221]],[[12.688978358205976,46.1200930491285],[12.69133431031569,46.11932885471099],[12.691402098186076,46.11770657008893],[12.689046217023803,46.118470767418984],[12.688978358205976,46.1200930491285]],[[12.654182655195543,46.118572057122755],[12.655343621820904,46.11859588967271],[12.655412464120461,46.116973646308615],[12.654251531506462,46.11694981510015],[12.654182655195543,46.118572057122755]],[[12.635780929028838,46.11413358182647],[12.63810264664278,46.11418160539675],[12.638137316166823,46.11337049319943],[12.635815632555255,46.113322470980734],[12.635780929028838,46.11413358182647]],[[12.640528272259575,46.11179624079829],[12.641689085226936,46.111820209330695],[12.641758311857803,46.11019797993588],[12.640597532888266,46.11017401275261],[12.640528272259575,46.11179624079829]],[[12.650975641938253,46.11201153355047],[12.652136468137893,46.112035396072436],[12.652170929199741,46.111224275386654],[12.654492551998038,46.11127196375096],[12.654561401684903,46.109649719288335],[12.655722181283853,46.109673544461046],[12.655756586911195,46.108862421355894],[12.659238883496068,46.108933824194686],[12.660468322793418,46.1073353496105],[12.65466466512529,46.10721635157781],[12.653435063174244,46.10881476057367],[12.652274303503821,46.108790912515786],[12.652205388781292,46.110413154565286],[12.651044596580885,46.1103892933865],[12.650975641938253,46.11201153355047]],[[12.670709886304893,46.11241559443576],[12.671870737339308,46.112439256707255],[12.671939079971922,46.110816992467505],[12.67077826293938,46.11079333152792],[12.670709886304893,46.11241559443576]],[[12.692766303956834,46.11286316321367],[12.69392718250086,46.11288660166269],[12.693994879068491,46.11126431224228],[12.691673191431272,46.1112174262031],[12.692766303956834,46.11286316321367]],[[12.688156738225624,46.111958150272145],[12.689317593997353,46.111981635181834],[12.689385423669405,46.11035935077282],[12.68822460190041,46.11033586718508],[12.688156738225624,46.111958150272145]],[[12.645275217692731,46.109458693894176],[12.648757525679091,46.10953041675235],[12.648930048929172,46.105474820011125],[12.651251424968612,46.10552256963994],[12.65128589118445,46.10471144854091],[12.650125219425075,46.10468758028646],[12.65015970115387,46.10387645972356],[12.647803880309201,46.10463980844941],[12.647907423007542,46.1022064503872],[12.64674680662964,46.10218254882284],[12.64678133488856,46.10137142987013],[12.642138952040241,46.10127570855739],[12.642104355818391,46.10208682481604],[12.640943746794276,46.10206286437722],[12.64087451590929,46.10368509513852],[12.642035158916665,46.103709056926085],[12.641965956070372,46.10533128849311],[12.644252744810318,46.106190296365156],[12.645275217692731,46.109458693894176]],[[12.670846633699634,46.10917106807898],[12.674328987161834,46.10924201156674],[12.67436311934392,46.10843087764267],[12.679006209631867,46.10852530140238],[12.679040272355783,46.10771416468556],[12.681361792204093,46.10776130456863],[12.681429845273973,46.10613902807612],[12.679108393414248,46.1060918908465],[12.679074333616551,46.106903027833596],[12.677913592863794,46.10687944088887],[12.67794766965816,46.10606830456562],[12.672144072644317,46.105950196502015],[12.672109910867778,46.10676132950108],[12.670949178827179,46.106737671890954],[12.670846633699634,46.10917106807898]],[[12.660536987738299,46.10571309709427],[12.662858393054842,46.10576061119107],[12.662892689325641,46.10494948339254],[12.66405337717863,46.104973222107596],[12.664087654982117,46.10416209350553],[12.662926984123331,46.104138355458595],[12.663132721978528,46.09927158501142],[12.656169339187626,46.09912893352276],[12.65620372560874,46.09831780865578],[12.653917062606837,46.097459041646815],[12.654054723504743,46.09421454564476],[12.647092022493707,46.094071353190465],[12.647057507578866,46.09488247336422],[12.644702034646736,46.09564576571847],[12.644598374641527,46.09807912098035],[12.646919433095118,46.098126952702565],[12.646988473302025,46.09650471330474],[12.649309469683459,46.09655249524405],[12.649343953591355,46.09574137399686],[12.652825408208441,46.09581295659561],[12.652756540830172,46.09743520298373],[12.651596020518747,46.09741135254748],[12.651561567623615,46.098222474866915],[12.652722104922642,46.09824632597443],[12.652653228670392,46.099868571549095],[12.651492657393982,46.099844719099],[12.651389280949926,46.10227808443013],[12.650228660168407,46.1022542181909],[12.65015970115387,46.10387645972356],[12.651320355919896,46.10390032730625],[12.65135481917503,46.10308920593599],[12.65371052691153,46.10232578158322],[12.653744953223708,46.101514658599385],[12.654905561410953,46.10153848884246],[12.654871152090172,46.10234961249697],[12.65719240683953,46.10239723899875],[12.657226782177286,46.101586114003815],[12.658387394754929,46.10160990892204],[12.658353036408803,46.10242103458668],[12.659513667440178,46.102444818399256],[12.659410634526248,46.10487819658855],[12.660571317998729,46.10490197063298],[12.660536987738299,46.10571309709427]],[[12.705839105791211,46.10581997237731],[12.708160589913767,46.10586656651469],[12.707067143618543,46.10422096902129],[12.705906436266648,46.10419766737533],[12.705839105791211,46.10581997237731]],[[12.665248327299551,46.10418581977626],[12.671051710741205,46.104304274485465],[12.671120058010754,46.10268200887213],[12.672280705077624,46.102705663153266],[12.672417314038126,46.09946112764054],[12.671256734937133,46.09943747602222],[12.671290900499868,46.09862634247159],[12.665488111764242,46.09850791109718],[12.665419609273503,46.10013017139661],[12.666580198087994,46.10015388255414],[12.666545961626605,46.10096501316816],[12.665385355821394,46.10094130134327],[12.665248327299551,46.10418581977626]],[[12.687301377514448,46.10463438138971],[12.693104898636616,46.10475171731189],[12.693138750105792,46.10394057197972],[12.694299441659457,46.10396400317334],[12.694367106247055,46.102341710785375],[12.695527765251603,46.10236512888386],[12.695493950678511,46.103176275804394],[12.697849087576785,46.102411929752044],[12.697916644393333,46.100789632871994],[12.69095289860643,46.10064909686382],[12.690919018967957,46.10146024141579],[12.68859774791338,46.101413300554746],[12.687301377514448,46.10463438138971]],[[12.698942222265016,46.10405761017869],[12.700102921010522,46.104080982487574],[12.70017041565194,46.10245868351495],[12.70133108184395,46.10248204273183],[12.70146598576283,46.09923744053947],[12.697984195406695,46.099167335452655],[12.697916644393333,46.100789632871994],[12.699077273726047,46.10081301432544],[12.698942222265016,46.10405761017869]],[[12.675830860455934,46.10115428386544],[12.679312721480324,46.10122506608606],[12.679346771038714,46.10041392815301],[12.678186166238895,46.10039034651851],[12.678220231325676,46.09957920911403],[12.675899060057025,46.09953201184842],[12.675830860455934,46.10115428386544]],[[12.706007421134956,46.101764208862186],[12.707168077502256,46.10178750854072],[12.707201719239965,46.10097635477784],[12.706041079866072,46.100953055755085],[12.706007421134956,46.101764208862186]],[[12.65739863672106,46.097530486996604],[12.659719693443522,46.09757805836321],[12.660948853559272,46.09597957061956],[12.662109351598161,46.09600332553215],[12.662040756009636,46.09762558263619],[12.66668289864974,46.097720489900034],[12.666717129229774,46.09690935874465],[12.664430352053166,46.09605080003884],[12.664498873806616,46.09442853972094],[12.66333840682148,46.0944048096898],[12.663304129695007,46.09521593924856],[12.66098316613007,46.09516844253298],[12.66101747722724,46.09435731431097],[12.65985701461958,46.094333548963355],[12.659994312207228,46.09108903739622],[12.658833918993519,46.09106526295313],[12.658902592905564,46.08944300769505],[12.657742235115018,46.089419222820084],[12.657810937088174,46.087796968358894],[12.655490293810553,46.08774936597845],[12.655352748121349,46.090993868999654],[12.654192360756014,46.09097004747389],[12.654089135034235,46.09340342130538],[12.656375635563105,46.09426218228814],[12.656272494020492,46.096695558515265],[12.657433003201366,46.096719361188676],[12.65739863672106,46.097530486996604]],[[12.68180403267523,46.097216497708],[12.684125116490414,46.09726357325124],[12.684193063620167,46.0956412905965],[12.681838040946074,46.09640535777306],[12.68180403267523,46.097216497708]],[[12.666819812149326,46.09447596446646],[12.669140756317137,46.09452334212273],[12.669243324101815,46.092089942626416],[12.668082902243096,46.09206626168401],[12.66811710555098,46.091255128914455],[12.665796300165725,46.091207733049536],[12.665762062892345,46.09201886448514],[12.664601645401754,46.09199514822877],[12.664567389674609,46.09280627886153],[12.665727824148561,46.0928299957854],[12.666819812149326,46.09447596446646]],[[12.678662944340303,46.08903441055753],[12.682144049665899,46.0891050922799],[12.682178043334217,46.088293950994135],[12.681017690425833,46.08827040285322],[12.68115371841757,46.08502583901027],[12.678833152773498,46.084978712723775],[12.678662944340303,46.08903441055753]],[[12.710094113248195,46.08723326064928],[12.711254468134207,46.08725651321571],[12.711288032932853,46.08644535506462],[12.710127695027372,46.08642210315262],[12.710094113248195,46.08723326064928]],[[12.690469906331806,46.084402726810474],[12.691630185894116,46.08442617748871],[12.691664034990369,46.083615030103225],[12.690503772405114,46.083591580085006],[12.690469906331806,46.084402726810474]],[[12.676580733968974,46.08330926193816],[12.680061474059382,46.08338000034533],[12.6800954914619,46.08256885943963],[12.68125572407856,46.08259241470957],[12.682483920666265,46.080993673343926],[12.677843128891483,46.08089943403344],[12.6778771758587,46.0800882940492],[12.676716998507615,46.08006470546777],[12.676682934567177,46.08087584478814],[12.675522741692063,46.08085224377583],[12.67548865931499,46.08166338229676],[12.676648869163975,46.081686983973306],[12.676580733968974,46.08330926193816]],[[12.694052190407994,46.08203959702058],[12.696372657747514,46.08208641204204],[12.695280009529341,46.08044071074428],[12.694119810527928,46.08041729866746],[12.694052190407994,46.08203959702058]],[[12.692959612964826,46.080393874823415],[12.694119810527928,46.08041729866746],[12.694187424840754,46.07879499977486],[12.693027261224064,46.07877157724926],[12.692959612964826,46.080393874823415]],[[12.679105410262405,46.07848958916294],[12.680265556564999,46.078513152884504],[12.680299565204264,46.077702011168164],[12.679139435872866,46.077678448109765],[12.679105410262405,46.07848958916294]]]},"properties":{"lst_class":"temperato","color":"#fee090"}}]}