{"type":"FeatureCollection","scene_date":"2026-09-26","features":[{"type":"Feature","geometry":{"type":"Polygon","coordinates":[[[12.60790508639992,46.18820337026884],[12.607928503736353,46.1876638387161],[12.608706604115469,46.187680126697394],[12.608683194378596,46.188219658555084],[12.60790508639992,46.18820337026884]]]},"properties":{"nbr_class":"sana","color":"#1a9641"}},{"type":"Feature","geometry":{"type":"Polygon","coordinates":[[[12.608706604115469,46.187680126697394],[12.608730013182795,46.18714059477934],[12.609508106634287,46.187156877164156],[12.609484705166329,46.187696409387065],[12.608706604115469,46.187680126697394]]]},"properties":{"nbr_class":"sana","color":"#1a9641"}},{"type":"Feature","geometry":{"type":"Polygon","coordinates":[[[12.60406146658761,46.18704278934906],[12.60408492057982,46.18650325920186],[12.605641084890388,46.18653588156706],[12.605617646096217,46.18707541232506],[12.60406146658761,46.18704278934906]]]},"properties":{"nbr_class":"stress","color":"#ffffbf"}},{"type":"Feature","geometry":{"type":"Polygon","coordinates":[[[12.609508106634287,46.187156877164156],[12.609531507432944,46.186617344880915],[12.610309593956764,46.18663362166945],[12.610286200757283,46.18717315425745],[12.609508106634287,46.187156877164156]]]},"properties":{"nbr_class":"sana","color":"#1a9641"}},{"type":"Feature","geometry":{"type":"Polygon","coordinates":[[[12.603330300354111,46.1859474101802],[12.603353760603301,46.18540788021778],[12.604933337554929,46.18490098130997],[12.604886448121334,46.18598004251712],[12.603330300354111,46.1859474101802]]]},"properties":{"nbr_class":"sana","color":"#1a9641"}},{"type":"Feature","geometry":{"type":"Polygon","coordinates":[[[12.603353760603301,46.18540788021778],[12.603377220181523,46.184868350194975],[12.60415527853176,46.184884668398],[12.604131826551873,46.18542419872633],[12.603353760603301,46.18540788021778]]]},"properties":{"nbr_class":"moderata","color":"#a6d96a"}},{"type":"Feature","geometry":{"type":"Polygon","coordinates":[[[12.610309593956764,46.18663362166945],[12.610356378348557,46.185554556312475],[12.61193589900947,46.18504755941869],[12.6119826489943,46.183968492481426],[12.613538750752747,46.18400100597442],[12.613492031161048,46.18508007412922],[12.612713964749988,46.18506381941954],[12.612690596353342,46.18560335310214],[12.61191252301423,46.18558709279684],[12.611889146350407,46.186126626114685],[12.610309593956764,46.18663362166945]]]},"properties":{"nbr_class":"sana","color":"#1a9641"}},{"type":"Feature","geometry":{"type":"Polygon","coordinates":[[[12.615872908416925,46.18404973653146],[12.615896244416597,46.18351020145123],[12.61667429071279,46.18352643408428],[12.616650962311184,46.184065969468435],[12.615872908416925,46.18404973653146]]]},"properties":{"nbr_class":"sana","color":"#1a9641"}},{"type":"Feature","geometry":{"type":"Polygon","coordinates":[[[12.609648501387488,46.18391968255968],[12.609695294285007,46.18284061720886],[12.61125136162744,46.18287316122897],[12.611227980708588,46.183412694543875],[12.609648501387488,46.18391968255968]]]},"properties":{"nbr_class":"sana","color":"#1a9641"}},{"type":"Feature","geometry":{"type":"Polygon","coordinates":[[[12.618230385313103,46.183558883477545],[12.618253697851754,46.18301934742557],[12.619031738557519,46.183035563882136],[12.61900843361678,46.18357510023773],[12.618230385313103,46.183558883477545]]]},"properties":{"nbr_class":"moderata","color":"#a6d96a"}},{"type":"Feature","geometry":{"type":"Polygon","coordinates":[[[12.605641084890388,46.18653588156706],[12.60573483336367,46.18437775793144],[12.60651288613386,46.18439405995607],[12.606630018656885,46.181696402527336],[12.607408034111522,46.181712697735435],[12.607244097073535,46.185489419848956],[12.606466028434449,46.18547312250506],[12.606419168054636,46.18655218481261],[12.605641084890388,46.18653588156706]]]},"properties":{"nbr_class":"stress","color":"#ffffbf"}},{"type":"Feature","geometry":{"type":"Polygon","coordinates":[[[12.617452337678365,46.18354266142639],[12.617475657814914,46.183003125678134],[12.61669761844721,46.18298689863986],[12.616744271914587,46.18190782757015],[12.618300320928899,46.18194027514082],[12.619031738557519,46.183035563882136],[12.617452337678365,46.18354266142639]]]},"properties":{"nbr_class":"sana","color":"#1a9641"}},{"type":"Feature","geometry":{"type":"Polygon","coordinates":[[[12.614386854221188,46.18239865118733],[12.614433551937998,46.18131958182109],[12.61521156650488,46.181335823819545],[12.615164883982587,46.18241489379399],[12.614386854221188,46.18239865118733]]]},"properties":{"nbr_class":"sana","color":"#1a9641"}},{"type":"Feature","geometry":{"type":"Polygon","coordinates":[[[12.607408034111522,46.181712697735435],[12.607431451009319,46.181173165763525],[12.608209459538937,46.181189455376135],[12.608186050238077,46.18172898765303],[12.607408034111522,46.181712697735435]]]},"properties":{"nbr_class":"stress","color":"#ffffbf"}},{"type":"Feature","geometry":{"type":"Polygon","coordinates":[[[12.611298121459129,46.18179409441819],[12.61132150037201,46.18125456092231],[12.61209951225784,46.18127082408273],[12.612076140942014,46.1818103578831],[12.611298121459129,46.18179409441819]]]},"properties":{"nbr_class":"moderata","color":"#a6d96a"}},{"type":"Feature","geometry":{"type":"Polygon","coordinates":[[[12.617545614222978,46.18138451807173],[12.617568931691883,46.180844982082384],[12.618346941339313,46.180861202614985],[12.618323631467435,46.181400738908025],[12.617545614222978,46.18138451807173]]]},"properties":{"nbr_class":"sana","color":"#1a9641"}},{"type":"Feature","geometry":{"type":"Polygon","coordinates":[[[12.62221372771812,46.181481763730766],[12.622236999604505,46.1809422259207],[12.623015013261629,46.18095841471031],[12.622991748972417,46.18149795282347],[12.62221372771812,46.181481763730766]]]},"properties":{"nbr_class":"sana","color":"#1a9641"}},{"type":"Feature","geometry":{"type":"Polygon","coordinates":[[[12.604342870226702,46.18056842359785],[12.604389761444596,46.17948936179405],[12.606723712616356,46.17953827549791],[12.605898867387452,46.18060103924511],[12.604342870226702,46.18056842359785]]]},"properties":{"nbr_class":"sana","color":"#1a9641"}},{"type":"Feature","geometry":{"type":"Polygon","coordinates":[[[12.61125136162744,46.18287316122897],[12.611298121459129,46.18179409441819],[12.610520102647078,46.181777825662714],[12.610496715468313,46.18231735879366],[12.608940664663146,46.18228480480157],[12.60901086977488,46.180666207056206],[12.608232868170324,46.18064992303889],[12.608256276132257,46.18011039064129],[12.609034270140286,46.18012667435373],[12.609859048350478,46.17906388658044],[12.610637028508615,46.17908015910304],[12.610613644673865,46.17961969253563],[12.613725602398333,46.17968473094311],[12.613655538041051,46.181303334532146],[12.612877524814259,46.18128708195268],[12.612830796708561,46.1823661501019],[12.61125136162744,46.18287316122897]],[[12.611298121459129,46.18179409441819],[12.612076140942014,46.1818103578831],[12.61209951225784,46.18127082408273],[12.61132150037201,46.18125456092231],[12.611298121459129,46.18179409441819]]]},"properties":{"nbr_class":"sana","color":"#1a9641"}},{"type":"Feature","geometry":{"type":"Polygon","coordinates":[[[12.624547793483424,46.18153031513697],[12.623816283613179,46.18043505973295],[12.624594291008128,46.18045123763857],[12.625418778741935,46.179388331908854],[12.62697476647934,46.17942066005712],[12.626951542169012,46.179960199864944],[12.62772954463403,46.17997635630613],[12.627706327256378,46.18051589635625],[12.626150307798998,46.18048357757837],[12.626127074563168,46.1810231169632],[12.624547793483424,46.18153031513697]]]},"properties":{"nbr_class":"sana","color":"#1a9641"}},{"type":"Feature","geometry":{"type":"Polygon","coordinates":[[[12.607501697684649,46.17955456948568],[12.607525111903813,46.17901503727237],[12.608303090047858,46.17903132566508],[12.60827968342476,46.17957085818336],[12.607501697684649,46.17955456948568]]]},"properties":{"nbr_class":"stress","color":"#ffffbf"}},{"type":"Feature","geometry":{"type":"Polygon","coordinates":[[[12.618393559083188,46.17978212984808],[12.618416866955231,46.17924259337423],[12.619194854481634,46.17925880770559],[12.619171554205991,46.17979834448302],[12.618393559083188,46.17978212984808]]]},"properties":{"nbr_class":"sana","color":"#1a9641"}},{"type":"Feature","geometry":{"type":"Polygon","coordinates":[[[12.608303090047858,46.17903132566508],[12.608326496001576,46.178491793086465],[12.609104467221329,46.17850807588429],[12.609081068863487,46.179047608767775],[12.608303090047858,46.17903132566508]]]},"properties":{"nbr_class":"stress","color":"#ffffbf"}},{"type":"Feature","geometry":{"type":"Polygon","coordinates":[[[12.619194854481634,46.17925880770559],[12.619241453033897,46.178179733969934],[12.620019426036638,46.178195942404166],[12.619972842676573,46.179275016746764],[12.619194854481634,46.17925880770559]]]},"properties":{"nbr_class":"sana","color":"#1a9641"}},{"type":"Feature","geometry":{"type":"Polygon","coordinates":[[[12.609104467221329,46.17850807588429],[12.609127864910027,46.17796854294047],[12.610683794171946,46.178001092056896],[12.610660411674633,46.17854062561014],[12.609104467221329,46.17850807588429]]]},"properties":{"nbr_class":"stress","color":"#ffffbf"}},{"type":"Feature","geometry":{"type":"Polygon","coordinates":[[[12.61219299083746,46.17911268827809],[12.611461759809334,46.17801735868033],[12.615351598051902,46.17809861244925],[12.614526939358896,46.17916144236506],[12.61219299083746,46.17911268827809]]]},"properties":{"nbr_class":"stress","color":"#ffffbf"}},{"type":"Feature","geometry":{"type":"Polygon","coordinates":[[[12.616884216306687,46.17867061291433],[12.616930859101343,46.17759154088016],[12.617708822502255,46.177607764880555],[12.617662194899225,46.17868683752225],[12.616884216306687,46.17867061291433]]]},"properties":{"nbr_class":"sana","color":"#1a9641"}},{"type":"Feature","geometry":{"type":"Polygon","coordinates":[[[12.638621648993098,46.18020199098392],[12.637889872470188,46.179106820481955],[12.63866786904802,46.179122902254065],[12.63869097808411,46.17858335779897],[12.639468967728435,46.1785994339797],[12.639515168625481,46.177520344287174],[12.640293143740085,46.17753641457583],[12.641756782678282,46.179726722037024],[12.63942276418873,46.17967852343179],[12.639399661427822,46.180218068067674],[12.638621648993098,46.18020199098392]]]},"properties":{"nbr_class":"sana","color":"#1a9641"}},{"type":"Feature","geometry":{"type":"Polygon","coordinates":[[[12.642557861878988,46.179203231758706],[12.642580932931935,46.1786636857996],[12.641802940637564,46.1786476307801],[12.64184909595679,46.17756853928282],[12.643405050822045,46.177600642829276],[12.64335892588827,46.178679735528746],[12.644136919506355,46.17869577996756],[12.644113863646831,46.17923532652758],[12.642557861878988,46.179203231758706]]]},"properties":{"nbr_class":"sana","color":"#1a9641"}},{"type":"Feature","geometry":{"type":"Polygon","coordinates":[[[12.602880716279111,46.17837766538458],[12.602927632514868,46.17729860431981],[12.602149681864386,46.177282279814236],[12.602173146571047,46.176742749496896],[12.603729033354949,46.176775392607226],[12.603682133651205,46.17785445440385],[12.60523805350708,46.17788707757752],[12.605214617840325,46.178426608996084],[12.602880716279111,46.17837766538458]]]},"properties":{"nbr_class":"sana","color":"#1a9641"}},{"type":"Feature","geometry":{"type":"Polygon","coordinates":[[[12.636380144294485,46.1779955539035],[12.63640327479714,46.17745601023172],[12.63718124725928,46.17747210168068],[12.637158124352702,46.17801164565376],[12.636380144294485,46.1779955539035]]]},"properties":{"nbr_class":"sana","color":"#1a9641"}},{"type":"Feature","geometry":{"type":"Polygon","coordinates":[[[12.64571594873398,46.17818830575348],[12.64573898808215,46.1776487584728],[12.646516968491243,46.177664786440275],[12.64649393673943,46.17820433402106],[12.64571594873398,46.17818830575348]]]},"properties":{"nbr_class":"moderata","color":"#a6d96a"}},{"type":"Feature","geometry":{"type":"Polygon","coordinates":[[[12.631712277890133,46.177898892309344],[12.6317586293846,46.17681980852521],[12.6325365902658,46.17683593141241],[12.632490253962992,46.177915015800295],[12.631712277890133,46.177898892309344]]]},"properties":{"nbr_class":"sana","color":"#1a9641"}},{"type":"Feature","geometry":{"type":"Polygon","coordinates":[[[12.601395204188828,46.176726420007434],[12.601418675819263,46.17618688993543],[12.602196610606688,46.176203219119174],[12.602173146571047,46.176742749496896],[12.601395204188828,46.176726420007434]]]},"properties":{"nbr_class":"sana","color":"#1a9641"}},{"type":"Feature","geometry":{"type":"Polygon","coordinates":[[[12.617732135303696,46.17706822846929],[12.617755447438448,46.17652869199775],[12.618533396317458,46.17654491010098],[12.618510091777999,46.17708444687616],[12.617732135303696,46.17706822846929]]]},"properties":{"nbr_class":"sana","color":"#1a9641"}},{"type":"Feature","geometry":{"type":"Polygon","coordinates":[[[12.648850913682644,46.17771283860147],[12.648873921987217,46.17717329006097],[12.6496518974421,46.17718929656788],[12.649628896733761,46.17772884540809],[12.648850913682644,46.17771283860147]]]},"properties":{"nbr_class":"moderata","color":"#a6d96a"}},{"type":"Feature","geometry":{"type":"Polygon","coordinates":[[[12.6496518974421,46.17718929656788],[12.649674897492659,46.17664974766765],[12.651230835189912,46.17668174421193],[12.651207850331463,46.17722129371126],[12.6496518974421,46.17718929656788]]]},"properties":{"nbr_class":"moderata","color":"#a6d96a"}},{"type":"Feature","geometry":{"type":"Polygon","coordinates":[[[12.619288048920964,46.17710065999325],[12.61855670019047,46.17600537326553],[12.619334642143016,46.17602158577551],[12.619357937754723,46.17548204857627],[12.620913808474944,46.17551445712067],[12.620890528053076,46.176053994926704],[12.620112584763957,46.17603779299592],[12.620843965212002,46.17713307035805],[12.619288048920964,46.17710065999325]]]},"properties":{"nbr_class":"sana","color":"#1a9641"}},{"type":"Feature","geometry":{"type":"Polygon","coordinates":[[[12.596774597770294,46.175549275459694],[12.59679811362399,46.17500974710329],[12.59757602917899,46.17502610741072],[12.59755252091951,46.17556563607345],[12.596774597770294,46.175549275459694]]]},"properties":{"nbr_class":"sana","color":"#1a9641"}},{"type":"Feature","geometry":{"type":"Polygon","coordinates":[[[12.609999382888736,46.17582668654598],[12.610022769637487,46.175287152995764],[12.610800696628715,46.17530342338585],[12.610777317474586,46.175842957240704],[12.609999382888736,46.17582668654598]]]},"properties":{"nbr_class":"moderata","color":"#a6d96a"}},{"type":"Feature","geometry":{"type":"Polygon","coordinates":[[[12.644136919506355,46.17869577996756],[12.644206083128834,46.17707713992705],[12.646539999584386,46.17712523879946],[12.64658605979476,46.176046143337665],[12.652832712886946,46.1756346192199],[12.65200880502787,46.17669773454898],[12.649674897492659,46.17664974766765],[12.6496518974421,46.17718929656788],[12.648873921987217,46.17717329006097],[12.648049914732686,46.178236374685305],[12.64649393673943,46.17820433402106],[12.646516968491243,46.177664786440275],[12.64573898808215,46.1776487584728],[12.645692908726902,46.17872785297407],[12.644136919506355,46.17869577996756]]]},"properties":{"nbr_class":"sana","color":"#1a9641"}},{"type":"Feature","geometry":{"type":"Polygon","coordinates":[[[12.641140370333748,46.17593384277982],[12.641186534244127,46.17485475128297],[12.641964472705814,46.17487080948804],[12.641918323985921,46.17594990158621],[12.641140370333748,46.17593384277982]]]},"properties":{"nbr_class":"stress","color":"#ffffbf"}},{"type":"Feature","geometry":{"type":"Polygon","coordinates":[[[12.596043721518871,46.17445385339625],[12.596090765051338,46.17337479699407],[12.596868657150381,46.17339116167146],[12.59682162880522,46.174470218686444],[12.596043721518871,46.17445385339625]]]},"properties":{"nbr_class":"sana","color":"#1a9641"}},{"type":"Feature","geometry":{"type":"Polygon","coordinates":[[[12.633407186086183,46.17469387830503],[12.63343034299915,46.17415433547846],[12.634208267233998,46.17417044627758],[12.634185117915711,46.17470998940579],[12.633407186086183,46.17469387830503]]]},"properties":{"nbr_class":"stress","color":"#ffffbf"}},{"type":"Feature","geometry":{"type":"Polygon","coordinates":[[[12.636518917388598,46.174758290970935],[12.636542043922693,46.17421874693839],[12.637319970812916,46.174234836579764],[12.6372968518736,46.174774380913554],[12.636518917388598,46.174758290970935]]]},"properties":{"nbr_class":"stress","color":"#ffffbf"}},{"type":"Feature","geometry":{"type":"Polygon","coordinates":[[[12.638074787021928,46.17479046556662],[12.638097898366443,46.17425092093166],[12.638875826583051,46.174266999994096],[12.638852722833361,46.1748065449301],[12.638074787021928,46.17479046556662]]]},"properties":{"nbr_class":"stress","color":"#ffffbf"}},{"type":"Feature","geometry":{"type":"Polygon","coordinates":[[[12.607759217271497,46.1736197118201],[12.607782624126388,46.17308017894297],[12.608560518727982,46.17309646398143],[12.608537119466776,46.173635997163466],[12.607759217271497,46.1736197118201]]]},"properties":{"nbr_class":"moderata","color":"#a6d96a"}},{"type":"Feature","geometry":{"type":"Polygon","coordinates":[[[12.641987546075972,46.1743312633488],[12.642010618786303,46.1737917171495],[12.642788542720343,46.1738077694638],[12.642765477604737,46.17434731596367],[12.641987546075972,46.1743312633488]]]},"properties":{"nbr_class":"stress","color":"#ffffbf"}},{"type":"Feature","geometry":{"type":"Polygon","coordinates":[[[12.651322768050738,46.17452354561447],[12.651345749622818,46.17398399581504],[12.652901614003483,46.174015968205765],[12.652878647621439,46.17455551860382],[12.651322768050738,46.17452354561447]]]},"properties":{"nbr_class":"stress","color":"#ffffbf"}},{"type":"Feature","geometry":{"type":"Polygon","coordinates":[[[12.615351598051902,46.17809861244925],[12.61551493782449,46.17432186310736],[12.61629285431756,46.17433809586381],[12.616339501630636,46.17325902347284],[12.618673209559672,46.17330768818433],[12.618696509434507,46.17276815098729],[12.619474405820997,46.172784361676115],[12.619427820592845,46.17386343661695],[12.61709408787569,46.17381478686183],[12.61704745441718,46.174893859739875],[12.616269529660535,46.17487763196886],[12.616246204336482,46.17541716801363],[12.617024136687723,46.17543339608849],[12.616954179498268,46.177052004772655],[12.616176224361936,46.17703577578627],[12.616129567710017,46.178114847333276],[12.615351598051902,46.17809861244925]]]},"properties":{"nbr_class":"stress","color":"#ffffbf"}},{"type":"Feature","geometry":{"type":"Polygon","coordinates":[[[12.596114285808644,46.172835268702315],[12.596137805893363,46.172295740350144],[12.596915682805971,46.17231210441478],[12.59689217031436,46.172851633073336],[12.596114285808644,46.172835268702315]]]},"properties":{"nbr_class":"sana","color":"#1a9641"}},{"type":"Feature","geometry":{"type":"Polygon","coordinates":[[[12.616339501630636,46.17325902347284],[12.61636282428673,46.17271948718693],[12.618696509434507,46.17276815098729],[12.618673209559672,46.17330768818433],[12.616339501630636,46.17325902347284]]]},"properties":{"nbr_class":"moderata","color":"#a6d96a"}},{"type":"Feature","geometry":{"type":"Polygon","coordinates":[[[12.643520351615031,46.17490291002924],[12.643543409795281,46.17436336328898],[12.64432134264739,46.17437940532474],[12.644390490448199,46.172760763842525],[12.645168401177912,46.172776799687966],[12.645076233170588,46.1749349894118],[12.643520351615031,46.17490291002924]]]},"properties":{"nbr_class":"stress","color":"#ffffbf"}},{"type":"Feature","geometry":{"type":"Polygon","coordinates":[[[12.650567818421425,46.17396800168532],[12.650613794783313,46.172888902505356],[12.651391710795389,46.172904896036165],[12.651345749622818,46.17398399581504],[12.650567818421425,46.17396800168532]]]},"properties":{"nbr_class":"stress","color":"#ffffbf"}},{"type":"Feature","geometry":{"type":"Polygon","coordinates":[[[12.618696509434507,46.17276815098729],[12.618719808643059,46.17222861373],[12.619497697435964,46.17224482411532],[12.619474405820997,46.172784361676115],[12.618696509434507,46.17276815098729]]]},"properties":{"nbr_class":"moderata","color":"#a6d96a"}},{"type":"Feature","geometry":{"type":"Polygon","coordinates":[[[12.619474405820997,46.172784361676115],[12.619497697435964,46.17224482411532],[12.6202755868971,46.17226102921175],[12.62025230287574,46.172800567075946],[12.619474405820997,46.172784361676115]]]},"properties":{"nbr_class":"stress","color":"#ffffbf"}},{"type":"Feature","geometry":{"type":"Polygon","coordinates":[[[12.657592143108724,46.1735722061756],[12.65761506260918,46.17303265386409],[12.65839298454729,46.17304859979007],[12.658370072641592,46.173588152400136],[12.657592143108724,46.1735722061756]]]},"properties":{"nbr_class":"stress","color":"#ffffbf"}},{"type":"Feature","geometry":{"type":"Polygon","coordinates":[[[12.660703865183633,46.17363595933625],[12.660726754304909,46.17309640583107],[12.661504678871157,46.173112330599054],[12.661481797344733,46.173651884402396],[12.660703865183633,46.17363595933625]]]},"properties":{"nbr_class":"stress","color":"#ffffbf"}},{"type":"Feature","geometry":{"type":"Polygon","coordinates":[[[12.594582054092687,46.17226299635495],[12.593851262913251,46.17116756137818],[12.595406982992829,46.17120031472413],[12.59535992965553,46.172279370996854],[12.594582054092687,46.17226299635495]]]},"properties":{"nbr_class":"sana","color":"#1a9641"}},{"type":"Feature","geometry":{"type":"Polygon","coordinates":[[[12.619497697435964,46.17224482411532],[12.619520988384894,46.171705286494266],[12.620298870252636,46.171721491287286],[12.6202755868971,46.17226102921175],[12.619497697435964,46.17224482411532]]]},"properties":{"nbr_class":"moderata","color":"#a6d96a"}},{"type":"Feature","geometry":{"type":"Polygon","coordinates":[[[12.6202755868971,46.17226102921175],[12.620298870252636,46.171721491287286],[12.621076752788367,46.171737690791495],[12.621053477026246,46.17227722901925],[12.6202755868971,46.17226102921175]]]},"properties":{"nbr_class":"stress","color":"#ffffbf"}},{"type":"Feature","geometry":{"type":"Polygon","coordinates":[[[12.656059220705915,46.1730007461437],[12.656082154739963,46.17246119436964],[12.657637981454213,46.17249310149259],[12.65761506260918,46.17303265386409],[12.656059220705915,46.1730007461437]]]},"properties":{"nbr_class":"stress","color":"#ffffbf"}},{"type":"Feature","geometry":{"type":"Polygon","coordinates":[[[12.660726754304909,46.17309640583107],[12.66074964277163,46.17255685226594],[12.661527559743242,46.17257277673577],[12.661504678871157,46.173112330599054],[12.660726754304909,46.17309640583107]]]},"properties":{"nbr_class":"moderata","color":"#a6d96a"}},{"type":"Feature","geometry":{"type":"Polygon","coordinates":[[[12.633476654838477,46.17307524964489],[12.633546117631294,46.17145662044341],[12.634324003895975,46.17147272973439],[12.635055613333178,46.1725679211372],[12.633476654838477,46.17307524964489]]]},"properties":{"nbr_class":"stress","color":"#ffffbf"}},{"type":"Feature","geometry":{"type":"Polygon","coordinates":[[[12.635856647596,46.172044476481425],[12.635879778417275,46.17150493244956],[12.636657666673463,46.17152102587373],[12.636634543445856,46.17206057020691],[12.635856647596,46.172044476481425]]]},"properties":{"nbr_class":"stress","color":"#ffffbf"}},{"type":"Feature","geometry":{"type":"Polygon","coordinates":[[[12.655304242369715,46.172445232874125],[12.655327183342187,46.171905681338906],[12.656105088118178,46.17192164253558],[12.656082154739963,46.17246119436964],[12.655304242369715,46.172445232874125]]]},"properties":{"nbr_class":"stress","color":"#ffffbf"}},{"type":"Feature","geometry":{"type":"Polygon","coordinates":[[[12.657637981454213,46.17249310149259],[12.657660899643846,46.171953549061136],[12.658438806393084,46.17196949439001],[12.658415895797777,46.17250904712002],[12.657637981454213,46.17249310149259]]]},"properties":{"nbr_class":"moderata","color":"#a6d96a"}},{"type":"Feature","geometry":{"type":"Polygon","coordinates":[[[12.643658690806086,46.171665628686654],[12.643681745030323,46.17112608158595],[12.644459632317046,46.17114212181967],[12.644436585686499,46.171681669220696],[12.643658690806086,46.171665628686654]]]},"properties":{"nbr_class":"stress","color":"#ffffbf"}},{"type":"Feature","geometry":{"type":"Polygon","coordinates":[[[12.615631589073608,46.17162418319739],[12.615701571817693,46.17000557452796],[12.617257283978743,46.17003802989001],[12.617187346791768,46.17165664038244],[12.615631589073608,46.17162418319739]]]},"properties":{"nbr_class":"moderata","color":"#a6d96a"}},{"type":"Feature","geometry":{"type":"Polygon","coordinates":[[[12.653771375764972,46.17187374307787],[12.653817286117441,46.170794641023434],[12.65535012365863,46.17136612974371],[12.655327183342187,46.171905681338906],[12.653771375764972,46.17187374307787]]]},"properties":{"nbr_class":"stress","color":"#ffffbf"}},{"type":"Feature","geometry":{"type":"Polygon","coordinates":[[[12.654572227134839,46.17135016355674],[12.654595174389078,46.17081061220048],[12.65537306331907,46.17082657808852],[12.65535012365863,46.17136612974371],[12.654572227134839,46.17135016355674]]]},"properties":{"nbr_class":"degradata","color":"#fdae61"}},{"type":"Feature","geometry":{"type":"Polygon","coordinates":[[[12.653817286117441,46.170794641023434],[12.65384024030904,46.17025508990622],[12.654618120987118,46.17027106078425],[12.654595174389078,46.17081061220048],[12.653817286117441,46.170794641023434]]]},"properties":{"nbr_class":"degradata","color":"#fdae61"}},{"type":"Feature","geometry":{"type":"Polygon","coordinates":[[[12.65692884315325,46.17085849399744],[12.65695176697047,46.1703189416847],[12.657729650280569,46.170334891406924],[12.657706734057001,46.17087444401831],[12.65692884315325,46.17085849399744]]]},"properties":{"nbr_class":"moderata","color":"#a6d96a"}},{"type":"Feature","geometry":{"type":"Polygon","coordinates":[[[12.620298870252636,46.171721491287286],[12.62041527704379,46.16902380076122],[12.621970966855253,46.16905619144845],[12.62190117033316,46.170674807764215],[12.621123302315883,46.17065861415522],[12.621076752788367,46.171737690791495],[12.620298870252636,46.171721491287286]]]},"properties":{"nbr_class":"moderata","color":"#a6d96a"}},{"type":"Feature","geometry":{"type":"Polygon","coordinates":[[[12.621076752788367,46.171737690791495],[12.621123302315883,46.17065861415522],[12.62190117033316,46.170674807764215],[12.621970966855253,46.16905619144845],[12.622748812762246,46.16907237885957],[12.622655779772996,46.17123053503911],[12.621076752788367,46.171737690791495]]]},"properties":{"nbr_class":"stress","color":"#ffffbf"}},{"type":"Feature","geometry":{"type":"Polygon","coordinates":[[[12.593167593593199,46.1689930671816],[12.59319113933662,46.168453539632715],[12.593968960403792,46.1684699227046],[12.593945422251869,46.16900945056023],[12.593167593593199,46.1689930671816]]]},"properties":{"nbr_class":"sana","color":"#1a9641"}},{"type":"Feature","geometry":{"type":"Polygon","coordinates":[[[12.6413019324693,46.17215702148921],[12.64132501013439,46.17161747535018],[12.639769226330044,46.171585346680686],[12.63981541005436,46.170506255425416],[12.64059328643845,46.170522321803034],[12.640639452335453,46.16944322970575],[12.642218243490888,46.16893579865179],[12.642195176717953,46.16947534539188],[12.642973039901992,46.169491395301975],[12.642949980062433,46.170030942282494],[12.642172109285402,46.17001489207188],[12.642149041193212,46.1705544386918],[12.64292691956345,46.170570489202916],[12.642857734109727,46.17218912960374],[12.6413019324693,46.17215702148921]]]},"properties":{"nbr_class":"stress","color":"#ffffbf"}},{"type":"Feature","geometry":{"type":"Polygon","coordinates":[[[12.596302427655985,46.16851904019271],[12.596325942360872,46.16797951135707],[12.597103758536393,46.1679958729709],[12.597080251422883,46.16853540211287],[12.596302427655985,46.16851904019271]]]},"properties":{"nbr_class":"moderata","color":"#a6d96a"}},{"type":"Feature","geometry":{"type":"Polygon","coordinates":[[[12.621970966855253,46.16905619144845],[12.6220174945437,46.16797711360342],[12.622795325266583,46.1679933004084],[12.622748812762246,46.16907237885957],[12.621970966855253,46.16905619144845]]]},"properties":{"nbr_class":"moderata","color":"#a6d96a"}},{"type":"Feature","geometry":{"type":"Polygon","coordinates":[[[12.65155255420015,46.169128044919546],[12.651575529201237,46.168588494519966],[12.652353385123847,46.168604480366774],[12.6523304177156,46.16914403106568],[12.65155255420015,46.169128044919546]]]},"properties":{"nbr_class":"degradata","color":"#fdae61"}},{"type":"Feature","geometry":{"type":"Polygon","coordinates":[[[12.658415895797777,46.17250904712002],[12.657729650280569,46.170334891406924],[12.656196815073162,46.16976343459952],[12.65626560340428,46.16814477801768],[12.657043455684349,46.168160731834],[12.657020534489083,46.168700284386645],[12.658553349542665,46.16927172984049],[12.658507534248129,46.17035083584018],[12.660063304154765,46.17038270883972],[12.660086196942576,46.169843155273085],[12.661619076688638,46.17041456068319],[12.661527559743242,46.17257277673577],[12.658415895797777,46.17250904712002]]]},"properties":{"nbr_class":"sana","color":"#1a9641"}},{"type":"Feature","geometry":{"type":"Polygon","coordinates":[[[12.6522615115501,46.17076268280227],[12.652307449650575,46.16968358170455],[12.649973838302802,46.16963560650189],[12.650019819333622,46.16855650696059],[12.649241965389056,46.16854050524804],[12.6492649625109,46.16800095568694],[12.650820655874472,46.168032953224355],[12.65155255420015,46.169128044919546],[12.653108281889988,46.16916001192308],[12.653085321418041,46.16969956286119],[12.653863193844252,46.16971553872901],[12.653817286117441,46.170794641023434],[12.6522615115501,46.17076268280227]]]},"properties":{"nbr_class":"stress","color":"#ffffbf"}},{"type":"Feature","geometry":{"type":"Polygon","coordinates":[[[12.622795325266583,46.1679933004084],[12.622818580521264,46.16745376109246],[12.624397468191418,46.16694657825016],[12.624350988713648,46.16802565815388],[12.622795325266583,46.1679933004084]]]},"properties":{"nbr_class":"moderata","color":"#a6d96a"}},{"type":"Feature","geometry":{"type":"Polygon","coordinates":[[[12.591706177965882,46.16680217645709],[12.591729736197593,46.16626264928011],[12.592507525549959,46.166279041700115],[12.592483974908834,46.16681856918401],[12.591706177965882,46.16680217645709]]]},"properties":{"nbr_class":"sana","color":"#1a9641"}},{"type":"Feature","geometry":{"type":"Polygon","coordinates":[[[12.627485533310674,46.167550769054365],[12.627508742350818,46.16701122786198],[12.628286562555761,46.16702737704488],[12.628263361107297,46.167566918539634],[12.627485533310674,46.167550769054365]]]},"properties":{"nbr_class":"sana","color":"#1a9641"}},{"type":"Feature","geometry":{"type":"Polygon","coordinates":[[[12.628286562555761,46.16702737704488],[12.628309763340802,46.16648783548994],[12.629087576619863,46.166503979082556],[12.629064383426307,46.16704352093976],[12.628286562555761,46.16702737704488]]]},"properties":{"nbr_class":"sana","color":"#1a9641"}},{"type":"Feature","geometry":{"type":"Polygon","coordinates":[[[12.629842204962237,46.16705965954657],[12.629865390564285,46.166520117387215],[12.631421020448345,46.166552378132636],[12.631397850029385,46.16709192089602],[12.629842204962237,46.16705965954657]]]},"properties":{"nbr_class":"sana","color":"#1a9641"}},{"type":"Feature","geometry":{"type":"Polygon","coordinates":[[[12.644597898261354,46.16790483615211],[12.643866155093022,46.16680970261774],[12.646199636710882,46.16685780024714],[12.646176610535964,46.16739734872897],[12.649287958975147,46.16746140606582],[12.6492649625109,46.16800095568694],[12.644597898261354,46.16790483615211]]]},"properties":{"nbr_class":"stress","color":"#ffffbf"}},{"type":"Feature","geometry":{"type":"Polygon","coordinates":[[[12.646176610535964,46.16739734872897],[12.646199636710882,46.16685780024714],[12.647755294426057,46.16688983889237],[12.647732283435214,46.16742938797406],[12.646176610535964,46.16739734872897]]]},"properties":{"nbr_class":"degradata","color":"#fdae61"}},{"type":"Feature","geometry":{"type":"Polygon","coordinates":[[[12.591729736197593,46.16626264928011],[12.591776850640239,46.16518359474471],[12.592554624812085,46.165199986550945],[12.592507525549959,46.166279041700115],[12.591729736197593,46.16626264928011]]]},"properties":{"nbr_class":"moderata","color":"#a6d96a"}},{"type":"Feature","geometry":{"type":"Polygon","coordinates":[[[12.659399914231242,46.16766900804339],[12.659445707791097,46.16658990084727],[12.660223539922931,46.16660583261434],[12.66017776154771,46.16768494040706],[12.659399914231242,46.16766900804339]]]},"properties":{"nbr_class":"sana","color":"#1a9641"}},{"type":"Feature","geometry":{"type":"Polygon","coordinates":[[[12.639977032290815,46.16672943413872],[12.64000011854095,46.16618988800023],[12.643889203384811,46.1662701549764],[12.643866155093022,46.16680970261774],[12.639977032290815,46.16672943413872]]]},"properties":{"nbr_class":"stress","color":"#ffffbf"}},{"type":"Feature","geometry":{"type":"Polygon","coordinates":[[[12.654595174389078,46.17081061220048],[12.65468695684429,46.16865240617557],[12.653909098945592,46.16863643619459],[12.65393205051177,46.168096884837375],[12.652399317970104,46.16752537878897],[12.652468212314234,46.16590672597221],[12.653246030934694,46.16592270503446],[12.653223074401765,46.16646225633257],[12.654755786796521,46.16703375102697],[12.654709900817773,46.16811285451936],[12.655487751782019,46.16812881891279],[12.65537306331907,46.17082657808852],[12.654595174389078,46.17081061220048]]]},"properties":{"nbr_class":"stress","color":"#ffffbf"}},{"type":"Feature","geometry":{"type":"Polygon","coordinates":[[[12.633777617241478,46.16606118586201],[12.633800763561885,46.16552164207305],[12.635356369724432,46.16555384873238],[12.635333238586485,46.16609339312434],[12.633777617241478,46.16606118586201]]]},"properties":{"nbr_class":"stress","color":"#ffffbf"}},{"type":"Feature","geometry":{"type":"Polygon","coordinates":[[[12.63766667558045,46.166141664358214],[12.637689783944534,46.165602119062484],[12.638467590010707,46.16561819859677],[12.63844448923796,46.16615774419355],[12.63766667558045,46.166141664358214]]]},"properties":{"nbr_class":"stress","color":"#ffffbf"}},{"type":"Feature","geometry":{"type":"Polygon","coordinates":[[[12.639222303558197,46.166173818740894],[12.639245396739588,46.16563427284315],[12.6415788209003,46.16568246385479],[12.641555750493128,46.16622201065483],[12.639222303558197,46.166173818740894]]]},"properties":{"nbr_class":"degradata","color":"#fdae61"}},{"type":"Feature","geometry":{"type":"Polygon","coordinates":[[[12.653977951675254,46.16701778194299],[12.654000901272605,46.16647823040578],[12.653223074401765,46.16646225633257],[12.653246030934694,46.16592270503446],[12.654801670151128,46.165954647294605],[12.654755786796521,46.16703375102697],[12.653977951675254,46.16701778194299]]]},"properties":{"nbr_class":"moderata","color":"#a6d96a"}},{"type":"Feature","geometry":{"type":"Polygon","coordinates":[[[12.622748812762246,46.16907237885957],[12.622795325266583,46.1679933004084],[12.624350988713648,46.16802565815388],[12.624397468191418,46.16694657825016],[12.625175285731778,46.166962748585114],[12.62522174736901,46.165883667835026],[12.625999550393274,46.16589983227669],[12.62682378270057,46.16483690922927],[12.629157152221534,46.16488535314985],[12.629133961017454,46.165424895187606],[12.628356162920715,46.16540875219948],[12.628332963462446,46.165948293874806],[12.627555158440211,46.165932145296594],[12.627531950727322,46.166471686609384],[12.625953103938608,46.16697891363208],[12.625906654827656,46.16805799474663],[12.625128821437393,46.16804182909435],[12.624304506577671,46.16910473781671],[12.622748812762246,46.16907237885957]]]},"properties":{"nbr_class":"stress","color":"#ffffbf"}},{"type":"Feature","geometry":{"type":"Polygon","coordinates":[[[12.592979778236444,46.191130040588824],[12.593805034669415,46.19006737982855],[12.595384829461155,46.18956061764266],[12.595431910679839,46.18848156462513],[12.596988120955466,46.18851430585065],[12.597011645356064,46.18797477863821],[12.603236452647206,46.188105529426046],[12.603330300354111,46.1859474101802],[12.604886448121334,46.18598004251712],[12.604933337554929,46.18490098130997],[12.60415527853176,46.184884668398],[12.604980224306486,46.18382191986135],[12.60342413732516,46.18378928996822],[12.603471051785212,46.182710229499946],[12.602693024499192,46.18269390722833],[12.602739951470088,46.18161484712971],[12.601961940051527,46.18159852017884],[12.601277835967625,46.17942406946147],[12.600499856281747,46.17940773315327],[12.600523338864456,46.178868203689106],[12.59896739670589,46.178835515814725],[12.599037885997129,46.1772169288958],[12.597505502383713,46.176644693217604],[12.596868657150381,46.17339116167146],[12.595312873627114,46.17335842702783],[12.595406982992829,46.17120031472413],[12.594629122615459,46.17118394069537],[12.59469972035257,46.169565356752614],[12.59392188342688,46.16954897835538],[12.593968960403792,46.1684699227046],[12.59319113933662,46.168453539632715],[12.5932382288037,46.16737448435359],[12.592460423594302,46.16735809660746],[12.592507525549959,46.166279041700115],[12.594063106281267,46.166311810677655],[12.5940866410682,46.1657722825198],[12.59561868971322,46.16634455850512],[12.595595169434674,46.166884087215635],[12.594817369790544,46.166867715639164],[12.594746782146222,46.16848630048858],[12.595524604563693,46.168502672984616],[12.59547755795335,46.16958172986173],[12.597033235179303,46.169614460215556],[12.596208362112243,46.170677154931],[12.597764071055876,46.1707098759337],[12.59774056817372,46.17124940507981],[12.598518431249552,46.17126575795478],[12.598447941349317,46.172884345949086],[12.599225827878122,46.1729006944538],[12.599178846438669,46.173979753426785],[12.600734651892017,46.17401243579361],[12.600711175352387,46.17455196580138],[12.601489086683383,46.17456829935708],[12.60151255562911,46.1740287690435],[12.603068365123049,46.17406141967623],[12.603044911365203,46.17460095060111],[12.604577299498525,46.175173112163996],[12.605308356486239,46.176268482959685],[12.606864233460875,46.17630108314312],[12.6068408149945,46.17684061535314],[12.607618762084737,46.176856907815655],[12.608349901285935,46.177952260447505],[12.609127864910027,46.17796854294047],[12.60915126192961,46.177429009936326],[12.614596972914184,46.177542837139924],[12.61469034164194,46.17538469599561],[12.613157837328298,46.17481266799142],[12.613204546729051,46.17373359815358],[12.612426640508971,46.173717344544585],[12.612450001801397,46.17317780983952],[12.611672103845377,46.17316155124584],[12.611648734959148,46.1737010856465],[12.61011630994491,46.173129018191545],[12.61094095751444,46.17206621898991],[12.610163076086403,46.17204995042748],[12.609478749959733,46.16987554154291],[12.6102566003459,46.16989181417539],[12.610233220283904,46.1704313483289],[12.61101107893327,46.170447615977594],[12.610987705795377,46.17098715037536],[12.61252008167054,46.17155920536247],[12.612473362425783,46.17263827507415],[12.614005799723914,46.17321031115989],[12.61398245361917,46.173749846473484],[12.615538269408656,46.17378232724593],[12.615561600325625,46.17324279132423],[12.616339501630636,46.17325902347284],[12.61629285431756,46.17433809586381],[12.61551493782449,46.17432186310736],[12.615351598051902,46.17809861244925],[12.616129567710017,46.178114847333276],[12.616176224361936,46.17703577578627],[12.616954179498268,46.177052004772655],[12.617024136687723,46.17543339608849],[12.616246204336482,46.17541716801363],[12.616269529660535,46.17487763196886],[12.61704745441718,46.174893859739875],[12.61709408787569,46.17381478686183],[12.619427820592845,46.17386343661695],[12.619474405820997,46.172784361676115],[12.62025230287574,46.172800567075946],[12.6202755868971,46.17226102921175],[12.621053477026246,46.17227722901925],[12.621076752788367,46.171737690791495],[12.622655779772996,46.17123053503911],[12.622748812762246,46.16907237885957],[12.624304506577671,46.16910473781671],[12.624327747977947,46.16856519801539],[12.625906654827656,46.16805799474663],[12.625953103938608,46.16697891363208],[12.626730922811694,46.166995073391035],[12.626754138779638,46.1664555324409],[12.627531950727322,46.166471686609384],[12.628356162920715,46.16540875219948],[12.629133961017454,46.165424895187606],[12.629157152221534,46.16488535314985],[12.630712735228995,46.164917622658635],[12.630689559206656,46.165457165300566],[12.633800763561885,46.16552164207305],[12.633777617241478,46.16606118586201],[12.64000011854095,46.16618988800023],[12.639977032290815,46.16672943413872],[12.643866155093022,46.16680970261774],[12.644597898261354,46.16790483615211],[12.6492649625109,46.16800095568694],[12.649241965389056,46.16854050524804],[12.650019819333622,46.16855650696059],[12.649973838302802,46.16963560650189],[12.652307449650575,46.16968358170455],[12.6522615115501,46.17076268280227],[12.653817286117441,46.170794641023434],[12.653771375764972,46.17187374307787],[12.655327183342187,46.171905681338906],[12.656059220705915,46.1730007461437],[12.656837141328651,46.17301670264863],[12.656814214233457,46.17355625466148],[12.65603628601601,46.1735402978578],[12.655944540697343,46.17569850411435],[12.655166582757007,46.17568254082561],[12.655143637191692,46.1762220919409],[12.653587708094799,46.176190148895586],[12.65356474668136,46.176729699352805],[12.65200880502787,46.17669773454898],[12.652832712886946,46.1756346192199],[12.64658605979476,46.176046143337665],[12.646539999584386,46.17712523879946],[12.644206083128834,46.17707713992705],[12.644136919506355,46.17869577996756],[12.64335892588827,46.178679735528746],[12.643405050822045,46.177600642829276],[12.64184909595679,46.17756853928282],[12.641802940637564,46.1786476307801],[12.642580932931935,46.1786636857996],[12.642557861878988,46.179203231758706],[12.641001862759108,46.17917111582808],[12.641048034591424,46.178092025052386],[12.639515168625481,46.177520344287174],[12.639468967728435,46.1785994339797],[12.63869097808411,46.17858335779897],[12.63866786904802,46.179122902254065],[12.637889872470188,46.179106820481955],[12.637912989102837,46.178567276327946],[12.636357013130324,46.17853509751513],[12.63633388130463,46.179074641066634],[12.634777892793991,46.179042440489944],[12.634754745113357,46.179581983378405],[12.633221906940012,46.17901021875197],[12.633198744066085,46.17954976103713],[12.628530756882197,46.17945296704416],[12.628507547765217,46.17999250745689],[12.625418778741935,46.179388331908854],[12.625395539238356,46.179927871111396],[12.623816283613179,46.18043505973295],[12.624547793483424,46.18153031513697],[12.62141242698227,46.18200510679404],[12.620587821974937,46.18306798092263],[12.619031738557519,46.183035563882136],[12.618300320928899,46.18194027514082],[12.616744271914587,46.18190782757015],[12.61669761844721,46.18298689863986],[12.617475657814914,46.183003125678134],[12.617452337678365,46.18354266142639],[12.615896244416597,46.18351020145123],[12.615071510926933,46.18457303301936],[12.6119826489943,46.183968492481426],[12.61193589900947,46.18504755941869],[12.610356378348557,46.185554556312475],[12.610309593956764,46.18663362166945],[12.609531507432944,46.186617344880915],[12.608706604115469,46.187680126697394],[12.607928503736353,46.1876638387161],[12.60790508639992,46.18820337026884],[12.607126979093234,46.18818707669088],[12.607103553487262,46.1887266078782],[12.606325439253048,46.188710308703406],[12.606302005377103,46.189249839525196],[12.604722313979941,46.18975675484041],[12.604675412474812,46.19083581496086],[12.601562846046741,46.19077051812006],[12.601586327536639,46.190230989312575],[12.597695672666644,46.19014925071983],[12.597672153174834,46.19068877799692],[12.59611588074909,46.19065604490329],[12.596092345383529,46.19119557150709],[12.592979778236444,46.191130040588824]],[[12.60406146658761,46.18704278934906],[12.605617646096217,46.18707541232506],[12.605641084890388,46.18653588156706],[12.60408492057982,46.18650325920186],[12.60406146658761,46.18704278934906]],[[12.605641084890388,46.18653588156706],[12.606419168054636,46.18655218481261],[12.606466028434449,46.18547312250506],[12.607244097073535,46.185489419848956],[12.607408034111522,46.181712697735435],[12.606630018656885,46.181696402527336],[12.60651288613386,46.18439405995607],[12.60573483336367,46.18437775793144],[12.605641084890388,46.18653588156706]],[[12.609648501387488,46.18391968255968],[12.610426549918687,46.183935957824545],[12.61125136162744,46.18287316122897],[12.609695294285007,46.18284061720886],[12.609648501387488,46.18391968255968]],[[12.61125136162744,46.18287316122897],[12.612830796708561,46.1823661501019],[12.612877524814259,46.18128708195268],[12.613655538041051,46.181303334532146],[12.613725602398333,46.17968473094311],[12.610613644673865,46.17961969253563],[12.610637028508615,46.17908015910304],[12.609859048350478,46.17906388658044],[12.609835656919588,46.179603419708336],[12.608256276132257,46.18011039064129],[12.608232868170324,46.18064992303889],[12.60901086977488,46.180666207056206],[12.608940664663146,46.18228480480157],[12.610496715468313,46.18231735879366],[12.610520102647078,46.181777825662714],[12.611298121459129,46.18179409441819],[12.61125136162744,46.18287316122897]],[[12.614386854221188,46.18239865118733],[12.615164883982587,46.18241489379399],[12.61521156650488,46.181335823819545],[12.614433551937998,46.18131958182109],[12.614386854221188,46.18239865118733]],[[12.607408034111522,46.181712697735435],[12.608186050238077,46.18172898765303],[12.608209459538937,46.181189455376135],[12.607431451009319,46.181173165763525],[12.607408034111522,46.181712697735435]],[[12.617545614222978,46.18138451807173],[12.618323631467435,46.181400738908025],[12.618346941339313,46.180861202614985],[12.617568931691883,46.180844982082384],[12.617545614222978,46.18138451807173]],[[12.62221372771812,46.181481763730766],[12.622991748972417,46.18149795282347],[12.623015013261629,46.18095841471031],[12.622236999604505,46.1809422259207],[12.62221372771812,46.181481763730766]],[[12.604342870226702,46.18056842359785],[12.605898867387452,46.18060103924511],[12.606723712616356,46.17953827549791],[12.604389761444596,46.17948936179405],[12.604342870226702,46.18056842359785]],[[12.607501697684649,46.17955456948568],[12.60827968342476,46.17957085818336],[12.608303090047858,46.17903132566508],[12.607525111903813,46.17901503727237],[12.607501697684649,46.17955456948568]],[[12.618393559083188,46.17978212984808],[12.619171554205991,46.17979834448302],[12.619194854481634,46.17925880770559],[12.618416866955231,46.17924259337423],[12.618393559083188,46.17978212984808]],[[12.608303090047858,46.17903132566508],[12.609081068863487,46.179047608767775],[12.609104467221329,46.17850807588429],[12.608326496001576,46.178491793086465],[12.608303090047858,46.17903132566508]],[[12.61219299083746,46.17911268827809],[12.614526939358896,46.17916144236506],[12.615351598051902,46.17809861244925],[12.611461759809334,46.17801735868033],[12.61219299083746,46.17911268827809]],[[12.619194854481634,46.17925880770559],[12.619972842676573,46.179275016746764],[12.620019426036638,46.178195942404166],[12.619241453033897,46.178179733969934],[12.619194854481634,46.17925880770559]],[[12.602880716279111,46.17837766538458],[12.605214617840325,46.178426608996084],[12.60523805350708,46.17788707757752],[12.603682133651205,46.17785445440385],[12.603729033354949,46.176775392607226],[12.602173146571047,46.176742749496896],[12.602149681864386,46.177282279814236],[12.602927632514868,46.17729860431981],[12.602880716279111,46.17837766538458]],[[12.609104467221329,46.17850807588429],[12.610660411674633,46.17854062561014],[12.610683794171946,46.178001092056896],[12.609127864910027,46.17796854294047],[12.609104467221329,46.17850807588429]],[[12.616884216306687,46.17867061291433],[12.617662194899225,46.17868683752225],[12.617708822502255,46.177607764880555],[12.616930859101343,46.17759154088016],[12.616884216306687,46.17867061291433]],[[12.631712277890133,46.177898892309344],[12.632490253962992,46.177915015800295],[12.6325365902658,46.17683593141241],[12.6317586293846,46.17681980852521],[12.631712277890133,46.177898892309344]],[[12.636380144294485,46.1779955539035],[12.637158124352702,46.17801164565376],[12.63718124725928,46.17747210168068],[12.63640327479714,46.17745601023172],[12.636380144294485,46.1779955539035]],[[12.601395204188828,46.176726420007434],[12.602173146571047,46.176742749496896],[12.602196610606688,46.176203219119174],[12.601418675819263,46.17618688993543],[12.601395204188828,46.176726420007434]],[[12.617732135303696,46.17706822846929],[12.618510091777999,46.17708444687616],[12.618533396317458,46.17654491010098],[12.617755447438448,46.17652869199775],[12.617732135303696,46.17706822846929]],[[12.619288048920964,46.17710065999325],[12.620843965212002,46.17713307035805],[12.620867246965437,46.1765935326725],[12.62008929608117,46.176577330438356],[12.620913808474944,46.17551445712067],[12.619357937754723,46.17548204857627],[12.619334642143016,46.17602158577551],[12.61855670019047,46.17600537326553],[12.619288048920964,46.17710065999325]],[[12.641140370333748,46.17593384277982],[12.641918323985921,46.17594990158621],[12.641964472705814,46.17487080948804],[12.641186534244127,46.17485475128297],[12.641140370333748,46.17593384277982]],[[12.633407186086183,46.17469387830503],[12.634185117915711,46.17470998940579],[12.634208267233998,46.17417044627758],[12.63343034299915,46.17415433547846],[12.633407186086183,46.17469387830503]],[[12.636518917388598,46.174758290970935],[12.6372968518736,46.174774380913554],[12.637319970812916,46.174234836579764],[12.636542043922693,46.17421874693839],[12.636518917388598,46.174758290970935]],[[12.638074787021928,46.17479046556662],[12.638852722833361,46.1748065449301],[12.638875826583051,46.174266999994096],[12.638097898366443,46.17425092093166],[12.638074787021928,46.17479046556662]],[[12.643520351615031,46.17490291002924],[12.645076233170588,46.1749349894118],[12.645168401177912,46.172776799687966],[12.644390490448199,46.172760763842525],[12.64432134264739,46.17437940532474],[12.643543409795281,46.17436336328898],[12.643520351615031,46.17490291002924]],[[12.641987546075972,46.1743312633488],[12.642765477604737,46.17434731596367],[12.642788542720343,46.1738077694638],[12.642010618786303,46.1737917171495],[12.641987546075972,46.1743312633488]],[[12.651322768050738,46.17452354561447],[12.652878647621439,46.17455551860382],[12.652901614003483,46.174015968205765],[12.651345749622818,46.17398399581504],[12.651322768050738,46.17452354561447]],[[12.596114285808644,46.172835268702315],[12.59689217031436,46.172851633073336],[12.596915682805971,46.17231210441478],[12.596137805893363,46.172295740350144],[12.596114285808644,46.172835268702315]],[[12.650567818421425,46.17396800168532],[12.651345749622818,46.17398399581504],[12.651391710795389,46.172904896036165],[12.650613794783313,46.172888902505356],[12.650567818421425,46.17396800168532]],[[12.633476654838477,46.17307524964489],[12.635055613333178,46.1725679211372],[12.634324003895975,46.17147272973439],[12.633546117631294,46.17145662044341],[12.633476654838477,46.17307524964489]],[[12.635856647596,46.172044476481425],[12.636634543445856,46.17206057020691],[12.636657666673463,46.17152102587373],[12.635879778417275,46.17150493244956],[12.635856647596,46.172044476481425]],[[12.6413019324693,46.17215702148921],[12.642857734109727,46.17218912960374],[12.64292691956345,46.170570489202916],[12.642149041193212,46.1705544386918],[12.642973039901992,46.169491395301975],[12.642195176717953,46.16947534539188],[12.642218243490888,46.16893579865179],[12.641440388561387,46.16891974375364],[12.641417314195703,46.16945929019313],[12.640639452335453,46.16944322970575],[12.64059328643845,46.170522321803034],[12.63981541005436,46.170506255425416],[12.639769226330044,46.171585346680686],[12.64132501013439,46.17161747535018],[12.6413019324693,46.17215702148921]],[[12.643658690806086,46.171665628686654],[12.644436585686499,46.171681669220696],[12.644459632317046,46.17114212181967],[12.643681745030323,46.17112608158595],[12.643658690806086,46.171665628686654]],[[12.627485533310674,46.167550769054365],[12.628263361107297,46.167566918539634],[12.628286562555761,46.16702737704488],[12.627508742350818,46.16701122786198],[12.627485533310674,46.167550769054365]],[[12.628286562555761,46.16702737704488],[12.629064383426307,46.16704352093976],[12.629087576619863,46.166503979082556],[12.628309763340802,46.16648783548994],[12.628286562555761,46.16702737704488]],[[12.629842204962237,46.16705965954657],[12.631397850029385,46.16709192089602],[12.631421020448345,46.166552378132636],[12.629865390564285,46.166520117387215],[12.629842204962237,46.16705965954657]]]},"properties":{"nbr_class":"moderata","color":"#a6d96a"}},{"type":"Feature","geometry":{"type":"Polygon","coordinates":[[[12.630689559206656,46.165457165300566],[12.630712735228995,46.164917622658635],[12.633823909220455,46.164982098223945],[12.633800763561885,46.16552164207305],[12.630689559206656,46.165457165300566]]]},"properties":{"nbr_class":"stress","color":"#ffffbf"}},{"type":"Feature","geometry":{"type":"Polygon","coordinates":[[[12.640023204130959,46.165650341801616],[12.640046289060864,46.165110795542915],[12.641601890647806,46.165142916994675],[12.6415788209003,46.16568246385479],[12.640023204130959,46.165650341801616]]]},"properties":{"nbr_class":"stress","color":"#ffffbf"}},{"type":"Feature","geometry":{"type":"Polygon","coordinates":[[[12.644667022338082,46.16628619250745],[12.643935297991282,46.16519105951347],[12.650157746649128,46.16531920689603],[12.649333949930943,46.16638230664347],[12.644667022338082,46.16628619250745]]]},"properties":{"nbr_class":"stress","color":"#ffffbf"}},{"type":"Feature","geometry":{"type":"Polygon","coordinates":[[[12.651690394352574,46.16589074162185],[12.651713365412183,46.165351190862175],[12.652491175782306,46.165367174913264],[12.652468212314234,46.16590672597221],[12.651690394352574,46.16589074162185]]]},"properties":{"nbr_class":"stress","color":"#ffffbf"}},{"type":"Feature","geometry":{"type":"Polygon","coordinates":[[[12.6415788209003,46.16568246385479],[12.642402753930943,46.16461942256803],[12.643958344306013,46.16465151169189],[12.643912251017557,46.165730607274966],[12.6415788209003,46.16568246385479]]]},"properties":{"nbr_class":"moderata","color":"#a6d96a"}},{"type":"Feature","geometry":{"type":"Polygon","coordinates":[[[12.652468212314234,46.16590672597221],[12.65251413859376,46.16482762379432],[12.653291942031307,46.16484360225822],[12.653246030934694,46.16592270503446],[12.652468212314234,46.16590672597221]]]},"properties":{"nbr_class":"moderata","color":"#a6d96a"}},{"type":"Feature","geometry":{"type":"Polygon","coordinates":[[[12.655510687506919,46.16758926689769],[12.655533622575982,46.167049714822596],[12.654755786796521,46.16703375102697],[12.654801670151128,46.165954647294605],[12.653246030934694,46.16592270503446],[12.653291942031307,46.16484360225822],[12.654847550881781,46.16487554332228],[12.654824610844438,46.16541509533843],[12.65635731200014,46.16598656840218],[12.656288531536658,46.167605225703774],[12.655510687506919,46.16758926689769]]]},"properties":{"nbr_class":"sana","color":"#1a9641"}},{"type":"Feature","geometry":{"type":"Polygon","coordinates":[[[12.640824089523319,46.165126858912714],[12.640847166202171,46.16458731229316],[12.641624959735664,46.16460337007447],[12.641601890647806,46.165142916994675],[12.640824089523319,46.165126858912714]]]},"properties":{"nbr_class":"moderata","color":"#a6d96a"}},{"type":"Feature","geometry":{"type":"Polygon","coordinates":[[[12.646268711285227,46.16523915444135],[12.646291734826619,46.16469960571929],[12.648625131291613,46.164747652156365],[12.648602130523773,46.16528720177799],[12.646268711285227,46.16523915444135]]]},"properties":{"nbr_class":"moderata","color":"#a6d96a"}},{"type":"Feature","geometry":{"type":"Polygon","coordinates":[[[12.658667876316125,46.16657396379189],[12.65875948594604,46.164415749873704],[12.659537287054444,46.16443168573555],[12.659445707791097,46.16658990084727],[12.658667876316125,46.16657396379189]]]},"properties":{"nbr_class":"sana","color":"#1a9641"}},{"type":"Feature","geometry":{"type":"Polygon","coordinates":[[[12.59418077348692,46.16361416928385],[12.594204304909463,46.16307464082376],[12.595759797262488,46.16310738497273],[12.595736281018684,46.16364691404589],[12.59418077348692,46.16361416928385]]]},"properties":{"nbr_class":"moderata","color":"#a6d96a"}},{"type":"Feature","geometry":{"type":"Polygon","coordinates":[[[12.635402630016143,46.16447475976805],[12.635425759169955,46.163935215195686],[12.637759105072364,46.16398348281459],[12.637735998690468,46.16452302829065],[12.635402630016143,46.16447475976805]]]},"properties":{"nbr_class":"sana","color":"#1a9641"}},{"type":"Feature","geometry":{"type":"Polygon","coordinates":[[[12.633870198552184,46.163903010345294],[12.633893342225388,46.163363466315744],[12.634671114612061,46.163379571083176],[12.634647978529209,46.16391911541425],[12.633870198552184,46.163903010345294]]]},"properties":{"nbr_class":"moderata","color":"#a6d96a"}},{"type":"Feature","geometry":{"type":"Polygon","coordinates":[[[12.63698132244175,46.16396739889585],[12.63700443575341,46.163427853660785],[12.637782210793576,46.16344393727838],[12.637759105072364,46.16398348281459],[12.63698132244175,46.16396739889585]]]},"properties":{"nbr_class":"moderata","color":"#a6d96a"}},{"type":"Feature","geometry":{"type":"Polygon","coordinates":[[[12.643203602034406,46.16409592219256],[12.643226654621843,46.163556374551185],[12.644004434958573,46.16357241586854],[12.643981389961768,46.16411196381026],[12.643203602034406,46.16409592219256]]]},"properties":{"nbr_class":"moderata","color":"#a6d96a"}},{"type":"Feature","geometry":{"type":"Polygon","coordinates":[[[12.650981511032187,46.16425610042245],[12.65100448771224,46.1637165497821],[12.65178227465012,46.163732538223094],[12.651759305560933,46.16427208916281],[12.650981511032187,46.16425610042245]]]},"properties":{"nbr_class":"moderata","color":"#a6d96a"}},{"type":"Feature","geometry":{"type":"Polygon","coordinates":[[[12.657981685494624,46.16439980872394],[12.658004593856033,46.16386025539296],[12.658782386716371,46.16387619624425],[12.65875948594604,46.164415749873704],[12.657981685494624,46.16439980872394]]]},"properties":{"nbr_class":"sana","color":"#1a9641"}},{"type":"Feature","geometry":{"type":"Polygon","coordinates":[[[12.631560029049737,46.16331512028891],[12.631583194831464,46.16277557710438],[12.63391648523685,46.16282392222605],[12.633893342225388,46.163363466315744],[12.631560029049737,46.16331512028891]]]},"properties":{"nbr_class":"moderata","color":"#a6d96a"}},{"type":"Feature","geometry":{"type":"Polygon","coordinates":[[[12.647115562914246,46.16363652826201],[12.647138576890223,46.163096979059866],[12.64791635293971,46.16311299363936],[12.647893346554266,46.16365254314134],[12.647115562914246,46.16363652826201]]]},"properties":{"nbr_class":"moderata","color":"#a6d96a"}},{"type":"Feature","geometry":{"type":"Polygon","coordinates":[[[12.64944891581411,46.16368455703704],[12.649471907018414,46.16314500693568],[12.6502496850472,46.16316100565248],[12.650226701433498,46.16370055605341],[12.64944891581411,46.16368455703704]]]},"properties":{"nbr_class":"moderata","color":"#a6d96a"}},{"type":"Feature","geometry":{"type":"Polygon","coordinates":[[[12.656449010107119,46.163828357827015],[12.656471932995148,46.16328880503328],[12.658027501562414,46.16332070200201],[12.658004593856033,46.16386025539296],[12.656449010107119,46.163828357827015]]]},"properties":{"nbr_class":"sana","color":"#1a9641"}},{"type":"Feature","geometry":{"type":"Polygon","coordinates":[[[12.662671360868194,46.16395582118343],[12.662694223029062,46.163416266003196],[12.663472012236928,46.16343217482962],[12.663449157667063,46.163971730307715],[12.662671360868194,46.16395582118343]]]},"properties":{"nbr_class":"sana","color":"#1a9641"}},{"type":"Feature","geometry":{"type":"Polygon","coordinates":[[[12.641601890647806,46.165142916994675],[12.641624959735664,46.16460337007447],[12.64006937333069,46.164571249224096],[12.640161703809662,46.16241306334786],[12.64093946631942,46.16242912521397],[12.64167109593253,46.16352427605378],[12.643249706550138,46.16301682684974],[12.643203602034406,46.16409592219256],[12.643981389961768,46.16411196381026],[12.643958344306013,46.16465151169189],[12.642402753930943,46.16461942256803],[12.642379692434105,46.165158969788806],[12.641601890647806,46.165142916994675]]]},"properties":{"nbr_class":"sana","color":"#1a9641"}},{"type":"Feature","geometry":{"type":"Polygon","coordinates":[[[12.637782210793576,46.16344393727838],[12.63782842025405,46.16236484602563],[12.63860618077676,46.16238092375368],[12.638559986496576,46.16346001560849],[12.637782210793576,46.16344393727838]]]},"properties":{"nbr_class":"sana","color":"#1a9641"}},{"type":"Feature","geometry":{"type":"Polygon","coordinates":[[[12.627694390782946,46.16269489615579],[12.627717593851187,46.16215535442165],[12.628495345740767,46.16217150088358],[12.628472150262256,46.16271104292003],[12.627694390782946,46.16269489615579]]]},"properties":{"nbr_class":"moderata","color":"#a6d96a"}},{"type":"Feature","geometry":{"type":"Polygon","coordinates":[[[12.658027501562414,46.16332070200201],[12.658050408613786,46.1627811485511],[12.65882818629262,46.162797088805476],[12.658805286831893,46.163336642554846],[12.658027501562414,46.16332070200201]]]},"properties":{"nbr_class":"stress","color":"#ffffbf"}},{"type":"Feature","geometry":{"type":"Polygon","coordinates":[[[12.64407356599552,46.161953771683],[12.644096608356758,46.161414223501],[12.643318858380395,46.161398183384954],[12.643341907672351,46.16085863544322],[12.64489739310695,46.16089070978758],[12.644851324222671,46.16196980681208],[12.64407356599552,46.161953771683]]]},"properties":{"nbr_class":"stress","color":"#ffffbf"}},{"type":"Feature","geometry":{"type":"Polygon","coordinates":[[[12.664318339117418,46.16182941068119],[12.664364027196013,46.16075029859021],[12.665141779762957,46.16076619535283],[12.665096106864503,46.16184530803909],[12.664318339117418,46.16182941068119]]]},"properties":{"nbr_class":"sana","color":"#1a9641"}},{"type":"Feature","geometry":{"type":"Polygon","coordinates":[[[12.614542575922249,46.1608009823056],[12.614565906011027,46.16026144554493],[12.613788188902223,46.16024520482851],[12.613811525912405,46.15970566831161],[12.615366945622341,46.15973814384978],[12.615320301288957,46.16081721803935],[12.614542575922249,46.1608009823056]]]},"properties":{"nbr_class":"moderata","color":"#a6d96a"}},{"type":"Feature","geometry":{"type":"Polygon","coordinates":[[[12.638675467244125,46.160762285520654],[12.638698561412564,46.16022273932275],[12.639476292239769,46.16023881055987],[12.639453205660523,46.16077835705866],[12.638675467244125,46.160762285520654]]]},"properties":{"nbr_class":"stress","color":"#ffffbf"}},{"type":"Feature","geometry":{"type":"Polygon","coordinates":[[[12.6565406977267,46.16167014629222],[12.656563617993115,46.16113059325858],[12.657341371586968,46.16114654319222],[12.657387194974538,46.160067436347745],[12.658942673775243,46.160099319159244],[12.658873983249807,46.16171798112686],[12.6565406977267,46.16167014629222]]]},"properties":{"nbr_class":"sana","color":"#1a9641"}},{"type":"Feature","geometry":{"type":"Polygon","coordinates":[[[12.625430791859333,46.16102780147918],[12.625454015704465,46.16048826047192],[12.624676289246223,46.16047209376957],[12.624722750121814,46.15939301217979],[12.62627817334979,46.159425339087164],[12.626254958421224,46.159964880517414],[12.62703267862281,46.15998103634365],[12.626986261952204,46.16106011962851],[12.625430791859333,46.16102780147918]]]},"properties":{"nbr_class":"moderata","color":"#a6d96a"}},{"type":"Feature","geometry":{"type":"Polygon","coordinates":[[[12.637073771723223,46.16180921759486],[12.637119992399034,46.16073012658361],[12.636342255970774,46.16071403918461],[12.63638848918158,46.159634948535285],[12.63716621043181,46.1596510353319],[12.637897729490223,46.16074620869562],[12.638675467244125,46.160762285520654],[12.638629276926245,46.161841377736124],[12.637073771723223,46.16180921759486]]]},"properties":{"nbr_class":"sana","color":"#1a9641"}},{"type":"Feature","geometry":{"type":"Polygon","coordinates":[[[12.63236095763567,46.16279169743224],[12.633185020321571,46.16172872471622],[12.632407272032562,46.16171261027909],[12.63243042823784,46.161173066612264],[12.630097210125538,46.161124692483924],[12.63012038843626,46.160585149662616],[12.629342657984148,46.16056901468129],[12.629389027795098,46.15948992946235],[12.630166743069605,46.159506063839515],[12.630189919392274,46.1589665208377],[12.633300756782361,46.159031004272094],[12.633277610813838,46.15957054848121],[12.634055329410364,46.15958665642484],[12.633985910301023,46.16120528959611],[12.635541395019494,46.16123749143182],[12.635472015493603,46.16285612587054],[12.63236095763567,46.16279169743224]]]},"properties":{"nbr_class":"sana","color":"#1a9641"}},{"type":"Feature","geometry":{"type":"Polygon","coordinates":[[[12.624397468191418,46.16694657825016],[12.62451365525742,46.164248877437046],[12.621402543582546,46.164184149277226],[12.621425809363393,46.16364461014581],[12.620648040702898,46.16362841519044],[12.620671313408465,46.16308887630201],[12.619139080489962,46.16251693279401],[12.619162367043673,46.161977394391776],[12.620717856823358,46.16200979834439],[12.62074112753273,46.161470259275234],[12.619963389898274,46.161454060245724],[12.62000994449889,46.1603749825332],[12.61845450158913,46.16034256982714],[12.618477793068328,46.15980303148734],[12.617700080204111,46.15978681750783],[12.617746676341204,46.15870774125458],[12.618524374028958,46.158723954626964],[12.618501083881597,46.159263493087295],[12.62161191166389,46.15932829492595],[12.621588651204219,46.15986783453927],[12.623120838329173,46.16043974450451],[12.62307434444046,46.16151882464209],[12.622296604804038,46.161502641473426],[12.622273349273293,46.16204218114887],[12.62305109649906,46.162058364620535],[12.623027847892935,46.16259790453876],[12.624583359524186,46.16263025622657],[12.624536890677362,46.16370933709376],[12.625314662672766,46.16372550561231],[12.625291434843106,46.16426504625831],[12.626846996013326,46.16429736803833],[12.626870208662346,46.16375782678719],[12.627647982656086,46.1637739794435],[12.627601571875237,46.16485306249043],[12.62682378270057,46.16483690922927],[12.62680056872405,46.16537645036002],[12.62522174736901,46.165883667835026],[12.625175285731778,46.166962748585114],[12.624397468191418,46.16694657825016]]]},"properties":{"nbr_class":"moderata","color":"#a6d96a"}},{"type":"Feature","geometry":{"type":"Polygon","coordinates":[[[12.613057160992613,46.15914988633968],[12.613080504256342,46.158610350006334],[12.613858197931105,46.15862659509691],[12.613834862255358,46.1591661317344],[12.613057160992613,46.15914988633968]]]},"properties":{"nbr_class":"moderata","color":"#a6d96a"}},{"type":"Feature","geometry":{"type":"Polygon","coordinates":[[[12.62627817334979,46.159425339087164],[12.626301387614616,46.15888579759671],[12.627856798329498,46.15891810275276],[12.627833599241464,46.15945764484805],[12.62627817334979,46.159425339087164]]]},"properties":{"nbr_class":"moderata","color":"#a6d96a"}},{"type":"Feature","geometry":{"type":"Polygon","coordinates":[[[12.660429510216595,46.16174984457961],[12.660475274195218,46.16067073546802],[12.661253023483464,46.16068665866696],[12.661321641776409,46.15906799365561],[12.662099368952516,46.15908391067325],[12.662076504431406,46.159623466034994],[12.662854239852646,46.15963937806359],[12.662785665135695,46.161258044683],[12.662007906945425,46.161242131760616],[12.661985039809133,46.16178168688262],[12.660429510216595,46.16174984457961]]]},"properties":{"nbr_class":"degradata","color":"#fdae61"}},{"type":"Feature","geometry":{"type":"Polygon","coordinates":[[[12.644966491493973,46.15927206380037],[12.644989522972567,46.15873251501784],[12.646544950337658,46.15876456581339],[12.64652193403655,46.159304115195994],[12.644966491493973,46.15927206380037]]]},"properties":{"nbr_class":"sana","color":"#1a9641"}},{"type":"Feature","geometry":{"type":"Polygon","coordinates":[[[12.6627399453897,46.16233715546297],[12.662762805589518,46.16179760010294],[12.661985039809133,46.16178168688262],[12.662007906945425,46.161242131760616],[12.662785665135695,46.161258044683],[12.662854239852646,46.15963937806359],[12.662076504431406,46.159623466034994],[12.662099368952516,46.15908391067325],[12.663654825272172,46.15911572884763],[12.663517719416216,46.16235306369367],[12.6627399453897,46.16233715546297]]]},"properties":{"nbr_class":"stress","color":"#ffffbf"}},{"type":"Feature","geometry":{"type":"Polygon","coordinates":[[[12.633323902089112,46.158491460002814],[12.63334704673412,46.15795191567339],[12.634124742565508,46.157968022712296],[12.634101605508665,46.1585075673433],[12.633323902089112,46.158491460002814]]]},"properties":{"nbr_class":"stress","color":"#ffffbf"}},{"type":"Feature","geometry":{"type":"Polygon","coordinates":[[[12.652766686189853,46.158892557525505],[12.652789641123748,46.158353005686486],[12.653567353482021,46.15836898056082],[12.653544406136875,46.15890853269894],[12.652766686189853,46.158892557525505]]]},"properties":{"nbr_class":"sana","color":"#1a9641"}},{"type":"Feature","geometry":{"type":"Polygon","coordinates":[[[12.663654825272172,46.15911572884763],[12.663677673961462,46.15857617283022],[12.664455395515501,46.158592073689235],[12.664432554415285,46.15913163000435],[12.663654825272172,46.15911572884763]]]},"properties":{"nbr_class":"sana","color":"#1a9641"}},{"type":"Feature","geometry":{"type":"Polygon","coordinates":[[[12.581996954732931,46.157416687577786],[12.582044244879627,46.15633763910238],[12.584377178799253,46.156386990075596],[12.584353556823109,46.15692651526752],[12.58279825169262,46.156893619288404],[12.58277461386786,46.157433143803935],[12.581996954732931,46.157416687577786]]]},"properties":{"nbr_class":"moderata","color":"#a6d96a"}},{"type":"Feature","geometry":{"type":"Polygon","coordinates":[[[12.662099368952516,46.15908391067325],[12.662145096033543,46.15800479976995],[12.663677673961462,46.15857617283022],[12.663654825272172,46.15911572884763],[12.662099368952516,46.15908391067325]]]},"properties":{"nbr_class":"moderata","color":"#a6d96a"}},{"type":"Feature","geometry":{"type":"Polygon","coordinates":[[[12.616214595215906,46.15813576104099],[12.615483544787285,46.15704045732086],[12.617816565551156,46.15708912642268],[12.617769973410589,46.15816820303755],[12.616214595215906,46.15813576104099]]]},"properties":{"nbr_class":"moderata","color":"#a6d96a"}},{"type":"Feature","geometry":{"type":"Polygon","coordinates":[[[12.6402309447392,46.160794423309646],[12.640254023729229,46.16025487651005],[12.638721654920703,46.15968319306474],[12.638767839956165,46.1586041003684],[12.637990132557643,46.158588024747345],[12.638013231673318,46.15804847860999],[12.638790931483536,46.15806455393006],[12.638837112557678,46.15698546087307],[12.63961479785427,46.157001530304896],[12.639591715235184,46.15754107716432],[12.641147102990352,46.15757320077041],[12.641170170433575,46.15703365330956],[12.64194785771586,46.15704970688237],[12.64267944046596,46.158144851232535],[12.643457144247192,46.15816089483336],[12.643434098250138,46.15870044307549],[12.640323256740198,46.15863623575066],[12.640346333090891,46.158096688710664],[12.639568631956132,46.15808062396362],[12.639522463418029,46.159159717381954],[12.640300179729705,46.15917578273056],[12.64027710205939,46.15971532965035],[12.641809488694047,46.160286992549636],[12.64178642488252,46.160826539950534],[12.6402309447392,46.160794423309646]]]},"properties":{"nbr_class":"sana","color":"#1a9641"}},{"type":"Feature","geometry":{"type":"Polygon","coordinates":[[[12.659766189392723,46.1590361437595],[12.659834847332604,46.1574174799976],[12.660612550430061,46.157433406694516],[12.660566794301765,46.158512516525455],[12.661344513232784,46.15852843853194],[12.661321641776409,46.15906799365561],[12.659766189392723,46.1590361437595]]]},"properties":{"nbr_class":"degradata","color":"#fdae61"}},{"type":"Feature","geometry":{"type":"Polygon","coordinates":[[[12.63650406064276,46.15693722085973],[12.636527172952471,46.15639767514425],[12.637304848673809,46.15641376013384],[12.637281743951705,46.15695330615048],[12.63650406064276,46.15693722085973]]]},"properties":{"nbr_class":"stress","color":"#ffffbf"}},{"type":"Feature","geometry":{"type":"Polygon","coordinates":[[[12.642725545659605,46.15706575516882],[12.642748597267795,46.15652620704686],[12.644303959963194,46.15655828716],[12.644280923530617,46.1570978358826],[12.642725545659605,46.15706575516882]]]},"properties":{"nbr_class":"stress","color":"#ffffbf"}},{"type":"Feature","geometry":{"type":"Polygon","coordinates":[[[12.662945663659066,46.15748115506537],[12.662968517976985,46.15694159916599],[12.663746216109738,46.15695750441847],[12.663723369380223,46.15749706061565],[12.662945663659066,46.15748115506537]]]},"properties":{"nbr_class":"moderata","color":"#a6d96a"}},{"type":"Feature","geometry":{"type":"Polygon","coordinates":[[[12.612302811251169,46.15859409962943],[12.612326161435242,46.15805456354002],[12.611548476687595,46.15803830818115],[12.611571833791578,46.157498772335764],[12.61079415730141,46.15748251199512],[12.610063224034638,46.1563871757146],[12.60928556405929,46.15637090541104],[12.608554674981688,46.15527556014516],[12.61244290234221,46.15535688218839],[12.612396207982005,46.15643595490996],[12.613173870637512,46.156452204069915],[12.613080504256342,46.158610350006334],[12.612302811251169,46.15859409962943]]]},"properties":{"nbr_class":"moderata","color":"#a6d96a"}},{"type":"Feature","geometry":{"type":"Polygon","coordinates":[[[12.63961479785427,46.157001530304896],[12.639637879813407,46.156461983385384],[12.638860202104492,46.15644591425442],[12.638906379217735,46.155366820836775],[12.64043863189614,46.15593849994975],[12.640392483812974,46.1570175944504],[12.63961479785427,46.157001530304896]]]},"properties":{"nbr_class":"stress","color":"#ffffbf"}},{"type":"Feature","geometry":{"type":"Polygon","coordinates":[[[12.635772617130382,46.15584203939412],[12.63579573570569,46.15530249385963],[12.636573395589549,46.1553185835329],[12.636550284601391,46.155858129368646],[12.635772617130382,46.15584203939412]]]},"properties":{"nbr_class":"sana","color":"#1a9641"}},{"type":"Feature","geometry":{"type":"Polygon","coordinates":[[[12.621751460456885,46.156091055981044],[12.621774716261765,46.15555151594607],[12.6225523717628,46.15556770106806],[12.62259886620472,46.15448862021136],[12.624154148860487,46.15452097338625],[12.624107684765187,46.155600055454435],[12.623330027930681,46.155583880904196],[12.623306787299711,46.156123421545125],[12.621751460456885,46.156091055981044]]]},"properties":{"nbr_class":"sana","color":"#1a9641"}},{"type":"Feature","geometry":{"type":"Polygon","coordinates":[[[12.641993975448512,46.155970611179285],[12.64204009054417,46.15489151523585],[12.642817748138127,46.154907562320474],[12.64277164821693,46.15598665886482],[12.641993975448512,46.155970611179285]]]},"properties":{"nbr_class":"stress","color":"#ffffbf"}},{"type":"Feature","geometry":{"type":"Polygon","coordinates":[[[12.576695540730288,46.154064212797515],[12.576719235182352,46.15352469038599],[12.577496836464528,46.15354118145079],[12.577473149597589,46.15408070417106],[12.576695540730288,46.154064212797515]]]},"properties":{"nbr_class":"moderata","color":"#a6d96a"}},{"type":"Feature","geometry":{"type":"Polygon","coordinates":[[[12.664523914897853,46.156973404384374],[12.664546753385949,46.15643384782958],[12.663014224652558,46.155862487187456],[12.663059928714604,46.154783374969206],[12.663837596495917,46.15479927903057],[12.663814752379109,46.15533883546742],[12.665370105082456,46.15537062832678],[12.665301614341109,46.15698929906366],[12.664523914897853,46.156973404384374]]]},"properties":{"nbr_class":"moderata","color":"#a6d96a"}},{"type":"Feature","geometry":{"type":"Polygon","coordinates":[[[12.582115175029864,46.15471906593523],[12.582162458417095,46.15364001685444],[12.58138485306186,46.153623557499735],[12.581408501326722,46.15308403317669],[12.582963697545148,46.15311694598485],[12.58289279623399,46.154735520620996],[12.582115175029864,46.15471906593523]]]},"properties":{"nbr_class":"moderata","color":"#a6d96a"}},{"type":"Feature","geometry":{"type":"Polygon","coordinates":[[[12.645513937325639,46.164683579664626],[12.645559997615093,46.16360448264049],[12.646337779934449,46.163620508095065],[12.64638382240917,46.16254141023061],[12.647161590208164,46.16255742979768],[12.647230626213993,46.160938781650835],[12.648786118252918,46.16097080312403],[12.648809113760015,46.16043125302213],[12.651142333996837,46.160479244679635],[12.651874144439484,46.16157433386415],[12.654207418121306,46.161622263871216],[12.654230361157422,46.16108271173407],[12.653452610194872,46.1610667406514],[12.653544406136875,46.15890853269894],[12.654322126742173,46.158924502585556],[12.654368005599038,46.15784539765133],[12.65359030017107,46.15782942836272],[12.653613246204046,46.15728987610461],[12.651280156635256,46.15724193741656],[12.652011929423942,46.15833702552542],[12.648123380809565,46.158257045419674],[12.648100380343669,46.15879659546202],[12.646544950337658,46.15876456581339],[12.6465679659807,46.15822501637072],[12.647345673065137,46.15824103353852],[12.64739168720064,46.15716193387328],[12.646613995292677,46.15714591730524],[12.646637008961658,46.15660636768244],[12.645104670488513,46.15603477020429],[12.645150724886042,46.15495567185844],[12.645928385123304,46.15497169779908],[12.645974421713703,46.153892598612906],[12.646752067437419,46.15390861866764],[12.647483707578461,46.155003733822284],[12.648261369795923,46.155019743904816],[12.648238373275342,46.155559294307395],[12.649016043739747,46.155575299403516],[12.649039032673016,46.15503574870129],[12.651372025259919,46.15508373137424],[12.651394990774513,46.15454417971361],[12.652172648700777,46.15456016306647],[12.652126732189574,46.15563926692622],[12.653682080366774,46.15567121897032],[12.653659136301876,46.15621077140842],[12.655191572741954,46.15678225588134],[12.655076915182265,46.15948001986134],[12.656632374860374,46.1595119337978],[12.656586537604182,46.16059104016497],[12.655031047568587,46.16055912503342],[12.655717079520963,46.16273329606244],[12.654939304471974,46.16271733465776],[12.654916367058258,46.16325688691388],[12.652583023088672,46.163208970077434],[12.653314896595042,46.16430405078012],[12.651759305560933,46.16427208916281],[12.65178227465012,46.163732538223094],[12.6502037171626,46.16424010639431],[12.6502496850472,46.16316100565248],[12.649471907018414,46.16314500693568],[12.64944891581411,46.16368455703704],[12.648671130854295,46.163668552733014],[12.648694129649181,46.16312900293128],[12.647138576890223,46.163096979059866],[12.647092548280208,46.16417607740411],[12.64864813140178,46.16420810247471],[12.648625131291613,46.164747652156365],[12.645513937325639,46.164683579664626]]]},"properties":{"nbr_class":"sana","color":"#1a9641"}},{"type":"Feature","geometry":{"type":"Polygon","coordinates":[[[12.575941634579781,46.15350819403621],[12.575989036621358,46.1524291496491],[12.576766622054375,46.152445645381206],[12.576719235182352,46.15352469038599],[12.575941634579781,46.15350819403621]]]},"properties":{"nbr_class":"moderata","color":"#a6d96a"}},{"type":"Feature","geometry":{"type":"Polygon","coordinates":[[[12.665301614341109,46.15698929906366],[12.665370105082456,46.15537062832678],[12.663814752379109,46.15533883546742],[12.663837596495917,46.15479927903057],[12.664615264932493,46.15481517780573],[12.664638100808837,46.15427562101127],[12.666971087285829,46.15432328472706],[12.66694827417165,46.154862842413934],[12.66617060377058,46.154846959497405],[12.666079314439289,46.15700518845634],[12.665301614341109,46.15698929906366]]]},"properties":{"nbr_class":"stress","color":"#ffffbf"}},{"type":"Feature","geometry":{"type":"Polygon","coordinates":[[[12.59073971927313,46.153281192925505],[12.590763275842294,46.15274166485075],[12.591540874149747,46.15275806017006],[12.591517325165709,46.15329758855178],[12.59073971927313,46.153281192925505]]]},"properties":{"nbr_class":"sana","color":"#1a9641"}},{"type":"Feature","geometry":{"type":"Polygon","coordinates":[[[12.614845815054327,46.153786999714214],[12.61486913647348,46.15324746216977],[12.61564675561839,46.15326369364848],[12.615623441785104,46.1538032314968],[12.614845815054327,46.153786999714214]]]},"properties":{"nbr_class":"moderata","color":"#a6d96a"}},{"type":"Feature","geometry":{"type":"Polygon","coordinates":[[[12.644396099107503,46.15440009166892],[12.644419132247197,46.15386054264598],[12.645196776650224,46.15387657327235],[12.645173751097289,46.15441612259543],[12.644396099107503,46.15440009166892]]]},"properties":{"nbr_class":"stress","color":"#ffffbf"}},{"type":"Feature","geometry":{"type":"Polygon","coordinates":[[[12.61098105078707,46.1531662254961],[12.611004409467382,46.152626689412294],[12.61178201767999,46.152642947013284],[12.611758666585208,46.15318248340147],[12.61098105078707,46.1531662254961]]]},"properties":{"nbr_class":"moderata","color":"#a6d96a"}},{"type":"Feature","geometry":{"type":"Polygon","coordinates":[[[12.615623441785104,46.1538032314968],[12.61564675561839,46.15326369364848],[12.61486913647348,46.15324746216977],[12.614892457225904,46.15270792456504],[12.61644768101311,46.152740381629414],[12.616401069184606,46.15381945799393],[12.615623441785104,46.1538032314968]]]},"properties":{"nbr_class":"sana","color":"#1a9641"}},{"type":"Feature","geometry":{"type":"Polygon","coordinates":[[[12.631199278655583,46.15358721327914],[12.631222440104423,46.15304766931352],[12.633555318764413,46.15309601400188],[12.633532180074077,46.153635558872644],[12.631199278655583,46.15358721327914]]]},"properties":{"nbr_class":"stress","color":"#ffffbf"}},{"type":"Feature","geometry":{"type":"Polygon","coordinates":[[[12.579853307821404,46.15305109922874],[12.579876970579818,46.15251157546173],[12.579099382429884,46.1524951008688],[12.57914672108623,46.15141605376995],[12.58070186772697,46.151448996437466],[12.58065455940844,46.15252804476982],[12.581432148915534,46.15254450879309],[12.581408501326722,46.15308403317669],[12.579853307821404,46.15305109922874]]]},"properties":{"nbr_class":"moderata","color":"#a6d96a"}},{"type":"Feature","geometry":{"type":"Polygon","coordinates":[[[12.642086203003016,46.15381241905209],[12.64213231282524,46.15273332262799],[12.64368756798156,46.1527654091082],[12.643641488504844,46.15384450673381],[12.642086203003016,46.15381241905209]]]},"properties":{"nbr_class":"stress","color":"#ffffbf"}},{"type":"Feature","geometry":{"type":"Polygon","coordinates":[[[12.648284365659032,46.15448019344221],[12.64830736086469,46.153940642919565],[12.646752067437419,46.15390861866764],[12.646798086222557,46.15282951864139],[12.647575717433279,46.1528455328106],[12.647552715956024,46.153385083153594],[12.649130981833778,46.15287754529207],[12.64906202094903,46.15449619793903],[12.648284365659032,46.15448019344221]]]},"properties":{"nbr_class":"stress","color":"#ffffbf"}},{"type":"Feature","geometry":{"type":"Polygon","coordinates":[[[12.583010961707767,46.152037895924764],[12.583034592775704,46.151498370803914],[12.583812169147777,46.15151481835674],[12.583788545664296,46.1520543437855],[12.583010961707767,46.152037895924764]]]},"properties":{"nbr_class":"moderata","color":"#a6d96a"}},{"type":"Feature","geometry":{"type":"Polygon","coordinates":[[[12.599293421205745,46.153461254131926],[12.599387309705346,46.15130312798616],[12.601720060635232,46.151352120929815],[12.601696612271162,46.15189165347412],[12.603251798090454,46.15192428962328],[12.6032049296918,46.15300335575279],[12.60009450006247,46.15293805986972],[12.600071034516398,46.153477591621424],[12.599293421205745,46.153461254131926]]]},"properties":{"nbr_class":"sana","color":"#1a9641"}},{"type":"Feature","geometry":{"type":"Polygon","coordinates":[[[12.577567893002476,46.15192261292654],[12.57761526064229,46.15084356694085],[12.578392824681341,46.150860051177524],[12.578345472209882,46.151939097780456],[12.577567893002476,46.15192261292654]]]},"properties":{"nbr_class":"moderata","color":"#a6d96a"}},{"type":"Feature","geometry":{"type":"Polygon","coordinates":[[[12.662327978211854,46.153688353759456],[12.662373692220909,46.15260924165751],[12.66392896643218,46.15264105268393],[12.663105630163306,46.15370426251126],[12.662327978211854,46.153688353759456]]]},"properties":{"nbr_class":"stress","color":"#ffffbf"}},{"type":"Feature","geometry":{"type":"Polygon","coordinates":[[[12.572148594831331,46.15126755017912],[12.572172331400518,46.150728029319076],[12.573727450640355,46.15076106649036],[12.573703729238995,46.15130058796893],[12.572148594831331,46.15126755017912]]]},"properties":{"nbr_class":"moderata","color":"#a6d96a"}},{"type":"Feature","geometry":{"type":"Polygon","coordinates":[[[12.593779564174104,46.15496533126322],[12.593873673123825,46.15280721441794],[12.594651274131703,46.15282358859717],[12.594674792102643,46.15228405892819],[12.593897198679771,46.152267685055506],[12.593920723563171,46.15172815563263],[12.592365553911423,46.15169539264585],[12.592412631998394,46.1506163348455],[12.593967771312428,46.15064909660552],[12.594698309401252,46.15174452919876],[12.597031070961727,46.15179361818798],[12.596984081201848,46.15287267942452],[12.595405364756095,46.15337948740637],[12.595358340623493,46.15445854705508],[12.593779564174104,46.15496533126322]]]},"properties":{"nbr_class":"stress","color":"#ffffbf"}},{"type":"Feature","geometry":{"type":"Polygon","coordinates":[[[12.597054564834169,46.151254087479074],[12.597078058034977,46.150714556709744],[12.5978556314007,46.1507309085241],[12.597832145784343,46.15127043959958],[12.597054564834169,46.151254087479074]]]},"properties":{"nbr_class":"stress","color":"#ffffbf"}},{"type":"Feature","geometry":{"type":"Polygon","coordinates":[[[12.613383905960196,46.15159637218543],[12.613407239882504,46.15105683500788],[12.614962415483042,46.151089311389136],[12.614939096730662,46.151628849174735],[12.613383905960196,46.15159637218543]]]},"properties":{"nbr_class":"sana","color":"#1a9641"}},{"type":"Feature","geometry":{"type":"Polygon","coordinates":[[[12.642932986409265,46.1522098199083],[12.642956032086792,46.151670271245635],[12.643733644823572,46.15168631124231],[12.643710606731892,46.15222586020529],[12.642932986409265,46.1522098199083]]]},"properties":{"nbr_class":"sana","color":"#1a9641"}},{"type":"Feature","geometry":{"type":"Polygon","coordinates":[[[12.632800837495239,46.15254035976199],[12.633624730866442,46.15147737902873],[12.635203061984171,46.15097003487032],[12.635156819575755,46.152049126238644],[12.634379206536453,46.15203302780197],[12.6343560767549,46.15257257309452],[12.632800837495239,46.15254035976199]]]},"properties":{"nbr_class":"sana","color":"#1a9641"}},{"type":"Feature","geometry":{"type":"Polygon","coordinates":[[[12.5978556314007,46.1507309085241],[12.597879116345663,46.15019137738823],[12.598656682800724,46.15020772361185],[12.598633205440022,46.150747255053766],[12.5978556314007,46.1507309085241]]]},"properties":{"nbr_class":"stress","color":"#ffffbf"}},{"type":"Feature","geometry":{"type":"Polygon","coordinates":[[[12.642956032086792,46.151670271245635],[12.642979077105473,46.1511307225229],[12.643756682256619,46.15114676221927],[12.643733644823572,46.15168631124231],[12.642956032086792,46.151670271245635]]]},"properties":{"nbr_class":"moderata","color":"#a6d96a"}},{"type":"Feature","geometry":{"type":"Polygon","coordinates":[[[12.644488227715334,46.15224189521679],[12.643756682256619,46.15114676221927],[12.646844102376452,46.15175041837494],[12.646821094628397,46.152289968538184],[12.644488227715334,46.15224189521679]]]},"properties":{"nbr_class":"stress","color":"#ffffbf"}},{"type":"Feature","geometry":{"type":"Polygon","coordinates":[[[12.651486846267298,46.152385972471016],[12.651509808499213,46.151846420510324],[12.65073218916426,46.15183043336815],[12.650755158325577,46.15129088164678],[12.65231038248235,46.15132285004708],[12.652264473846978,46.152401954626896],[12.651486846267298,46.152385972471016]]]},"properties":{"nbr_class":"moderata","color":"#a6d96a"}},{"type":"Feature","geometry":{"type":"Polygon","coordinates":[[[12.666239063918027,46.15322828714924],[12.667062333220459,46.15216505338063],[12.66550706894261,46.152133285235486],[12.665529893968502,46.15159372784394],[12.667862768607817,46.15164137124101],[12.667839966340916,46.15218092952459],[12.668617600115434,46.15219680038279],[12.667794359851325,46.153260045912106],[12.666239063918027,46.15322828714924]]]},"properties":{"nbr_class":"stress","color":"#ffffbf"}},{"type":"Feature","geometry":{"type":"Polygon","coordinates":[[[12.618096062454756,46.15061466167128],[12.618119349535482,46.15007512255027],[12.618896925842689,46.15009133106656],[12.618873646346625,46.15063087049103],[12.618096062454756,46.15061466167128]]]},"properties":{"nbr_class":"stress","color":"#ffffbf"}},{"type":"Feature","geometry":{"type":"Polygon","coordinates":[[[12.628204705068876,46.15082496410062],[12.628227893547159,46.15028542104231],[12.629005478517447,46.15030156085496],[12.628982297624134,46.15084110421545],[12.628204705068876,46.15082496410062]]]},"properties":{"nbr_class":"stress","color":"#ffffbf"}},{"type":"Feature","geometry":{"type":"Polygon","coordinates":[[[12.61965123090621,46.150647074025855],[12.619697774063681,46.14956799450995],[12.621252914846682,46.14960038451194],[12.621206402027665,46.150679465240685],[12.61965123090621,46.150647074025855]]]},"properties":{"nbr_class":"sana","color":"#1a9641"}},{"type":"Feature","geometry":{"type":"Polygon","coordinates":[[[12.642224524560564,46.15057512905882],[12.642247575846799,46.15003558051633],[12.64302516516639,46.1500516248972],[12.643002121465331,46.150591173740075],[12.642224524560564,46.15057512905882]]]},"properties":{"nbr_class":"moderata","color":"#a6d96a"}},{"type":"Feature","geometry":{"type":"Polygon","coordinates":[[[12.66029220257711,46.16498717047563],[12.66111576923831,46.16392398707126],[12.660337974407728,46.163908062083415],[12.660383743620828,46.16282895345141],[12.659605964628375,46.16281302377226],[12.659720414160908,46.16011525263433],[12.658942673775243,46.160099319159244],[12.659080037151195,46.156861993605155],[12.658302342955153,46.15684605663339],[12.657570462323347,46.155751006571144],[12.656015107568047,46.15571910738963],[12.656060948205601,46.154640000540255],[12.657639176772708,46.154132344415444],[12.657662080279476,46.1535927902436],[12.656884432922158,46.15357684449023],[12.656907343360823,46.15303729055699],[12.655329140179267,46.15354493712584],[12.655352065791263,46.15300538378998],[12.65457442799275,46.1529894224778],[12.655397915048985,46.1519262769383],[12.658531305427404,46.15145051223032],[12.658577090067169,46.150371402630206],[12.659354693220942,46.15038733602173],[12.65937757697369,46.14984778083342],[12.6609327700792,46.14987963116416],[12.66090990149742,46.15041918694882],[12.662442258333602,46.15099057305512],[12.662373692220909,46.15260924165751],[12.65926315166739,46.15254555617548],[12.659217376964758,46.15362466589263],[12.659995026292291,46.15364059578826],[12.660726929304438,46.154735631068114],[12.663860439959603,46.15425972253378],[12.663837596495917,46.15479927903057],[12.663059928714604,46.154783374969206],[12.663014224652558,46.155862487187456],[12.66379190760916,46.15587839184436],[12.663769062186043,46.15641794816138],[12.665301614341109,46.15698929906366],[12.665255950583022,46.15806841258869],[12.663700521997473,46.15803661675289],[12.663677673961462,46.15857617283022],[12.662145096033543,46.15800479976995],[12.662099368952516,46.15908391067325],[12.661321641776409,46.15906799365561],[12.661253023483464,46.16068665866696],[12.660475274195218,46.16067073546802],[12.660429510216595,46.16174984457961],[12.661985039809133,46.16178168688262],[12.661939303574968,46.16286079694681],[12.66271708453622,46.16287671076305],[12.662694223029062,46.163416266003196],[12.661916434477048,46.16340035188901],[12.661847823259654,46.16501901635597],[12.66029220257711,46.16498717047563]],[[12.659766189392723,46.1590361437595],[12.661321641776409,46.15906799365561],[12.661344513232784,46.15852843853194],[12.660566794301765,46.158512516525455],[12.660612550430061,46.157433406694516],[12.659834847332604,46.1574174799976],[12.659766189392723,46.1590361437595]],[[12.662945663659066,46.15748115506537],[12.663723369380223,46.15749706061565],[12.663746216109738,46.15695750441847],[12.662968517976985,46.15694159916599],[12.662945663659066,46.15748115506537]]]},"properties":{"nbr_class":"stress","color":"#ffffbf"}},{"type":"Feature","geometry":{"type":"Polygon","coordinates":[[[12.625001459591243,46.152918517583124],[12.62431675227362,46.150744184250755],[12.62276157581738,46.15071183531568],[12.622831298541335,46.14909321231412],[12.624386429489984,46.14912555943231],[12.62433997867639,46.15020464270483],[12.625117560319065,46.15022080894219],[12.625094341501146,46.15076035079079],[12.62587193139465,46.150776512045816],[12.625825506937787,46.15185559616755],[12.6266031126675,46.15187175274251],[12.62655670072743,46.15295083722843],[12.625001459591243,46.152918517583124]]]},"properties":{"nbr_class":"sana","color":"#1a9641"}},{"type":"Feature","geometry":{"type":"Polygon","coordinates":[[[12.66635315111607,46.15053049870422],[12.66637596659873,46.149990940835515],[12.667153568720881,46.15000682107588],[12.667130760823902,46.15054637924191],[12.66635315111607,46.15053049870422]]]},"properties":{"nbr_class":"sana","color":"#1a9641"}},{"type":"Feature","geometry":{"type":"Polygon","coordinates":[[[12.61267633409866,46.149961514962165],[12.612746350613417,46.14834290361835],[12.613523899488507,46.14835914821566],[12.613453905725942,46.14997776047188],[12.61267633409866,46.149961514962165]]]},"properties":{"nbr_class":"sana","color":"#1a9641"}},{"type":"Feature","geometry":{"type":"Polygon","coordinates":[[[12.650640305951947,46.15398863965346],[12.650686248871562,46.152909536630844],[12.649130981833778,46.15287754529207],[12.649176952471096,46.15179844322729],[12.648399335113318,46.15178244022863],[12.648422327032087,46.15124288940582],[12.646844102376452,46.15175041837494],[12.646158541754211,46.149576199466104],[12.649222920479955,46.15071934092239],[12.64924590349877,46.1501797896799],[12.651578691256258,46.15022776426822],[12.651624609812268,46.14914865980676],[12.652402191878565,46.149164640167385],[12.653087995548422,46.1513388263191],[12.653865609272657,46.151354797305686],[12.653888547434578,46.15081524432764],[12.655443761685172,46.1508471698467],[12.65542083869476,46.1513867234225],[12.653842670454944,46.151894350223735],[12.653796790852041,46.15297345587988],[12.65457442799275,46.1529894224778],[12.654551494794125,46.15352897551483],[12.652218562586516,46.1534810589667],[12.652195605971817,46.15402061104658],[12.650640305951947,46.15398863965346]],[[12.651486846267298,46.152385972471016],[12.652264473846978,46.152401954626896],[12.65231038248235,46.15132285004708],[12.650755158325577,46.15129088164678],[12.651486846267298,46.152385972471016]]]},"properties":{"nbr_class":"stress","color":"#ffffbf"}},{"type":"Feature","geometry":{"type":"Polygon","coordinates":[[[12.587794396668244,46.1494388683776],[12.587817978858073,46.1488993411082],[12.587040437020022,46.14888292151603],[12.587087614543638,46.14780386741052],[12.588642668563367,46.147836700081214],[12.588571946766159,46.14945528299283],[12.587794396668244,46.1494388683776]]]},"properties":{"nbr_class":"sana","color":"#1a9641"}},{"type":"Feature","geometry":{"type":"Polygon","coordinates":[[[12.63133823741667,46.150349948583],[12.631361394892892,46.1498104042564],[12.628251081362531,46.14974587792382],[12.628297455004642,46.14866679150627],[12.629852580102801,46.14869906403389],[12.629829408781841,46.149238607876974],[12.630606979912272,46.14925473651571],[12.630630143648865,46.14871519237066],[12.632185272733878,46.148747433190074],[12.632162124166088,46.14928697793876],[12.63293969728904,46.149303090723045],[12.632893413337616,46.1503821806433],[12.63133823741667,46.150349948583]]]},"properties":{"nbr_class":"sana","color":"#1a9641"}},{"type":"Feature","geometry":{"type":"Polygon","coordinates":[[[12.653133886387714,46.15025972090103],[12.653156830823404,46.149720168102],[12.654734942026325,46.14921254953901],[12.654689084151647,46.15029165639289],[12.653133886387714,46.15025972090103]]]},"properties":{"nbr_class":"sana","color":"#1a9641"}},{"type":"Feature","geometry":{"type":"Polygon","coordinates":[[[12.636049996416066,46.1493674890117],[12.636073107061433,46.148827942755666],[12.636850675916357,46.14884402881447],[12.636827572855543,46.14938357537168],[12.636049996416066,46.1493674890117]]]},"properties":{"nbr_class":"stress","color":"#ffffbf"}},{"type":"Feature","geometry":{"type":"Polygon","coordinates":[[[12.63916030614903,46.14943180274219],[12.639183386456038,46.14889225528206],[12.639960957960179,46.14890832020159],[12.63993788523782,46.1494478679625],[12.63916030614903,46.14943180274219]]]},"properties":{"nbr_class":"moderata","color":"#a6d96a"}},{"type":"Feature","geometry":{"type":"Polygon","coordinates":[[[12.643825790604224,46.14952811478971],[12.643848825402989,46.148988565526395],[12.644626400874449,46.14900459873669],[12.644603373660475,46.14954414830019],[12.643825790604224,46.14952811478971]]]},"properties":{"nbr_class":"stress","color":"#ffffbf"}},{"type":"Feature","geometry":{"type":"Polygon","coordinates":[[[12.664820764317865,46.14995916449879],[12.664843594319125,46.14941960716512],[12.666398781429129,46.14945138290692],[12.66637596659873,46.149990940835515],[12.664820764317865,46.14995916449879]]]},"properties":{"nbr_class":"stress","color":"#ffffbf"}},{"type":"Feature","geometry":{"type":"Polygon","coordinates":[[[12.66637596659873,46.149990940835515],[12.666398781429129,46.14945138290692],[12.667176375965814,46.149467262849946],[12.667153568720881,46.15000682107588],[12.66637596659873,46.149990940835515]]]},"properties":{"nbr_class":"moderata","color":"#a6d96a"}},{"type":"Feature","geometry":{"type":"Polygon","coordinates":[[[12.589278792429475,46.1510902756126],[12.589420196587465,46.14785310849048],[12.591752784714098,46.14790230201373],[12.591729241788173,46.148441830939625],[12.593284319082136,46.14847460081475],[12.593331373928551,46.14739554167551],[12.595663949430998,46.14744465501737],[12.595616940083582,46.148523715995644],[12.594061858741433,46.148490977825965],[12.594014816371784,46.149570037336645],[12.592459707393736,46.149537276803315],[12.592436170032508,46.15007680585464],[12.591658608972129,46.15006041735452],[12.59083394150927,46.151123080263645],[12.589278792429475,46.1510902756126]]]},"properties":{"nbr_class":"sana","color":"#1a9641"}},{"type":"Feature","geometry":{"type":"Polygon","coordinates":[[[12.61816592169979,46.14899604412749],[12.6182124912014,46.14791696546366],[12.618990037172123,46.14793317276616],[12.618943482838324,46.149012252036876],[12.61816592169979,46.14899604412749]]]},"properties":{"nbr_class":"sana","color":"#1a9641"}},{"type":"Feature","geometry":{"type":"Polygon","coordinates":[[[12.653179774603153,46.14918061524297],[12.653202717726986,46.14864106232393],[12.653980293524791,46.148657031815475],[12.653957357985812,46.149196585033515],[12.653179774603153,46.14918061524297]]]},"properties":{"nbr_class":"stress","color":"#ffffbf"}},{"type":"Feature","geometry":{"type":"Polygon","coordinates":[[[12.657845284762603,46.14927635471018],[12.657868182376966,46.14873679999866],[12.659423342516583,46.14876867027692],[12.659400460072229,46.14930822558515],[12.657845284762603,46.14927635471018]]]},"properties":{"nbr_class":"stress","color":"#ffffbf"}},{"type":"Feature","geometry":{"type":"Polygon","coordinates":[[[12.663288409828386,46.14938781028247],[12.66331125434731,46.14884825348421],[12.664088838680005,46.14886415427042],[12.664066001746239,46.1494037113664],[12.663288409828386,46.14938781028247]]]},"properties":{"nbr_class":"stress","color":"#ffffbf"}},{"type":"Feature","geometry":{"type":"Polygon","coordinates":[[[12.667908371185945,46.15056225449415],[12.66793117149722,46.15002269603089],[12.667153568720881,46.15000682107588],[12.66642159560729,46.14891182491841],[12.66875435842381,46.1489594480001],[12.668731567001466,46.14949900688026],[12.669509163499995,46.149514870967515],[12.669486379011596,46.150054430084815],[12.667908371185945,46.15056225449415]]]},"properties":{"nbr_class":"stress","color":"#ffffbf"}},{"type":"Feature","geometry":{"type":"Polygon","coordinates":[[[12.636573395589549,46.1553185835329],[12.635934433278262,46.15206521938996],[12.637489662672026,46.152097389836435],[12.637512761449829,46.151557843278724],[12.636735154007221,46.15154176099929],[12.636758259710108,46.15100221468258],[12.63522618219689,46.15043048909596],[12.63527242063946,46.14935139736684],[12.636049996416066,46.1493674890117],[12.636026885109997,46.149907035207605],[12.63758205382117,46.14993920324493],[12.637674434405673,46.14778101569157],[12.64000710142614,46.14782922449947],[12.640738530126084,46.148924379836295],[12.643071250592204,46.14897252703119],[12.64302516516639,46.1500516248972],[12.645357937089942,46.15009972632919],[12.64533491614455,46.15063927607269],[12.643779719031064,46.150607213136155],[12.642956032086792,46.151670271245635],[12.64140080859649,46.15163817539613],[12.640669332734795,46.15054302384079],[12.639114143555489,46.15051089748215],[12.639091061268907,46.15105044476197],[12.63986866311294,46.15106651088466],[12.63979943505087,46.15268515326593],[12.641331624071105,46.15325681940109],[12.641285497757478,46.15433591510396],[12.640507849073336,46.15431985774805],[12.64048477734058,46.154859405208704],[12.639707121731382,46.15484334226622],[12.639730201050973,46.15430379510628],[12.638174906992456,46.154271653965296],[12.638128717345788,46.155350747021494],[12.636573395589549,46.1553185835329]],[[12.642224524560564,46.15057512905882],[12.643002121465331,46.150591173740075],[12.64302516516639,46.1500516248972],[12.642247575846799,46.15003558051633],[12.642224524560564,46.15057512905882]],[[12.63916030614903,46.14943180274219],[12.63993788523782,46.1494478679625],[12.639960957960179,46.14890832020159],[12.639183386456038,46.14889225528206],[12.63916030614903,46.14943180274219]]]},"properties":{"nbr_class":"sana","color":"#1a9641"}},{"type":"Feature","geometry":{"type":"Polygon","coordinates":[[[12.63451797134035,46.148795754783706],[12.634564220985864,46.147716663296514],[12.636096217046125,46.14828839643951],[12.636073107061433,46.148827942755666],[12.63451797134035,46.148795754783706]]]},"properties":{"nbr_class":"stress","color":"#ffffbf"}},{"type":"Feature","geometry":{"type":"Polygon","coordinates":[[[12.668731567001466,46.14949900688026],[12.668777149194588,46.148419889060065],[12.669554730522698,46.148435752553276],[12.669509163499995,46.149514870967515],[12.668731567001466,46.14949900688026]]]},"properties":{"nbr_class":"moderata","color":"#a6d96a"}},{"type":"Feature","geometry":{"type":"Polygon","coordinates":[[[12.626765533561473,46.148094955145524],[12.626788733893145,46.14755541239089],[12.627566279611674,46.14757156126167],[12.627543086863843,46.148111104318644],[12.626765533561473,46.148094955145524]]]},"properties":{"nbr_class":"sana","color":"#1a9641"}},{"type":"Feature","geometry":{"type":"Polygon","coordinates":[[[12.643871859543239,46.14844901620299],[12.643894893025001,46.147909466819534],[12.644672453327534,46.14792549942947],[12.644649427430128,46.148465049113106],[12.643871859543239,46.14844901620299]]]},"properties":{"nbr_class":"stress","color":"#ffffbf"}},{"type":"Feature","geometry":{"type":"Polygon","coordinates":[[[12.664866423667712,46.148880049771535],[12.664889252363652,46.14834049231805],[12.665666830421165,46.14835638223653],[12.665644009310213,46.148895939987526],[12.664866423667712,46.148880049771535]]]},"properties":{"nbr_class":"stress","color":"#ffffbf"}},{"type":"Feature","geometry":{"type":"Polygon","coordinates":[[[12.667976770164307,46.148943578924694],[12.667999568520163,46.148404020281774],[12.668777149194588,46.148419889060065],[12.66875435842381,46.1489594480001],[12.667976770164307,46.148943578924694]]]},"properties":{"nbr_class":"sana","color":"#1a9641"}},{"type":"Feature","geometry":{"type":"Polygon","coordinates":[[[12.641539159847365,46.148400885763856],[12.641585271657632,46.14732178873909],[12.643117333383099,46.14789342892488],[12.643094292317006,46.148432978008074],[12.641539159847365,46.148400885763856]]]},"properties":{"nbr_class":"stress","color":"#ffffbf"}},{"type":"Feature","geometry":{"type":"Polygon","coordinates":[[[12.564587250834242,46.14624638212342],[12.56461105711552,46.14570686381583],[12.565388541334345,46.145723435094844],[12.56536474263478,46.14626295371268],[12.564587250834242,46.14624638212342]]]},"properties":{"nbr_class":"moderata","color":"#a6d96a"}},{"type":"Feature","geometry":{"type":"Polygon","coordinates":[[[12.570029707763833,46.14636227229406],[12.570053460972611,46.14582275181686],[12.571608439637428,46.145855815123134],[12.571584701592437,46.14639533621934],[12.570029707763833,46.14636227229406]]]},"properties":{"nbr_class":"stress","color":"#ffffbf"}},{"type":"Feature","geometry":{"type":"Polygon","coordinates":[[[12.582469734546056,46.14662619192705],[12.582493366441831,46.14608666650889],[12.584048366843161,46.146119560740274],[12.584024750111945,46.146659086774264],[12.582469734546056,46.14662619192705]]]},"properties":{"nbr_class":"stress","color":"#ffffbf"}},{"type":"Feature","geometry":{"type":"Polygon","coordinates":[[[12.65244809263978,46.14808553486749],[12.652471042036247,46.147545982127546],[12.653248602006991,46.14756195630587],[12.653225660194924,46.14810150934489],[12.65244809263978,46.14808553486749]]]},"properties":{"nbr_class":"stress","color":"#ffffbf"}},{"type":"Feature","geometry":{"type":"Polygon","coordinates":[[[12.630676469135508,46.14763610390005],[12.630722791973575,46.14655701518876],[12.631500325848608,46.146573137033435],[12.631454018177807,46.147652226348384],[12.630676469135508,46.14763610390005]]]},"properties":{"nbr_class":"moderata","color":"#a6d96a"}},{"type":"Feature","geometry":{"type":"Polygon","coordinates":[[[12.574718405134739,46.1459218783335],[12.574742112174174,46.14538235593988],[12.577074570691542,46.145431846943815],[12.57705088639761,46.14597137026399],[12.574718405134739,46.1459218783335]]]},"properties":{"nbr_class":"sana","color":"#1a9641"}},{"type":"Feature","geometry":{"type":"Polygon","coordinates":[[[12.58871338429575,46.14621811662522],[12.588736954858918,46.1456785886856],[12.589514452552747,46.145694995866116],[12.589490889571822,46.146234524112934],[12.58871338429575,46.14621811662522]]]},"properties":{"nbr_class":"stress","color":"#ffffbf"}},{"type":"Feature","geometry":{"type":"Polygon","coordinates":[[[12.626034396092065,46.146999715723275],[12.626057602680694,46.14646017315067],[12.626835132566837,46.14647632670103],[12.62681193356159,46.14701586957606],[12.626034396092065,46.146999715723275]]]},"properties":{"nbr_class":"sana","color":"#1a9641"}},{"type":"Feature","geometry":{"type":"Polygon","coordinates":[[[12.573774891408734,46.149682023351424],[12.5737986107758,46.14914250169105],[12.572267270891954,46.148569945272726],[12.572314736566828,46.14749090288588],[12.570759711047419,46.147457848290166],[12.570735963384065,46.147997368895055],[12.568403407466029,46.147947746444075],[12.567720998085067,46.14577311723136],[12.570053460972611,46.14582275181686],[12.570029707763833,46.14636227229406],[12.571584701592437,46.14639533621934],[12.571632177003865,46.1453162939663],[12.574742112174174,46.14538235593988],[12.574718405134739,46.1459218783335],[12.57705088639761,46.14597137026399],[12.577074570691542,46.145431846943815],[12.579407035322085,46.14548129039631],[12.579430696193928,46.144941766089914],[12.580208178179843,46.14495823636536],[12.580137216281049,46.146576810027966],[12.58091472169125,46.14659327594475],[12.58089107395503,46.14713280068612],[12.579336048648251,46.14709986295218],[12.57931238507079,46.14763938701636],[12.578534865852708,46.14762290991517],[12.578440174445506,46.14978100433233],[12.57690876641532,46.149208508912984],[12.576979829453473,46.14758993986108],[12.574647279950197,46.1475404451508],[12.574670989022774,46.147000922938965],[12.57389348146381,46.14698441444355],[12.573846047475808,46.14806345818851],[12.574623570199861,46.14807996730206],[12.574552436882039,46.14969853339223],[12.573774891408734,46.149682023351424]]]},"properties":{"nbr_class":"moderata","color":"#a6d96a"}},{"type":"Feature","geometry":{"type":"Polygon","coordinates":[[[12.597996531000412,46.147493720802565],[12.598066971738065,46.145875126126185],[12.599645447727616,46.145368276101955],[12.599551588747666,46.147526404905484],[12.597996531000412,46.147493720802565]]]},"properties":{"nbr_class":"stress","color":"#ffffbf"}},{"type":"Feature","geometry":{"type":"Polygon","coordinates":[[[12.608349901285935,46.177952260447505],[12.60837330590096,46.177412727748205],[12.60759535054382,46.177396440270364],[12.606864233460875,46.17630108314312],[12.605308356486239,46.176268482959685],[12.605331789472334,46.17572895129967],[12.603799377881225,46.17515679945944],[12.603068365123049,46.17406141967623],[12.60151255562911,46.1740287690435],[12.601489086683383,46.17456829935708],[12.600711175352387,46.17455196580138],[12.600734651892017,46.17401243579361],[12.599178846438669,46.173979753426785],[12.599225827878122,46.1729006944538],[12.598447941349317,46.172884345949086],[12.598518431249552,46.17126575795478],[12.59774056817372,46.17124940507981],[12.597764071055876,46.1707098759337],[12.596208362112243,46.170677154931],[12.597033235179303,46.169614460215556],[12.59547755795335,46.16958172986173],[12.595524604563693,46.168502672984616],[12.594746782146222,46.16848630048858],[12.594817369790544,46.166867715639164],[12.595595169434674,46.166884087215635],[12.59561868971322,46.16634455850512],[12.594840897659772,46.166328187235145],[12.594864424856267,46.16578865877069],[12.5940866410682,46.1657722825198],[12.594063106281267,46.166311810677655],[12.592507525549959,46.166279041700115],[12.592554624812085,46.165199986550945],[12.591776850640239,46.16518359474471],[12.591729736197593,46.16626264928011],[12.590951947521038,46.1662462515726],[12.591022640945049,46.164627670599806],[12.590244875714836,46.1646112685261],[12.590268446431658,46.164071741721315],[12.589490689467265,46.16405533466763],[12.589514267099581,46.163515808109516],[12.587982362515454,46.16294345275168],[12.588029544764947,46.161864400562294],[12.586474096284876,46.161831551905735],[12.585743598142134,46.16073606906143],[12.584965890771684,46.1607196321321],[12.584989509887869,46.16018010705599],[12.584211810782913,46.16016366514811],[12.584235436811557,46.15962414031933],[12.583457745972046,46.15960769343308],[12.58348137891272,46.15906816885168],[12.582703696338607,46.15905171698729],[12.582727336190878,46.15851219265337],[12.581195642602086,46.15793974990459],[12.581242949274174,46.15686070216665],[12.58046529908251,46.15684423567729],[12.580488958990538,46.156304712025786],[12.57971131706384,46.15628824055919],[12.57973498388154,46.155748717155504],[12.578957350219763,46.15573224071188],[12.578981023946703,46.155192717556105],[12.577449462053467,46.15462022683075],[12.576766622054375,46.152445645381206],[12.575187743601463,46.15295217054716],[12.575211451868116,46.152412648632236],[12.573680007159489,46.1518401093869],[12.573727450640355,46.15076106649036],[12.571394772801666,46.1507115028068],[12.570664716320708,46.14961593034598],[12.569109632862853,46.14958285213809],[12.569133397729212,46.14904333233434],[12.568355864605712,46.14902678561393],[12.567625890189891,46.147931195059364],[12.566848373595718,46.1479146383908],[12.566872159171483,46.14737511933474],[12.565340943254908,46.14680247226986],[12.565388541334345,46.145723435094844],[12.567720998085067,46.14577311723136],[12.568403407466029,46.147947746444075],[12.570735963384065,46.147997368895055],[12.570759711047419,46.147457848290166],[12.572314736566828,46.14749090288588],[12.572267270891954,46.148569945272726],[12.573044799838149,46.14858646526342],[12.573774891408734,46.149682023351424],[12.574552436882039,46.14969853339223],[12.574623570199861,46.14807996730206],[12.573846047475808,46.14806345818851],[12.57389348146381,46.14698441444355],[12.574670989022774,46.147000922938965],[12.574647279950197,46.1475404451508],[12.576979829453473,46.14758993986108],[12.57690876641532,46.149208508912984],[12.578440174445506,46.14978100433233],[12.578534865852708,46.14762290991517],[12.57931238507079,46.14763938701636],[12.579336048648251,46.14709986295218],[12.58089107395503,46.14713280068612],[12.58091472169125,46.14659327594475],[12.580137216281049,46.146576810027966],[12.580208178179843,46.14495823636536],[12.580985660844108,46.14497470135736],[12.58093836875149,46.14605375114283],[12.581715867257678,46.146070211467695],[12.581644946796297,46.14768878661635],[12.582422468727827,46.14770524258177],[12.582375200207204,46.14878429299434],[12.583152737982603,46.148800744291776],[12.58312911029218,46.14934026971527],[12.582351564933433,46.14932381810983],[12.582304292358854,46.15040286815919],[12.583081852884947,46.15041932038064],[12.583812169147777,46.15151481835674],[12.585390931563973,46.15100817150346],[12.586121301598483,46.152103655659005],[12.587700061167121,46.15159697685031],[12.58762930246171,46.15321555756965],[12.589184509515205,46.15324838581772],[12.589160937101969,46.15378791321778],[12.59073971927313,46.153281192925505],[12.590716162030505,46.1538207209398],[12.592247846916862,46.15439303608872],[12.592153669206022,46.15655114975471],[12.590598365714664,46.15651836010415],[12.59062192632494,46.15597883239223],[12.589844283179279,46.15596242994551],[12.58901948846948,46.15702507634803],[12.588241831503131,46.157008662715604],[12.58826541554679,46.156469135985745],[12.586686519600129,46.15697581959353],[12.58741698992937,46.1580712964609],[12.588972333533102,46.158104130240915],[12.588925175900293,46.15918318389184],[12.588147488585507,46.15916676903018],[12.588053134877942,46.16132487437685],[12.59038628990719,46.16137410679017],[12.590480552558763,46.1592159977567],[12.59125824190201,46.15923239675986],[12.591328909054655,46.15761381342871],[12.592106576311679,46.15763020622496],[12.592931321964883,46.15656753665144],[12.594486629507882,46.15660029458771],[12.594463106157445,46.157139823773164],[12.59524076852791,46.157156195119214],[12.59528779938296,46.15607713607487],[12.596843095800535,46.15610986168396],[12.59679609529224,46.157188921953704],[12.597573759685666,46.15720527744216],[12.598304451905776,46.15830068889743],[12.601415179607477,46.15836603929549],[12.601438636017429,46.15782650747585],[12.602216312038111,46.157842831554404],[12.602310100624479,46.15568470244951],[12.603087746970205,46.15570102001997],[12.603134622068955,46.154621954494225],[12.604689886431967,46.154654572556694],[12.604736728507156,46.15357550556811],[12.605514346524728,46.15359180606073],[12.605537758972408,46.15305227217072],[12.604760148540391,46.15303597198328],[12.604877238663923,46.150338303153625],[12.603322095664044,46.1503056899762],[12.604146513359604,46.14924293186334],[12.606479185376932,46.14929182601743],[12.606432384350292,46.1503708951922],[12.607987532721419,46.150403466091824],[12.607964146373691,46.15094300119848],[12.607186564268098,46.15092671808618],[12.607069584574303,46.15362439119002],[12.606291965213849,46.15360810126804],[12.606268559682619,46.154147635402786],[12.60704618662889,46.15416392562975],[12.607022788014538,46.15470346000914],[12.610910970739178,46.15478483338563],[12.610226801924753,46.15261042652609],[12.607893983318933,46.15256160615641],[12.607917371672473,46.15202207123077],[12.609472568235404,46.15205462281962],[12.609519312597,46.150975551568486],[12.608741729150065,46.15095927902591],[12.608765107913221,46.150419743614506],[12.609542683775562,46.15043601585243],[12.609589424128337,46.149356944239315],[12.60803430341122,46.149324395697505],[12.608057687753345,46.14878486040983],[12.606502584886826,46.14875229133953],[12.606525983727801,46.148212756601275],[12.609636161808801,46.14827787238492],[12.609612793302597,46.148817408342275],[12.61114454752655,46.149389471642806],[12.611121192852606,46.149929008088506],[12.610343623234263,46.149912746724624],[12.61029689671428,46.15099181882617],[12.611852066959004,46.15102433748685],[12.611828717866866,46.151563874055974],[12.61260631157878,46.151580125763225],[12.612582969404238,46.152119662576304],[12.613360571370798,46.15213590930269],[12.614091517997489,46.15323122540571],[12.61486913647348,46.15324746216977],[12.614845815054327,46.153786999714214],[12.615623441785104,46.1538032314968],[12.616354454690821,46.15489853411736],[12.617933034247484,46.154391433830895],[12.618664100930408,46.15548672259959],[12.6201961362824,46.15605866927312],[12.620126319354226,46.15767728719752],[12.621681689052755,46.157709675724554],[12.622412872484464,46.158804942192646],[12.623968276537086,46.15883730021375],[12.623945039507253,46.15937684079619],[12.624722750121814,46.15939301217979],[12.624745979563334,46.15885347129457],[12.626324601215723,46.15834625604605],[12.626371026426872,46.15726717276413],[12.625593344831955,46.157251013163986],[12.625639782563283,46.15617193024636],[12.624862116809137,46.15615576596529],[12.624885342266102,46.155616224718784],[12.625663000433212,46.15563238869723],[12.625686217639343,46.15509284708789],[12.62721831876514,46.15566470079635],[12.627125504001615,46.15782286905156],[12.62868088569527,46.15785516242528],[12.628588121022949,46.16001333213592],[12.627810399490123,46.15999718688315],[12.627787199075446,46.16053672885807],[12.628564928197136,46.160552874413106],[12.628541734708186,46.16109241663012],[12.627763997997414,46.16107627077278],[12.627694390782946,46.16269489615579],[12.628472150262256,46.16271104292003],[12.628425757315506,46.16379012681237],[12.625291434843106,46.16426504625831],[12.625314662672766,46.16372550561231],[12.624536890677362,46.16370933709376],[12.62460659295111,46.16209071570265],[12.623828844391738,46.162074542805136],[12.623805603375203,46.16261408302625],[12.622273349273293,46.16204218114887],[12.622296604804038,46.161502641473426],[12.62307434444046,46.16151882464209],[12.623120838329173,46.16043974450451],[12.6223431138708,46.160423561941805],[12.62161191166389,46.15932829492595],[12.618501083881597,46.159263493087295],[12.618524374028958,46.158723954626964],[12.617746676341204,46.15870774125458],[12.617700080204111,46.15978681750783],[12.618477793068328,46.15980303148734],[12.61845450158913,46.16034256982714],[12.62000994449889,46.1603749825332],[12.619963389898274,46.161454060245724],[12.62074112753273,46.161470259275234],[12.620717856823358,46.16200979834439],[12.619162367043673,46.161977394391776],[12.619139080489962,46.16251693279401],[12.619916832635386,46.16253313771723],[12.61989355300553,46.16307267636261],[12.620671313408465,46.16308887630201],[12.621402543582546,46.164184149277226],[12.62451365525742,46.164248877437046],[12.624397468191418,46.16694657825016],[12.623619651317746,46.16693040262722],[12.623596404319565,46.167469942306326],[12.6220174945437,46.16797711360342],[12.621970966855253,46.16905619144845],[12.62041527704379,46.16902380076122],[12.620298870252636,46.171721491287286],[12.619520988384894,46.171705286494266],[12.618696509434507,46.17276815098729],[12.61636282428673,46.17271948718693],[12.615538269408656,46.17378232724593],[12.61398245361917,46.173749846473484],[12.614005799723914,46.17321031115989],[12.612473362425783,46.17263827507415],[12.61252008167054,46.17155920536247],[12.611742206494634,46.17154294768198],[12.61176557270799,46.171003413040054],[12.610987705795377,46.17098715037536],[12.61101107893327,46.170447615977594],[12.609478749959733,46.16987554154291],[12.609431973982085,46.170954609180264],[12.610209839553336,46.17097088242208],[12.610163076086403,46.17204995042748],[12.61094095751444,46.17206621898991],[12.61011630994491,46.173129018191545],[12.610894206559811,46.17314528736317],[12.610870830079802,46.173684821459325],[12.611648734959148,46.1737010856465],[12.611672103845377,46.17316155124584],[12.613204546729051,46.17373359815358],[12.613157837328298,46.17481266799142],[12.61469034164194,46.17538469599561],[12.614596972914184,46.177542837139924],[12.60915126192961,46.177429009936326],[12.609127864910027,46.17796854294047],[12.608349901285935,46.177952260447505]],[[12.609999382888736,46.17582668654598],[12.610777317474586,46.175842957240704],[12.610800696628715,46.17530342338585],[12.610022769637487,46.175287152995764],[12.609999382888736,46.17582668654598]],[[12.607759217271497,46.1736197118201],[12.608537119466776,46.173635997163466],[12.608560518727982,46.17309646398143],[12.607782624126388,46.17308017894297],[12.607759217271497,46.1736197118201]],[[12.615631589073608,46.17162418319739],[12.617187346791768,46.17165664038244],[12.617257283978743,46.17003802989001],[12.615701571817693,46.17000557452796],[12.615631589073608,46.17162418319739]],[[12.596302427655985,46.16851904019271],[12.597080251422883,46.16853540211287],[12.597103758536393,46.1679958729709],[12.596325942360872,46.16797951135707],[12.596302427655985,46.16851904019271]],[[12.59418077348692,46.16361416928385],[12.595736281018684,46.16364691404589],[12.595759797262488,46.16310738497273],[12.594204304909463,46.16307464082376],[12.59418077348692,46.16361416928385]],[[12.614542575922249,46.1608009823056],[12.615320301288957,46.16081721803935],[12.615366945622341,46.15973814384978],[12.613811525912405,46.15970566831161],[12.614542575922249,46.1608009823056]],[[12.625430791859333,46.16102780147918],[12.626986261952204,46.16106011962851],[12.62703267862281,46.15998103634365],[12.626254958421224,46.159964880517414],[12.62627817334979,46.159425339087164],[12.624722750121814,46.15939301217979],[12.624676289246223,46.16047209376957],[12.625454015704465,46.16048826047192],[12.625430791859333,46.16102780147918]],[[12.613057160992613,46.15914988633968],[12.613834862255358,46.1591661317344],[12.613858197931105,46.15862659509691],[12.613080504256342,46.158610350006334],[12.613057160992613,46.15914988633968]],[[12.62627817334979,46.159425339087164],[12.627833599241464,46.15945764484805],[12.627856798329498,46.15891810275276],[12.626301387614616,46.15888579759671],[12.62627817334979,46.159425339087164]],[[12.612302811251169,46.15859409962943],[12.613080504256342,46.158610350006334],[12.613173870637512,46.156452204069915],[12.612396207982005,46.15643595490996],[12.61244290234221,46.15535688218839],[12.608554674981688,46.15527556014516],[12.608531290202395,46.15581509501356],[12.610063224034638,46.1563871757146],[12.610039853092134,46.156926711071655],[12.610817521324869,46.156942976393864],[12.61079415730141,46.15748251199512],[12.611571833791578,46.157498772335764],[12.612302811251169,46.15859409962943]],[[12.581996954732931,46.157416687577786],[12.58277461386786,46.157433143803935],[12.58279825169262,46.156893619288404],[12.584353556823109,46.15692651526752],[12.584377178799253,46.156386990075596],[12.582044244879627,46.15633763910238],[12.581996954732931,46.157416687577786]],[[12.616214595215906,46.15813576104099],[12.617769973410589,46.15816820303755],[12.617816565551156,46.15708912642268],[12.615483544787285,46.15704045732086],[12.616214595215906,46.15813576104099]],[[12.582115175029864,46.15471906593523],[12.58289279623399,46.154735520620996],[12.582963697545148,46.15311694598485],[12.581408501326722,46.15308403317669],[12.58138485306186,46.153623557499735],[12.582162458417095,46.15364001685444],[12.582115175029864,46.15471906593523]],[[12.579853307821404,46.15305109922874],[12.581408501326722,46.15308403317669],[12.581432148915534,46.15254450879309],[12.58065455940844,46.15252804476982],[12.58070186772697,46.151448996437466],[12.57914672108623,46.15141605376995],[12.579099382429884,46.1524951008688],[12.579876970579818,46.15251157546173],[12.579853307821404,46.15305109922874]],[[12.61098105078707,46.1531662254961],[12.611758666585208,46.15318248340147],[12.61178201767999,46.152642947013284],[12.611004409467382,46.152626689412294],[12.61098105078707,46.1531662254961]],[[12.577567893002476,46.15192261292654],[12.578345472209882,46.151939097780456],[12.578392824681341,46.150860051177524],[12.57761526064229,46.15084356694085],[12.577567893002476,46.15192261292654]],[[12.583010961707767,46.152037895924764],[12.583788545664296,46.1520543437855],[12.583812169147777,46.15151481835674],[12.583034592775704,46.151498370803914],[12.583010961707767,46.152037895924764]]]},"properties":{"nbr_class":"sana","color":"#1a9641"}},{"type":"Feature","geometry":{"type":"Polygon","coordinates":[[[12.638475075328705,46.14725754323925],[12.63849816058037,46.146717995839545],[12.640053242253908,46.14675012855696],[12.640076311678527,46.14621058049556],[12.640853845924317,46.146226638626956],[12.640807721582972,46.14730573529095],[12.638475075328705,46.14725754323925]]]},"properties":{"nbr_class":"stress","color":"#ffffbf"}},{"type":"Feature","geometry":{"type":"Polygon","coordinates":[[[12.653248602006991,46.14756195630587],[12.653294483663611,46.14648285004782],[12.654072029124167,46.146498818343446],[12.654049096207757,46.14703837180144],[12.655604204269915,46.147070293136665],[12.655581285866377,46.14760984713232],[12.653248602006991,46.14756195630587]]]},"properties":{"nbr_class":"stress","color":"#ffffbf"}},{"type":"Feature","geometry":{"type":"Polygon","coordinates":[[[12.578629546433023,46.14546481452899],[12.57865321488658,46.14492529053104],[12.579430696193928,46.144941766089914],[12.579407035322085,46.14548129039631],[12.578629546433023,46.14546481452899]]]},"properties":{"nbr_class":"stress","color":"#ffffbf"}},{"type":"Feature","geometry":{"type":"Polygon","coordinates":[[[12.582516997662077,46.145547141030214],[12.582540628206822,46.145007615491],[12.583318112904838,46.145024064632594],[12.583294489941927,46.145563590479775],[12.582516997662077,46.145547141030214]]]},"properties":{"nbr_class":"stress","color":"#ffffbf"}},{"type":"Feature","geometry":{"type":"Polygon","coordinates":[[[12.587181961499438,46.145645758473535],[12.587205546552815,46.14510623108805],[12.587983035312472,46.145122648528535],[12.587959457841075,46.14566217622139],[12.587181961499438,46.145645758473535]]]},"properties":{"nbr_class":"degradata","color":"#fdae61"}},{"type":"Feature","geometry":{"type":"Polygon","coordinates":[[[12.608952113960175,46.14610345815127],[12.608975486709111,46.14556392219687],[12.609752994319848,46.14558019169317],[12.609729629153557,46.14611972795216],[12.608952113960175,46.14610345815127]]]},"properties":{"nbr_class":"stress","color":"#ffffbf"}},{"type":"Feature","geometry":{"type":"Polygon","coordinates":[[[12.659491985924758,46.147150003992536],[12.659514865752598,46.1466104484445],[12.660292416468991,46.146626374463324],[12.660269544225326,46.147165930309534],[12.659491985924758,46.147150003992536]]]},"properties":{"nbr_class":"degradata","color":"#fdae61"}},{"type":"Feature","geometry":{"type":"Polygon","coordinates":[[[12.633809800703439,46.14716101645395],[12.633879190980968,46.14554237949604],[12.634656712344333,46.145558479600474],[12.634587344817014,46.1471771174627],[12.633809800703439,46.14716101645395]]]},"properties":{"nbr_class":"sana","color":"#1a9641"}},{"type":"Feature","geometry":{"type":"Polygon","coordinates":[[[12.605818656143992,46.146577860782656],[12.605842059892295,46.146038326108005],[12.605064548052821,46.14602202988732],[12.60511136870724,46.14494296096716],[12.606642967899718,46.14551508200474],[12.60659617623745,46.1465941520244],[12.605818656143992,46.146577860782656]]]},"properties":{"nbr_class":"sana","color":"#1a9641"}},{"type":"Feature","geometry":{"type":"Polygon","coordinates":[[[12.620638171132677,46.14580740982715],[12.62066142947454,46.14526786925388],[12.622216450254921,46.14530024383699],[12.622193207078656,46.1458397850164],[12.620638171132677,46.14580740982715]]]},"properties":{"nbr_class":"sana","color":"#1a9641"}},{"type":"Feature","geometry":{"type":"Polygon","coordinates":[[[12.639298778094386,46.14619451707983],[12.639321854442878,46.145654969259084],[12.64009938044367,46.14567103237408],[12.640076311678527,46.14621058049556],[12.639298778094386,46.14619451707983]]]},"properties":{"nbr_class":"stress","color":"#ffffbf"}},{"type":"Feature","geometry":{"type":"Polygon","coordinates":[[[12.668067959677265,46.14678534399364],[12.668090755426219,46.146245785111184],[12.668868305762494,46.146261652701085],[12.66884551759775,46.14680121188065],[12.668067959677265,46.14678534399364]]]},"properties":{"nbr_class":"stress","color":"#ffffbf"}},{"type":"Feature","geometry":{"type":"Polygon","coordinates":[[[12.654049096207757,46.14703837180144],[12.654072029124167,46.146498818343446],[12.654849575242462,46.14651478135451],[12.655672955549573,46.145451630789786],[12.657228020737925,46.14548352919455],[12.65718221754161,46.146562638680244],[12.654049096207757,46.14703837180144]]]},"properties":{"nbr_class":"moderata","color":"#a6d96a"}},{"type":"Feature","geometry":{"type":"Polygon","coordinates":[[[12.599645447727616,46.145368276101955],[12.59969237319316,46.14428921133778],[12.600469857581611,46.14430554362833],[12.600422947280142,46.145384609004054],[12.599645447727616,46.145368276101955]]]},"properties":{"nbr_class":"stress","color":"#ffffbf"}},{"type":"Feature","geometry":{"type":"Polygon","coordinates":[[[12.671178195280039,46.1468487838329],[12.67044618074083,46.14575381219351],[12.672024027344923,46.14524594930032],[12.67275606724341,46.14634091138015],[12.671178195280039,46.1468487838329]]]},"properties":{"nbr_class":"stress","color":"#ffffbf"}},{"type":"Feature","geometry":{"type":"Polygon","coordinates":[[[12.61213220400648,46.14454989395332],[12.612155544422968,46.14401035660019],[12.612933031965904,46.144026604048264],[12.612909699131505,46.144566141705575],[12.61213220400648,46.14454989395332]]]},"properties":{"nbr_class":"stress","color":"#ffffbf"}},{"type":"Feature","geometry":{"type":"Polygon","coordinates":[[[12.66344830774695,46.14561091143628],[12.66347114769479,46.145071354218565],[12.664248678937453,46.14508725292097],[12.664225846573254,46.145626810436355],[12.66344830774695,46.14561091143628]]]},"properties":{"nbr_class":"degradata","color":"#fdae61"}},{"type":"Feature","geometry":{"type":"Polygon","coordinates":[[[12.647828690286982,46.146910475075146],[12.647851683874643,46.14637092401169],[12.646319612250167,46.14579934705995],[12.646365626472003,46.144720245832026],[12.647143143253105,46.14473626078863],[12.647166141794582,46.144196709784765],[12.647943651652371,46.14421271915748],[12.647897669078043,46.14529182170466],[12.64867519476135,46.14530782639258],[12.648606238721113,46.14692648066204],[12.647828690286982,46.146910475075146]]]},"properties":{"nbr_class":"moderata","color":"#a6d96a"}},{"type":"Feature","geometry":{"type":"Polygon","coordinates":[[[12.65548960570001,46.14976806251516],[12.655535447093683,46.1486889549437],[12.656313024864334,46.14870490858035],[12.656381759287095,46.14708624587725],[12.655604204269915,46.147070293136665],[12.655627122018279,46.146530739081015],[12.65718221754161,46.146562638680244],[12.657228020737925,46.14548352919455],[12.655672955549573,46.145451630789786],[12.654849575242462,46.14651478135451],[12.654072029124167,46.146498818343446],[12.653340362697026,46.14540374354978],[12.654895423941177,46.145435673660835],[12.65491834730754,46.144896119724],[12.658028447350127,46.14495991533906],[12.657982660630308,46.14603902554162],[12.658760202450132,46.14605496183135],[12.658783088553575,46.14551540646167],[12.660338158994785,46.145547262591066],[12.66036102927696,46.145007706565025],[12.661916087174877,46.14503954096055],[12.661938941636578,46.144499984278546],[12.666604085554743,46.144595358853955],[12.66658127659366,46.145134917321656],[12.667358810454415,46.14515079488634],[12.667336008425016,46.14569035359141],[12.66500338605443,46.145642704151925],[12.664980560621386,46.146182261904976],[12.661092831847217,46.146102738993264],[12.661024237868787,46.14772140742613],[12.660246671327782,46.1477054860958],[12.660223797776336,46.148245041822115],[12.65789107933673,46.14819724522719],[12.657868182376966,46.14873679999866],[12.657090603292167,46.14872085693201],[12.657067698092835,46.149260411345026],[12.65548960570001,46.14976806251516]],[[12.659491985924758,46.147150003992536],[12.660269544225326,46.147165930309534],[12.660292416468991,46.146626374463324],[12.659514865752598,46.1466104484445],[12.659491985924758,46.147150003992536]],[[12.66344830774695,46.14561091143628],[12.664225846573254,46.145626810436355],[12.664248678937453,46.14508725292097],[12.66347114769479,46.145071354218565],[12.66344830774695,46.14561091143628]]]},"properties":{"nbr_class":"stress","color":"#ffffbf"}},{"type":"Feature","geometry":{"type":"Polygon","coordinates":[[[12.601200447505382,46.14540093662239],[12.60124734264273,46.1443218706353],[12.600469857581611,46.14430554362833],[12.600493311726646,46.143766010849866],[12.602071705669362,46.14325912551895],[12.602802314782082,46.14435450879857],[12.602024828376292,46.14433819235873],[12.601977948403114,46.14541725895696],[12.601200447505382,46.14540093662239]]]},"properties":{"nbr_class":"stress","color":"#ffffbf"}},{"type":"Feature","geometry":{"type":"Polygon","coordinates":[[[12.632347294180507,46.14497061826493],[12.632393580067708,46.143891527744934],[12.633925447860022,46.14446328789004],[12.633902319751076,46.14500283372311],[12.632347294180507,46.14497061826493]]]},"properties":{"nbr_class":"sana","color":"#1a9641"}},{"type":"Feature","geometry":{"type":"Polygon","coordinates":[[[12.642455007771055,46.14517964093029],[12.643278602403962,46.144116583660534],[12.644810594889535,46.144688200066376],[12.644787572941276,46.14522775011038],[12.642455007771055,46.14517964093029]]]},"properties":{"nbr_class":"stress","color":"#ffffbf"}},{"type":"Feature","geometry":{"type":"Polygon","coordinates":[[[12.587276297667941,46.1434876485686],[12.58729988002473,46.142948120941135],[12.588077338458636,46.14296453715223],[12.588053763682959,46.143504065087036],[12.587276297667941,46.1434876485686]]]},"properties":{"nbr_class":"moderata","color":"#a6d96a"}},{"type":"Feature","geometry":{"type":"Polygon","coordinates":[[[12.60204826735783,46.143798658969025],[12.602071705669362,46.14325912551895],[12.602849176911802,46.143275441347846],[12.602825746181836,46.143814975103396],[12.60204826735783,46.143798658969025]]]},"properties":{"nbr_class":"degradata","color":"#fdae61"}},{"type":"Feature","geometry":{"type":"Polygon","coordinates":[[[12.637035476628277,46.14452765419249],[12.637058573745795,46.14398810709421],[12.63861357694016,46.14402025793948],[12.638590494987929,46.14455980563971],[12.637035476628277,46.14452765419249]]]},"properties":{"nbr_class":"degradata","color":"#fdae61"}},{"type":"Feature","geometry":{"type":"Polygon","coordinates":[[[12.668913880137646,46.1451825341623],[12.668936666348104,46.144642974803084],[12.67051449387063,46.144135132334334],[12.67046895243506,46.14521425230031],[12.668913880137646,46.1451825341623]]]},"properties":{"nbr_class":"sana","color":"#1a9641"}},{"type":"Feature","geometry":{"type":"Polygon","coordinates":[[[12.590409717815993,46.143013754086454],[12.590433269174959,46.14247422516974],[12.591210722730912,46.14249061994115],[12.591187178952937,46.14303014916481],[12.590409717815993,46.143013754086454]]]},"properties":{"nbr_class":"degradata","color":"#fdae61"}},{"type":"Feature","geometry":{"type":"Polygon","coordinates":[[[12.602825746181836,46.143814975103396],[12.602095143310919,46.14271959200849],[12.603650071305035,46.14275221777208],[12.603673493114337,46.14221268359043],[12.604450950537908,46.14222898824202],[12.604404121412358,46.14330805715548],[12.602825746181836,46.143814975103396]]]},"properties":{"nbr_class":"stress","color":"#ffffbf"}},{"type":"Feature","geometry":{"type":"Polygon","coordinates":[[[12.640168582782467,46.144052387649026],[12.640214714378038,46.14297329086518],[12.640992203126824,46.14298934719278],[12.640946086696054,46.14406844457786],[12.640168582782467,46.144052387649026]]]},"properties":{"nbr_class":"stress","color":"#ffffbf"}},{"type":"Feature","geometry":{"type":"Polygon","coordinates":[[[12.613757168682309,46.14296377010899],[12.61378049193438,46.142424231966714],[12.614557958070309,46.14244046793554],[12.614534642399729,46.142980006381805],[12.613757168682309,46.14296377010899]]]},"properties":{"nbr_class":"stress","color":"#ffffbf"}},{"type":"Feature","geometry":{"type":"Polygon","coordinates":[[[12.651076657645378,46.14373715124589],[12.651099616959252,46.14319759862429],[12.651877114946322,46.14321358097804],[12.651854163215068,46.143753133898876],[12.651076657645378,46.14373715124589]]]},"properties":{"nbr_class":"stress","color":"#ffffbf"}},{"type":"Feature","geometry":{"type":"Polygon","coordinates":[[[12.658805974002776,46.14497585103205],[12.658828858797762,46.144436295542484],[12.658051339728376,46.144420360147855],[12.658120012936749,46.14280169421442],[12.658897509257645,46.14281762871402],[12.658874626425172,46.14335718438347],[12.661207142072621,46.14340495707301],[12.661161419943118,46.14448407002092],[12.66038389890535,46.14446815047903],[12.66036102927696,46.145007706565025],[12.658805974002776,46.14497585103205]]]},"properties":{"nbr_class":"sana","color":"#1a9641"}},{"type":"Feature","geometry":{"type":"Polygon","coordinates":[[[12.609893171292269,46.14234297287239],[12.609916531783675,46.14180343619112],[12.61224889941724,46.14185220658463],[12.612225561669376,46.14239174417898],[12.609893171292269,46.14234297287239]]]},"properties":{"nbr_class":"stress","color":"#ffffbf"}},{"type":"Feature","geometry":{"type":"Polygon","coordinates":[[[12.616112892347944,46.14247292402308],[12.616136192189426,46.141933384908896],[12.61691365274935,46.14194960472391],[12.616890360489212,46.14248914414176],[12.616112892347944,46.14247292402308]]]},"properties":{"nbr_class":"stress","color":"#ffffbf"}},{"type":"Feature","geometry":{"type":"Polygon","coordinates":[[[12.658874626425172,46.14335718438347],[12.658897509257645,46.14281762871402],[12.660452503868045,46.1428494818614],[12.660429636200869,46.14338903812722],[12.658874626425172,46.14335718438347]]]},"properties":{"nbr_class":"moderata","color":"#a6d96a"}},{"type":"Feature","geometry":{"type":"Polygon","coordinates":[[[12.629283597553842,46.143827035835145],[12.629376282700132,46.14166885890285],[12.630153747004833,46.141684988598044],[12.630130584293328,46.14222453322336],[12.631685530058478,46.14225677736718],[12.631662381848416,46.14279632253601],[12.633217345432698,46.14282854614899],[12.63319421172501,46.14336809186097],[12.630084256883919,46.143303622293494],[12.630061092185967,46.14384316673831],[12.629283597553842,46.143827035835145]]]},"properties":{"nbr_class":"stress","color":"#ffffbf"}},{"type":"Feature","geometry":{"type":"Polygon","coordinates":[[[12.677466810077407,46.145356722336984],[12.676734687829702,46.14426178876238],[12.67751221500785,46.1442775970362],[12.677557617342375,46.14319847149615],[12.679135328346412,46.14269050755586],[12.679067271317265,46.144309197730585],[12.67828974283711,46.14429340002561],[12.679021896721801,46.1453883242147],[12.677466810077407,46.145356722336984]]]},"properties":{"nbr_class":"moderata","color":"#a6d96a"}},{"type":"Feature","geometry":{"type":"Polygon","coordinates":[[[12.601341124874699,46.14216373793648],[12.6013880119697,46.14108467122472],[12.603720334724473,46.141133615046],[12.603673493114337,46.14221268359043],[12.601341124874699,46.14216373793648]]]},"properties":{"nbr_class":"sana","color":"#1a9641"}},{"type":"Feature","geometry":{"type":"Polygon","coordinates":[[[12.614581273074416,46.141900929429],[12.614604587412074,46.14136139086216],[12.615382039054285,46.14137762093989],[12.615358732297711,46.141917159810596],[12.614581273074416,46.141900929429]]]},"properties":{"nbr_class":"stress","color":"#ffffbf"}},{"type":"Feature","geometry":{"type":"Polygon","coordinates":[[[12.58553256322998,46.147771013603645],[12.58560336995375,46.146152433836846],[12.586380872524472,46.14616886245954],[12.586451650430487,46.14455028122549],[12.587229130932007,46.14456670364207],[12.586498832329248,46.14347122676693],[12.588053763682959,46.143504065087036],[12.588077338458636,46.14296453715223],[12.588854797568624,46.142980948080144],[12.58967937456094,46.14191829644507],[12.591234265835903,46.14195109065703],[12.591257808267937,46.14141156131244],[12.593590127501784,46.141460712087536],[12.593613646519705,46.1409211817623],[12.59516851422087,46.140953921918005],[12.595192017406056,46.14041439091938],[12.597524301271656,46.14046346061264],[12.597477339711883,46.14154252438682],[12.59436756859568,46.141477085113344],[12.59432054370449,46.142556146195545],[12.595098000634241,46.14257251455126],[12.595074494761594,46.14311204530814],[12.591988176962058,46.14250700942945],[12.591917566352796,46.144125597839576],[12.592695044002692,46.14414198296499],[12.592671513368984,46.144681512620885],[12.591116543580886,46.144648736472995],[12.591092997110746,46.145188265454784],[12.5880066121099,46.1445831207752],[12.587983035312472,46.145122648528535],[12.587205546552815,46.14510623108805],[12.587181961499438,46.145645758473535],[12.587959457841075,46.14566217622139],[12.587912300876289,46.14674123142563],[12.586357278540273,46.146708389416574],[12.586310088548442,46.1477874431491],[12.58553256322998,46.147771013603645]],[[12.590409717815993,46.143013754086454],[12.591187178952937,46.14303014916481],[12.591210722730912,46.14249061994115],[12.590433269174959,46.14247422516974],[12.590409717815993,46.143013754086454]]]},"properties":{"nbr_class":"stress","color":"#ffffbf"}},{"type":"Feature","geometry":{"type":"Polygon","coordinates":[[[12.605251814610806,46.141705752757964],[12.606076060583321,46.140642976042045],[12.607630934643883,46.140675546533195],[12.606806717652441,46.141738335035],[12.605251814610806,46.141705752757964]]]},"properties":{"nbr_class":"stress","color":"#ffffbf"}},{"type":"Feature","geometry":{"type":"Polygon","coordinates":[[[12.637905339656433,46.142385542600216],[12.637951512786282,46.1413064472606],[12.639483370412869,46.141878132831],[12.639460298681579,46.14241768107246],[12.637905339656433,46.142385542600216]]]},"properties":{"nbr_class":"moderata","color":"#a6d96a"}},{"type":"Feature","geometry":{"type":"Polygon","coordinates":[[[12.642593266074313,46.1419423451694],[12.642616306819471,46.141402795665655],[12.644171243452453,46.14143486953281],[12.644148217870745,46.14197441963705],[12.642593266074313,46.1419423451694]]]},"properties":{"nbr_class":"sana","color":"#1a9641"}},{"type":"Feature","geometry":{"type":"Polygon","coordinates":[[[12.66047537088153,46.14230992553563],[12.660498237241345,46.14177036914992],[12.661275720365696,46.1417862872016],[12.661252861588132,46.14232584388534],[12.66047537088153,46.14230992553563]]]},"properties":{"nbr_class":"moderata","color":"#a6d96a"}},{"type":"Feature","geometry":{"type":"Polygon","coordinates":[[[12.66036102927696,46.145007706565025],[12.662007501101805,46.14288131387292],[12.662785000701902,46.14289722195271],[12.662739310210725,46.14397633621208],[12.664294341707766,46.144008137710465],[12.66434000186745,46.14292902226029],[12.665117503432466,46.14294491448805],[12.665185966030373,46.141326239970816],[12.665963445502756,46.14134212602223],[12.665917819587746,46.14242124302183],[12.667472810824316,46.14245300046257],[12.667518406410059,46.141373882273825],[12.668295887844547,46.14138975247396],[12.66822751623574,46.14300843055867],[12.665895005652018,46.14296080143179],[12.665872191064116,46.14350035978183],[12.666649701520836,46.143516241738865],[12.666604085554743,46.144595358853955],[12.661938941636578,46.144499984278546],[12.661916087174877,46.14503954096055],[12.66036102927696,46.145007706565025]]]},"properties":{"nbr_class":"moderata","color":"#a6d96a"}},{"type":"Feature","geometry":{"type":"Polygon","coordinates":[[[12.662007501101805,46.14288131387292],[12.66283068858091,46.141818107453624],[12.664408487212459,46.14131034863567],[12.664362830968367,46.14238946444532],[12.663585337640667,46.14237356723118],[12.663562500957191,46.1429131247485],[12.662007501101805,46.14288131387292]]]},"properties":{"nbr_class":"degradata","color":"#fdae61"}},{"type":"Feature","geometry":{"type":"Polygon","coordinates":[[[12.612272236498004,46.14131266892998],[12.612318908658334,46.14023359343975],[12.613096343132671,46.14024983875866],[12.613049686133715,46.14132891485719],[12.612272236498004,46.14131266892998]]]},"properties":{"nbr_class":"stress","color":"#ffffbf"}},{"type":"Feature","geometry":{"type":"Polygon","coordinates":[[[12.665917819587746,46.14242124302183],[12.665963445502756,46.14134212602223],[12.667518406410059,46.141373882273825],[12.667472810824316,46.14245300046257],[12.665917819587746,46.14242124302183]]]},"properties":{"nbr_class":"sana","color":"#1a9641"}},{"type":"Feature","geometry":{"type":"Polygon","coordinates":[[[12.67213780021983,46.14254814596918],[12.672183304816658,46.14146902421773],[12.673738276174634,46.14150069592844],[12.673715539366208,46.142040257427084],[12.674493033605856,46.142056085652996],[12.674470303730107,46.14259564738815],[12.67213780021983,46.14254814596918]]]},"properties":{"nbr_class":"stress","color":"#ffffbf"}},{"type":"Feature","geometry":{"type":"Polygon","coordinates":[[[12.651168490963103,46.141578940399405],[12.651191447651877,46.14103938753775],[12.651968915310627,46.14105536869464],[12.65194596620361,46.1415949218555],[12.651168490963103,46.141578940399405]]]},"properties":{"nbr_class":"sana","color":"#1a9641"}},{"type":"Feature","geometry":{"type":"Polygon","coordinates":[[[12.597524301271656,46.14046346061264],[12.597547781044796,46.13992392863492],[12.599126089104255,46.13941708208769],[12.599079160549238,46.14049614732742],[12.597524301271656,46.14046346061264]]]},"properties":{"nbr_class":"stress","color":"#ffffbf"}},{"type":"Feature","geometry":{"type":"Polygon","coordinates":[[[12.647304119238068,46.14095940250067],[12.647327113177967,46.140419851076516],[12.648104569961259,46.14043585835122],[12.64808158360278,46.14097541007507],[12.647304119238068,46.14095940250067]]]},"properties":{"nbr_class":"sana","color":"#1a9641"}},{"type":"Feature","geometry":{"type":"Polygon","coordinates":[[[12.660521102947515,46.14123081270427],[12.660543968000063,46.140691256198686],[12.662098904576588,46.14072308582638],[12.6620760546877,46.141262642927906],[12.660521102947515,46.14123081270427]]]},"properties":{"nbr_class":"moderata","color":"#a6d96a"}},{"type":"Feature","geometry":{"type":"Polygon","coordinates":[[[12.672960790169496,46.14148486271501],[12.672983533910164,46.14094530145297],[12.674538491408121,46.140976962003194],[12.674515762831852,46.141516523858016],[12.672960790169496,46.14148486271501]]]},"properties":{"nbr_class":"sana","color":"#1a9641"}},{"type":"Feature","geometry":{"type":"Polygon","coordinates":[[[12.63538800518027,46.1466536669917],[12.635434234370836,46.14557457442074],[12.634656712344333,46.145558479600474],[12.634726073922936,46.14393984119701],[12.635503573201108,46.1439559351133],[12.635526684823137,46.14341638855722],[12.634749193127309,46.14340029494225],[12.63479542955346,46.14232120225232],[12.6332404784791,46.14228900037686],[12.63328674258815,46.14120990865215],[12.631731824493553,46.14117768684902],[12.631754970718609,46.14063814149971],[12.632532421852936,46.14065425474128],[12.632578697156514,46.13957516325884],[12.63413357109217,46.13960737268612],[12.634087326112114,46.140686465374635],[12.634864779236533,46.14070256276642],[12.634841663336296,46.14124210932186],[12.637174049430115,46.14129037070102],[12.637220235082754,46.14021127572293],[12.637997683276467,46.140227351680544],[12.637974598361321,46.14076689950062],[12.639529511896953,46.1407990361678],[12.639483370412869,46.141878132831],[12.64103831692111,46.14191024956734],[12.641015260353516,46.14244979841011],[12.640237779186807,46.14243374238312],[12.639414153240383,46.14349677737507],[12.638636658232576,46.14348071017915],[12.63861357694016,46.14402025793948],[12.63939107953043,46.14403632543622],[12.64012244854936,46.14513148419248],[12.639344930131703,46.14511542137823],[12.639321854442878,46.145654969259084],[12.638544329103924,46.14563890085985],[12.638567412375858,46.145099353279825],[12.637012378850487,46.14506720123066],[12.636966181313996,46.14614629512663],[12.63538800518027,46.1466536669917]],[[12.637035476628277,46.14452765419249],[12.638590494987929,46.14455980563971],[12.63861357694016,46.14402025793948],[12.637058573745795,46.14398810709421],[12.637035476628277,46.14452765419249]],[[12.637905339656433,46.142385542600216],[12.639460298681579,46.14241768107246],[12.639483370412869,46.141878132831],[12.637951512786282,46.1413064472606],[12.637905339656433,46.142385542600216]]]},"properties":{"nbr_class":"stress","color":"#ffffbf"}},{"type":"Feature","geometry":{"type":"Polygon","coordinates":[[[12.6496135424575,46.14154696163635],[12.649682456044216,46.1399283046675],[12.652014811556683,46.13997626219291],[12.651991863761642,46.14051581547378],[12.651214403684431,46.140499834616094],[12.651191447651877,46.14103938753775],[12.6496135424575,46.14154696163635]]]},"properties":{"nbr_class":"stress","color":"#ffffbf"}},{"type":"Feature","geometry":{"type":"Polygon","coordinates":[[[12.652746383627536,46.14107134456798],[12.652792264710682,46.13999223746806],[12.655124628119172,46.14004013159331],[12.655078792525032,46.14111924048667],[12.652746383627536,46.14107134456798]]]},"properties":{"nbr_class":"stress","color":"#ffffbf"}},{"type":"Feature","geometry":{"type":"Polygon","coordinates":[[[12.599126089104255,46.13941708208769],[12.599149552375733,46.13887754937722],[12.599926960284149,46.138893883892905],[12.599903504592413,46.13943341690919],[12.599126089104255,46.13941708208769]]]},"properties":{"nbr_class":"stress","color":"#ffffbf"}},{"type":"Feature","geometry":{"type":"Polygon","coordinates":[[[12.638775132132219,46.140243422354914],[12.638798208806572,46.13970387417384],[12.639575650743195,46.139719939264204],[12.639552581649792,46.14025948774604],[12.638775132132219,46.140243422354914]]]},"properties":{"nbr_class":"sana","color":"#1a9641"}},{"type":"Feature","geometry":{"type":"Polygon","coordinates":[[[12.656656638038127,46.14061158966722],[12.65667954034474,46.14007203459324],[12.657456997442843,46.14008797816808],[12.657434102717717,46.140627533540574],[12.656656638038127,46.14061158966722]]]},"properties":{"nbr_class":"moderata","color":"#a6d96a"}},{"type":"Feature","geometry":{"type":"Polygon","coordinates":[[[12.662098904576588,46.14072308582638],[12.66212175381231,46.14018352866492],[12.662899215502001,46.14019943525558],[12.662876373847928,46.14073899271485],[12.662098904576588,46.14072308582638]]]},"properties":{"nbr_class":"moderata","color":"#a6d96a"}},{"type":"Feature","geometry":{"type":"Polygon","coordinates":[[[12.679980863172602,46.14108760748947],[12.680003538024543,46.14054804350322],[12.680781014726033,46.14056382857039],[12.680758347456273,46.14110339285217],[12.679980863172602,46.14108760748947]]]},"properties":{"nbr_class":"moderata","color":"#a6d96a"}},{"type":"Feature","geometry":{"type":"Polygon","coordinates":[[[12.614627901083304,46.14082185223505],[12.616275977252808,46.13869614895803],[12.617053392329192,46.13871236695115],[12.617030104063502,46.139251906730614],[12.619362376039156,46.139300529923915],[12.619339109848722,46.139840070553454],[12.617784246036724,46.139807659767285],[12.617760964020153,46.14034719972975],[12.616206087717874,46.14031476720469],[12.616182789874369,46.140854306499705],[12.614627901083304,46.14082185223505]]]},"properties":{"nbr_class":"stress","color":"#ffffbf"}},{"type":"Feature","geometry":{"type":"Polygon","coordinates":[[[12.599926960284149,46.138893883892905],[12.599950415305448,46.13835435081622],[12.600727816306955,46.13837067974364],[12.600704368865205,46.138910213126024],[12.599926960284149,46.138893883892905]]]},"properties":{"nbr_class":"stress","color":"#ffffbf"}},{"type":"Feature","geometry":{"type":"Polygon","coordinates":[[[12.631023825874992,46.13954293269936],[12.63104697769575,46.13900338747134],[12.631824405424139,46.139019505090836],[12.631801261183877,46.139559050620626],[12.631023825874992,46.13954293269936]]]},"properties":{"nbr_class":"stress","color":"#ffffbf"}},{"type":"Feature","geometry":{"type":"Polygon","coordinates":[[[12.657456997442843,46.14008797816808],[12.657479891513528,46.13954842273562],[12.658257341686932,46.13956436072865],[12.658234455197542,46.14010391645951],[12.657456997442843,46.14008797816808]]]},"properties":{"nbr_class":"moderata","color":"#a6d96a"}},{"type":"Feature","geometry":{"type":"Polygon","coordinates":[[[12.662899215502001,46.14019943525558],[12.662922056503145,46.139659877736385],[12.664476966684598,46.13969167447184],[12.664454140846388,46.140231232586366],[12.662899215502001,46.14019943525558]]]},"properties":{"nbr_class":"moderata","color":"#a6d96a"}},{"type":"Feature","geometry":{"type":"Polygon","coordinates":[[[12.673761012333113,46.14096113436997],[12.673029019441108,46.13986617874933],[12.675361411174585,46.13991365987103],[12.675315971134971,46.140992784352655],[12.673761012333113,46.14096113436997]]]},"properties":{"nbr_class":"stress","color":"#ffffbf"}},{"type":"Feature","geometry":{"type":"Polygon","coordinates":[[[12.679226061973356,46.1405322531523],[12.67924874375907,46.13999268940191],[12.680026212228316,46.14000847945719],[12.680003538024543,46.14054804350322],[12.679226061973356,46.1405322531523]]]},"properties":{"nbr_class":"moderata","color":"#a6d96a"}},{"type":"Feature","geometry":{"type":"Polygon","coordinates":[[[12.609162444649987,46.14124763238983],[12.609185811386624,46.140708095892464],[12.609963250763268,46.14072436264761],[12.610009967072067,46.13964528886285],[12.609232542856175,46.139629022716775],[12.609209177455345,46.140168559334775],[12.607654315873503,46.14013601058488],[12.607677696434799,46.13959647457624],[12.608455119310346,46.1396127512879],[12.608478491623337,46.13907321491418],[12.609255907589137,46.13908948603843],[12.610080036527936,46.13802667773326],[12.611634841489808,46.13805919235073],[12.611588159505903,46.13913826771493],[12.610810741530637,46.13912201243881],[12.610787391957803,46.13966154972612],[12.61156481751317,46.139677805306576],[12.611494787531559,46.14129641771961],[12.609162444649987,46.14124763238983]]]},"properties":{"nbr_class":"stress","color":"#ffffbf"}},{"type":"Feature","geometry":{"type":"Polygon","coordinates":[[[12.621671410570507,46.139888647110546],[12.621741138925213,46.138270022312916],[12.622518551091972,46.13828620302384],[12.622448845477908,46.139904828730295],[12.621671410570507,46.139888647110546]]]},"properties":{"nbr_class":"sana","color":"#1a9641"}},{"type":"Feature","geometry":{"type":"Polygon","coordinates":[[[12.676116164275944,46.14046903891129],[12.676161587853212,46.139389913717736],[12.676939046137548,46.13940572461151],[12.676893637723762,46.14048485039711],[12.676116164275944,46.14046903891129]]]},"properties":{"nbr_class":"sana","color":"#1a9641"}},{"type":"Feature","geometry":{"type":"Polygon","coordinates":[[[12.600727816306955,46.13837067974364],[12.600751263078505,46.13783114630086],[12.60230605193976,46.137863787697164],[12.602282620326951,46.13840332175106],[12.600727816306955,46.13837067974364]]]},"properties":{"nbr_class":"stress","color":"#ffffbf"}},{"type":"Feature","geometry":{"type":"Polygon","coordinates":[[[12.623272736964523,46.13884192071727],[12.623295963925035,46.138302378452046],[12.624073377424184,46.13831854859755],[12.62405015804372,46.13885809116552],[12.623272736964523,46.13884192071727]]]},"properties":{"nbr_class":"sana","color":"#1a9641"}},{"type":"Feature","geometry":{"type":"Polygon","coordinates":[[[12.61783080807342,46.138728579661546],[12.617877367448347,46.13764949931473],[12.61943217062034,46.13768190767382],[12.61940890642494,46.1382214484841],[12.620186316591482,46.13823764504304],[12.620163059311022,46.13877718609631],[12.61783080807342,46.138728579661546]]]},"properties":{"nbr_class":"sana","color":"#1a9641"}},{"type":"Feature","geometry":{"type":"Polygon","coordinates":[[[12.641931026213339,46.13922855339261],[12.641977115620438,46.138149454325024],[12.643531959960711,46.13818153515522],[12.64350893074733,46.13872108531969],[12.641931026213339,46.13922855339261]]]},"properties":{"nbr_class":"stress","color":"#ffffbf"}},{"type":"Feature","geometry":{"type":"Polygon","coordinates":[[[12.64970542592655,46.13938875222449],[12.649728395152305,46.138849199721456],[12.65130622125295,46.13834162232934],[12.651260313780986,46.13942072859275],[12.64970542592655,46.13938875222449]]]},"properties":{"nbr_class":"stress","color":"#ffffbf"}},{"type":"Feature","geometry":{"type":"Polygon","coordinates":[[[12.658257341686932,46.13956436072865],[12.659080548370907,46.138501181200155],[12.661412859309882,46.13854894584051],[12.660589696144385,46.13961214300768],[12.658257341686932,46.13956436072865]]]},"properties":{"nbr_class":"degradata","color":"#fdae61"}},{"type":"Feature","geometry":{"type":"Polygon","coordinates":[[[12.64350893074733,46.13872108531969],[12.643531959960711,46.13818153515522],[12.644309383121598,46.138197567645946],[12.644286361488659,46.13873711811058],[12.64350893074733,46.13872108531969]]]},"properties":{"nbr_class":"moderata","color":"#a6d96a"}},{"type":"Feature","geometry":{"type":"Polygon","coordinates":[[[12.649728395152305,46.138849199721456],[12.649751363721505,46.13830964715841],[12.650528792157992,46.138325637385385],[12.65050583116942,46.13886519024781],[12.649728395152305,46.138849199721456]]]},"properties":{"nbr_class":"moderata","color":"#a6d96a"}},{"type":"Feature","geometry":{"type":"Polygon","coordinates":[[[12.652838143170877,46.1389131301281],[12.652861081417424,46.13837357636814],[12.653638512486506,46.13838954546297],[12.653615581820679,46.1389290995219],[12.652838143170877,46.1389131301281]]]},"properties":{"nbr_class":"sana","color":"#1a9641"}},{"type":"Feature","geometry":{"type":"Polygon","coordinates":[[[12.63568844768022,46.13963956098111],[12.635757764711085,46.138020919689424],[12.63653518125795,46.13803700500879],[12.636558278034034,46.13749745749017],[12.637335687663263,46.137513537225686],[12.63731259846719,46.138053085045364],[12.638867434871942,46.138085229270004],[12.638844360176408,46.138624777631385],[12.636512083821657,46.138576552467306],[12.636488985725132,46.1391160998657],[12.638821284821292,46.139164325932676],[12.638798208806572,46.13970387417384],[12.63568844768022,46.13963956098111]]]},"properties":{"nbr_class":"stress","color":"#ffffbf"}},{"type":"Feature","geometry":{"type":"Polygon","coordinates":[[[12.605392236428813,46.13846854237591],[12.605439038350019,46.137389471765694],[12.606216428894989,46.137405763105576],[12.60623982127323,46.13686622740494],[12.607771211997218,46.13743832993826],[12.60774783410898,46.13797786618826],[12.60619303584811,46.13794529874586],[12.60616964213257,46.1384848343258],[12.605392236428813,46.13846854237591]]]},"properties":{"nbr_class":"stress","color":"#ffffbf"}},{"type":"Feature","geometry":{"type":"Polygon","coordinates":[[[12.615521865604164,46.13814038644984],[12.615568469125328,46.137061307804245],[12.617123253132398,46.13709374725113],[12.617099966863615,46.1376332872114],[12.615521865604164,46.13814038644984]]]},"properties":{"nbr_class":"sana","color":"#1a9641"}},{"type":"Feature","geometry":{"type":"Polygon","coordinates":[[[12.66294489685139,46.13912032015724],[12.66299057558925,46.13804120481922],[12.663768007609491,46.13805710493556],[12.663722344033458,46.13913622086898],[12.66294489685139,46.13912032015724]]]},"properties":{"nbr_class":"degradata","color":"#fdae61"}},{"type":"Feature","geometry":{"type":"Polygon","coordinates":[[[12.60310687074229,46.137340566052075],[12.603130293436665,46.13680103157202],[12.60390767438883,46.13681733845359],[12.603884259273451,46.137356873238936],[12.60310687074229,46.137340566052075]]]},"properties":{"nbr_class":"stress","color":"#ffffbf"}},{"type":"Feature","geometry":{"type":"Polygon","coordinates":[[[12.608548604554043,46.13745460543104],[12.608571974194936,46.136915068816],[12.609349359842781,46.13693133872179],[12.609325997781054,46.137470875641434],[12.608548604554043,46.13745460543104]]]},"properties":{"nbr_class":"stress","color":"#ffffbf"}},{"type":"Feature","geometry":{"type":"Polygon","coordinates":[[[12.612435577386606,46.13753590365888],[12.612458909131439,46.13699636552181],[12.614013687791097,46.13702884722777],[12.613990371204853,46.13756838597298],[12.612435577386606,46.13753590365888]]]},"properties":{"nbr_class":"sana","color":"#1a9641"}},{"type":"Feature","geometry":{"type":"Polygon","coordinates":[[[12.634980348826817,46.13800482908725],[12.635003460762858,46.13746528217103],[12.63578086906716,46.137481372471946],[12.635757764711085,46.138020919689424],[12.634980348826817,46.13800482908725]]]},"properties":{"nbr_class":"stress","color":"#ffffbf"}},{"type":"Feature","geometry":{"type":"Polygon","coordinates":[[[12.652861081417424,46.13837357636814],[12.652884019008305,46.13783402254817],[12.65366144249688,46.13784999134401],[12.653638512486506,46.13838954546297],[12.652861081417424,46.13837357636814]]]},"properties":{"nbr_class":"moderata","color":"#a6d96a"}},{"type":"Feature","geometry":{"type":"Polygon","coordinates":[[[12.653638512486506,46.13838954546297],[12.65366144249688,46.13784999134401],[12.655216291446566,46.13788191308679],[12.65519337659727,46.13842146780339],[12.653638512486506,46.13838954546297]]]},"properties":{"nbr_class":"sana","color":"#1a9641"}},{"type":"Feature","geometry":{"type":"Polygon","coordinates":[[[12.659080548370907,46.138501181200155],[12.659103425317097,46.13796162499113],[12.659880854060265,46.137977551522894],[12.659857984694767,46.1385171080301],[12.659080548370907,46.138501181200155]]]},"properties":{"nbr_class":"moderata","color":"#a6d96a"}},{"type":"Feature","geometry":{"type":"Polygon","coordinates":[[[12.65754856979917,46.137929756078464],[12.657571461252324,46.13739020040615],[12.658348881102718,46.13740613720562],[12.658325997229992,46.13794569317632],[12.65754856979917,46.137929756078464]]]},"properties":{"nbr_class":"moderata","color":"#a6d96a"}},{"type":"Feature","geometry":{"type":"Polygon","coordinates":[[[12.667655177527802,46.13813652627023],[12.667677970433576,46.13759696672669],[12.668455398798415,46.13761283484704],[12.66843261347337,46.13815239468769],[12.667655177527802,46.13813652627023]]]},"properties":{"nbr_class":"stress","color":"#ffffbf"}},{"type":"Feature","geometry":{"type":"Polygon","coordinates":[[[12.638867434871942,46.138085229270004],[12.638936655001276,46.13646658382524],[12.639714051456748,46.136482647111045],[12.639690986319476,46.13702219595348],[12.641245796373894,46.13705430727859],[12.640422273923603,46.13811735236325],[12.638867434871942,46.138085229270004]]]},"properties":{"nbr_class":"stress","color":"#ffffbf"}},{"type":"Feature","geometry":{"type":"Polygon","coordinates":[[[12.65130622125295,46.13834162232934],[12.651352126100512,46.13726251582591],[12.65290695594354,46.13729446866821],[12.652929892223153,46.13675491472824],[12.653707300551368,46.13677088292614],[12.65366144249688,46.13784999134401],[12.652884019008305,46.13783402254817],[12.652861081417424,46.13837357636814],[12.65130622125295,46.13834162232934]]]},"properties":{"nbr_class":"stress","color":"#ffffbf"}},{"type":"Feature","geometry":{"type":"Polygon","coordinates":[[[12.672297054927508,46.13877121879164],[12.672319802998796,46.138231657526866],[12.669210050072397,46.13816825782194],[12.6692556049099,46.1370891374868],[12.670810449744758,46.13712084671832],[12.670787687812691,46.137660407509514],[12.67622971835013,46.1377712254787],[12.676184298668026,46.13885035103121],[12.673851950468032,46.13880288753758],[12.673874683377129,46.13826332567988],[12.672297054927508,46.13877121879164]]]},"properties":{"nbr_class":"stress","color":"#ffffbf"}},{"type":"Feature","geometry":{"type":"Polygon","coordinates":[[[12.617923924161689,46.136570418726905],[12.617947201520327,46.1360308783426],[12.618724580034943,46.136047084253164],[12.618701310255323,46.13658662494088],[12.617923924161689,46.136570418726905]]]},"properties":{"nbr_class":"stress","color":"#ffffbf"}},{"type":"Feature","geometry":{"type":"Polygon","coordinates":[[[12.621033472539267,46.13663521188869],[12.621056719581699,46.13609567029134],[12.621834100764193,46.13611185507285],[12.621810861300874,46.136651396973214],[12.621033472539267,46.13663521188869]]]},"properties":{"nbr_class":"sana","color":"#1a9641"}},{"type":"Feature","geometry":{"type":"Polygon","coordinates":[[[12.66843261347337,46.13815239468769],[12.668455398798415,46.13761283484704],[12.667677970433576,46.13759696672669],[12.667700762687836,46.13705740712326],[12.6692556049099,46.1370891374868],[12.669210050072397,46.13816825782194],[12.66843261347337,46.13815239468769]]]},"properties":{"nbr_class":"degradata","color":"#fdae61"}},{"type":"Feature","geometry":{"type":"Polygon","coordinates":[[[12.676961749370944,46.13886616162897],[12.676984451955379,46.138326598586616],[12.678562026925277,46.13781863964623],[12.67860739852674,46.13673951207902],[12.679384820858523,46.136755305643646],[12.67931678522612,46.13837399779189],[12.678539340151827,46.138358203340125],[12.678516652729865,46.13889776697422],[12.676961749370944,46.13886616162897]]]},"properties":{"nbr_class":"sana","color":"#1a9641"}},{"type":"Feature","geometry":{"type":"Polygon","coordinates":[[[12.629875750761357,46.14815952013062],[12.629945258762815,46.14654088805979],[12.629167726216542,46.14652475564651],[12.629214076738883,46.14544566790251],[12.62843656002358,46.145429530809196],[12.628459741873822,46.144889987149035],[12.6269047256036,46.14485769771475],[12.626927921956273,46.144318154598935],[12.625372923512213,46.14428584463376],[12.625396134366387,46.143746302062645],[12.623063664440261,46.14369779839426],[12.623086897376988,46.14315825667104],[12.623864379104335,46.143174429541425],[12.62391082782212,46.14209534530875],[12.62235589536035,46.14206299549572],[12.622402371747608,46.14098391223346],[12.62084747227642,46.14095154249894],[12.620870724635385,46.14041200138349],[12.624757940406548,46.140492884581484],[12.624781154197507,46.13995334189151],[12.624003717291625,46.13993717612079],[12.62405015804372,46.13885809116552],[12.625605002199583,46.138890416213535],[12.625581797316,46.13942995932647],[12.627914091281282,46.13947840818418],[12.628029995367758,46.13678068748234],[12.627252601280613,46.13676454465727],[12.627275787689497,46.136225000638575],[12.62572101666875,46.13619269974579],[12.62567461287074,46.13727178651349],[12.6248972131996,46.137255627538515],[12.624920423009645,46.13671608448729],[12.624143031583534,46.13669992053239],[12.624966840639546,46.13563699820421],[12.628853731957843,46.13571773571865],[12.628807390119619,46.13679682502492],[12.63033902486319,46.13736862942941],[12.630223231166832,46.140066354361075],[12.629445789605429,46.140050225571805],[12.629422621299275,46.140589770075664],[12.62784454087771,46.14109703988305],[12.627821356084429,46.141636583662304],[12.628598819059924,46.14165272392427],[12.62857564118538,46.14219226794552],[12.6277981706284,46.14217612738136],[12.627774984509596,46.14271567104025],[12.628552462648276,46.142731811906586],[12.627728610283574,46.14379475817744],[12.628506103586306,46.14381089964818],[12.62848292306139,46.1443504434287],[12.630037926825821,46.14438271112295],[12.629991594118849,46.145461799711725],[12.630769112163255,46.14547792623683],[12.630745952399451,46.14601747074288],[12.632277860387696,46.146589253593774],[12.63220842063991,46.14820788838122],[12.629875750761357,46.14815952013062]],[[12.630676469135508,46.14763610390005],[12.631454018177807,46.147652226348384],[12.631500325848608,46.146573137033435],[12.630722791973575,46.14655701518876],[12.630676469135508,46.14763610390005]]]},"properties":{"nbr_class":"sana","color":"#1a9641"}},{"type":"Feature","geometry":{"type":"Polygon","coordinates":[[[12.636581374149934,46.136957909911416],[12.636627564401275,46.135878814573566],[12.638159259207463,46.136450515256875],[12.63813617891091,46.13699006349772],[12.636581374149934,46.136957909911416]]]},"properties":{"nbr_class":"stress","color":"#ffffbf"}},{"type":"Feature","geometry":{"type":"Polygon","coordinates":[[[12.609396081963013,46.13585226470152],[12.609419442021563,46.1353127276009],[12.610196805603087,46.13532899131089],[12.610173453123075,46.13586852871601],[12.609396081963013,46.13585226470152]]]},"properties":{"nbr_class":"sana","color":"#1a9641"}},{"type":"Feature","geometry":{"type":"Polygon","coordinates":[[[12.63271750719538,46.13633788736793],[12.632740639887455,46.13579834117559],[12.633518023464347,46.13581444641995],[12.63349489835152,46.13635399291381],[12.63271750719538,46.13633788736793]]]},"properties":{"nbr_class":"moderata","color":"#a6d96a"}},{"type":"Feature","geometry":{"type":"Polygon","coordinates":[[[12.64437844407223,46.13657891589167],[12.644401463073123,46.1360393651868],[12.645178856574523,46.13605539119438],[12.645155845153228,46.13659494219931],[12.64437844407223,46.13657891589167]]]},"properties":{"nbr_class":"moderata","color":"#a6d96a"}},{"type":"Feature","geometry":{"type":"Polygon","coordinates":[[[12.647488052354891,46.13664298942628],[12.647511041037244,46.136103437521804],[12.648288437176937,46.136119442399135],[12.648265456074276,46.13665899460325],[12.647488052354891,46.13664298942628]]]},"properties":{"nbr_class":"sana","color":"#1a9641"}},{"type":"Feature","geometry":{"type":"Polygon","coordinates":[[[12.6513750775402,46.136722962484164],[12.651398028323856,46.13618340908243],[12.652175427756537,46.136199387546675],[12.65215248455269,46.13673894124758],[12.6513750775402,46.136722962484164]]]},"properties":{"nbr_class":"sana","color":"#1a9641"}},{"type":"Feature","geometry":{"type":"Polygon","coordinates":[[[12.629561621202958,46.13735250214989],[12.62958478553598,46.136812957284995],[12.628807390119619,46.13679682502492],[12.628853731957843,46.13571773571865],[12.630408493137848,46.135749993748405],[12.630431647905683,46.13521044840106],[12.631209021912861,46.135226569190635],[12.631139578361335,46.13684520595762],[12.629561621202958,46.13735250214989]]]},"properties":{"nbr_class":"moderata","color":"#a6d96a"}},{"type":"Feature","geometry":{"type":"Polygon","coordinates":[[[12.628853731957843,46.13571773571865],[12.62887690188353,46.13517819097524],[12.630431647905683,46.13521044840106],[12.630408493137848,46.135749993748405],[12.628853731957843,46.13571773571865]]]},"properties":{"nbr_class":"sana","color":"#1a9641"}},{"type":"Feature","geometry":{"type":"Polygon","coordinates":[[[12.638959727058712,46.13592703522343],[12.63898279845668,46.13538748656154],[12.639760179753496,46.13540354924588],[12.639737115934748,46.13594309820851],[12.638959727058712,46.13592703522343]]]},"properties":{"nbr_class":"stress","color":"#ffffbf"}},{"type":"Feature","geometry":{"type":"Polygon","coordinates":[[[12.650620629549339,46.13616742533553],[12.650643587256559,46.135627872173025],[12.651420978451506,46.13564385562067],[12.651398028323856,46.13618340908243],[12.650620629549339,46.13616742533553]]]},"properties":{"nbr_class":"sana","color":"#1a9641"}},{"type":"Feature","geometry":{"type":"Polygon","coordinates":[[[12.681717091755145,46.136802654639176],[12.681739746261446,46.13626308958365],[12.68329458161373,46.136294628574746],[12.683271942268448,46.136834194220775],[12.681717091755145,46.136802654639176]]]},"properties":{"nbr_class":"degradata","color":"#fdae61"}},{"type":"Feature","geometry":{"type":"Polygon","coordinates":[[[12.646158541754211,46.149576199466104],[12.646181553798536,46.14903664930251],[12.64540397700637,46.14902062666206],[12.64547303194547,46.14740197671093],[12.646250585984424,46.14741799845146],[12.646273595397433,46.146878448047666],[12.645496048942451,46.14686242660711],[12.645542080962477,46.14578332621931],[12.644764550334887,46.145767300094334],[12.644948712759573,46.141450898541116],[12.644171243452453,46.14143486953281],[12.64426333919765,46.13927666851516],[12.643485900875666,46.139260635424094],[12.644309383121598,46.138197567645946],[12.641245796373894,46.13705430727859],[12.641268846351794,46.136514757834966],[12.64360104365137,46.13656288430142],[12.643670121418292,46.13494423290701],[12.645224877443923,46.13497628900435],[12.645201867338079,46.13551584012939],[12.64597925391997,46.13553186055448],[12.645933246894149,46.136610963224285],[12.646710649294775,46.13662697896662],[12.645063792890218,46.13875314561846],[12.647396091054118,46.13880119644379],[12.647419082365062,46.13826164477947],[12.648196508824823,46.13827765085544],[12.648242474314717,46.137198546747356],[12.649019886273091,46.1372145469412],[12.648996911436763,46.13775409932483],[12.650551752490246,46.137786084462945],[12.650528792157992,46.138325637385385],[12.649751363721505,46.13830964715841],[12.648927982987331,46.13937275611554],[12.648150540707064,46.139356754723394],[12.648127555662679,46.13989630656733],[12.645795210034882,46.13984826979249],[12.645749192487235,46.140927371501476],[12.646526655532814,46.14094338964279],[12.646434642872235,46.1431015935398],[12.647212136905248,46.143117607596906],[12.647189139678623,46.143657158720856],[12.647966641953692,46.143673167793835],[12.648012620584757,46.14259406488644],[12.650345085870592,46.14264205860432],[12.650299152734178,46.143721163308875],[12.648744144888118,46.143689171582835],[12.648721162169542,46.14422872324611],[12.650276185181157,46.14426071557112],[12.650253216971567,46.144800267773356],[12.651030737048607,46.14481625630905],[12.65098481382632,46.14589536113216],[12.650207278582569,46.14587937199776],[12.65018430840312,46.14641892401992],[12.65251693886101,46.146466876467635],[12.65249399077665,46.1470064293276],[12.65171643904828,46.14699045016372],[12.651670525742881,46.14806955510525],[12.650892959504441,46.14805357005819],[12.650915924069631,46.1475140179167],[12.649360808737633,46.147482032567005],[12.649383787814525,46.14694248096435],[12.647805696041985,46.14745002607855],[12.64775970557988,46.148529127905284],[12.648537276766783,46.148545134391206],[12.64926888586054,46.14964023837737],[12.646158541754211,46.149576199466104]],[[12.647828690286982,46.146910475075146],[12.648606238721113,46.14692648066204],[12.64867519476135,46.14530782639258],[12.647897669078043,46.14529182170466],[12.647943651652371,46.14421271915748],[12.647166141794582,46.144196709784765],[12.647143143253105,46.14473626078863],[12.646365626472003,46.144720245832026],[12.646319612250167,46.14579934705995],[12.647097144197744,46.145815362616254],[12.647828690286982,46.146910475075146]],[[12.64437844407223,46.13657891589167],[12.645155845153228,46.13659494219931],[12.645178856574523,46.13605539119438],[12.644401463073123,46.1360393651868],[12.64437844407223,46.13657891589167]]]},"properties":{"nbr_class":"sana","color":"#1a9641"}},{"type":"Feature","geometry":{"type":"Polygon","coordinates":[[[12.660704005068425,46.13691435898118],[12.659972324985496,46.1358193248946],[12.661549974735621,46.13531160232177],[12.661481419962245,46.136930274350846],[12.660704005068425,46.13691435898118]]]},"properties":{"nbr_class":"degradata","color":"#fdae61"}},{"type":"Feature","geometry":{"type":"Polygon","coordinates":[[[12.6078880914158,46.13474064778318],[12.60791146529516,46.13420111117117],[12.608688812380384,46.134217384835814],[12.608665446079085,46.13475692175251],[12.6078880914158,46.13474064778318]]]},"properties":{"nbr_class":"stress","color":"#ffffbf"}},{"type":"Feature","geometry":{"type":"Polygon","coordinates":[[[12.652975762815606,46.13567580666832],[12.652998697128492,46.13513625254837],[12.653776082717785,46.13515221984942],[12.653753155984324,46.13569177426832],[12.652975762815606,46.13567580666832]]]},"properties":{"nbr_class":"sana","color":"#1a9641"}},{"type":"Feature","geometry":{"type":"Polygon","coordinates":[[[12.637451123744558,46.13481579722557],[12.637474208981168,46.13427624904521],[12.63825157379685,46.1342923216924],[12.63822849613898,46.13483187017367],[12.637451123744558,46.13481579722557]]]},"properties":{"nbr_class":"stress","color":"#ffffbf"}},{"type":"Feature","geometry":{"type":"Polygon","coordinates":[[[12.645224877443923,46.13497628900435],[12.645247886892074,46.13443673781927],[12.646802630399138,46.13446877218747],[12.64677963610896,46.13500832397231],[12.645224877443923,46.13497628900435]]]},"properties":{"nbr_class":"sana","color":"#1a9641"}},{"type":"Feature","geometry":{"type":"Polygon","coordinates":[[[12.647557016430712,46.13502433353275],[12.647580003141872,46.13448478144815],[12.648357376543782,46.134500785426575],[12.648334397411668,46.135040337810786],[12.647557016430712,46.13502433353275]]]},"properties":{"nbr_class":"sana","color":"#1a9641"}},{"type":"Feature","geometry":{"type":"Polygon","coordinates":[[[12.658440410052766,46.13524791272328],[12.65846329065518,46.1347083564528],[12.659240673262817,46.13472428647802],[12.659217800239775,46.13526384304674],[12.658440410052766,46.13524791272328]]]},"properties":{"nbr_class":"sana","color":"#1a9641"}},{"type":"Feature","geometry":{"type":"Polygon","coordinates":[[[12.6428927443958,46.13492819693484],[12.642938808107358,46.13384909630535],[12.643716169972258,46.13386513167707],[12.643670121418292,46.13494423290701],[12.6428927443958,46.13492819693484]]]},"properties":{"nbr_class":"stress","color":"#ffffbf"}},{"type":"Feature","geometry":{"type":"Polygon","coordinates":[[[12.659217800239775,46.13526384304674],[12.659263545632083,46.13418472984934],[12.660040921316467,46.13420065429395],[12.659995191082729,46.13527976808766],[12.659217800239775,46.13526384304674]]]},"properties":{"nbr_class":"moderata","color":"#a6d96a"}},{"type":"Feature","geometry":{"type":"Polygon","coordinates":[[[12.635919481336014,46.13424408790443],[12.635942581069774,46.13370454026607],[12.636719936982768,46.13372062317641],[12.636696844827483,46.13426017111588],[12.635919481336014,46.13424408790443]]]},"properties":{"nbr_class":"stress","color":"#ffffbf"}},{"type":"Feature","geometry":{"type":"Polygon","coordinates":[[[12.641361039675212,46.13435655945962],[12.641384086359137,46.133817009715564],[12.64216144690291,46.13383305565151],[12.642138407797626,46.13437260569597],[12.641361039675212,46.13435655945962]]]},"properties":{"nbr_class":"stress","color":"#ffffbf"}},{"type":"Feature","geometry":{"type":"Polygon","coordinates":[[[12.647580003141872,46.13448478144815],[12.647602989196013,46.13394522930353],[12.648380355019095,46.133961232982315],[12.648357376543782,46.134500785426575],[12.647580003141872,46.13448478144815]]]},"properties":{"nbr_class":"moderata","color":"#a6d96a"}},{"type":"Feature","geometry":{"type":"Polygon","coordinates":[[[12.648357376543782,46.134500785426575],[12.648380355019095,46.133961232982315],[12.649157721501116,46.1339772313789],[12.649134750604656,46.13451678412268],[12.648357376543782,46.134500785426575]]]},"properties":{"nbr_class":"sana","color":"#1a9641"}},{"type":"Feature","geometry":{"type":"Polygon","coordinates":[[[12.649134750604656,46.13451678412268],[12.649157721501116,46.1339772313789],[12.649935088641858,46.13399322449328],[12.649912125324272,46.13453277753649],[12.649134750604656,46.13451678412268]]]},"properties":{"nbr_class":"moderata","color":"#a6d96a"}},{"type":"Feature","geometry":{"type":"Polygon","coordinates":[[[12.66235021025045,46.13478795375419],[12.662373052302867,46.13424839593352],[12.66315043060869,46.134264299248585],[12.663127596135546,46.13480385736701],[12.66235021025045,46.13478795375419]]]},"properties":{"nbr_class":"stress","color":"#ffffbf"}},{"type":"Feature","geometry":{"type":"Polygon","coordinates":[[[12.66696894027155,46.13596241522484],[12.666991738151248,46.13542285573892],[12.669323932283268,46.135470456534996],[12.66934670677238,46.134930896097984],[12.668569315654628,46.13491503474561],[12.669392253797728,46.13385177504431],[12.670924249646152,46.13442304186435],[12.670855971657033,46.13604172495632],[12.66696894027155,46.13596241522484]]]},"properties":{"nbr_class":"stress","color":"#ffffbf"}},{"type":"Feature","geometry":{"type":"Polygon","coordinates":[[[12.63827465079511,46.133752773151016],[12.638297727133777,46.13321322454952],[12.639075077454361,46.13322929131295],[12.639052008694023,46.13376884021525],[12.63827465079511,46.133752773151016]]]},"properties":{"nbr_class":"stress","color":"#ffffbf"}},{"type":"Feature","geometry":{"type":"Polygon","coordinates":[[[12.649157721501116,46.1339772313789],[12.649180691741014,46.133437678575085],[12.649958051303095,46.13345367139005],[12.649935088641858,46.13399322449328],[12.649157721501116,46.1339772313789]]]},"properties":{"nbr_class":"sana","color":"#1a9641"}},{"type":"Feature","geometry":{"type":"Polygon","coordinates":[[[12.66315043060869,46.134264299248585],[12.663173264429165,46.13372474107024],[12.66395063581073,46.13374063880522],[12.663927809569335,46.13428019728122],[12.66315043060869,46.134264299248585]]]},"properties":{"nbr_class":"stress","color":"#ffffbf"}},{"type":"Feature","geometry":{"type":"Polygon","coordinates":[[[12.649065833975662,46.13613544199387],[12.649134750604656,46.13451678412268],[12.649912125324272,46.13453277753649],[12.65073541152366,46.133469658922884],[12.653067496134069,46.133517589828536],[12.653090427824978,46.13297803546859],[12.654645139029872,46.133009962397125],[12.654622222496105,46.133549517354815],[12.6530445637877,46.13405714412848],[12.65222131219688,46.13512027996487],[12.650666544307576,46.13508831895051],[12.650643587256559,46.135627872173025],[12.649065833975662,46.13613544199387]]]},"properties":{"nbr_class":"stress","color":"#ffffbf"}},{"type":"Feature","geometry":{"type":"Polygon","coordinates":[[[12.642138407797626,46.13437260569597],[12.64216144690291,46.13383305565151],[12.641384086359137,46.133817009715564],[12.641430177750843,46.132737910047226],[12.642961838975685,46.133309545900495],[12.642915776580736,46.13438864665013],[12.642138407797626,46.13437260569597]]]},"properties":{"nbr_class":"degradata","color":"#fdae61"}},{"type":"Feature","geometry":{"type":"Polygon","coordinates":[[[12.612645539084236,46.13268005825432],[12.612668864827954,46.13214051957453],[12.613446185619532,46.132156760331945],[12.613422867453151,46.132696299315796],[12.612645539084236,46.13268005825432]]]},"properties":{"nbr_class":"stress","color":"#ffffbf"}},{"type":"Feature","geometry":{"type":"Polygon","coordinates":[[[12.642184485349688,46.13329350554697],[12.64220752313798,46.13275395538235],[12.642984869185744,46.132769995435574],[12.642961838975685,46.133309545900495],[12.642184485349688,46.13329350554697]]]},"properties":{"nbr_class":"stress","color":"#ffffbf"}},{"type":"Feature","geometry":{"type":"Polygon","coordinates":[[[12.664728007846874,46.133756531257895],[12.664750825856949,46.13321697242444],[12.665528190968546,46.133232859297316],[12.665505380537377,46.133772418428215],[12.664728007846874,46.133756531257895]]]},"properties":{"nbr_class":"sana","color":"#1a9641"}},{"type":"Feature","geometry":{"type":"Polygon","coordinates":[[[12.683385132523878,46.134136365392976],[12.683407768633783,46.13359679944809],[12.684185149384437,46.1336125595437],[12.684162520853993,46.13415212578365],[12.683385132523878,46.134136365392976]]]},"properties":{"nbr_class":"stress","color":"#ffffbf"}},{"type":"Feature","geometry":{"type":"Polygon","coordinates":[[[12.627414892226259,46.132987735262425],[12.627461255104205,46.13190864632218],[12.628238580985435,46.13192478642743],[12.628192233262846,46.13300387597204],[12.627414892226259,46.132987735262425]]]},"properties":{"nbr_class":"sana","color":"#1a9641"}},{"type":"Feature","geometry":{"type":"Polygon","coordinates":[[[12.666191535954995,46.135946537430186],[12.666282753882028,46.1337883003162],[12.665505380537377,46.133772418428215],[12.665528190968546,46.133232859297316],[12.667105717775623,46.1327250574109],[12.667060127880603,46.1338041769218],[12.669392253797728,46.13385177504431],[12.669369480610525,46.13439133560108],[12.668592097072228,46.134375474545685],[12.669323932283268,46.135470456534996],[12.666991738151248,46.13542285573892],[12.66696894027155,46.13596241522484],[12.666191535954995,46.135946537430186]]]},"properties":{"nbr_class":"moderata","color":"#a6d96a"}},{"type":"Feature","geometry":{"type":"Polygon","coordinates":[[[12.678720816183072,46.134041692114344],[12.678766178707159,46.132962563709825],[12.679543547980646,46.132978355204706],[12.679498200614994,46.134057484200554],[12.678720816183072,46.134041692114344]]]},"properties":{"nbr_class":"degradata","color":"#fdae61"}},{"type":"Feature","geometry":{"type":"Polygon","coordinates":[[[12.632879422155627,46.13256106275843],[12.632902550219828,46.132021516145045],[12.633679880748039,46.13203761927888],[12.633656760261573,46.13257716619375],[12.632879422155627,46.13256106275843]]]},"properties":{"nbr_class":"stress","color":"#ffffbf"}},{"type":"Feature","geometry":{"type":"Polygon","coordinates":[[[12.634434099030528,46.132593264347285],[12.634457211939235,46.13205371713102],[12.635234543793205,46.13206980970149],[12.635211438462282,46.13260935721903],[12.634434099030528,46.132593264347285]]]},"properties":{"nbr_class":"stress","color":"#ffffbf"}},{"type":"Feature","geometry":{"type":"Polygon","coordinates":[[[12.665528190968546,46.133232859297316],[12.665551000747737,46.13269330010651],[12.666328358934742,46.13270918139979],[12.666305556734265,46.13324874088795],[12.665528190968546,46.133232859297316]]]},"properties":{"nbr_class":"sana","color":"#1a9641"}},{"type":"Feature","geometry":{"type":"Polygon","coordinates":[[[12.63033902486319,46.13736862942941],[12.630362181616626,46.13682908426257],[12.631139578361335,46.13684520595762],[12.631209021912861,46.135226569190635],[12.630431647905683,46.13521044840106],[12.630477955455914,46.13413135752591],[12.631255314305818,46.13414747771188],[12.631371033711375,46.131449747962115],[12.632148355335488,46.1314658613576],[12.632078948409726,46.13308450029299],[12.632856293430372,46.13310060931166],[12.632833164044039,46.133640155804734],[12.634387871231224,46.133672358599384],[12.633518023464347,46.13581444641995],[12.635072792607376,46.13584664106154],[12.635049682653115,46.13638618815817],[12.63427229017084,46.136370093177234],[12.634226053121344,46.1374491865874],[12.633448646142835,46.13743308572111],[12.63347177257769,46.13689353934755],[12.63033902486319,46.13736862942941]],[[12.63271750719538,46.13633788736793],[12.63349489835152,46.13635399291381],[12.633518023464347,46.13581444641995],[12.632740639887455,46.13579834117559],[12.63271750719538,46.13633788736793]]]},"properties":{"nbr_class":"sana","color":"#1a9641"}},{"type":"Feature","geometry":{"type":"Polygon","coordinates":[[[12.640606726476255,46.13380095849754],[12.640652833024546,46.132721859430205],[12.639875488959309,46.132705803531316],[12.639921608027702,46.13162670482481],[12.641476266507835,46.131658810138546],[12.641384086359137,46.133817009715564],[12.640606726476255,46.13380095849754]]]},"properties":{"nbr_class":"stress","color":"#ffffbf"}},{"type":"Feature","geometry":{"type":"Polygon","coordinates":[[[12.651535719250447,46.13294608741179],[12.651558665442538,46.13240653358997],[12.653113358860452,46.13243848104865],[12.653136289240514,46.131898926568724],[12.653913629357804,46.13191489207619],[12.65386778309874,46.13299400157389],[12.651535719250447,46.13294608741179]]]},"properties":{"nbr_class":"sana","color":"#1a9641"}},{"type":"Feature","geometry":{"type":"Polygon","coordinates":[[[12.654645139029872,46.133009962397125],[12.654668054908637,46.13247040737944],[12.656222753585356,46.132502312582254],[12.656245653652768,46.131962756907264],[12.657022996398064,46.131978701287125],[12.656977210765348,46.13305781317419],[12.654645139029872,46.133009962397125]]]},"properties":{"nbr_class":"sana","color":"#1a9641"}},{"type":"Feature","geometry":{"type":"Polygon","coordinates":[[[12.646802630399138,46.13446877218747],[12.646871609326364,46.13285011647263],[12.646094259978723,46.13283410282912],[12.646117259218238,46.132294551103904],[12.644562577657993,46.132262508570925],[12.644585591395915,46.131722957385556],[12.646917591991985,46.13177101236254],[12.646894600987746,46.132310564447614],[12.64844928650445,46.132342575289364],[12.648426309999405,46.13288212791371],[12.647648959333331,46.13286612483417],[12.648380355019095,46.133961232982315],[12.646802630399138,46.13446877218747]]]},"properties":{"nbr_class":"stress","color":"#ffffbf"}},{"type":"Feature","geometry":{"type":"Polygon","coordinates":[[[12.64922663025121,46.1323585727874],[12.649249598521559,46.131819019803515],[12.650026935348961,46.131835011720234],[12.650003974656626,46.13237456500352],[12.64922663025121,46.1323585727874]]]},"properties":{"nbr_class":"sana","color":"#1a9641"}},{"type":"Feature","geometry":{"type":"Polygon","coordinates":[[[12.662281680175637,46.13640662685666],[12.662327367545123,46.13532751151495],[12.661549974735621,46.13531160232177],[12.661618523630635,46.133692929753295],[12.660841154214104,46.13367701617138],[12.660886865369367,46.13259790142193],[12.660109511765603,46.1325819831538],[12.66013237394168,46.1320424259872],[12.66168706664791,46.132074256645424],[12.661664219628529,46.132613814407975],[12.665551000747737,46.13269330010651],[12.665528190968546,46.133232859297316],[12.664750825856949,46.13321697242444],[12.664728007846874,46.133756531257895],[12.665505380537377,46.133772418428215],[12.665482569454209,46.134311977499216],[12.66470518918458,46.134296090031434],[12.664613908012768,46.13645432452653],[12.662281680175637,46.13640662685666]],[[12.66235021025045,46.13478795375419],[12.663127596135546,46.13480385736701],[12.66315043060869,46.134264299248585],[12.662373052302867,46.13424839593352],[12.66235021025045,46.13478795375419]],[[12.66315043060869,46.134264299248585],[12.663927809569335,46.13428019728122],[12.66395063581073,46.13374063880522],[12.663173264429165,46.13372474107024],[12.66315043060869,46.134264299248585]]]},"properties":{"nbr_class":"moderata","color":"#a6d96a"}},{"type":"Feature","geometry":{"type":"Polygon","coordinates":[[[12.674101976732448,46.13286770381157],[12.674124702494922,46.132328141295616],[12.674902060283937,46.13234396418817],[12.674879342100215,46.13288352700038],[12.674101976732448,46.13286770381157]]]},"properties":{"nbr_class":"degradata","color":"#fdae61"}},{"type":"Feature","geometry":{"type":"Polygon","coordinates":[[[12.679543547980646,46.132978355204706],[12.679566220691367,46.13243879061708],[12.680343583036136,46.132454576534045],[12.680320917904332,46.13299414141723],[12.679543547980646,46.132978355204706]]]},"properties":{"nbr_class":"degradata","color":"#fdae61"}},{"type":"Feature","geometry":{"type":"Polygon","coordinates":[[[12.666604085554743,46.144595358853955],[12.666649701520836,46.143516241738865],[12.665872191064116,46.14350035978183],[12.665895005652018,46.14296080143179],[12.66822751623574,46.14300843055867],[12.668295887844547,46.14138975247396],[12.665185966030373,46.141326239970816],[12.665117503432466,46.14294491448805],[12.66434000186745,46.14292902226029],[12.664294341707766,46.144008137710465],[12.662739310210725,46.14397633621208],[12.662785000701902,46.14289722195271],[12.664362830968367,46.14238946444532],[12.664408487212459,46.14131034863567],[12.663631009049231,46.14129445201679],[12.66360817367134,46.141834009653955],[12.662030352950332,46.142341756951176],[12.66198464860002,46.14342087073473],[12.660429636200869,46.14338903812722],[12.660452503868045,46.1428494818614],[12.655787527913873,46.1427538590121],[12.655741700933282,46.143832967903116],[12.654186683872913,46.14380105015362],[12.654209612856166,46.14326149633567],[12.653432112894995,46.14324552983374],[12.653477984059919,46.14216642261575],[12.654255468856357,46.14218238851983],[12.654278395873343,46.1416428345219],[12.659720754772788,46.14175444581447],[12.659766500695314,46.140675333459484],[12.65898903404653,46.14065940543672],[12.658966153830413,46.14119896134598],[12.656633735076834,46.141151144681224],[12.656656638038127,46.14061158966722],[12.655879174015368,46.140595640510355],[12.655924993136644,46.13951653089962],[12.655147544933596,46.13950057705666],[12.655170461092956,46.13896102246001],[12.655947901714995,46.13897697600428],[12.65601662352118,46.137358310958426],[12.656794042058408,46.13737425832374],[12.65686273523193,46.13575559184241],[12.657640131685929,46.13577153302942],[12.65761724219568,46.13631108888163],[12.659149177247754,46.136882512393235],[12.659217800239775,46.13526384304674],[12.659995191082729,46.13527976808766],[12.660040921316467,46.13420065429395],[12.659263545632083,46.13418472984934],[12.659240673262817,46.13472428647802],[12.65846329065518,46.1347083564528],[12.6584861706036,46.13416880012236],[12.657708796231235,46.134152865113045],[12.657685908703684,46.13469242114513],[12.655353766788224,46.13464458352758],[12.656176951486861,46.13358142375233],[12.657731683104604,46.133613309020994],[12.657823224056674,46.13145508405318],[12.658600560536625,46.13147101757086],[12.659286417347596,46.13364517316071],[12.66006378545302,46.133661097307176],[12.660109511765603,46.1325819831538],[12.660886865369367,46.13259790142193],[12.660841154214104,46.13367701617138],[12.661618523630635,46.133692929753295],[12.661549974735621,46.13531160232177],[12.662327367545123,46.13532751151495],[12.662281680175637,46.13640662685666],[12.664613908012768,46.13645432452653],[12.66470518918458,46.134296090031434],[12.666282753882028,46.1337883003162],[12.666191535954995,46.135946537430186],[12.66696894027155,46.13596241522484],[12.666923342557148,46.13704153401701],[12.66534568926187,46.137549330667206],[12.66527724036181,46.13916800644248],[12.667609589761618,46.13921564517766],[12.66758679490116,46.13975520454154],[12.666031879484516,46.13972345007359],[12.666009068809332,46.14026300878304],[12.670651102555842,46.14089777099954],[12.670628336068747,46.14143733137166],[12.669850852674108,46.1414214770229],[12.669805302582613,46.142500596993884],[12.669027804676345,46.14248473676743],[12.669005021071277,46.14302429636617],[12.669782526560267,46.14304015688957],[12.669759749886826,46.14357971672538],[12.668982236814896,46.14356385590502],[12.668936666348104,46.144642974803084],[12.666604085554743,46.144595358853955]],[[12.66047537088153,46.14230992553563],[12.661252861588132,46.14232584388534],[12.661275720365696,46.1417862872016],[12.660498237241345,46.14177036914992],[12.66047537088153,46.14230992553563]],[[12.660521102947515,46.14123081270427],[12.6620760546877,46.141262642927906],[12.662098904576588,46.14072308582638],[12.660543968000063,46.140691256198686],[12.660521102947515,46.14123081270427]],[[12.656656638038127,46.14061158966722],[12.657434102717717,46.140627533540574],[12.657456997442843,46.14008797816808],[12.65667954034474,46.14007203459324],[12.656656638038127,46.14061158966722]],[[12.662098904576588,46.14072308582638],[12.662876373847928,46.14073899271485],[12.662899215502001,46.14019943525558],[12.66212175381231,46.14018352866492],[12.662098904576588,46.14072308582638]],[[12.657456997442843,46.14008797816808],[12.658234455197542,46.14010391645951],[12.658257341686932,46.13956436072865],[12.657479891513528,46.13954842273562],[12.657456997442843,46.14008797816808]],[[12.662899215502001,46.14019943525558],[12.664454140846388,46.140231232586366],[12.664476966684598,46.13969167447184],[12.662922056503145,46.139659877736385],[12.662899215502001,46.14019943525558]],[[12.658257341686932,46.13956436072865],[12.660589696144385,46.13961214300768],[12.661412859309882,46.13854894584051],[12.659857984694767,46.1385171080301],[12.659880854060265,46.137977551522894],[12.659103425317097,46.13796162499113],[12.659057670770778,46.13904073734923],[12.658280227522123,46.139024804937826],[12.658257341686932,46.13956436072865]],[[12.66294489685139,46.13912032015724],[12.663722344033458,46.13913622086898],[12.663768007609491,46.13805710493556],[12.66299057558925,46.13804120481922],[12.66294489685139,46.13912032015724]],[[12.65754856979917,46.137929756078464],[12.658325997229992,46.13794569317632],[12.658348881102718,46.13740613720562],[12.657571461252324,46.13739020040615],[12.65754856979917,46.137929756078464]],[[12.660704005068425,46.13691435898118],[12.661481419962245,46.136930274350846],[12.661549974735621,46.13531160232177],[12.659972324985496,46.1358193248946],[12.660704005068425,46.13691435898118]]]},"properties":{"nbr_class":"stress","color":"#ffffbf"}},{"type":"Feature","geometry":{"type":"Polygon","coordinates":[[[12.65386778309874,46.13299400157389],[12.653913629357804,46.13191489207619],[12.655468311564148,46.13194680724548],[12.655491218555014,46.131407251809115],[12.656268553065654,46.131423201172296],[12.656222753585356,46.132502312582254],[12.654668054908637,46.13247040737944],[12.654645139029872,46.133009962397125],[12.65386778309874,46.13299400157389]]]},"properties":{"nbr_class":"moderata","color":"#a6d96a"}},{"type":"Feature","geometry":{"type":"Polygon","coordinates":[[[12.626683929887696,46.131892500935336],[12.626730305269911,46.130813412358904],[12.627507615331973,46.130829557141205],[12.627461255104205,46.13190864632218],[12.626683929887696,46.131892500935336]]]},"properties":{"nbr_class":"sana","color":"#1a9641"}},{"type":"Feature","geometry":{"type":"Polygon","coordinates":[[[12.659286417347596,46.13364517316071],[12.659332158817454,46.1325660596036],[12.658554806525139,46.13255013077132],[12.658600560536625,46.13147101757086],[12.66013237394168,46.1320424259872],[12.66006378545302,46.133661097307176],[12.659286417347596,46.13364517316071]]]},"properties":{"nbr_class":"degradata","color":"#fdae61"}},{"type":"Feature","geometry":{"type":"Polygon","coordinates":[[[12.665551000747737,46.13269330010651],[12.665596618350277,46.131614181545196],[12.666373961380497,46.13163006224381],[12.666328358934742,46.13270918139979],[12.665551000747737,46.13269330010651]]]},"properties":{"nbr_class":"moderata","color":"#a6d96a"}},{"type":"Feature","geometry":{"type":"Polygon","coordinates":[[[12.671769884540286,46.13282020255147],[12.671815380887276,46.13174107923838],[12.672592729142103,46.13175691768093],[12.672547247952265,46.13283604158709],[12.671769884540286,46.13282020255147]]]},"properties":{"nbr_class":"degradata","color":"#fdae61"}},{"type":"Feature","geometry":{"type":"Polygon","coordinates":[[[12.632148355335488,46.1314658613576],[12.63217148965493,46.1309263149255],[12.63294880436516,46.13094242273785],[12.632925677623,46.13148196947152],[12.632148355335488,46.1314658613576]]]},"properties":{"nbr_class":"sana","color":"#1a9641"}},{"type":"Feature","geometry":{"type":"Polygon","coordinates":[[[12.647694926842853,46.13178702012466],[12.647717909612249,46.131247467679856],[12.648495237544433,46.131263469860585],[12.648472262352783,46.131803022605],[12.647694926842853,46.13178702012466]]]},"properties":{"nbr_class":"sana","color":"#1a9641"}},{"type":"Feature","geometry":{"type":"Polygon","coordinates":[[[12.653136289240514,46.131898926568724],[12.653159218965184,46.13135937202879],[12.653936551504563,46.13137533723735],[12.653913629357804,46.13191489207619],[12.653136289240514,46.131898926568724]]]},"properties":{"nbr_class":"moderata","color":"#a6d96a"}},{"type":"Feature","geometry":{"type":"Polygon","coordinates":[[[12.653913629357804,46.13191489207619],[12.653936551504563,46.13137533723735],[12.655491218555014,46.131407251809115],[12.655468311564148,46.13194680724548],[12.653913629357804,46.13191489207619]]]},"properties":{"nbr_class":"sana","color":"#1a9641"}},{"type":"Feature","geometry":{"type":"Polygon","coordinates":[[[12.659355028571845,46.132026502735116],[12.659377897672575,46.13148694580669],[12.660155235464313,46.131502868760656],[12.66013237394168,46.1320424259872],[12.659355028571845,46.132026502735116]]]},"properties":{"nbr_class":"moderata","color":"#a6d96a"}},{"type":"Feature","geometry":{"type":"Polygon","coordinates":[[[12.622681174281597,46.13450940760088],[12.622866989518462,46.1301930663612],[12.623644288677122,46.13020923724751],[12.623621071672735,46.130748780416006],[12.625175687140676,46.13078110695016],[12.625152484626776,46.131320650663646],[12.623597854004771,46.13128832352429],[12.62505966793926,46.133478824915585],[12.623504976696676,46.13344649535523],[12.623458534060555,46.13452558090938],[12.622681174281597,46.13450940760088]]]},"properties":{"nbr_class":"sana","color":"#1a9641"}},{"type":"Feature","geometry":{"type":"Polygon","coordinates":[[[12.667883077270172,46.13274092813985],[12.66790586366184,46.13220136799744],[12.667128511745837,46.13218549756564],[12.667174097731792,46.1311063776954],[12.66950610997039,46.13115397136236],[12.669460569453902,46.13223309301477],[12.667883077270172,46.13274092813985]]]},"properties":{"nbr_class":"degradata","color":"#fdae61"}},{"type":"Feature","geometry":{"type":"Polygon","coordinates":[[[12.654713884701247,46.13139129716413],[12.654736798615136,46.13085174196651],[12.655514124891164,46.130867696312784],[12.655491218555014,46.131407251809115],[12.654713884701247,46.13139129716413]]]},"properties":{"nbr_class":"moderata","color":"#a6d96a"}},{"type":"Feature","geometry":{"type":"Polygon","coordinates":[[[12.658600560536625,46.13147101757086],[12.658623436561577,46.13093146088069],[12.659400766119669,46.130947388818306],[12.659377897672575,46.13148694580669],[12.658600560536625,46.13147101757086]]]},"properties":{"nbr_class":"stress","color":"#ffffbf"}},{"type":"Feature","geometry":{"type":"Polygon","coordinates":[[[12.666373961380497,46.13163006224381],[12.666396761625824,46.13109050257598],[12.667174097731792,46.1311063776954],[12.667151305064552,46.13164593766046],[12.666373961380497,46.13163006224381]]]},"properties":{"nbr_class":"moderata","color":"#a6d96a"}},{"type":"Feature","geometry":{"type":"Polygon","coordinates":[[[12.685762525557363,46.13310449699774],[12.68578513763612,46.132564930048424],[12.685007770746221,46.13254918110763],[12.684275657038533,46.13145429398624],[12.687362469635673,46.13205684448445],[12.687339873361017,46.13259641208293],[12.685762525557363,46.13310449699774]]]},"properties":{"nbr_class":"degradata","color":"#fdae61"}},{"type":"Feature","geometry":{"type":"Polygon","coordinates":[[[12.633726119738549,46.13095852526874],[12.633772356085984,46.12987943101803],[12.634549656968309,46.129895527664694],[12.634503435774876,46.130974622518124],[12.633726119738549,46.13095852526874]]]},"properties":{"nbr_class":"stress","color":"#ffffbf"}},{"type":"Feature","geometry":{"type":"Polygon","coordinates":[[[12.652358949780767,46.131882955779375],[12.652404823730302,46.13080384723754],[12.65162750008383,46.13078787176455],[12.651650443652679,46.130248317702716],[12.656314349927943,46.130344089522445],[12.656291451824039,46.13088364537736],[12.657068779413544,46.13089958916021],[12.657022996398064,46.131978701287125],[12.656245653652768,46.131962756907264],[12.655514124891164,46.130867696312784],[12.652358949780767,46.131882955779375]]]},"properties":{"nbr_class":"stress","color":"#ffffbf"}},{"type":"Feature","geometry":{"type":"Polygon","coordinates":[[[12.676479480193409,46.13183603066249],[12.67654758343192,46.13021733991089],[12.678879573672859,46.13026474165196],[12.678834217631236,46.13134387065452],[12.678056871744115,46.13132807476453],[12.678034185172562,46.131867638880365],[12.676479480193409,46.13183603066249]]]},"properties":{"nbr_class":"degradata","color":"#fdae61"}},{"type":"Feature","geometry":{"type":"Polygon","coordinates":[[[12.6889171927947,46.13208830480041],[12.688984932272568,46.130469599879476],[12.689762272087885,46.130485321230935],[12.68969455534564,46.13210402703494],[12.6889171927947,46.13208830480041]]]},"properties":{"nbr_class":"degradata","color":"#fdae61"}},{"type":"Feature","geometry":{"type":"Polygon","coordinates":[[[12.639967724459844,46.13054760587795],[12.640013838255918,46.12946850669073],[12.640791136856716,46.129484560786125],[12.64074503821459,46.1305636605745],[12.639967724459844,46.13054760587795]]]},"properties":{"nbr_class":"moderata","color":"#a6d96a"}},{"type":"Feature","geometry":{"type":"Polygon","coordinates":[[[12.64074503821459,46.1305636605745],[12.640791136856716,46.129484560786125],[12.643123036623763,46.12953269138453],[12.642299667706766,46.13059575412311],[12.64074503821459,46.1305636605745]]]},"properties":{"nbr_class":"sana","color":"#1a9641"}},{"type":"Feature","geometry":{"type":"Polygon","coordinates":[[[12.650873128241546,46.13023233724726],[12.650896078731837,46.129692783424616],[12.651673386565777,46.12970876358089],[12.651650443652679,46.130248317702716],[12.650873128241546,46.13023233724726]]]},"properties":{"nbr_class":"stress","color":"#ffffbf"}},{"type":"Feature","geometry":{"type":"Polygon","coordinates":[[[12.673370078049032,46.13177275084141],[12.672638207732085,46.13067779353535],[12.674192875885112,46.13070945338872],[12.67423832156444,46.12963032781825],[12.67501564146293,46.129646149229664],[12.674947494703389,46.131264838384276],[12.673370078049032,46.13177275084141]]]},"properties":{"nbr_class":"moderata","color":"#a6d96a"}},{"type":"Feature","geometry":{"type":"Polygon","coordinates":[[[12.650095813488539,46.130216351510256],[12.650141728967297,46.129137244403516],[12.651696328823144,46.12916920939904],[12.651673386565777,46.12970876358089],[12.650095813488539,46.130216351510256]]]},"properties":{"nbr_class":"degradata","color":"#fdae61"}},{"type":"Feature","geometry":{"type":"Polygon","coordinates":[[[12.660200956549339,46.13042375412774],[12.660246675020863,46.12934463925505],[12.66102398315785,46.129360555735104],[12.660978279841054,46.130439671203796],[12.660200956549339,46.13042375412774]]]},"properties":{"nbr_class":"moderata","color":"#a6d96a"}},{"type":"Feature","geometry":{"type":"Polygon","coordinates":[[[12.635350060542553,46.12937207121188],[12.63537316191153,46.12883252333357],[12.636150448965756,46.12884860881531],[12.636127355173288,46.12938815699478],[12.635350060542553,46.12937207121188]]]},"properties":{"nbr_class":"sana","color":"#1a9641"}},{"type":"Feature","geometry":{"type":"Polygon","coordinates":[[[12.638390025893035,46.13105502954248],[12.63841309893411,46.13051548064045],[12.636858476054844,46.130483334277145],[12.636881563590471,46.12994378591686],[12.63921347617087,46.12999199663704],[12.639259603802449,46.12891289793095],[12.64239180174166,46.12843755190266],[12.642345736040856,46.12951665313304],[12.640013838255918,46.12946850669073],[12.639967724459844,46.13054760587795],[12.64074503821459,46.1305636605745],[12.640721987905339,46.131103210378555],[12.638390025893035,46.13105502954248]]]},"properties":{"nbr_class":"stress","color":"#ffffbf"}},{"type":"Feature","geometry":{"type":"Polygon","coordinates":[[[12.671129048488385,46.12956698935582],[12.671151800663473,46.12902742766668],[12.671929110377002,46.12904326990817],[12.671906365779279,46.12958283189393],[12.671129048488385,46.12956698935582]]]},"properties":{"nbr_class":"degradata","color":"#fdae61"}},{"type":"Feature","geometry":{"type":"Polygon","coordinates":[[[12.636881563590471,46.12994378591686],[12.636950822238303,46.128325140475305],[12.638528454248227,46.127817735228774],[12.63921347617087,46.12999199663704],[12.636881563590471,46.12994378591686]]]},"properties":{"nbr_class":"degradata","color":"#fdae61"}},{"type":"Feature","geometry":{"type":"Polygon","coordinates":[[[12.643900337866937,46.12954872435469],[12.643946373261246,46.12846962192345],[12.644723660011156,46.12848564901215],[12.6447466691452,46.12794609740639],[12.646301229471426,46.12797813514048],[12.646255240851625,46.129057239491615],[12.644700650219486,46.12902520055786],[12.644677639770165,46.12956475204353],[12.643900337866937,46.12954872435469]]]},"properties":{"nbr_class":"stress","color":"#ffffbf"}},{"type":"Feature","geometry":{"type":"Polygon","coordinates":[[[12.634595875519716,46.128816432570716],[12.634642091429292,46.12773733723621],[12.635419362668783,46.12775342739657],[12.63537316191153,46.12883252333357],[12.634595875519716,46.128816432570716]]]},"properties":{"nbr_class":"stress","color":"#ffffbf"}},{"type":"Feature","geometry":{"type":"Polygon","coordinates":[[[12.63848231410074,46.128896833573755],[12.638528454248227,46.127817735228774],[12.639305728797378,46.127833798984454],[12.639259603802449,46.12891289793095],[12.63848231410074,46.128896833573755]]]},"properties":{"nbr_class":"stress","color":"#ffffbf"}},{"type":"Feature","geometry":{"type":"Polygon","coordinates":[[[12.636950822238303,46.128325140475305],[12.63697390713464,46.12778559187455],[12.637751180360576,46.127801666192134],[12.637728103040363,46.12834121509383],[12.636950822238303,46.128325140475305]]]},"properties":{"nbr_class":"stress","color":"#ffffbf"}},{"type":"Feature","geometry":{"type":"Polygon","coordinates":[[[12.650164685722457,46.128597690760124],[12.650187641821505,46.12805813705671],[12.650964926267129,46.128074121596605],[12.650941977744605,46.12861367559928],[12.650164685722457,46.128597690760124]]]},"properties":{"nbr_class":"moderata","color":"#a6d96a"}},{"type":"Feature","geometry":{"type":"Polygon","coordinates":[[[12.66799700271591,46.130043126828944],[12.668019785851394,46.12950356638709],[12.666465158451881,46.129471823213095],[12.66648795609067,46.12893226330568],[12.663378739446955,46.12886871476868],[12.663401566741971,46.128329155991125],[12.668065350168876,46.12842444532376],[12.668042568335707,46.128964005885365],[12.669597183193886,46.12899572733907],[12.668774324973228,46.13005899079055],[12.66799700271591,46.130043126828944]]]},"properties":{"nbr_class":"moderata","color":"#a6d96a"}},{"type":"Feature","geometry":{"type":"Polygon","coordinates":[[[12.63219462331317,46.13038676843327],[12.632240888646145,46.12930767526832],[12.631463597329757,46.12929156307949],[12.631556150366603,46.127133377234344],[12.633110673054041,46.12716559391811],[12.633087550938278,46.12770514107279],[12.632310281687188,46.127689035069764],[12.632264020320925,46.12876812859562],[12.633041304724198,46.128784235201735],[12.632971930446338,46.13040287594404],[12.63219462331317,46.13038676843327]]]},"properties":{"nbr_class":"sana","color":"#1a9641"}},{"type":"Feature","geometry":{"type":"Polygon","coordinates":[[[12.619050287123919,46.12849350829854],[12.619874064016747,46.12743062083145],[12.621428581909955,46.12746299654172],[12.621451817659755,46.126923453920384],[12.62222907003043,46.126939633551565],[12.622182613017833,46.12801871933983],[12.619050287123919,46.12849350829854]]]},"properties":{"nbr_class":"moderata","color":"#a6d96a"}},{"type":"Feature","geometry":{"type":"Polygon","coordinates":[[[12.628423945384558,46.12760842584185],[12.62844711295457,46.12706888049784],[12.630001630332869,46.127101139427566],[12.629978477914177,46.12764068537552],[12.628423945384558,46.12760842584185]]]},"properties":{"nbr_class":"moderata","color":"#a6d96a"}},{"type":"Feature","geometry":{"type":"Polygon","coordinates":[[[12.649410358034126,46.128042147235696],[12.649433321053362,46.127502593771624],[12.650210597264458,46.12751858329329],[12.650187641821505,46.12805813705671],[12.649410358034126,46.128042147235696]]]},"properties":{"nbr_class":"moderata","color":"#a6d96a"}},{"type":"Feature","geometry":{"type":"Polygon","coordinates":[[[12.650964926267129,46.128074121596605],[12.65098787413378,46.127534567533914],[12.651765151661108,46.1275505464935],[12.651742211370786,46.12809010085535],[12.650964926267129,46.128074121596605]]]},"properties":{"nbr_class":"degradata","color":"#fdae61"}},{"type":"Feature","geometry":{"type":"Polygon","coordinates":[[[12.661069683862191,46.12828144002669],[12.661092533234752,46.12774188208257],[12.662647106013136,46.127773697411186],[12.66262427179386,46.128313255950964],[12.661069683862191,46.12828144002669]]]},"properties":{"nbr_class":"moderata","color":"#a6d96a"}},{"type":"Feature","geometry":{"type":"Polygon","coordinates":[[[12.670397250704296,46.12847201869134],[12.670420009155752,46.12793245717916],[12.671974597622278,46.127964145757105],[12.67195185432466,46.12850370786256],[12.670397250704296,46.12847201869134]]]},"properties":{"nbr_class":"moderata","color":"#a6d96a"}},{"type":"Feature","geometry":{"type":"Polygon","coordinates":[[[12.61888744987056,46.13227029775203],[12.618910714329967,46.13173075658229],[12.616578762661351,46.13168213028744],[12.617402636448643,46.130619263027185],[12.61662533504707,46.1306030495879],[12.615894619189762,46.12950775053406],[12.616671904770705,46.12952396864729],[12.616695188634298,46.12898442808659],[12.618249746646608,46.129016847863014],[12.618273014692841,46.12847730663508],[12.620604833986752,46.12852589578286],[12.620628078640593,46.127986353585015],[12.622182613017833,46.12801871933983],[12.622252297540948,46.12640009056708],[12.623029543002405,46.12641626461483],[12.622959881205672,46.128034894296036],[12.623737150059368,46.128051063971405],[12.623690720695258,46.1291301507299],[12.62135887067595,46.12908162404434],[12.62133563226967,46.12962116642475],[12.620558342686008,46.129604979997836],[12.62048860075188,46.13122360586851],[12.619711289104734,46.13120741325108],[12.619664776005243,46.13228649625736],[12.61888744987056,46.13227029775203]]]},"properties":{"nbr_class":"stress","color":"#ffffbf"}},{"type":"Feature","geometry":{"type":"Polygon","coordinates":[[[12.639305728797378,46.127833798984454],[12.639328790306159,46.12729424942106],[12.64090637193425,46.12678681026365],[12.64086027987931,46.1278659106529],[12.639305728797378,46.127833798984454]]]},"properties":{"nbr_class":"sana","color":"#1a9641"}},{"type":"Feature","geometry":{"type":"Polygon","coordinates":[[[12.68594340409195,46.12878795973015],[12.685988617263614,46.12770882481573],[12.68676591659979,46.12772456582152],[12.686720718582647,46.128803701325374],[12.68594340409195,46.12878795973015]]]},"properties":{"nbr_class":"sana","color":"#1a9641"}},{"type":"Feature","geometry":{"type":"Polygon","coordinates":[[[12.627669855261752,46.12705274311192],[12.627693029745059,46.12651319800985],[12.628470279862468,46.12652933509365],[12.62844711295457,46.12706888049784],[12.627669855261752,46.12705274311192]]]},"properties":{"nbr_class":"moderata","color":"#a6d96a"}},{"type":"Feature","geometry":{"type":"Polygon","coordinates":[[[12.651765151661108,46.1275505464935],[12.65178809129579,46.12701099207164],[12.652565361904776,46.1270269654511],[12.652542429846227,46.127566520172024],[12.651765151661108,46.1275505464935]]]},"properties":{"nbr_class":"degradata","color":"#fdae61"}},{"type":"Feature","geometry":{"type":"Polygon","coordinates":[[[12.664978970090841,46.12782138079492],[12.665001780928051,46.12728182130248],[12.665779062685923,46.12729770490385],[12.665756259425242,46.127837264693675],[12.664978970090841,46.12782138079492]]]},"properties":{"nbr_class":"degradata","color":"#fdae61"}},{"type":"Feature","geometry":{"type":"Polygon","coordinates":[[[12.661664219628529,46.132613814407975],[12.66168706664791,46.132074256645424],[12.66013237394168,46.1320424259872],[12.660155235464313,46.131502868760656],[12.659377897672575,46.13148694580669],[12.659423633913148,46.130407831769986],[12.658646311932696,46.130391904130576],[12.658714934123303,46.128773233520505],[12.657137449029848,46.129280920520074],[12.657160337593533,46.12874136418677],[12.65562864675195,46.12816991793148],[12.65567445091405,46.127090806159124],[12.657228999359658,46.127122694827065],[12.6572518853068,46.126583138253906],[12.658029152938006,46.12659907436797],[12.657983395542002,46.12767818805106],[12.658760678981647,46.12769411948068],[12.658806421225222,46.126615005201074],[12.659583690168231,46.126630930753194],[12.65953796307713,46.12771004562915],[12.661092533234752,46.12774188208257],[12.661069683862191,46.12828144002669],[12.663401566741971,46.128329155991125],[12.663378739446955,46.12886871476868],[12.66648795609067,46.12893226330568],[12.666465158451881,46.129471823213095],[12.668019785851394,46.12950356638709],[12.667974218929238,46.13058268721088],[12.667196889747576,46.13056681767046],[12.667174097731792,46.1311063776954],[12.665596618350277,46.131614181545196],[12.665551000747737,46.13269330010651],[12.661664219628529,46.132613814407975]],[[12.660200956549339,46.13042375412774],[12.660978279841054,46.130439671203796],[12.66102398315785,46.129360555735104],[12.660246675020863,46.12934463925505],[12.660200956549339,46.13042375412774]]]},"properties":{"nbr_class":"sana","color":"#1a9641"}},{"type":"Feature","geometry":{"type":"Polygon","coordinates":[[[12.63466519839345,46.127197789478764],[12.634711410340623,46.12611869378346],[12.636265908028166,46.12615086701619],[12.635442462057103,46.12721387933788],[12.63466519839345,46.127197789478764]]]},"properties":{"nbr_class":"stress","color":"#ffffbf"}},{"type":"Feature","geometry":{"type":"Polygon","coordinates":[[[12.637797333022384,46.126722568208415],[12.637820408364023,46.126183019126394],[12.63859765952453,46.12619908726053],[12.638574591758388,46.12673863664338],[12.637797333022384,46.126722568208415]]]},"properties":{"nbr_class":"stress","color":"#ffffbf"}},{"type":"Feature","geometry":{"type":"Polygon","coordinates":[[[12.647901748121727,46.12693104596016],[12.647924724980047,46.12639149297505],[12.648701984722221,46.12640749245965],[12.648679015439702,46.126947045744316],[12.647901748121727,46.12693104596016]]]},"properties":{"nbr_class":"moderata","color":"#a6d96a"}},{"type":"Feature","geometry":{"type":"Polygon","coordinates":[[[12.649456283416315,46.12696304024754],[12.649479245123006,46.126423486663434],[12.650256506182187,46.12643947558639],[12.650233552051345,46.12697902946985],[12.649456283416315,46.12696304024754]]]},"properties":{"nbr_class":"degradata","color":"#fdae61"}},{"type":"Feature","geometry":{"type":"Polygon","coordinates":[[[12.652565361904776,46.1270269654511],[12.652588293307927,46.126487410670194],[12.654142821346419,46.126519340988374],[12.654119905095177,46.1270588963671],[12.652565361904776,46.1270269654511]]]},"properties":{"nbr_class":"moderata","color":"#a6d96a"}},{"type":"Feature","geometry":{"type":"Polygon","coordinates":[[[12.682102130310524,46.12763004056501],[12.682124773811529,46.12709047449321],[12.683679351492671,46.1271220034475],[12.683656723145337,46.12766157010961],[12.682102130310524,46.12763004056501]]]},"properties":{"nbr_class":"sana","color":"#1a9641"}},{"type":"Feature","geometry":{"type":"Polygon","coordinates":[[[12.63235654040921,46.126609941303315],[12.632402796487181,46.12553084729625],[12.6331800354365,46.125546952093195],[12.633133794508984,46.12662604670328],[12.63235654040921,46.126609941303315]]]},"properties":{"nbr_class":"stress","color":"#ffffbf"}},{"type":"Feature","geometry":{"type":"Polygon","coordinates":[[[12.68676591659979,46.12772456582152],[12.686811112033368,46.126645430078675],[12.687588396863854,46.12666116521377],[12.687543216583979,46.12774030154583],[12.68676591659979,46.12772456582152]]]},"properties":{"nbr_class":"sana","color":"#1a9641"}},{"type":"Feature","geometry":{"type":"Polygon","coordinates":[[[12.640929416973751,46.12624725997891],[12.64095246135464,46.12570770963406],[12.641729707584183,46.12572375634504],[12.64170667077867,46.12626330699032],[12.640929416973751,46.12624725997891]]]},"properties":{"nbr_class":"sana","color":"#1a9641"}},{"type":"Feature","geometry":{"type":"Polygon","coordinates":[[[12.639374911346463,46.126215150114],[12.639421029750586,46.12513605056653],[12.640198267083289,46.125152107538085],[12.64015216382961,46.12623120768679],[12.639374911346463,46.126215150114]]]},"properties":{"nbr_class":"stress","color":"#ffffbf"}},{"type":"Feature","geometry":{"type":"Polygon","coordinates":[[[12.672706420742733,46.129059106868105],[12.672751892833883,46.12797998212403],[12.671974597622278,46.127964145757105],[12.671288300058908,46.12579005627474],[12.675929192541808,46.12642458365808],[12.675861080197516,46.12804327477795],[12.676638378666645,46.128059084737906],[12.676661075853461,46.127519520795126],[12.677438367396567,46.12753532517775],[12.677415677786627,46.128074889416446],[12.67897027797829,46.12810648292919],[12.678947602874102,46.12864604769958],[12.672706420742733,46.129059106868105]]]},"properties":{"nbr_class":"degradata","color":"#fdae61"}},{"type":"Feature","geometry":{"type":"Polygon","coordinates":[[[12.684456641306637,46.12713776000265],[12.684501880908048,46.12605862590911],[12.686056432175368,46.12609012199596],[12.686033827850853,46.126629689662295],[12.684456641306637,46.12713776000265]]]},"properties":{"nbr_class":"sana","color":"#1a9641"}},{"type":"Feature","geometry":{"type":"Polygon","coordinates":[[[12.643284202024665,46.125755833925155],[12.64330722302141,46.12521628261927],[12.644084463656684,46.12523231318824],[12.644061450235172,46.12577186479427],[12.643284202024665,46.125755833925155]]]},"properties":{"nbr_class":"degradata","color":"#fdae61"}},{"type":"Feature","geometry":{"type":"Polygon","coordinates":[[[12.647147465896703,46.126375488209646],[12.647170449673919,46.12583593546413],[12.646393198825159,46.12581992571768],[12.64643917955946,46.12474082064601],[12.647993651615089,46.1247728336595],[12.647970676726707,46.125312386824724],[12.648747921317922,46.12532838571024],[12.648724953348287,46.125867939114954],[12.647147465896703,46.126375488209646]]]},"properties":{"nbr_class":"moderata","color":"#a6d96a"}},{"type":"Feature","geometry":{"type":"Polygon","coordinates":[[[12.63864379307905,46.12511998831451],[12.638666858867474,46.124580438751345],[12.639444087964137,46.12459650070266],[12.639421029750586,46.12513605056653],[12.63864379307905,46.12511998831451]]]},"properties":{"nbr_class":"sana","color":"#1a9641"}},{"type":"Feature","geometry":{"type":"Polygon","coordinates":[[[12.6697337735082,46.125758359507984],[12.66975653628344,46.12521879799325],[12.67053379165674,46.12523464872033],[12.670511036457306,46.12577421053184],[12.6697337735082,46.125758359507984]]]},"properties":{"nbr_class":"moderata","color":"#a6d96a"}},{"type":"Feature","geometry":{"type":"Polygon","coordinates":[[[12.639444087964137,46.12459650070266],[12.63946714551871,46.1240569507787],[12.64024436770183,46.12407300714902],[12.640221317721942,46.1246125573736],[12.639444087964137,46.12459650070266]]]},"properties":{"nbr_class":"sana","color":"#1a9641"}},{"type":"Feature","geometry":{"type":"Polygon","coordinates":[[[12.67597459752695,46.12534545594571],[12.675997299046276,46.124805891999806],[12.676774552057518,46.12482170018386],[12.676751858113967,46.12536126442574],[12.67597459752695,46.12534545594571]]]},"properties":{"nbr_class":"degradata","color":"#fdae61"}},{"type":"Feature","geometry":{"type":"Polygon","coordinates":[[[12.627507615331973,46.130829557141205],[12.62760032783774,46.128671378057014],[12.626823048081976,46.1286552344837],[12.626869415512202,46.12757614518495],[12.62609215157304,46.12755999693532],[12.62536128338062,46.12646475507488],[12.626138531503921,46.126480908000445],[12.626161720475237,46.12594136344272],[12.628493446108271,46.12598978962929],[12.628516611692005,46.12545024410474],[12.626184908783834,46.12540181882478],[12.626231283412974,46.12432272940834],[12.627008501901898,46.12433887584413],[12.627832062737234,46.12327592613357],[12.628609267406716,46.1232920614048],[12.628586104471024,46.12383160717005],[12.631694960084761,46.123896096661966],[12.631718092723759,46.12335654968936],[12.633272509362714,46.123388762151315],[12.633226273721014,46.124467857242536],[12.63011738250152,46.12440340878525],[12.630071083618926,46.12548250122267],[12.630848320578178,46.125498621860984],[12.630802034199439,46.12657771466137],[12.631579286972622,46.126593830622674],[12.631556150366603,46.127133377234344],[12.630778890017913,46.127117260971325],[12.630732599670434,46.12819635341074],[12.629178050661029,46.128164103834955],[12.629085401416166,46.13032228557665],[12.627507615331973,46.130829557141205]],[[12.628423945384558,46.12760842584185],[12.629978477914177,46.12764068537552],[12.630001630332869,46.127101139427566],[12.62844711295457,46.12706888049784],[12.628423945384558,46.12760842584185]],[[12.627669855261752,46.12705274311192],[12.62844711295457,46.12706888049784],[12.628470279862468,46.12652933509365],[12.627693029745059,46.12651319800985],[12.627669855261752,46.12705274311192]]]},"properties":{"nbr_class":"sana","color":"#1a9641"}},{"type":"Feature","geometry":{"type":"Polygon","coordinates":[[[12.636265908028166,46.12615086701619],[12.636288997860827,46.12561131847599],[12.635511756261119,46.12559523480106],[12.635557949096581,46.12451613814255],[12.634780723308877,46.12450004978951],[12.634826928652982,46.12342095349292],[12.636381350592833,46.12345312371406],[12.636358263399577,46.12399267249472],[12.637135482936925,46.1240087499861],[12.637158562555806,46.12346920090444],[12.638712988466773,46.12350133944473],[12.638666858867474,46.124580438751345],[12.637112402658444,46.124548299007635],[12.637043157865165,46.12616694571161],[12.636265908028166,46.12615086701619]]]},"properties":{"nbr_class":"stress","color":"#ffffbf"}},{"type":"Feature","geometry":{"type":"Polygon","coordinates":[[[12.647993651615089,46.1247728336595],[12.648039599422077,46.123693727148996],[12.648816821288474,46.123709725135946],[12.648770888631148,46.12478883224551],[12.647993651615089,46.1247728336595]]]},"properties":{"nbr_class":"degradata","color":"#fdae61"}},{"type":"Feature","geometry":{"type":"Polygon","coordinates":[[[12.623122416107686,46.124258090863506],[12.622391648664648,46.12316283139551],[12.624723250704921,46.123211332248744],[12.624676848429813,46.124290420696234],[12.623122416107686,46.124258090863506]]]},"properties":{"nbr_class":"stress","color":"#ffffbf"}},{"type":"Feature","geometry":{"type":"Polygon","coordinates":[[[12.676252427217468,46.13723166261272],[12.676275135435693,46.13669209968691],[12.672388043311312,46.13661297337339],[12.672456277772286,46.13499428868124],[12.673233672153403,46.135010123620454],[12.673256408093922,46.134470561640214],[12.672479021292377,46.134454726997475],[12.672501764162387,46.13391516525388],[12.670947007674805,46.13388348071397],[12.67096976505297,46.133343919503716],[12.669415026334008,46.13331221442767],[12.669392253797728,46.13385177504431],[12.667060127880603,46.1338041769218],[12.666373961380497,46.13163006224381],[12.667151305064552,46.13164593766046],[12.667883077270172,46.13274092813985],[12.669460569453902,46.13223309301477],[12.66950610997039,46.13115397136236],[12.667174097731792,46.1311063776954],[12.667196889747576,46.13056681767046],[12.668774324973228,46.13005899079055],[12.669597183193886,46.12899572733907],[12.668042568335707,46.128964005885365],[12.668065350168876,46.12842444532376],[12.66262427179386,46.128313255950964],[12.662647106013136,46.127773697411186],[12.661092533234752,46.12774188208257],[12.661115381954268,46.12720232407852],[12.660338104124147,46.12718640879037],[12.660383814756278,46.12610729319839],[12.658829291366532,46.12607544797132],[12.658897897868815,46.1244567759224],[12.661984018484153,46.125060000278545],[12.66125246055875,46.12396497479558],[12.667470343132008,46.124092092699705],[12.667447558931867,46.12463165344332],[12.670556546205837,46.12469508684898],[12.670579300104622,46.124155524917754],[12.671356540979389,46.124171369770686],[12.671333794655999,46.12471093199856],[12.675997299046276,46.124805891999806],[12.67597459752695,46.12534545594571],[12.676751858113967,46.12536126442574],[12.67668377239158,46.1269799567925],[12.68057019872755,46.127058924413674],[12.68050222082093,46.1286776206776],[12.681279530769142,46.128693399244234],[12.681256877749062,46.12923296484137],[12.67659298234682,46.12913821244404],[12.676570283213767,46.12967777620737],[12.67967957452479,46.129740966782],[12.67965690505405,46.130280531668625],[12.681988903097242,46.13032787002734],[12.681943607680978,46.13140700139379],[12.681166259193787,46.1313912266321],[12.681075630277496,46.13354948746623],[12.679498200614994,46.134057484200554],[12.679430174705628,46.13567617724581],[12.677875361013774,46.13564458601647],[12.67792074258757,46.134565458562356],[12.676365961817917,46.134533847385406],[12.676343256195915,46.13507341055052],[12.675565859208014,46.13505759674204],[12.67561128496213,46.13397847094412],[12.676388666790919,46.133994284160465],[12.676479480193409,46.13183603066249],[12.675702128680248,46.13182021863037],[12.67565670811948,46.1328993449069],[12.674879342100215,46.13288352700038],[12.674743019360486,46.13612090261707],[12.677075255803905,46.13616834581899],[12.677052555815107,46.13670790910063],[12.67782997684553,46.13672371323134],[12.677807283788432,46.13726327674905],[12.676252427217468,46.13723166261272]],[[12.678720816183072,46.134041692114344],[12.679498200614994,46.134057484200554],[12.679543547980646,46.132978355204706],[12.678766178707159,46.132962563709825],[12.678720816183072,46.134041692114344]],[[12.671769884540286,46.13282020255147],[12.672547247952265,46.13283604158709],[12.672592729142103,46.13175691768093],[12.671815380887276,46.13174107923838],[12.671769884540286,46.13282020255147]],[[12.674101976732448,46.13286770381157],[12.674879342100215,46.13288352700038],[12.674902060283937,46.13234396418817],[12.674124702494922,46.132328141295616],[12.674101976732448,46.13286770381157]],[[12.679543547980646,46.132978355204706],[12.680320917904332,46.13299414141723],[12.680343583036136,46.132454576534045],[12.679566220691367,46.13243879061708],[12.679543547980646,46.132978355204706]],[[12.673370078049032,46.13177275084141],[12.674947494703389,46.131264838384276],[12.67501564146293,46.129646149229664],[12.67423832156444,46.12963032781825],[12.674192875885112,46.13070945338872],[12.672638207732085,46.13067779353535],[12.673370078049032,46.13177275084141]],[[12.676479480193409,46.13183603066249],[12.678034185172562,46.131867638880365],[12.678056871744115,46.13132807476453],[12.678834217631236,46.13134387065452],[12.678879573672859,46.13026474165196],[12.67654758343192,46.13021733991089],[12.676479480193409,46.13183603066249]],[[12.671129048488385,46.12956698935582],[12.671906365779279,46.12958283189393],[12.671929110377002,46.12904326990817],[12.671151800663473,46.12902742766668],[12.671129048488385,46.12956698935582]],[[12.672706420742733,46.129059106868105],[12.675815668723333,46.12912240189206],[12.675838374784906,46.12858283836491],[12.678947602874102,46.12864604769958],[12.67897027797829,46.12810648292919],[12.677415677786627,46.128074889416446],[12.677438367396567,46.12753532517775],[12.675861080197516,46.12804327477795],[12.675929192541808,46.12642458365808],[12.671288300058908,46.12579005627474],[12.671242802861245,46.126869180311495],[12.672020082267478,46.12688502136661],[12.672706420742733,46.129059106868105]],[[12.670397250704296,46.12847201869134],[12.67195185432466,46.12850370786256],[12.671974597622278,46.127964145757105],[12.670420009155752,46.12793245717916],[12.670397250704296,46.12847201869134]],[[12.664978970090841,46.12782138079492],[12.665756259425242,46.127837264693675],[12.665779062685923,46.12729770490385],[12.665001780928051,46.12728182130248],[12.664978970090841,46.12782138079492]],[[12.6697337735082,46.125758359507984],[12.670511036457306,46.12577421053184],[12.67053379165674,46.12523464872033],[12.66975653628344,46.12521879799325],[12.6697337735082,46.125758359507984]]]},"properties":{"nbr_class":"stress","color":"#ffffbf"}},{"type":"Feature","geometry":{"type":"Polygon","coordinates":[[[12.688433425190736,46.125058189237954],[12.688456004849568,46.12451862050861],[12.689233260670335,46.12453434390354],[12.68921068858743,46.125073912927256],[12.688433425190736,46.125058189237954]]]},"properties":{"nbr_class":"sana","color":"#1a9641"}},{"type":"Feature","geometry":{"type":"Polygon","coordinates":[[[12.64255301096003,46.124660695704],[12.642576038215736,46.12412114457819],[12.643353263041163,46.12413717982729],[12.643399300429428,46.12305807679503],[12.64495372176222,46.12309013025193],[12.644884710140598,46.12470878651058],[12.64255301096003,46.124660695704]]]},"properties":{"nbr_class":"degradata","color":"#fdae61"}},{"type":"Feature","geometry":{"type":"Polygon","coordinates":[[[12.648039599422077,46.123693727148996],[12.64806257234073,46.1231541738037],[12.64883978663262,46.12317017149113],[12.648816821288474,46.123709725135946],[12.648039599422077,46.123693727148996]]]},"properties":{"nbr_class":"stress","color":"#ffffbf"}},{"type":"Feature","geometry":{"type":"Polygon","coordinates":[[[12.68379248352883,46.12442416924041],[12.683815107996118,46.12388460221969],[12.684592352353409,46.12390035700493],[12.684569735461695,46.12443992432061],[12.68379248352883,46.12442416924041]]]},"properties":{"nbr_class":"sana","color":"#1a9641"}},{"type":"Feature","geometry":{"type":"Polygon","coordinates":[[[12.625477259483716,46.12376703319625],[12.624746450847915,46.12267178793469],[12.627078036153609,46.12272024036117],[12.627101212912759,46.1221806950798],[12.627878401770362,46.12219683502668],[12.627832062737234,46.12327592613357],[12.62627765539152,46.12324363975112],[12.62625446973356,46.123783184609835],[12.625477259483716,46.12376703319625]]]},"properties":{"nbr_class":"sana","color":"#1a9641"}},{"type":"Feature","geometry":{"type":"Polygon","coordinates":[[[12.634850030334686,46.122881405254404],[12.634873131356189,46.12234185695578],[12.635650326847022,46.12235794410404],[12.635627233399413,46.12289749270385],[12.634850030334686,46.122881405254404]]]},"properties":{"nbr_class":"stress","color":"#ffffbf"}},{"type":"Feature","geometry":{"type":"Polygon","coordinates":[[[12.676819937998888,46.12374257152063],[12.676842629996752,46.12320300709928],[12.677619860932616,46.123218809114924],[12.6775971765099,46.12375837383211],[12.676819937998888,46.12374257152063]]]},"properties":{"nbr_class":"moderata","color":"#a6d96a"}},{"type":"Feature","geometry":{"type":"Polygon","coordinates":[[[12.689255832108136,46.12399477482009],[12.689278402900852,46.12345520567691],[12.690055644217598,46.123470923202355],[12.690033081000394,46.124010492639805],[12.689255832108136,46.12399477482009]]]},"properties":{"nbr_class":"sana","color":"#1a9641"}},{"type":"Feature","geometry":{"type":"Polygon","coordinates":[[[12.657983395542002,46.12767818805106],[12.658029152938006,46.12659907436797],[12.6572518853068,46.126583138253906],[12.657320539223857,46.12496446817464],[12.65809778412811,46.124980403393636],[12.658166409434086,46.12336173187972],[12.658943632269203,46.12337766092336],[12.658966498489123,46.12283810333391],[12.660543781394459,46.12233038673837],[12.660475228182442,46.123949061295164],[12.66125246055875,46.12396497479558],[12.661984018484153,46.125060000278545],[12.658897897868815,46.1244567759224],[12.658829291366532,46.12607544797132],[12.660383814756278,46.12610729319839],[12.660338104124147,46.12718640879037],[12.661115381954268,46.12720232407852],[12.661092533234752,46.12774188208257],[12.65953796307713,46.12771004562915],[12.659583690168231,46.126630930753194],[12.658806421225222,46.126615005201074],[12.658760678981647,46.12769411948068],[12.657983395542002,46.12767818805106]]]},"properties":{"nbr_class":"moderata","color":"#a6d96a"}},{"type":"Feature","geometry":{"type":"Polygon","coordinates":[[[12.630964024950964,46.12280088880721],[12.631010302070948,46.121721795164596],[12.631787486674313,46.12173790841064],[12.631741224701667,46.12281700265661],[12.630964024950964,46.12280088880721]]]},"properties":{"nbr_class":"sana","color":"#1a9641"}},{"type":"Feature","geometry":{"type":"Polygon","coordinates":[[[12.669847580879111,46.123060551335634],[12.669870340401822,46.12252098952155],[12.671424776049204,46.12255268272789],[12.671402031675967,46.12309224513535],[12.669847580879111,46.123060551335634]]]},"properties":{"nbr_class":"moderata","color":"#a6d96a"}},{"type":"Feature","geometry":{"type":"Polygon","coordinates":[[[12.678283701799895,46.1259324303167],[12.678306381240004,46.125392865542985],[12.676751858113967,46.12536126442574],[12.676774552057518,46.12482170018386],[12.675997299046276,46.124805891999806],[12.676042700138545,46.123726763928495],[12.6775971765099,46.12375837383211],[12.676865321346105,46.12266344261812],[12.682305898523584,46.12277394376673],[12.682283260199249,46.12331351031677],[12.683060495683575,46.12332927536831],[12.683037864287547,46.123868842153726],[12.681483378817429,46.1238373061796],[12.682215341344135,46.1249322096082],[12.686101638886313,46.125010986484035],[12.686079035853849,46.12555055426988],[12.68374723265438,46.12550330310254],[12.683724606247171,46.12604286994395],[12.681392786158275,46.125995570361724],[12.681415435294008,46.12545600440587],[12.678283701799895,46.1259324303167]]]},"properties":{"nbr_class":"stress","color":"#ffffbf"}},{"type":"Feature","geometry":{"type":"Polygon","coordinates":[[[12.690055644217598,46.123470923202355],[12.690078206789954,46.12293135370518],[12.690855441178336,46.122947065655715],[12.690832886181303,46.123486635447065],[12.690055644217598,46.123470923202355]]]},"properties":{"nbr_class":"sana","color":"#1a9641"}},{"type":"Feature","geometry":{"type":"Polygon","coordinates":[[[12.667447558931867,46.12463165344332],[12.667470343132008,46.124092092699705],[12.66125246055875,46.12396497479558],[12.661343833237128,46.12180674074162],[12.662898239357887,46.12183854951871],[12.662875412316067,46.12237810871763],[12.6675386918256,46.122473410109535],[12.667515909578851,46.123012971032814],[12.669847580879111,46.123060551335634],[12.66982482070594,46.12360011308984],[12.673710990463707,46.123679309468386],[12.673756434410791,46.12260018293467],[12.676865321346105,46.12266344261812],[12.675997299046276,46.124805891999806],[12.671333794655999,46.12471093199856],[12.671356540979389,46.124171369770686],[12.670579300104622,46.124155524917754],[12.670556546205837,46.12469508684898],[12.667447558931867,46.12463165344332]]]},"properties":{"nbr_class":"degradata","color":"#fdae61"}},{"type":"Feature","geometry":{"type":"Polygon","coordinates":[[[12.637181641515111,46.122929651762654],[12.637250874435795,46.12131100397665],[12.63880523975582,46.12134314011027],[12.638736052277695,46.122961789701264],[12.637181641515111,46.122929651762654]]]},"properties":{"nbr_class":"sana","color":"#1a9641"}},{"type":"Feature","geometry":{"type":"Polygon","coordinates":[[[12.631787486674313,46.12173790841064],[12.631810616669094,46.12119836119743],[12.632587794362284,46.121214468862135],[12.632564671940868,46.121754016376904],[12.631787486674313,46.12173790841064]]]},"properties":{"nbr_class":"sana","color":"#1a9641"}},{"type":"Feature","geometry":{"type":"Polygon","coordinates":[[[12.669870340401822,46.12252098952155],[12.669893099274097,46.121981427647604],[12.673001942879246,46.122044791752515],[12.672979214305148,46.12258435481279],[12.669870340401822,46.12252098952155]]]},"properties":{"nbr_class":"degradata","color":"#fdae61"}},{"type":"Feature","geometry":{"type":"Polygon","coordinates":[[[12.68152867126346,46.12275817372983],[12.681551316515668,46.12221860741527],[12.682328536200936,46.12223437715692],[12.682305898523584,46.12277394376673],[12.68152867126346,46.12275817372983]]]},"properties":{"nbr_class":"sana","color":"#1a9641"}},{"type":"Feature","geometry":{"type":"Polygon","coordinates":[[[12.685414814052983,46.12283697110902],[12.685437421430684,46.12229740331918],[12.68699186793573,46.12232888471754],[12.687014459517805,46.121789316278566],[12.687791676167311,46.121805048762454],[12.687746507507311,46.122884186169806],[12.685414814052983,46.12283697110902]]]},"properties":{"nbr_class":"stress","color":"#ffffbf"}},{"type":"Feature","geometry":{"type":"Polygon","coordinates":[[[12.640359607720715,46.121375255124796],[12.640382653748539,46.12083570453968],[12.641937009209729,46.12086779783415],[12.641913978328748,46.1214073490201],[12.640359607720715,46.121375255124796]]]},"properties":{"nbr_class":"stress","color":"#ffffbf"}},{"type":"Feature","geometry":{"type":"Polygon","coordinates":[[[12.660566631159043,46.1217908284329],[12.660589480270621,46.121251270067496],[12.66136667477469,46.121267182078306],[12.661343833237128,46.12180674074162],[12.660566631159043,46.1217908284329]]]},"properties":{"nbr_class":"moderata","color":"#a6d96a"}},{"type":"Feature","geometry":{"type":"Polygon","coordinates":[[[12.683105756535289,46.12225014161815],[12.683128385991022,46.12171057465342],[12.685460028162293,46.12175783546961],[12.685437421430684,46.12229740331918],[12.683105756535289,46.12225014161815]]]},"properties":{"nbr_class":"stress","color":"#ffffbf"}},{"type":"Feature","geometry":{"type":"Polygon","coordinates":[[[12.685437421430684,46.12229740331918],[12.685460028162293,46.12175783546961],[12.687014459517805,46.121789316278566],[12.68699186793573,46.12232888471754],[12.685437421430684,46.12229740331918]]]},"properties":{"nbr_class":"degradata","color":"#fdae61"}},{"type":"Feature","geometry":{"type":"Polygon","coordinates":[[[12.637273950757026,46.12077145459444],[12.637297026418796,46.1202319051521],[12.638074193601671,46.12024797525706],[12.638051125513005,46.12078752500025],[12.637273950757026,46.12077145459444]]]},"properties":{"nbr_class":"stress","color":"#ffffbf"}},{"type":"Feature","geometry":{"type":"Polygon","coordinates":[[[12.638828300930392,46.12080359012642],[12.638851361445939,46.12026404008245],[12.639628529951375,46.12028009962825],[12.639605477008978,46.12081964997289],[12.638828300930392,46.12080359012642]]]},"properties":{"nbr_class":"sana","color":"#1a9641"}},{"type":"Feature","geometry":{"type":"Polygon","coordinates":[[[12.680019538847496,46.1216474863072],[12.680042197954155,46.12110792046385],[12.681596605078585,46.121139474606814],[12.681573961120701,46.121679041040935],[12.680019538847496,46.1216474863072]]]},"properties":{"nbr_class":"stress","color":"#ffffbf"}},{"type":"Feature","geometry":{"type":"Polygon","coordinates":[[[12.683128385991022,46.12171057465342],[12.683151014800035,46.12117100762892],[12.68548263424783,46.12121826756027],[12.685460028162293,46.12175783546961],[12.683128385991022,46.12171057465342]]]},"properties":{"nbr_class":"degradata","color":"#fdae61"}},{"type":"Feature","geometry":{"type":"Polygon","coordinates":[[[12.685460028162293,46.12175783546961],[12.68548263424783,46.12121826756027],[12.687037050454244,46.121249747779835],[12.687014459517805,46.121789316278566],[12.685460028162293,46.12175783546961]]]},"properties":{"nbr_class":"stress","color":"#ffffbf"}},{"type":"Feature","geometry":{"type":"Polygon","coordinates":[[[12.64460860447607,46.13118340614013],[12.644654628663172,46.13010430346911],[12.64543193880324,46.130120326176566],[12.645454942333227,46.129580774451014],[12.647009549437989,46.12961280342187],[12.647124481462601,46.126915040895106],[12.644792685440498,46.12686699401468],[12.644769677621639,46.12740654574056],[12.643992406024182,46.127390519251975],[12.644015421418944,46.12685096782614],[12.643238158057326,46.12683493635676],[12.643284202024665,46.125755833925155],[12.642506954474264,46.12573979777541],[12.642529983046215,46.125200246769744],[12.640975505076938,46.12516815922914],[12.64111375358163,46.12193085553786],[12.642668140657905,46.121962939474216],[12.642714187930924,46.1208838365618],[12.64426854735343,46.1209158981779],[12.644222530374812,46.121995002290845],[12.643445335186387,46.12197897352251],[12.643422318136807,46.122518525188795],[12.648108516208469,46.122075066932986],[12.648085544602852,46.12261462039836],[12.646531133143869,46.122582609782164],[12.645707937776022,46.12364570150633],[12.648039599422077,46.123693727148996],[12.647993651615089,46.1247728336595],[12.648770888631148,46.12478883224551],[12.648816821288474,46.123709725135946],[12.649594043813366,46.12372571784259],[12.649571085387631,46.12426527172679],[12.65034831614557,46.1242812594524],[12.650325364638675,46.12482081357593],[12.649548126305751,46.12480482555097],[12.649525166567702,46.125344379315145],[12.65030241247583,46.12536036763942],[12.650256506182187,46.12643947558639],[12.651811030274864,46.12647143758978],[12.651079659042088,46.12537635068306],[12.653411402687484,46.12542426813001],[12.653457245756007,46.12434515755033],[12.654234479802202,46.124361118873615],[12.654326127780406,46.122202895799084],[12.651194375423065,46.122678578269294],[12.65126319738375,46.12105991410095],[12.654371947840877,46.121123783901915],[12.655834744864833,46.12331391306668],[12.657412068623929,46.12280624056282],[12.657526465661098,46.12010845469891],[12.658303642396156,46.12012438723307],[12.65823502885656,46.12174305982619],[12.659012228968543,46.12175898797517],[12.659035093228082,46.12121943020588],[12.65981228642168,46.12123535277669],[12.660635176534859,46.120172153156865],[12.663743897889926,46.120235767137956],[12.663721080378762,46.12077532681424],[12.668384227475899,46.12087059117366],[12.668361454756342,46.12141015257361],[12.67768791031106,46.121600114604455],[12.676865321346105,46.12266344261812],[12.673756434410791,46.12260018293467],[12.673710990463707,46.123679309468386],[12.66982482070594,46.12360011308984],[12.669847580879111,46.123060551335634],[12.667515909578851,46.123012971032814],[12.6675386918256,46.122473410109535],[12.662875412316067,46.12237810871763],[12.662898239357887,46.12183854951871],[12.661343833237128,46.12180674074162],[12.66125246055875,46.12396497479558],[12.660475228182442,46.123949061295164],[12.660543781394459,46.12233038673837],[12.659766572397315,46.12231446885154],[12.658943632269203,46.12337766092336],[12.658166409434086,46.12336173187972],[12.6572518853068,46.126583138253906],[12.654920086351416,46.12653529822614],[12.654897177676164,46.12707485390361],[12.654119905095177,46.1270588963671],[12.65405115241157,46.12867756214336],[12.655605743689046,46.12870947372769],[12.6555599355994,46.1297885851402],[12.653228004207092,46.12974070804905],[12.653250931310437,46.12920115326914],[12.651673386565777,46.12970876358089],[12.651696328823144,46.12916920939904],[12.650141728967297,46.129137244403516],[12.650095813488539,46.130216351510256],[12.650873128241546,46.13023233724726],[12.65085017709529,46.13077189100989],[12.646963572029131,46.13069190801229],[12.646940582339106,46.13123146021744],[12.64460860447607,46.13118340614013]],[[12.650164685722457,46.128597690760124],[12.650941977744605,46.12861367559928],[12.650964926267129,46.128074121596605],[12.650187641821505,46.12805813705671],[12.650164685722457,46.128597690760124]],[[12.649410358034126,46.128042147235696],[12.650187641821505,46.12805813705671],[12.650210597264458,46.12751858329329],[12.649433321053362,46.127502593771624],[12.649410358034126,46.128042147235696]],[[12.650964926267129,46.128074121596605],[12.651742211370786,46.12809010085535],[12.651765151661108,46.1275505464935],[12.65098787413378,46.127534567533914],[12.650964926267129,46.128074121596605]],[[12.651765151661108,46.1275505464935],[12.652542429846227,46.127566520172024],[12.652565361904776,46.1270269654511],[12.65178809129579,46.12701099207164],[12.651765151661108,46.1275505464935]],[[12.647901748121727,46.12693104596016],[12.648679015439702,46.126947045744316],[12.648701984722221,46.12640749245965],[12.647924724980047,46.12639149297505],[12.647901748121727,46.12693104596016]],[[12.649456283416315,46.12696304024754],[12.650233552051345,46.12697902946985],[12.650256506182187,46.12643947558639],[12.649479245123006,46.126423486663434],[12.649456283416315,46.12696304024754]],[[12.652565361904776,46.1270269654511],[12.654119905095177,46.1270588963671],[12.654142821346419,46.126519340988374],[12.652588293307927,46.126487410670194],[12.652565361904776,46.1270269654511]],[[12.647147465896703,46.126375488209646],[12.648724953348287,46.125867939114954],[12.647993651615089,46.1247728336595],[12.64643917955946,46.12474082064601],[12.646393198825159,46.12581992571768],[12.647170449673919,46.12583593546413],[12.647147465896703,46.126375488209646]],[[12.643284202024665,46.125755833925155],[12.644061450235172,46.12577186479427],[12.644084463656684,46.12523231318824],[12.64330722302141,46.12521628261927],[12.643284202024665,46.125755833925155]],[[12.64255301096003,46.124660695704],[12.644884710140598,46.12470878651058],[12.64495372176222,46.12309013025193],[12.643399300429428,46.12305807679503],[12.643353263041163,46.12413717982729],[12.642576038215736,46.12412114457819],[12.64255301096003,46.124660695704]],[[12.669847580879111,46.123060551335634],[12.671402031675967,46.12309224513535],[12.671424776049204,46.12255268272789],[12.672979214305148,46.12258435481279],[12.673001942879246,46.122044791752515],[12.669893099274097,46.121981427647604],[12.669847580879111,46.123060551335634]],[[12.660566631159043,46.1217908284329],[12.661343833237128,46.12180674074162],[12.66136667477469,46.121267182078306],[12.660589480270621,46.121251270067496],[12.660566631159043,46.1217908284329]]]},"properties":{"nbr_class":"stress","color":"#ffffbf"}},{"type":"Feature","geometry":{"type":"Polygon","coordinates":[[[12.673047398078817,46.12096566545242],[12.673070124704333,46.12042610221259],[12.679287661399606,46.12055256986447],[12.679264995366365,46.12109213547209],[12.673047398078817,46.12096566545242]]]},"properties":{"nbr_class":"stress","color":"#ffffbf"}},{"type":"Feature","geometry":{"type":"Polygon","coordinates":[[[12.65823502885656,46.12174305982619],[12.658303642396156,46.12012438723307],[12.659080819786947,46.12014031448745],[12.659103682086316,46.11960075653832],[12.66065802368756,46.11963259461165],[12.66061232872922,46.120711711642144],[12.659835142454053,46.12069579464934],[12.659012228968543,46.12175898797517],[12.65823502885656,46.12174305982619]]]},"properties":{"nbr_class":"degradata","color":"#fdae61"}},{"type":"Feature","geometry":{"type":"Polygon","coordinates":[[[12.641182868944895,46.1203122028811],[12.640451787880526,46.11921705242382],[12.643560410568055,46.119281214290076],[12.6427372105805,46.12034428501549],[12.641182868944895,46.1203122028811]]]},"properties":{"nbr_class":"stress","color":"#ffffbf"}},{"type":"Feature","geometry":{"type":"Polygon","coordinates":[[[12.658303642396156,46.12012438723307],[12.658326512268822,46.119584829582124],[12.659103682086316,46.11960075653832],[12.659080819786947,46.12014031448745],[12.658303642396156,46.12012438723307]]]},"properties":{"nbr_class":"stress","color":"#ffffbf"}},{"type":"Feature","geometry":{"type":"Polygon","coordinates":[[[12.63574269403807,46.12019974910354],[12.635811962502652,46.118581102221874],[12.636589105644239,46.118597181982786],[12.636519859897522,46.120215829767595],[12.63574269403807,46.12019974910354]]]},"properties":{"nbr_class":"sana","color":"#1a9641"}},{"type":"Feature","geometry":{"type":"Polygon","coordinates":[[[12.650508958329128,46.12050437890739],[12.650531904589243,46.11996482430378],[12.652086246894372,46.11999677912725],[12.65290926414838,46.11893363743774],[12.653686421798444,46.11894960105251],[12.653640591829362,46.120028712831996],[12.655194939392477,46.12006062541794],[12.655172038572402,46.12060018181517],[12.650508958329128,46.12050437890739]]]},"properties":{"nbr_class":"sana","color":"#1a9641"}},{"type":"Feature","geometry":{"type":"Polygon","coordinates":[[[12.682396445351342,46.120615676968846],[12.682441714883794,46.11953654321124],[12.683218897346997,46.119552306196795],[12.683196270478,46.120091873400604],[12.684750652498108,46.12012338412182],[12.684728040130558,46.12066295185583],[12.682396445351342,46.120615676968846]]]},"properties":{"nbr_class":"moderata","color":"#a6d96a"}},{"type":"Feature","geometry":{"type":"Polygon","coordinates":[[[12.637343175764046,46.11915280608711],[12.637366249447576,46.11861325646444],[12.638143393912449,46.118629325666845],[12.638120327801373,46.119168875590354],[12.637343175764046,46.11915280608711]]]},"properties":{"nbr_class":"sana","color":"#1a9641"}},{"type":"Feature","geometry":{"type":"Polygon","coordinates":[[[12.639674633859828,46.119200998758714],[12.639697684825927,46.1186614482338],[12.640474831274101,46.118677501598356],[12.640451787880526,46.11921705242382],[12.639674633859828,46.119200998758714]]]},"properties":{"nbr_class":"stress","color":"#ffffbf"}},{"type":"Feature","geometry":{"type":"Polygon","coordinates":[[[12.682351173231332,46.12169481048734],[12.682373809614791,46.121155243757975],[12.681596605078585,46.121139474606814],[12.681687174439073,46.11898120827251],[12.682464348679744,46.11899697624278],[12.682396445351342,46.120615676968846],[12.684728040130558,46.12066295185583],[12.684705427116771,46.12120251953007],[12.683151014800035,46.12117100762892],[12.683128385991022,46.12171057465342],[12.682351173231332,46.12169481048734]]]},"properties":{"nbr_class":"stress","color":"#ffffbf"}},{"type":"Feature","geometry":{"type":"Polygon","coordinates":[[[12.677733273322161,46.12052098463175],[12.67780131297749,46.11890228922414],[12.678578483970181,46.118918083593385],[12.678510467035835,46.12053677988815],[12.677733273322161,46.12052098463175]]]},"properties":{"nbr_class":"moderata","color":"#a6d96a"}},{"type":"Feature","geometry":{"type":"Polygon","coordinates":[[[12.632657157661948,46.11959582595692],[12.631926256728555,46.11850062422908],[12.634257678205596,46.118548926862374],[12.63428078151847,46.11800937838396],[12.635057915763763,46.11802546840208],[12.635011723622284,46.11910456590128],[12.633457425505117,46.11907237938076],[12.633434313299206,46.11961192743757],[12.632657157661948,46.11959582595692]]]},"properties":{"nbr_class":"sana","color":"#1a9641"}},{"type":"Feature","geometry":{"type":"Polygon","coordinates":[[[12.678533139995222,46.11999721451637],[12.678578483970181,46.118918083593385],[12.680110171388874,46.119489222575055],[12.680087514224823,46.12002878859777],[12.678533139995222,46.11999721451637]]]},"properties":{"nbr_class":"stress","color":"#ffffbf"}},{"type":"Feature","geometry":{"type":"Polygon","coordinates":[[[12.638143393912449,46.118629325666845],[12.638166459364374,46.11808977568322],[12.638943596918303,46.118105839305606],[12.638920539038638,46.118645389589965],[12.638143393912449,46.118629325666845]]]},"properties":{"nbr_class":"sana","color":"#1a9641"}},{"type":"Feature","geometry":{"type":"Polygon","coordinates":[[[12.648246332056818,46.11883774488016],[12.648269299067534,46.11829819099459],[12.649823591987875,46.11833017569944],[12.64980064012231,46.11886973018383],[12.648246332056818,46.11883774488016]]]},"properties":{"nbr_class":"moderata","color":"#a6d96a"}},{"type":"Feature","geometry":{"type":"Polygon","coordinates":[[[12.65990370663222,46.119077119907665],[12.659926560052034,46.11853756154055],[12.66070371603425,46.11855347734139],[12.660680870187349,46.1190930360065],[12.65990370663222,46.119077119907665]]]},"properties":{"nbr_class":"sana","color":"#1a9641"}},{"type":"Feature","geometry":{"type":"Polygon","coordinates":[[[12.667675371634127,46.1192360433123],[12.667698149323767,46.11869648196983],[12.673138300684096,46.118807412134075],[12.67311557600695,46.119346975553434],[12.667675371634127,46.1192360433123]]]},"properties":{"nbr_class":"moderata","color":"#a6d96a"}},{"type":"Feature","geometry":{"type":"Polygon","coordinates":[[[12.640451787880526,46.11921705242382],[12.640474831274101,46.118677501598356],[12.639697684825927,46.1186614482338],[12.639743784781995,46.11758234700371],[12.641298048050167,46.11761444725154],[12.641275013545688,46.11815399849762],[12.642829294599775,46.11818607822954],[12.642806274581762,46.11872563001613],[12.643583423671307,46.1187416622634],[12.643560410568055,46.119281214290076],[12.640451787880526,46.11921705242382]]]},"properties":{"nbr_class":"degradata","color":"#fdae61"}},{"type":"Feature","geometry":{"type":"Polygon","coordinates":[[[12.646646060343429,46.11988484485139],[12.64666904381278,46.119345291685114],[12.645137723829583,46.11877371091984],[12.645960853697453,46.117710621295764],[12.647515127521695,46.11774263707712],[12.648246332056818,46.11883774488016],[12.64980064012231,46.11886973018383],[12.649823591987875,46.11833017569944],[12.650600739435223,46.118346160132845],[12.650577795142267,46.11888571491651],[12.652132107155518,46.11891766854347],[12.652109177352589,46.11945722386535],[12.648223364389755,46.1193772987057],[12.648200396066326,46.11991685247121],[12.646646060343429,46.11988484485139]]]},"properties":{"nbr_class":"stress","color":"#ffffbf"}},{"type":"Feature","geometry":{"type":"Polygon","coordinates":[[[12.636612186240615,46.11805763260095],[12.636635266177432,46.117518083159],[12.637412394836558,46.11753415703878],[12.637389322471739,46.118073706781665],[12.636612186240615,46.11805763260095]]]},"properties":{"nbr_class":"stress","color":"#ffffbf"}},{"type":"Feature","geometry":{"type":"Polygon","coordinates":[[[12.64438357829384,46.11821813684451],[12.644406582509628,46.11767858439765],[12.645960853697453,46.117710621295764],[12.645937864626152,46.11825017434242],[12.64438357829384,46.11821813684451]]]},"properties":{"nbr_class":"degradata","color":"#fdae61"}},{"type":"Feature","geometry":{"type":"Polygon","coordinates":[[[12.647492153594973,46.11828219072317],[12.647515127521695,46.11774263707712],[12.648292265421933,46.11775863704898],[12.648269299067534,46.11829819099459],[12.647492153594973,46.11828219072317]]]},"properties":{"nbr_class":"moderata","color":"#a6d96a"}},{"type":"Feature","geometry":{"type":"Polygon","coordinates":[[[12.659926560052034,46.11853756154055],[12.659949412818763,46.11799800311349],[12.660726561228284,46.11801391861638],[12.66070371603425,46.11855347734139],[12.659926560052034,46.11853756154055]]]},"properties":{"nbr_class":"moderata","color":"#a6d96a"}},{"type":"Feature","geometry":{"type":"Polygon","coordinates":[[[12.676246972943062,46.11887068464637],[12.676269666678296,46.11833111998259],[12.677823991566335,46.11836272396865],[12.67780131297749,46.11890228922414],[12.676246972943062,46.11887068464637]]]},"properties":{"nbr_class":"moderata","color":"#a6d96a"}},{"type":"Feature","geometry":{"type":"Polygon","coordinates":[[[12.67780131297749,46.11890228922414],[12.677823991566335,46.11836272396865],[12.678601154985799,46.11837851804219],[12.678578483970181,46.118918083593385],[12.67780131297749,46.11890228922414]]]},"properties":{"nbr_class":"stress","color":"#ffffbf"}},{"type":"Feature","geometry":{"type":"Polygon","coordinates":[[[12.638920539038638,46.118645389589965],[12.638989710700923,46.11702673855659],[12.641321081896406,46.11707489594538],[12.641298048050167,46.11761444725154],[12.639743784781995,46.11758234700371],[12.639697684825927,46.1186614482338],[12.638920539038638,46.118645389589965]]]},"properties":{"nbr_class":"stress","color":"#ffffbf"}},{"type":"Feature","geometry":{"type":"Polygon","coordinates":[[[12.633503647935555,46.11799328308672],[12.6335498677243,46.11691418655213],[12.634326986163623,46.11693028124672],[12.63428078151847,46.11800937838396],[12.633503647935555,46.11799328308672]]]},"properties":{"nbr_class":"stress","color":"#ffffbf"}},{"type":"Feature","geometry":{"type":"Polygon","coordinates":[[[12.653709335800725,46.1184100450728],[12.653732249148195,46.11787048903309],[12.65530943367661,46.11736284253214],[12.655263637926112,46.118441955866395],[12.653709335800725,46.1184100450728]]]},"properties":{"nbr_class":"degradata","color":"#fdae61"}},{"type":"Feature","geometry":{"type":"Polygon","coordinates":[[[12.676178887845982,46.12048937827881],[12.675447101944602,46.11939443874585],[12.67311557600695,46.119346975553434],[12.673138300684096,46.118807412134075],[12.667698149323767,46.11869648196983],[12.667743702750306,46.11761735910523],[12.672406596799675,46.1177124543813],[12.672383865848477,46.118252017623945],[12.676269666678296,46.11833111998259],[12.676246972943062,46.11887068464637],[12.67780131297749,46.11890228922414],[12.677733273322161,46.12052098463175],[12.676178887845982,46.12048937827881]]]},"properties":{"nbr_class":"sana","color":"#1a9641"}},{"type":"Feature","geometry":{"type":"Polygon","coordinates":[[[12.647515127521695,46.11774263707712],[12.647538100791904,46.117203083371045],[12.648315231120032,46.11721908304335],[12.648292265421933,46.11775863704898],[12.647515127521695,46.11774263707712]]]},"properties":{"nbr_class":"stress","color":"#ffffbf"}},{"type":"Feature","geometry":{"type":"Polygon","coordinates":[[[12.648292265421933,46.11775863704898],[12.648315231120032,46.11721908304335],[12.649869493751366,46.117251066550594],[12.649846543197555,46.117790621155024],[12.648292265421933,46.11775863704898]]]},"properties":{"nbr_class":"moderata","color":"#a6d96a"}},{"type":"Feature","geometry":{"type":"Polygon","coordinates":[[[12.672383865848477,46.118252017623945],[12.672406596799675,46.1177124543813],[12.674738052625456,46.11775993074645],[12.674715344392883,46.118299494877974],[12.672383865848477,46.118252017623945]]]},"properties":{"nbr_class":"moderata","color":"#a6d96a"}},{"type":"Feature","geometry":{"type":"Polygon","coordinates":[[[12.674715344392883,46.118299494877974],[12.674738052625456,46.11775993074645],[12.676292359765005,46.117791555258975],[12.676269666678296,46.11833111998259],[12.674715344392883,46.118299494877974]]]},"properties":{"nbr_class":"stress","color":"#ffffbf"}},{"type":"Feature","geometry":{"type":"Polygon","coordinates":[[[12.648269299067534,46.11829819099459],[12.648292265421933,46.11775863704898],[12.649846543197555,46.117790621155024],[12.649869493751366,46.117251066550594],[12.651446693768712,46.116743473678405],[12.651400823605261,46.11782258414408],[12.650623683072505,46.117806605289175],[12.650600739435223,46.118346160132845],[12.648269299067534,46.11829819099459]]]},"properties":{"nbr_class":"sana","color":"#1a9641"}},{"type":"Feature","geometry":{"type":"Polygon","coordinates":[[[12.666143826237988,46.1186647401205],[12.666166618422494,46.11812517931242],[12.666943772065864,46.1181410525797],[12.666989339335787,46.11706193018949],[12.67165218403512,46.11715705536125],[12.67162944616089,46.117696618367276],[12.667743702750306,46.11761735910523],[12.667698149323767,46.11869648196983],[12.666143826237988,46.1186647401205]]]},"properties":{"nbr_class":"moderata","color":"#a6d96a"}},{"type":"Feature","geometry":{"type":"Polygon","coordinates":[[[12.681687174439073,46.11898120827251],[12.681755094665476,46.117362507894086],[12.682532246186765,46.11737827497873],[12.682464348679744,46.11899697624278],[12.681687174439073,46.11898120827251]]]},"properties":{"nbr_class":"moderata","color":"#a6d96a"}},{"type":"Feature","geometry":{"type":"Polygon","coordinates":[[[12.635881225029047,46.116962454799136],[12.63590431121836,46.116422905537966],[12.63668142407248,46.116438984094756],[12.636658345454713,46.116978533656926],[12.635881225029047,46.116962454799136]]]},"properties":{"nbr_class":"sana","color":"#1a9641"}},{"type":"Feature","geometry":{"type":"Polygon","coordinates":[[[12.67162944616089,46.117696618367276],[12.67165218403512,46.11715705536125],[12.673983615188495,46.11720454667575],[12.673960900032172,46.117744110570904],[12.67162944616089,46.117696618367276]]]},"properties":{"nbr_class":"stress","color":"#ffffbf"}},{"type":"Feature","geometry":{"type":"Polygon","coordinates":[[[12.687814259529166,46.121265479969175],[12.687859424316697,46.12018634220342],[12.689436380389491,46.11967822000237],[12.68952663905185,46.117519941160126],[12.691858114992707,46.11756706818752],[12.691880655327374,46.117027497445335],[12.692657807694177,46.117043195601234],[12.692612741526885,46.11812233761375],[12.691035857950759,46.11863050517528],[12.690968206494892,46.1202492158033],[12.687814259529166,46.121265479969175]]]},"properties":{"nbr_class":"stress","color":"#ffffbf"}},{"type":"Feature","geometry":{"type":"Polygon","coordinates":[[[12.645960853697453,46.117710621295764],[12.646029816969778,46.11609196179556],[12.647584045362873,46.11612397577877],[12.647561073405623,46.11666352960492],[12.648338196161856,46.1166795289777],[12.647515127521695,46.11774263707712],[12.645960853697453,46.117710621295764]]]},"properties":{"nbr_class":"degradata","color":"#fdae61"}},{"type":"Feature","geometry":{"type":"Polygon","coordinates":[[[12.63435008749595,46.11639073258789],[12.634373188168137,46.11585118386893],[12.635150292127017,46.11586727268218],[12.63512719902611,46.11640682170235],[12.63435008749595,46.11639073258789]]]},"properties":{"nbr_class":"stress","color":"#ffffbf"}},{"type":"Feature","geometry":{"type":"Polygon","coordinates":[[[12.648315231120032,46.11721908304335],[12.647584045362873,46.11612397577877],[12.649138276390373,46.11615596864631],[12.6491153195765,46.11669552307144],[12.649892443649335,46.11671151188615],[12.649869493751366,46.117251066550594],[12.648315231120032,46.11721908304335]]]},"properties":{"nbr_class":"stress","color":"#ffffbf"}},{"type":"Feature","geometry":{"type":"Polygon","coordinates":[[[12.66465792580153,46.11701429633285],[12.664680731176508,46.11647473593971],[12.667012121994132,46.11652236890456],[12.666989339335787,46.11706193018949],[12.66465792580153,46.11701429633285]]]},"properties":{"nbr_class":"moderata","color":"#a6d96a"}},{"type":"Feature","geometry":{"type":"Polygon","coordinates":[[[12.666989339335787,46.11706193018949],[12.667012121994132,46.11652236890456],[12.670120652227899,46.11658580561543],[12.670097899858723,46.11712536808803],[12.666989339335787,46.11706193018949]]]},"properties":{"nbr_class":"stress","color":"#ffffbf"}},{"type":"Feature","geometry":{"type":"Polygon","coordinates":[[[12.659195124750578,46.1174425241423],[12.659240842163104,46.11636340758459],[12.660817935476219,46.11585568311691],[12.660749405769474,46.11747435983142],[12.659195124750578,46.1174425241423]]]},"properties":{"nbr_class":"degradata","color":"#fdae61"}},{"type":"Feature","geometry":{"type":"Polygon","coordinates":[[[12.640566998263614,46.11651929769566],[12.640613077807817,46.115440195383776],[12.642144257523938,46.116011834457076],[12.6421212325656,46.11655138618372],[12.640566998263614,46.11651929769566]]]},"properties":{"nbr_class":"stress","color":"#ffffbf"}},{"type":"Feature","geometry":{"type":"Polygon","coordinates":[[[12.653000946518256,46.116775414354365],[12.653046783773366,46.11569630245272],[12.654601008864372,46.11572822081712],[12.654578105707554,46.11626777739553],[12.653000946518256,46.116775414354365]]]},"properties":{"nbr_class":"sana","color":"#1a9641"}},{"type":"Feature","geometry":{"type":"Polygon","coordinates":[[[12.642144257523938,46.116011834457076],[12.642167281824321,46.11547228267037],[12.642944384822822,46.11548831839556],[12.642921368093738,46.11602787048249],[12.642144257523938,46.116011834457076]]]},"properties":{"nbr_class":"sana","color":"#1a9641"}},{"type":"Feature","geometry":{"type":"Polygon","coordinates":[[[12.64447559121282,46.11605992669677],[12.64449859279924,46.115520374009684],[12.645275697776725,46.115536393898594],[12.645252703761674,46.11607594688561],[12.64447559121282,46.11605992669677]]]},"properties":{"nbr_class":"moderata","color":"#a6d96a"}},{"type":"Feature","geometry":{"type":"Polygon","coordinates":[[[12.691080955699189,46.117551364458045],[12.691103503606827,46.11701179400987],[12.69032635253275,46.11699608529484],[12.690348907368769,46.11645651508104],[12.691903195017906,46.11648792664342],[12.691858114992707,46.11756706818752],[12.691080955699189,46.117551364458045]]]},"properties":{"nbr_class":"sana","color":"#1a9641"}},{"type":"Feature","geometry":{"type":"Polygon","coordinates":[[[12.691880655327374,46.117027497445335],[12.691903195017906,46.11648792664342],[12.69268033981193,46.11650362450542],[12.692657807694177,46.117043195601234],[12.691880655327374,46.117027497445335]]]},"properties":{"nbr_class":"moderata","color":"#a6d96a"}},{"type":"Feature","geometry":{"type":"Polygon","coordinates":[[[12.634396288180213,46.115311635089846],[12.634419387532196,46.11477208625063],[12.635196476349163,46.11478817446147],[12.635173384568027,46.11532772360189],[12.634396288180213,46.115311635089846]]]},"properties":{"nbr_class":"sana","color":"#1a9641"}},{"type":"Feature","geometry":{"type":"Polygon","coordinates":[[[12.642944384822822,46.11548831839556],[12.642967400894191,46.11494876624856],[12.643744496981466,46.11496479639488],[12.643721488481201,46.11550434884201],[12.642944384822822,46.11548831839556]]]},"properties":{"nbr_class":"sana","color":"#1a9641"}},{"type":"Feature","geometry":{"type":"Polygon","coordinates":[[[12.643721488481201,46.11550434884201],[12.643744496981466,46.11496479639488],[12.644521593728376,46.11498082126255],[12.64449859279924,46.115520374009684],[12.643721488481201,46.11550434884201]]]},"properties":{"nbr_class":"moderata","color":"#a6d96a"}},{"type":"Feature","geometry":{"type":"Polygon","coordinates":[[[12.685686059948251,46.116362153687405],[12.68570865957434,46.115822585180545],[12.686485791620065,46.115838324983315],[12.686463199566356,46.11637789378486],[12.685686059948251,46.116362153687405]]]},"properties":{"nbr_class":"moderata","color":"#a6d96a"}},{"type":"Feature","geometry":{"type":"Polygon","coordinates":[[[12.659103682086316,46.11960075653832],[12.659126543732341,46.11906119852923],[12.660680870187349,46.1190930360065],[12.660726561228284,46.11801391861638],[12.659949412818763,46.11799800311349],[12.659926560052034,46.11853756154055],[12.6583722500535,46.118505714100365],[12.65834938148793,46.11904527187122],[12.65601789868968,46.11899746021978],[12.656040789973709,46.118457903344044],[12.655263637926112,46.118441955866395],[12.65530943367661,46.11736284253214],[12.654532297430395,46.117346890372374],[12.654509392310006,46.117886446770825],[12.652932185723364,46.1183940817569],[12.653000946518256,46.116775414354365],[12.65688658988773,46.11685517365988],[12.656909470983317,46.11631561624581],[12.658463717780867,46.11634748241741],[12.659286556962808,46.11528429078711],[12.66084077740627,46.11531612409221],[12.660863618683589,46.114776565007574],[12.661640722316312,46.114792473443906],[12.661617888610417,46.11533203282639],[12.663172112982465,46.11536383445795],[12.663149293767407,46.1159033943759],[12.665480657946816,46.115951058123436],[12.66465792580153,46.11701429633285],[12.666989339335787,46.11706193018949],[12.666943772065864,46.1181410525797],[12.666166618422494,46.11812517931242],[12.666143826237988,46.1186647401205],[12.667698149323767,46.11869648196983],[12.667675371634127,46.1192360433123],[12.67311557600695,46.119346975553434],[12.673092850680371,46.11988653891293],[12.662212367909039,46.11966441156616],[12.6622351992625,46.11912485236533],[12.661458034397516,46.11910894682572],[12.66143519547088,46.11964850572876],[12.659103682086316,46.11960075653832]],[[12.659195124750578,46.1174425241423],[12.660749405769474,46.11747435983142],[12.660817935476219,46.11585568311691],[12.659240842163104,46.11636340758459],[12.659195124750578,46.1174425241423]]]},"properties":{"nbr_class":"stress","color":"#ffffbf"}},{"type":"Feature","geometry":{"type":"Polygon","coordinates":[[[12.646052803413438,46.11555240850873],[12.646098774330225,46.114473301754934],[12.647652957296055,46.11450531394012],[12.647607016663681,46.11558442189258],[12.646052803413438,46.11555240850873]]]},"properties":{"nbr_class":"sana","color":"#1a9641"}},{"type":"Feature","geometry":{"type":"Polygon","coordinates":[[[12.653069701418545,46.11515674641191],[12.65309261840884,46.1146171903111],[12.653869715483316,46.1146331515351],[12.653846806064216,46.11517270793474],[12.653069701418545,46.11515674641191]]]},"properties":{"nbr_class":"degradata","color":"#fdae61"}},{"type":"Feature","geometry":{"type":"Polygon","coordinates":[[[12.692657807694177,46.117043195601234],[12.69268033981193,46.11650362450542],[12.691903195017906,46.11648792664342],[12.691171143463714,46.115393082307044],[12.693502532410848,46.115440174129624],[12.693434960707018,46.11705888847754],[12.692657807694177,46.117043195601234]]]},"properties":{"nbr_class":"stress","color":"#ffffbf"}},{"type":"Feature","geometry":{"type":"Polygon","coordinates":[[[12.689594326278055,46.115901231401345],[12.689639447871786,46.11482209126355],[12.690416568009633,46.11483780408136],[12.69037146156024,46.11591694480753],[12.689594326278055,46.115901231401345]]]},"properties":{"nbr_class":"stress","color":"#ffffbf"}},{"type":"Feature","geometry":{"type":"Polygon","coordinates":[[[12.637550815180568,46.11429685731918],[12.637573882930635,46.113757307155545],[12.638350959253147,46.11377337365058],[12.63832789907359,46.11431292411501],[12.637550815180568,46.11429685731918]]]},"properties":{"nbr_class":"moderata","color":"#a6d96a"}},{"type":"Feature","geometry":{"type":"Polygon","coordinates":[[[12.63832789907359,46.11431292411501],[12.638350959253147,46.11377337365058],[12.639128036236764,46.113789434867236],[12.639104983627739,46.11432898563237],[12.63832789907359,46.11431292411501]]]},"properties":{"nbr_class":"sana","color":"#1a9641"}},{"type":"Feature","geometry":{"type":"Polygon","coordinates":[[[12.653778073878799,46.11679137677371],[12.65380098526198,46.116251820554034],[12.654578105707554,46.11626777739553],[12.653846806064216,46.11517270793474],[12.656932351425054,46.11577605877177],[12.657000988827367,46.11415738598991],[12.657778081612582,46.114173320521914],[12.657800951868257,46.11363376250972],[12.659332269149875,46.11420517374984],[12.659377978724486,46.1131260564728],[12.660932138599417,46.11315788739407],[12.66090929928014,46.1136974466585],[12.660132211444422,46.11368153353921],[12.660109363901519,46.11422109244578],[12.661663555369719,46.114252914001504],[12.66084077740627,46.11531612409221],[12.659286556962808,46.11528429078711],[12.659263699889548,46.11582384921582],[12.658486583079096,46.11580792434678],[12.658463717780867,46.11634748241741],[12.656909470983317,46.11631561624581],[12.65688658988773,46.11685517365988],[12.653778073878799,46.11679137677371]]]},"properties":{"nbr_class":"moderata","color":"#a6d96a"}},{"type":"Feature","geometry":{"type":"Polygon","coordinates":[[[12.679264995366365,46.12109213547209],[12.678533139995222,46.11999721451637],[12.680087514224823,46.12002878859777],[12.680110171388874,46.119489222575055],[12.67933299152285,46.11947343846986],[12.678601154985799,46.11837851804219],[12.676269666678296,46.11833111998259],[12.676292359765005,46.117791555258975],[12.673960900032172,46.117744110570904],[12.673983615188495,46.11720454667575],[12.670097899858723,46.11712536808803],[12.670120652227899,46.11658580561543],[12.6654578607955,46.11649061887385],[12.665480657946816,46.115951058123436],[12.663149293767407,46.1159033943759],[12.663172112982465,46.11536383445795],[12.661617888610417,46.11533203282639],[12.661640722316312,46.114792473443906],[12.662417826603669,46.11480837660142],[12.662486301093468,46.113189697201236],[12.664040466204908,46.11322148589423],[12.663994847481057,46.114300606744585],[12.666326145478036,46.11434825197879],[12.666371718775883,46.11326912934442],[12.667925890423216,46.11330086525157],[12.66790311924177,46.113840427192855],[12.67178859763602,46.11391967606824],[12.671765863660095,46.11445923943338],[12.675651396205451,46.11453835782046],[12.67562869943776,46.11507792260703],[12.680291405393527,46.11517269224074],[12.680268753408765,46.115712258741794],[12.681045880914347,46.11572803549932],[12.68097794379328,46.117346735529914],[12.681755094665476,46.117362507894086],[12.681596605078585,46.121139474606814],[12.679264995366365,46.12109213547209]]]},"properties":{"nbr_class":"degradata","color":"#fdae61"}},{"type":"Feature","geometry":{"type":"Polygon","coordinates":[[[12.63668142407248,46.116438984094756],[12.636773731948894,46.11428078524488],[12.63521956747045,46.11424862526092],[12.635265747733563,46.11316952667947],[12.63604281450123,46.1131856087085],[12.636065896073095,46.11264605902651],[12.637620016453328,46.112678206647935],[12.637596950021548,46.113217756931796],[12.638374018773765,46.113233823126045],[12.637550815180568,46.11429685731918],[12.639081930359966,46.1148685363374],[12.63903582184808,46.115947637567196],[12.638258714581033,46.11593157514773],[12.638235651765479,46.11647112537175],[12.63668142407248,46.116438984094756]]]},"properties":{"nbr_class":"stress","color":"#ffffbf"}},{"type":"Feature","geometry":{"type":"Polygon","coordinates":[[[12.6919708102249,46.1148692138795],[12.692015883809292,46.113790071738364],[12.69357009832194,46.113821459244456],[12.69352505502482,46.11490060256092],[12.6919708102249,46.1148692138795]]]},"properties":{"nbr_class":"sana","color":"#1a9641"}},{"type":"Feature","geometry":{"type":"Polygon","coordinates":[[[12.696633552371683,46.114963316573274],[12.696678535093714,46.11388417090854],[12.698210281453417,46.114455068515],[12.698187804915163,46.11499464190401],[12.696633552371683,46.114963316573274]]]},"properties":{"nbr_class":"sana","color":"#1a9641"}},{"type":"Feature","geometry":{"type":"Polygon","coordinates":[[[12.642259372446768,46.11331407492279],[12.642282393457725,46.112774522835714],[12.643059458602975,46.1127905570599],[12.643036445162236,46.113330109447155],[12.642259372446768,46.11331407492279]]]},"properties":{"nbr_class":"degradata","color":"#fdae61"}},{"type":"Feature","geometry":{"type":"Polygon","coordinates":[[[12.650030129265751,46.11347418263917],[12.65005307457347,46.11293462755462],[12.650830146306582,46.112950608995725],[12.650807208569317,46.11349016437948],[12.650030129265751,46.11347418263917]]]},"properties":{"nbr_class":"sana","color":"#1a9641"}},{"type":"Feature","geometry":{"type":"Polygon","coordinates":[[[12.653915532357596,46.1135540385559],[12.653938439812825,46.113014481976315],[12.65471551483175,46.113030437025444],[12.65469261494709,46.113569993903745],[12.653915532357596,46.1135540385559]]]},"properties":{"nbr_class":"moderata","color":"#a6d96a"}},{"type":"Feature","geometry":{"type":"Polygon","coordinates":[[[12.664794748276448,46.11377693307544],[12.664817549741608,46.11323737232288],[12.665594633932004,46.113253253472955],[12.665571840037739,46.11379281452284],[12.664794748276448,46.11377693307544]]]},"properties":{"nbr_class":"moderata","color":"#a6d96a"}},{"type":"Feature","geometry":{"type":"Polygon","coordinates":[[[12.669457308642423,46.11387214257927],[12.669480064681876,46.11333258004419],[12.67025715278991,46.113348429522546],[12.670234404321487,46.11388799235436],[12.669457308642423,46.11387214257927]]]},"properties":{"nbr_class":"moderata","color":"#a6d96a"}},{"type":"Feature","geometry":{"type":"Polygon","coordinates":[[[12.67101150065276,46.11390383685068],[12.671056981797664,46.11282471053392],[12.672611146132029,46.1128563825043],[12.67256569527105,46.113935510007025],[12.67101150065276,46.11390383685068]]]},"properties":{"nbr_class":"moderata","color":"#a6d96a"}},{"type":"Feature","geometry":{"type":"Polygon","coordinates":[[[12.639174139478662,46.112710333156684],[12.639197190111583,46.11217078221125],[12.639974245045716,46.112186837247755],[12.639951201982706,46.11272638849376],[12.639174139478662,46.112710333156684]]]},"properties":{"nbr_class":"stress","color":"#ffffbf"}},{"type":"Feature","geometry":{"type":"Polygon","coordinates":[[[12.650830146306582,46.112950608995725],[12.65085308338841,46.11241105355195],[12.65163014820886,46.112427029415585],[12.651607218697292,46.11296658515845],[12.650830146306582,46.112950608995725]]]},"properties":{"nbr_class":"stress","color":"#ffffbf"}},{"type":"Feature","geometry":{"type":"Polygon","coordinates":[[[12.653938439812825,46.113014481976315],[12.653961346613475,46.112474925336734],[12.654738414062047,46.11249088008716],[12.65471551483175,46.113030437025444],[12.653938439812825,46.113014481976315]]]},"properties":{"nbr_class":"stress","color":"#ffffbf"}},{"type":"Feature","geometry":{"type":"Polygon","coordinates":[[[12.65471551483175,46.113030437025444],[12.654738414062047,46.11249088008716],[12.655515482167107,46.11250682955926],[12.655492590507187,46.11304638679614],[12.65471551483175,46.113030437025444]]]},"properties":{"nbr_class":"degradata","color":"#fdae61"}},{"type":"Feature","geometry":{"type":"Polygon","coordinates":[[[12.657823821470409,46.113094204437566],[12.657846690419065,46.11255464630544],[12.658623761147918,46.112570574664105],[12.658600899769734,46.11311013309443],[12.657823821470409,46.113094204437566]]]},"properties":{"nbr_class":"degradata","color":"#fdae61"}},{"type":"Feature","geometry":{"type":"Polygon","coordinates":[[[12.669480064681876,46.11333258004419],[12.669502820071067,46.11279301744925],[12.670279900608287,46.11280886663087],[12.67025715278991,46.113348429522546],[12.669480064681876,46.11333258004419]]]},"properties":{"nbr_class":"sana","color":"#1a9641"}},{"type":"Feature","geometry":{"type":"Polygon","coordinates":[[[12.642806274581762,46.11872563001613],[12.642829294599775,46.11818607822954],[12.641275013545688,46.11815399849762],[12.641298048050167,46.11761444725154],[12.642075180674967,46.11763048945677],[12.642098206949285,46.11709093785029],[12.64442958606804,46.11713903189075],[12.644452588969097,46.11659947932378],[12.643675469508151,46.11658345355604],[12.643721488481201,46.11550434884201],[12.64449859279924,46.115520374009684],[12.644521593728376,46.11498082126255],[12.642967400894191,46.11494876624856],[12.642990416307867,46.11440921404149],[12.64376750482425,46.1144252438877],[12.643813518537488,46.113346138693174],[12.643036445162236,46.113330109447155],[12.643013431063874,46.11386966177435],[12.639928158261231,46.11326593967968],[12.639951201982706,46.11272638849376],[12.640728265147375,46.11274243855264],[12.640774335475307,46.111663335399584],[12.641551384160689,46.111679379579485],[12.641528356895575,46.112218931486424],[12.643859529621096,46.11226703325839],[12.643836524407984,46.112806586005824],[12.644613590872538,46.112822609673465],[12.644567593614886,46.11390171558811],[12.645344675879562,46.11391773457729],[12.645298691134707,46.11499684085154],[12.646075789200246,46.11501285516185],[12.645960853697453,46.117710621295764],[12.644406582509628,46.11767858439765],[12.644360573420654,46.1187576892313],[12.642806274581762,46.11872563001613]],[[12.64447559121282,46.11605992669677],[12.645252703761674,46.11607594688561],[12.645275697776725,46.115536393898594],[12.64449859279924,46.115520374009684],[12.64447559121282,46.11605992669677]],[[12.642259372446768,46.11331407492279],[12.643036445162236,46.113330109447155],[12.643059458602975,46.1127905570599],[12.642282393457725,46.112774522835714],[12.642259372446768,46.11331407492279]]]},"properties":{"nbr_class":"stress","color":"#ffffbf"}},{"type":"Feature","geometry":{"type":"Polygon","coordinates":[[[12.645367667266479,46.11337818135009],[12.645436637485474,46.1117595213082],[12.646990743430354,46.111791541053115],[12.646944794221303,46.11287064900673],[12.645367667266479,46.11337818135009]]]},"properties":{"nbr_class":"sana","color":"#1a9641"}},{"type":"Feature","geometry":{"type":"Polygon","coordinates":[[[12.636065896073095,46.11264605902651],[12.63608897698542,46.11210650928439],[12.637666147339578,46.1115991058999],[12.637620016453328,46.112678206647935],[12.636065896073095,46.11264605902651]]]},"properties":{"nbr_class":"sana","color":"#1a9641"}},{"type":"Feature","geometry":{"type":"Polygon","coordinates":[[[12.69357009832194,46.113821459244456],[12.693615139044788,46.112742315689225],[12.694392232126905,46.11275800093644],[12.6943472065469,46.11383714507902],[12.69357009832194,46.113821459244456]]]},"properties":{"nbr_class":"stress","color":"#ffffbf"}},{"type":"Feature","geometry":{"type":"Polygon","coordinates":[[[12.641528356895575,46.112218931486424],[12.641551384160689,46.111679379579485],[12.643105483511677,46.11171145210516],[12.643082471386114,46.11225100461255],[12.641528356895575,46.112218931486424]]]},"properties":{"nbr_class":"sana","color":"#1a9641"}},{"type":"Feature","geometry":{"type":"Polygon","coordinates":[[[12.652407213686663,46.11244300000093],[12.652430134972962,46.111903443899074],[12.653207193537817,46.111919408907234],[12.653184279821609,46.11245896530799],[12.652407213686663,46.11244300000093]]]},"properties":{"nbr_class":"sana","color":"#1a9641"}},{"type":"Feature","geometry":{"type":"Polygon","coordinates":[[[12.671834063638984,46.112840549158406],[12.671856795666068,46.112300985613714],[12.672633870588445,46.11231681866318],[12.672611146132029,46.1128563825043],[12.671834063638984,46.112840549158406]]]},"properties":{"nbr_class":"sana","color":"#1a9641"}},{"type":"Feature","geometry":{"type":"Polygon","coordinates":[[[12.689707125427237,46.11320338060896],[12.689729683323105,46.112663810271314],[12.690506773174864,46.11267952191243],[12.690484222850193,46.11321909254425],[12.689707125427237,46.11320338060896]]]},"properties":{"nbr_class":"sana","color":"#1a9641"}},{"type":"Feature","geometry":{"type":"Polygon","coordinates":[[[12.669502820071067,46.11279301744925],[12.669548328898763,46.11171389207977],[12.670325394294997,46.11172974066793],[12.670279900608287,46.11280886663087],[12.669502820071067,46.11279301744925]]]},"properties":{"nbr_class":"moderata","color":"#a6d96a"}},{"type":"Feature","geometry":{"type":"Polygon","coordinates":[[[12.65087601981482,46.11187149804818],[12.650898955585834,46.111331942484405],[12.652453055604298,46.11136388773723],[12.652430134972962,46.111903443899074],[12.65087601981482,46.11187149804818]]]},"properties":{"nbr_class":"stress","color":"#ffffbf"}},{"type":"Feature","geometry":{"type":"Polygon","coordinates":[[[12.689729683323105,46.112663810271314],[12.68975224057437,46.11212423987395],[12.690529322855149,46.11213995122093],[12.690506773174864,46.11267952191243],[12.689729683323105,46.112663810271314]]]},"properties":{"nbr_class":"moderata","color":"#a6d96a"}},{"type":"Feature","geometry":{"type":"Polygon","coordinates":[[[12.690506773174864,46.11267952191243],[12.690529322855149,46.11213995122093],[12.691306405782408,46.11215565728923],[12.691283863673128,46.1126952282748],[12.690506773174864,46.11267952191243]]]},"properties":{"nbr_class":"sana","color":"#1a9641"}},{"type":"Feature","geometry":{"type":"Polygon","coordinates":[[[12.66484035055521,46.112697811510394],[12.664908749086912,46.11107912871357],[12.668016968642311,46.11114261688757],[12.667971430834056,46.11222174118932],[12.667194359825144,46.11220587646911],[12.667171582374527,46.11274543823315],[12.66484035055521,46.112697811510394]]]},"properties":{"nbr_class":"moderata","color":"#a6d96a"}},{"type":"Feature","geometry":{"type":"Polygon","coordinates":[[[12.688975158940291,46.11210852324833],[12.688997723117721,46.11156895308549],[12.689774797181057,46.11158466941687],[12.68975224057437,46.11212423987395],[12.688975158940291,46.11210852324833]]]},"properties":{"nbr_class":"moderata","color":"#a6d96a"}},{"type":"Feature","geometry":{"type":"Polygon","coordinates":[[[12.695169325854446,46.11277368090483],[12.695191830108357,46.11223410845044],[12.694414743951935,46.11221842877561],[12.694437255133682,46.11167885655511],[12.695991412949875,46.11171021003903],[12.695946420227191,46.11278935559439],[12.695169325854446,46.11277368090483]]]},"properties":{"nbr_class":"sana","color":"#1a9641"}},{"type":"Feature","geometry":{"type":"Polygon","coordinates":[[[12.635448887662434,46.16339567056318],[12.635541395019494,46.16123749143182],[12.633985910301023,46.16120528959611],[12.634055329410364,46.15958665642484],[12.633277610813838,46.15957054848121],[12.633300756782361,46.159031004272094],[12.630189919392274,46.1589665208377],[12.630166743069605,46.159506063839515],[12.629389027795098,46.15948992946235],[12.629342657984148,46.16056901468129],[12.63012038843626,46.160585149662616],[12.630097210125538,46.161124692483924],[12.63243042823784,46.161173066612264],[12.633161871043844,46.162268268624594],[12.628495345740767,46.16217150088358],[12.628518540556069,46.16163195878695],[12.627740796256003,46.161615812627325],[12.627763997997414,46.16107627077278],[12.628541734708186,46.16109241663012],[12.628564928197136,46.160552874413106],[12.627787199075446,46.16053672885807],[12.627810399490123,46.15999718688315],[12.628588121022949,46.16001333213592],[12.62868088569527,46.15785516242528],[12.627125504001615,46.15782286905156],[12.62721831876514,46.15566470079635],[12.626440659266295,46.15564854738975],[12.626463868885583,46.1551090054779],[12.624885342266102,46.155616224718784],[12.624862116809137,46.15615576596529],[12.625639782563283,46.15617193024636],[12.625593344831955,46.157251013163986],[12.626371026426872,46.15726717276413],[12.626324601215723,46.15834625604605],[12.625546904445166,46.1583300958408],[12.624722750121814,46.15939301217979],[12.623945039507253,46.15937684079619],[12.623968276537086,46.15883730021375],[12.622412872484464,46.158804942192646],[12.621681689052755,46.157709675724554],[12.620126319354226,46.15767728719752],[12.6201961362824,46.15605866927312],[12.619418475196328,46.15604246799026],[12.619441753761896,46.15550292886496],[12.618664100930408,46.15548672259959],[12.617933034247484,46.154391433830895],[12.617155397925027,46.15437521760113],[12.617132097931307,46.15491475593642],[12.615600127285278,46.15434276928485],[12.615623441785104,46.1538032314968],[12.616401069184606,46.15381945799393],[12.61644768101311,46.152740381629414],[12.614892457225904,46.15270792456504],[12.61486913647348,46.15324746216977],[12.614091517997489,46.15323122540571],[12.61411484633554,46.152691688104966],[12.613337236114285,46.152675446359645],[12.613360571370798,46.15213590930269],[12.612582969404238,46.152119662576304],[12.611852066959004,46.15102433748685],[12.61029689671428,46.15099181882617],[12.610343623234263,46.149912746724624],[12.611121192852606,46.149929008088506],[12.61114454752655,46.149389471642806],[12.609612793302597,46.148817408342275],[12.609636161808801,46.14827787238492],[12.606525983727801,46.148212756601275],[12.606502584886826,46.14875229133953],[12.609589424128337,46.149356944239315],[12.609542683775562,46.15043601585243],[12.608765107913221,46.150419743614506],[12.608741729150065,46.15095927902591],[12.609519312597,46.150975551568486],[12.609472568235404,46.15205462281962],[12.607917371672473,46.15202207123077],[12.607893983318933,46.15256160615641],[12.610226801924753,46.15261042652609],[12.610910970739178,46.15478483338563],[12.607022788014538,46.15470346000914],[12.60704618662889,46.15416392562975],[12.606268559682619,46.154147635402786],[12.606291965213849,46.15360810126804],[12.607069584574303,46.15362439119002],[12.607186564268098,46.15092671808618],[12.607964146373691,46.15094300119848],[12.607987532721419,46.150403466091824],[12.606432384350292,46.1503708951922],[12.606479185376932,46.14929182601743],[12.604146513359604,46.14924293186334],[12.603322095664044,46.1503056899762],[12.604877238663923,46.150338303153625],[12.604760148540391,46.15303597198328],[12.605537758972408,46.15305227217072],[12.605514346524728,46.15359180606073],[12.604736728507156,46.15357550556811],[12.604689886431967,46.154654572556694],[12.603134622068955,46.154621954494225],[12.603087746970205,46.15570102001997],[12.602310100624479,46.15568470244951],[12.602216312038111,46.157842831554404],[12.601438636017429,46.15782650747585],[12.601415179607477,46.15836603929549],[12.598304451905776,46.15830068889743],[12.598327938665122,46.15776115830127],[12.59679609529224,46.157188921953704],[12.596843095800535,46.15610986168396],[12.59528779938296,46.15607713607487],[12.59524076852791,46.157156195119214],[12.594463106157445,46.157139823773164],[12.594486629507882,46.15660029458771],[12.592931321964883,46.15656753665144],[12.592907783440996,46.15710706522359],[12.591328909054655,46.15761381342871],[12.59125824190201,46.15923239675986],[12.590480552558763,46.1592159977567],[12.59038628990719,46.16137410679017],[12.588053134877942,46.16132487437685],[12.588147488585507,46.15916676903018],[12.588925175900293,46.15918318389184],[12.588972333533102,46.158104130240915],[12.58741698992937,46.1580712964609],[12.586686519600129,46.15697581959353],[12.587464175213276,46.156992243797426],[12.58748776684348,46.156452717374954],[12.58901948846948,46.15702507634803],[12.589844283179279,46.15596242994551],[12.59062192632494,46.15597883239223],[12.590598365714664,46.15651836010415],[12.592153669206022,46.15655114975471],[12.592247846916862,46.15439303608872],[12.591470225177877,46.154376645133816],[12.59073971927313,46.153281192925505],[12.589962114056222,46.15326479201415],[12.589938549228279,46.15380431972138],[12.589160937101969,46.15378791321778],[12.589184509515205,46.15324838581772],[12.58762930246171,46.15321555756965],[12.587700061167121,46.15159697685031],[12.586121301598483,46.152103655659005],[12.585390931563973,46.15100817150346],[12.583812169147777,46.15151481835674],[12.583835791955925,46.15097529286744],[12.582304292358854,46.15040286815919],[12.582351564933433,46.14932381810983],[12.58312911029218,46.14934026971527],[12.583152737982603,46.148800744291776],[12.582375200207204,46.14878429299434],[12.582422468727827,46.14770524258177],[12.581644946796297,46.14768878661635],[12.581715867257678,46.146070211467695],[12.58093836875149,46.14605375114283],[12.580985660844108,46.14497470135736],[12.581763144186509,46.1449911610659],[12.581786781637366,46.14445163577421],[12.585674170605555,46.144533853525466],[12.58569776947361,46.14399432663399],[12.58725271463704,46.14402717613559],[12.587229130932007,46.14456670364207],[12.586451650430487,46.14455028122549],[12.586380872524472,46.14616886245954],[12.58560336995375,46.146152433836846],[12.58553256322998,46.147771013603645],[12.586310088548442,46.1477874431491],[12.586357278540273,46.146708389416574],[12.587912300876289,46.14674123142563],[12.5880066121099,46.1445831207752],[12.589561576493947,46.14461593919106],[12.589538014860112,46.14515546755884],[12.592671513368984,46.144681512620885],[12.592695044002692,46.14414198296499],[12.591917566352796,46.144125597839576],[12.591988176962058,46.14250700942945],[12.595074494761594,46.14311204530814],[12.595098000634241,46.14257251455126],[12.59432054370449,46.142556146195545],[12.59436756859568,46.141477085113344],[12.597477339711883,46.14154252438682],[12.597524301271656,46.14046346061264],[12.599079160549238,46.14049614732742],[12.599126089104255,46.13941708208769],[12.599903504592413,46.13943341690919],[12.600727816306955,46.13837067974364],[12.602282620326951,46.13840332175106],[12.60232948288283,46.1373242535829],[12.603884259273451,46.137356873238936],[12.60390767438883,46.13681733845359],[12.604685056012457,46.13683364005295],[12.605509236215484,46.13577086539773],[12.606286604023897,46.135787155822634],[12.607110737422797,46.134724368531984],[12.608665446079085,46.13475692175251],[12.608712178013837,46.13367784785879],[12.610266859038438,46.13371037873365],[12.61029020884874,46.133170841087264],[12.61106754278783,46.13318709829775],[12.611090884353281,46.132647560286685],[12.611868211384206,46.13266381191128],[12.61189154470524,46.13212427353565],[12.612668864827954,46.13214051957453],[12.61349281995295,46.13107768218338],[12.615047433233634,46.131110146638186],[12.615094034594946,46.13003106703288],[12.616648620241637,46.13006350914774],[12.61662533504707,46.1306030495879],[12.617402636448643,46.130619263027185],[12.616578762661351,46.13168213028744],[12.618910714329967,46.13173075658229],[12.61888744987056,46.13227029775203],[12.619664776005243,46.13228649625736],[12.619711289104734,46.13120741325108],[12.62048860075188,46.13122360586851],[12.620558342686008,46.129604979997836],[12.62133563226967,46.12962116642475],[12.62135887067595,46.12908162404434],[12.623690720695258,46.1291301507299],[12.623737150059368,46.128051063971405],[12.622959881205672,46.128034894296036],[12.623052762274073,46.125876721267325],[12.622275524387648,46.125860547522386],[12.622321976089676,46.12478146125231],[12.621544754018593,46.124765282832726],[12.621614449315992,46.123146653884575],[12.622391648664648,46.12316283139551],[12.623122416107686,46.124258090863506],[12.624676848429813,46.124290420696234],[12.624723250704921,46.123211332248744],[12.623168848679166,46.123179003626525],[12.623215278596792,46.12209991614868],[12.626324024719668,46.12216454985313],[12.626347208389904,46.12162500481383],[12.628678752242164,46.12167342374796],[12.628701912530186,46.121133877742004],[12.629479087569404,46.12115000652532],[12.63030255157108,46.12008703662894],[12.631079712791722,46.12010315424946],[12.631903130038513,46.119040171743045],[12.632680277440386,46.11905627820153],[12.632657157661948,46.11959582595692],[12.633434313299206,46.11961192743757],[12.633457425505117,46.11907237938076],[12.635011723622284,46.11910456590128],[12.635057915763763,46.11802546840208],[12.63428078151847,46.11800937838396],[12.634257678205596,46.118548926862374],[12.631926256728555,46.11850062422908],[12.63194938275772,46.11796107665494],[12.632726515015232,46.11797718251038],[12.632795866422768,46.11635853852255],[12.633572976628097,46.11637463819462],[12.633665405639993,46.114216444163226],[12.634442486224115,46.11423253735129],[12.63446558425599,46.1136929883918],[12.635242657931908,46.11370907600026],[12.63521956747045,46.11424862526092],[12.636773731948894,46.11428078524488],[12.63668142407248,46.116438984094756],[12.638235651765479,46.11647112537175],[12.638258714581033,46.11593157514773],[12.63903582184808,46.115947637567196],[12.639081930359966,46.1148685363374],[12.638304838235067,46.11485247451935],[12.639128036236764,46.113789434867236],[12.637596950021548,46.113217756931796],[12.637735338726037,46.10998045432706],[12.63851236206102,46.10999651871668],[12.638489306493558,46.11053606960183],[12.639266338058507,46.11055212901442],[12.639243289401481,46.11109168014013],[12.638466250267294,46.11107562042687],[12.638420135838272,46.11215472189665],[12.639197190111583,46.11217078221125],[12.639928158261231,46.11326593967968],[12.6414823003913,46.113298035120074],[12.641459271152094,46.11383758684678],[12.643013431063874,46.11386966177435],[12.643036445162236,46.113330109447155],[12.643813518537488,46.113346138693174],[12.642944384822822,46.11548831839556],[12.643721488481201,46.11550434884201],[12.643675469508151,46.11658345355604],[12.644452588969097,46.11659947932378],[12.64442958606804,46.11713903189075],[12.642098206949285,46.11709093785029],[12.642075180674967,46.11763048945677],[12.641298048050167,46.11761444725154],[12.641321081896406,46.11707489594538],[12.638989710700923,46.11702673855659],[12.638943596918303,46.118105839305606],[12.638166459364374,46.11808977568322],[12.638143393912449,46.118629325666845],[12.639697684825927,46.1186614482338],[12.639674633859828,46.119200998758714],[12.640451787880526,46.11921705242382],[12.641182868944895,46.1203122028811],[12.6427372105805,46.12034428501549],[12.64438357829384,46.11821813684451],[12.645160721130324,46.11823415823311],[12.645137723829583,46.11877371091984],[12.645914874897882,46.118789727329016],[12.646646060343429,46.11988484485139],[12.648200396066326,46.11991685247121],[12.648223364389755,46.1193772987057],[12.652109177352589,46.11945722386535],[12.652132107155518,46.11891766854347],[12.650577795142267,46.11888571491651],[12.651446693768712,46.116743473678405],[12.649869493751366,46.117251066550594],[12.649138276390373,46.11615596864631],[12.646029816969778,46.11609196179556],[12.646052803413438,46.11555240850873],[12.647607016663681,46.11558442189258],[12.647629987308067,46.115044867946374],[12.649184188050105,46.11507685961602],[12.64920714289601,46.11453730501083],[12.650761331128365,46.11456927496695],[12.650715451065368,46.115648385314394],[12.649938341477837,46.115632402377216],[12.649915392891483,46.11617195716169],[12.65224674634166,46.116219891034056],[12.65226967221335,46.11568033535216],[12.653046783773366,46.11569630245272],[12.652932185723364,46.1183940817569],[12.656040789973709,46.118457903344044],[12.65601789868968,46.11899746021978],[12.65834938148793,46.11904527187122],[12.6583722500535,46.118505714100365],[12.659926560052034,46.11853756154055],[12.65990370663222,46.119077119907665],[12.659126543732341,46.11906119852923],[12.659103682086316,46.11960075653832],[12.657526465661098,46.12010845469891],[12.657412068623929,46.12280624056282],[12.65663485467532,46.122790301256885],[12.656611965731685,46.123329857951354],[12.655080428747162,46.12275840680432],[12.655126234968817,46.12167929442969],[12.654349038138008,46.1216633398805],[12.654371947840877,46.121123783901915],[12.65126319738375,46.12105991410095],[12.651194375423065,46.122678578269294],[12.654326127780406,46.122202895799084],[12.654234479802202,46.124361118873615],[12.653457245756007,46.12434515755033],[12.653411402687484,46.12542426813001],[12.651079659042088,46.12537635068306],[12.651811030274864,46.12647143758978],[12.650256506182187,46.12643947558639],[12.65030241247583,46.12536036763942],[12.649525166567702,46.125344379315145],[12.65034831614557,46.1242812594524],[12.648816821288474,46.123709725135946],[12.64883978663262,46.12317017149113],[12.64806257234073,46.1231541738037],[12.648039599422077,46.123693727148996],[12.645707937776022,46.12364570150633],[12.645730933418056,46.12310614906016],[12.646508145733232,46.123122162588196],[12.646531133143869,46.122582609782164],[12.648085544602852,46.12261462039836],[12.648108516208469,46.122075066932986],[12.643422318136807,46.122518525188795],[12.643445335186387,46.12197897352251],[12.644222530374812,46.121995002290845],[12.64426854735343,46.1209158981779],[12.642714187930924,46.1208838365618],[12.642668140657905,46.121962939474216],[12.64111375358163,46.12193085553786],[12.640975505076938,46.12516815922914],[12.642529983046215,46.125200246769744],[12.643992406024182,46.127390519251975],[12.644769677621639,46.12740654574056],[12.644792685440498,46.12686699401468],[12.647124481462601,46.126915040895106],[12.647009549437989,46.12961280342187],[12.645454942333227,46.129580774451014],[12.64543193880324,46.130120326176566],[12.644654628663172,46.13010430346911],[12.64460860447607,46.13118340614013],[12.646940582339106,46.13123146021744],[12.646963572029131,46.13069190801229],[12.65085017709529,46.13077189100989],[12.650873128241546,46.13023233724726],[12.651650443652679,46.130248317702716],[12.65162750008383,46.13078787176455],[12.652404823730302,46.13080384723754],[12.652358949780767,46.131882955779375],[12.653136289240514,46.131898926568724],[12.653113358860452,46.13243848104865],[12.651558665442538,46.13240653358997],[12.651535719250447,46.13294608741179],[12.653090427824978,46.13297803546859],[12.653067496134069,46.133517589828536],[12.65073541152366,46.133469658922884],[12.650712456441104,46.13400921232544],[12.649935088641858,46.13399322449328],[12.649958051303095,46.13345367139005],[12.648380355019095,46.133961232982315],[12.648403332837628,46.13342168047804],[12.647625974593158,46.13340567709887],[12.64844928650445,46.132342575289364],[12.646894600987746,46.132310564447614],[12.646917591991985,46.13177101236254],[12.644585591395915,46.131722957385556],[12.644562577657993,46.132262508570925],[12.646117259218238,46.132294551103904],[12.646094259978723,46.13283410282912],[12.646871609326364,46.13285011647263],[12.646802630399138,46.13446877218747],[12.643670121418292,46.13494423290701],[12.64360104365137,46.13656288430142],[12.641268846351794,46.136514757834966],[12.641245796373894,46.13705430727859],[12.64202320239276,46.137070355017116],[12.642000159335934,46.13760990470111],[12.64355498851583,46.13764198493069],[12.643531959960711,46.13818153515522],[12.641977115620438,46.138149454325024],[12.641931026213339,46.13922855339261],[12.642708463214156,46.13924459704991],[12.642731500666457,46.13870504724578],[12.64426333919765,46.13927666851516],[12.644171243452453,46.14143486953281],[12.644948712759573,46.141450898541116],[12.644810594889535,46.144688200066376],[12.643278602403962,46.144116583660534],[12.642455007771055,46.14517964093029],[12.644787572941276,46.14522775011038],[12.644764550334887,46.145767300094334],[12.645542080962477,46.14578332621931],[12.645496048942451,46.14686242660711],[12.646273595397433,46.146878448047666],[12.646250585984424,46.14741799845146],[12.64547303194547,46.14740197671093],[12.646112515691872,46.15065529961311],[12.646890115899291,46.150671317868316],[12.646844102376452,46.15175041837494],[12.64762171841503,46.151766431944516],[12.64764471791957,46.15122688142142],[12.649176952471096,46.15179844322729],[12.649130981833778,46.15287754529207],[12.64835334930376,46.15286154169417],[12.648330355412925,46.15340109233689],[12.646798086222557,46.15282951864139],[12.646752067437419,46.15390861866764],[12.645974421713703,46.153892598612906],[12.645928385123304,46.15497169779908],[12.645150724886042,46.15495567185844],[12.645104670488513,46.15603477020429],[12.645882345900421,46.15605079674504],[12.645859325301744,46.15659034612795],[12.64739168720064,46.15716193387328],[12.647345673065137,46.15824103353852],[12.6465679659807,46.15822501637072],[12.646544950337658,46.15876456581339],[12.648100380343669,46.15879659546202],[12.648123380809565,46.158257045419674],[12.652011929423942,46.15833702552542],[12.651280156635256,46.15724193741656],[12.653613246204046,46.15728987610461],[12.65359030017107,46.15782942836272],[12.654368005599038,46.15784539765133],[12.654322126742173,46.158924502585556],[12.653544406136875,46.15890853269894],[12.653452610194872,46.1610667406514],[12.654230361157422,46.16108271173407],[12.654207418121306,46.161622263871216],[12.651874144439484,46.16157433386415],[12.651142333996837,46.160479244679635],[12.648809113760015,46.16043125302213],[12.648786118252918,46.16097080312403],[12.647230626213993,46.160938781650835],[12.647161590208164,46.16255742979768],[12.64638382240917,46.16254141023061],[12.646337779934449,46.163620508095065],[12.644004434958573,46.16357241586854],[12.644027479296453,46.16303286786677],[12.64247193446511,46.16300078054526],[12.642448874946423,46.163540327946265],[12.64167109593253,46.16352427605378],[12.64093946631942,46.16242912521397],[12.640161703809662,46.16241306334786],[12.640138622179922,46.16295260990707],[12.637050660394122,46.16234876301028],[12.63700443575341,46.163427853660785],[12.635448887662434,46.16339567056318]],[[12.637073771723223,46.16180921759486],[12.638629276926245,46.161841377736124],[12.638675467244125,46.160762285520654],[12.637897729490223,46.16074620869562],[12.637920831247833,46.16020666279873],[12.63638848918158,46.159634948535285],[12.637073771723223,46.16180921759486]],[[12.64407356599552,46.161953771683],[12.644851324222671,46.16196980681208],[12.64489739310695,46.16089070978758],[12.643341907672351,46.16085863544322],[12.64407356599552,46.161953771683]],[[12.638675467244125,46.160762285520654],[12.639453205660523,46.16077835705866],[12.639476292239769,46.16023881055987],[12.638698561412564,46.16022273932275],[12.638675467244125,46.160762285520654]],[[12.6402309447392,46.160794423309646],[12.64178642488252,46.160826539950534],[12.641809488694047,46.160286992549636],[12.641031755880729,46.16027093717331],[12.641054826621865,46.159731390012915],[12.639522463418029,46.159159717381954],[12.639568631956132,46.15808062396362],[12.640346333090891,46.158096688710664],[12.640323256740198,46.15863623575066],[12.643434098250138,46.15870044307549],[12.643457144247192,46.15816089483336],[12.64267944046596,46.158144851232535],[12.64194785771586,46.15704970688237],[12.641170170433575,46.15703365330956],[12.641147102990352,46.15757320077041],[12.639591715235184,46.15754107716432],[12.63961479785427,46.157001530304896],[12.638837112557678,46.15698546087307],[12.638790931483536,46.15806455393006],[12.638013231673318,46.15804847860999],[12.637990132557643,46.158588024747345],[12.638767839956165,46.1586041003684],[12.638721654920703,46.15968319306474],[12.63949937815893,46.15969926400095],[12.6402309447392,46.160794423309646]],[[12.644966491493973,46.15927206380037],[12.64652193403655,46.159304115195994],[12.646544950337658,46.15876456581339],[12.644989522972567,46.15873251501784],[12.644966491493973,46.15927206380037]],[[12.633323902089112,46.158491460002814],[12.634101605508665,46.1585075673433],[12.634124742565508,46.157968022712296],[12.63334704673412,46.15795191567339],[12.633323902089112,46.158491460002814]],[[12.652766686189853,46.158892557525505],[12.653544406136875,46.15890853269894],[12.653567353482021,46.15836898056082],[12.652789641123748,46.158353005686486],[12.652766686189853,46.158892557525505]],[[12.63650406064276,46.15693722085973],[12.637281743951705,46.15695330615048],[12.637304848673809,46.15641376013384],[12.636527172952471,46.15639767514425],[12.63650406064276,46.15693722085973]],[[12.63961479785427,46.157001530304896],[12.640392483812974,46.1570175944504],[12.64043863189614,46.15593849994975],[12.638906379217735,46.155366820836775],[12.638860202104492,46.15644591425442],[12.639637879813407,46.156461983385384],[12.63961479785427,46.157001530304896]],[[12.642725545659605,46.15706575516882],[12.644280923530617,46.1570978358826],[12.644303959963194,46.15655828716],[12.642748597267795,46.15652620704686],[12.642725545659605,46.15706575516882]],[[12.621751460456885,46.156091055981044],[12.623306787299711,46.156123421545125],[12.623330027930681,46.155583880904196],[12.624107684765187,46.155600055454435],[12.624154148860487,46.15452097338625],[12.62259886620472,46.15448862021136],[12.6225523717628,46.15556770106806],[12.621774716261765,46.15555151594607],[12.621751460456885,46.156091055981044]],[[12.593779564174104,46.15496533126322],[12.595358340623493,46.15445854705508],[12.595405364756095,46.15337948740637],[12.596984081201848,46.15287267942452],[12.597031070961727,46.15179361818798],[12.594698309401252,46.15174452919876],[12.593967771312428,46.15064909660552],[12.592412631998394,46.1506163348455],[12.592365553911423,46.15169539264585],[12.593920723563171,46.15172815563263],[12.593897198679771,46.152267685055506],[12.594674792102643,46.15228405892819],[12.594651274131703,46.15282358859717],[12.593873673123825,46.15280721441794],[12.593779564174104,46.15496533126322]],[[12.635772617130382,46.15584203939412],[12.636550284601391,46.155858129368646],[12.636573395589549,46.1553185835329],[12.63579573570569,46.15530249385963],[12.635772617130382,46.15584203939412]],[[12.641993975448512,46.155970611179285],[12.64277164821693,46.15598665886482],[12.642817748138127,46.154907562320474],[12.64204009054417,46.15489151523585],[12.641993975448512,46.155970611179285]],[[12.636573395589549,46.1553185835329],[12.638128717345788,46.155350747021494],[12.638174906992456,46.154271653965296],[12.639730201050973,46.15430379510628],[12.639707121731382,46.15484334226622],[12.641285497757478,46.15433591510396],[12.641331624071105,46.15325681940109],[12.63979943505087,46.15268515326593],[12.63986866311294,46.15106651088466],[12.639091061268907,46.15105044476197],[12.639114143555489,46.15051089748215],[12.640669332734795,46.15054302384079],[12.640646265618832,46.15108257172211],[12.641423868786363,46.1510986272743],[12.64140080859649,46.15163817539613],[12.642956032086792,46.151670271245635],[12.642932986409265,46.1522098199083],[12.643710606731892,46.15222586020529],[12.643733644823572,46.15168631124231],[12.644511258221142,46.151702345953595],[12.644488227715334,46.15224189521679],[12.646821094628397,46.152289968538184],[12.646844102376452,46.15175041837494],[12.643756682256619,46.15114676221927],[12.643779719031064,46.150607213136155],[12.64533491614455,46.15063927607269],[12.645357937089942,46.15009972632919],[12.64302516516639,46.1500516248972],[12.643071250592204,46.14897252703119],[12.640738530126084,46.148924379836295],[12.64000710142614,46.14782922449947],[12.637674434405673,46.14778101569157],[12.63758205382117,46.14993920324493],[12.636026885109997,46.149907035207605],[12.636049996416066,46.1493674890117],[12.63527242063946,46.14935139736684],[12.63522618219689,46.15043048909596],[12.636003773143207,46.15044658134339],[12.635980660515669,46.15098612741904],[12.637512761449829,46.151557843278724],[12.637489662672026,46.152097389836435],[12.635934433278262,46.15206521938996],[12.636573395589549,46.1553185835329]],[[12.59073971927313,46.153281192925505],[12.591517325165709,46.15329758855178],[12.591540874149747,46.15275806017006],[12.590763275842294,46.15274166485075],[12.59073971927313,46.153281192925505]],[[12.599293421205745,46.153461254131926],[12.600071034516398,46.153477591621424],[12.60009450006247,46.15293805986972],[12.6032049296918,46.15300335575279],[12.603251798090454,46.15192428962328],[12.601696612271162,46.15189165347412],[12.601720060635232,46.151352120929815],[12.599387309705346,46.15130312798616],[12.599293421205745,46.153461254131926]],[[12.644396099107503,46.15440009166892],[12.645173751097289,46.15441612259543],[12.645196776650224,46.15387657327235],[12.644419132247197,46.15386054264598],[12.644396099107503,46.15440009166892]],[[12.631199278655583,46.15358721327914],[12.633532180074077,46.153635558872644],[12.633555318764413,46.15309601400188],[12.631222440104423,46.15304766931352],[12.631199278655583,46.15358721327914]],[[12.642086203003016,46.15381241905209],[12.643641488504844,46.15384450673381],[12.64368756798156,46.1527654091082],[12.64213231282524,46.15273332262799],[12.642086203003016,46.15381241905209]],[[12.625001459591243,46.152918517583124],[12.62655670072743,46.15295083722843],[12.6266031126675,46.15187175274251],[12.625825506937787,46.15185559616755],[12.62587193139465,46.150776512045816],[12.62433997867639,46.15020464270483],[12.624386429489984,46.14912555943231],[12.622831298541335,46.14909321231412],[12.62276157581738,46.15071183531568],[12.62431675227362,46.150744184250755],[12.625001459591243,46.152918517583124]],[[12.632800837495239,46.15254035976199],[12.6343560767549,46.15257257309452],[12.634379206536453,46.15203302780197],[12.635156819575755,46.152049126238644],[12.635203061984171,46.15097003487032],[12.633624730866442,46.15147737902873],[12.632800837495239,46.15254035976199]],[[12.589278792429475,46.1510902756126],[12.59083394150927,46.151123080263645],[12.590857495384837,46.150583551946994],[12.591635063353946,46.15059994603855],[12.592459707393736,46.149537276803315],[12.594014816371784,46.149570037336645],[12.594061858741433,46.148490977825965],[12.595616940083582,46.148523715995644],[12.595663949430998,46.14744465501737],[12.593331373928551,46.14739554167551],[12.593284319082136,46.14847460081475],[12.591729241788173,46.148441830939625],[12.591752784714098,46.14790230201373],[12.589420196587465,46.14785310849048],[12.589278792429475,46.1510902756126]],[[12.597054564834169,46.151254087479074],[12.597832145784343,46.15127043959958],[12.5978556314007,46.1507309085241],[12.597078058034977,46.150714556709744],[12.597054564834169,46.151254087479074]],[[12.613383905960196,46.15159637218543],[12.614939096730662,46.151628849174735],[12.614962415483042,46.151089311389136],[12.613407239882504,46.15105683500788],[12.613383905960196,46.15159637218543]],[[12.5978556314007,46.1507309085241],[12.598633205440022,46.150747255053766],[12.598656682800724,46.15020772361185],[12.597879116345663,46.15019137738823],[12.5978556314007,46.1507309085241]],[[12.618096062454756,46.15061466167128],[12.618873646346625,46.15063087049103],[12.618896925842689,46.15009133106656],[12.618119349535482,46.15007512255027],[12.618096062454756,46.15061466167128]],[[12.61965123090621,46.150647074025855],[12.621206402027665,46.150679465240685],[12.621252914846682,46.14960038451194],[12.619697774063681,46.14956799450995],[12.61965123090621,46.150647074025855]],[[12.628204705068876,46.15082496410062],[12.628982297624134,46.15084110421545],[12.629005478517447,46.15030156085496],[12.628227893547159,46.15028542104231],[12.628204705068876,46.15082496410062]],[[12.587794396668244,46.1494388683776],[12.588571946766159,46.14945528299283],[12.588642668563367,46.147836700081214],[12.587087614543638,46.14780386741052],[12.587040437020022,46.14888292151603],[12.587817978858073,46.1488993411082],[12.587794396668244,46.1494388683776]],[[12.61267633409866,46.149961514962165],[12.613453905725942,46.14997776047188],[12.613523899488507,46.14835914821566],[12.612746350613417,46.14834290361835],[12.61267633409866,46.149961514962165]],[[12.63133823741667,46.150349948583],[12.632893413337616,46.1503821806433],[12.63293969728904,46.149303090723045],[12.632162124166088,46.14928697793876],[12.632185272733878,46.148747433190074],[12.630630143648865,46.14871519237066],[12.630606979912272,46.14925473651571],[12.629829408781841,46.149238607876974],[12.629852580102801,46.14869906403389],[12.628297455004642,46.14866679150627],[12.628251081362531,46.14974587792382],[12.631361394892892,46.1498104042564],[12.63133823741667,46.150349948583]],[[12.61816592169979,46.14899604412749],[12.618943482838324,46.149012252036876],[12.618990037172123,46.14793317276616],[12.6182124912014,46.14791696546366],[12.61816592169979,46.14899604412749]],[[12.636049996416066,46.1493674890117],[12.636827572855543,46.14938357537168],[12.636850675916357,46.14884402881447],[12.636073107061433,46.148827942755666],[12.636049996416066,46.1493674890117]],[[12.643825790604224,46.14952811478971],[12.644603373660475,46.14954414830019],[12.644626400874449,46.14900459873669],[12.643848825402989,46.148988565526395],[12.643825790604224,46.14952811478971]],[[12.63451797134035,46.148795754783706],[12.636073107061433,46.148827942755666],[12.636096217046125,46.14828839643951],[12.634564220985864,46.147716663296514],[12.63451797134035,46.148795754783706]],[[12.597996531000412,46.147493720802565],[12.599551588747666,46.147526404905484],[12.599645447727616,46.145368276101955],[12.598066971738065,46.145875126126185],[12.597996531000412,46.147493720802565]],[[12.626765533561473,46.148094955145524],[12.627543086863843,46.148111104318644],[12.627566279611674,46.14757156126167],[12.626788733893145,46.14755541239089],[12.626765533561473,46.148094955145524]],[[12.629875750761357,46.14815952013062],[12.63220842063991,46.14820788838122],[12.632277860387696,46.146589253593774],[12.631500325848608,46.146573137033435],[12.631523478691175,46.14603359228571],[12.629991594118849,46.145461799711725],[12.630037926825821,46.14438271112295],[12.62848292306139,46.1443504434287],[12.628506103586306,46.14381089964818],[12.627728610283574,46.14379475817744],[12.627751797727996,46.14325521463894],[12.628529283448593,46.143271355807485],[12.628552462648276,46.142731811906586],[12.627774984509596,46.14271567104025],[12.6277981706284,46.14217612738136],[12.62857564118538,46.14219226794552],[12.62784454087771,46.14109703988305],[12.628621996271937,46.14111317984283],[12.629445789605429,46.140050225571805],[12.630223231166832,46.140066354361075],[12.63033902486319,46.13736862942941],[12.6318938341757,46.13740086814054],[12.631916975769892,46.13686132237014],[12.63347177257769,46.13689353934755],[12.633448646142835,46.13743308572111],[12.634226053121344,46.1374491865874],[12.63427229017084,46.136370093177234],[12.635049682653115,46.13638618815817],[12.635072792607376,46.13584664106154],[12.633518023464347,46.13581444641995],[12.634387871231224,46.133672358599384],[12.632833164044039,46.133640155804734],[12.632856293430372,46.13310060931166],[12.632078948409726,46.13308450029299],[12.632148355335488,46.1314658613576],[12.631371033711375,46.131449747962115],[12.631255314305818,46.13414747771188],[12.630477955455914,46.13413135752591],[12.630431647905683,46.13521044840106],[12.62887690188353,46.13517819097524],[12.628853731957843,46.13571773571865],[12.624966840639546,46.13563699820421],[12.624943632156286,46.13617654137585],[12.624166248309379,46.13616037772359],[12.6248972131996,46.137255627538515],[12.62567461287074,46.13727178651349],[12.62572101666875,46.13619269974579],[12.627275787689497,46.136225000638575],[12.627252601280613,46.13676454465727],[12.628029995367758,46.13678068748234],[12.627914091281282,46.13947840818418],[12.625581797316,46.13942995932647],[12.625605002199583,46.138890416213535],[12.62405015804372,46.13885809116552],[12.624003717291625,46.13993717612079],[12.624781154197507,46.13995334189151],[12.624757940406548,46.140492884581484],[12.620870724635385,46.14041200138349],[12.62084747227642,46.14095154249894],[12.622402371747608,46.14098391223346],[12.62235589536035,46.14206299549572],[12.62391082782212,46.14209534530875],[12.623864379104335,46.143174429541425],[12.623086897376988,46.14315825667104],[12.623063664440261,46.14369779839426],[12.625396134366387,46.143746302062645],[12.625372923512213,46.14428584463376],[12.626927921956273,46.144318154598935],[12.6269047256036,46.14485769771475],[12.628459741873822,46.144889987149035],[12.62843656002358,46.145429530809196],[12.629214076738883,46.14544566790251],[12.629167726216542,46.14652475564651],[12.629945258762815,46.14654088805979],[12.629875750761357,46.14815952013062]],[[12.641539159847365,46.148400885763856],[12.643094292317006,46.148432978008074],[12.643117333383099,46.14789342892488],[12.641585271657632,46.14732178873909],[12.641539159847365,46.148400885763856]],[[12.643871859543239,46.14844901620299],[12.644649427430128,46.148465049113106],[12.644672453327534,46.14792549942947],[12.643894893025001,46.147909466819534],[12.643871859543239,46.14844901620299]],[[12.582469734546056,46.14662619192705],[12.584024750111945,46.146659086774264],[12.584048366843161,46.146119560740274],[12.582493366441831,46.14608666650889],[12.582469734546056,46.14662619192705]],[[12.58871338429575,46.14621811662522],[12.589490889571822,46.146234524112934],[12.589514452552747,46.145694995866116],[12.588736954858918,46.1456785886856],[12.58871338429575,46.14621811662522]],[[12.605818656143992,46.146577860782656],[12.60659617623745,46.1465941520244],[12.606642967899718,46.14551508200474],[12.60511136870724,46.14494296096716],[12.605064548052821,46.14602202988732],[12.605842059892295,46.146038326108005],[12.605818656143992,46.146577860782656]],[[12.626034396092065,46.146999715723275],[12.62681193356159,46.14701586957606],[12.626835132566837,46.14647632670103],[12.626057602680694,46.14646017315067],[12.626034396092065,46.146999715723275]],[[12.633809800703439,46.14716101645395],[12.634587344817014,46.1471771174627],[12.634656712344333,46.145558479600474],[12.633879190980968,46.14554237949604],[12.633809800703439,46.14716101645395]],[[12.638475075328705,46.14725754323925],[12.640807721582972,46.14730573529095],[12.640853845924317,46.146226638626956],[12.640076311678527,46.14621058049556],[12.640053242253908,46.14675012855696],[12.63849816058037,46.146717995839545],[12.638475075328705,46.14725754323925]],[[12.582516997662077,46.145547141030214],[12.583294489941927,46.145563590479775],[12.583318112904838,46.145024064632594],[12.582540628206822,46.145007615491],[12.582516997662077,46.145547141030214]],[[12.608952113960175,46.14610345815127],[12.609729629153557,46.14611972795216],[12.609752994319848,46.14558019169317],[12.608975486709111,46.14556392219687],[12.608952113960175,46.14610345815127]],[[12.63538800518027,46.1466536669917],[12.636966181313996,46.14614629512663],[12.637012378850487,46.14506720123066],[12.638567412375858,46.145099353279825],[12.638544329103924,46.14563890085985],[12.64012244854936,46.14513148419248],[12.640145515995618,46.1445919359508],[12.63861357694016,46.14402025793948],[12.638636658232576,46.14348071017915],[12.639414153240383,46.14349677737507],[12.639437226290758,46.14295722925381],[12.640214714378038,46.14297329086518],[12.64103831692111,46.14191024956734],[12.639483370412869,46.141878132831],[12.639529511896953,46.1407990361678],[12.637974598361321,46.14076689950062],[12.637997683276467,46.140227351680544],[12.637220235082754,46.14021127572293],[12.637174049430115,46.14129037070102],[12.634841663336296,46.14124210932186],[12.634864779236533,46.14070256276642],[12.634087326112114,46.140686465374635],[12.63413357109217,46.13960737268612],[12.632578697156514,46.13957516325884],[12.632532421852936,46.14065425474128],[12.631754970718609,46.14063814149971],[12.631731824493553,46.14117768684902],[12.63328674258815,46.14120990865215],[12.6332404784791,46.14228900037686],[12.63479542955346,46.14232120225232],[12.634749193127309,46.14340029494225],[12.635526684823137,46.14341638855722],[12.635503573201108,46.1439559351133],[12.634726073922936,46.14393984119701],[12.634656712344333,46.145558479600474],[12.635434234370836,46.14557457442074],[12.63538800518027,46.1466536669917]],[[12.599645447727616,46.145368276101955],[12.600422947280142,46.145384609004054],[12.600469857581611,46.14430554362833],[12.59969237319316,46.14428921133778],[12.599645447727616,46.145368276101955]],[[12.601200447505382,46.14540093662239],[12.601977948403114,46.14541725895696],[12.602024828376292,46.14433819235873],[12.602802314782082,46.14435450879857],[12.602825746181836,46.143814975103396],[12.604404121412358,46.14330805715548],[12.604450950537908,46.14222898824202],[12.603673493114337,46.14221268359043],[12.603650071305035,46.14275221777208],[12.602095143310919,46.14271959200849],[12.601270789206026,46.14378233755118],[12.600493311726646,46.143766010849866],[12.600469857581611,46.14430554362833],[12.60124734264273,46.1443218706353],[12.601200447505382,46.14540093662239]],[[12.620638171132677,46.14580740982715],[12.622193207078656,46.1458397850164],[12.622216450254921,46.14530024383699],[12.62066142947454,46.14526786925388],[12.620638171132677,46.14580740982715]],[[12.639298778094386,46.14619451707983],[12.640076311678527,46.14621058049556],[12.64009938044367,46.14567103237408],[12.639321854442878,46.145654969259084],[12.639298778094386,46.14619451707983]],[[12.61213220400648,46.14454989395332],[12.612909699131505,46.144566141705575],[12.612933031965904,46.144026604048264],[12.612155544422968,46.14401035660019],[12.61213220400648,46.14454989395332]],[[12.632347294180507,46.14497061826493],[12.633902319751076,46.14500283372311],[12.633925447860022,46.14446328789004],[12.632393580067708,46.143891527744934],[12.632347294180507,46.14497061826493]],[[12.629283597553842,46.143827035835145],[12.630061092185967,46.14384316673831],[12.630084256883919,46.143303622293494],[12.63319421172501,46.14336809186097],[12.633217345432698,46.14282854614899],[12.631662381848416,46.14279632253601],[12.631685530058478,46.14225677736718],[12.630130584293328,46.14222453322336],[12.630153747004833,46.141684988598044],[12.629376282700132,46.14166885890285],[12.629283597553842,46.143827035835145]],[[12.640168582782467,46.144052387649026],[12.640946086696054,46.14406844457786],[12.640992203126824,46.14298934719278],[12.640214714378038,46.14297329086518],[12.640168582782467,46.144052387649026]],[[12.613757168682309,46.14296377010899],[12.614534642399729,46.142980006381805],[12.614557958070309,46.14244046793554],[12.61378049193438,46.142424231966714],[12.613757168682309,46.14296377010899]],[[12.601341124874699,46.14216373793648],[12.603673493114337,46.14221268359043],[12.603720334724473,46.141133615046],[12.6013880119697,46.14108467122472],[12.601341124874699,46.14216373793648]],[[12.609893171292269,46.14234297287239],[12.612225561669376,46.14239174417898],[12.61224889941724,46.14185220658463],[12.609916531783675,46.14180343619112],[12.609893171292269,46.14234297287239]],[[12.616112892347944,46.14247292402308],[12.616890360489212,46.14248914414176],[12.61691365274935,46.14194960472391],[12.616136192189426,46.141933384908896],[12.616112892347944,46.14247292402308]],[[12.605251814610806,46.141705752757964],[12.606806717652441,46.141738335035],[12.607630934643883,46.140675546533195],[12.606076060583321,46.140642976042045],[12.605251814610806,46.141705752757964]],[[12.614581273074416,46.141900929429],[12.615358732297711,46.141917159810596],[12.615382039054285,46.14137762093989],[12.614604587412074,46.14136139086216],[12.614581273074416,46.141900929429]],[[12.609162444649987,46.14124763238983],[12.611494787531559,46.14129641771961],[12.61156481751317,46.139677805306576],[12.610787391957803,46.13966154972612],[12.610810741530637,46.13912201243881],[12.611588159505903,46.13913826771493],[12.611634841489808,46.13805919235073],[12.610080036527936,46.13802667773326],[12.610056680710258,46.138566214836786],[12.609279271654254,46.13854994929976],[12.609255907589137,46.13908948603843],[12.607677696434799,46.13959647457624],[12.607654315873503,46.14013601058488],[12.609209177455345,46.140168559334775],[12.609232542856175,46.139629022716775],[12.610009967072067,46.13964528886285],[12.609963250763268,46.14072436264761],[12.609185811386624,46.140708095892464],[12.609162444649987,46.14124763238983]],[[12.612272236498004,46.14131266892998],[12.613049686133715,46.14132891485719],[12.613096343132671,46.14024983875866],[12.612318908658334,46.14023359343975],[12.612272236498004,46.14131266892998]],[[12.642593266074313,46.1419423451694],[12.644148217870745,46.14197441963705],[12.644171243452453,46.14143486953281],[12.642616306819471,46.141402795665655],[12.642593266074313,46.1419423451694]],[[12.614627901083304,46.14082185223505],[12.616182789874369,46.140854306499705],[12.616206087717874,46.14031476720469],[12.617760964020153,46.14034719972975],[12.617784246036724,46.139807659767285],[12.619339109848722,46.139840070553454],[12.619362376039156,46.139300529923915],[12.617030104063502,46.139251906730614],[12.617053392329192,46.13871236695115],[12.616275977252808,46.13869614895803],[12.614627901083304,46.14082185223505]],[[12.621671410570507,46.139888647110546],[12.622448845477908,46.139904828730295],[12.622518551091972,46.13828620302384],[12.621741138925213,46.138270022312916],[12.621671410570507,46.139888647110546]],[[12.638775132132219,46.140243422354914],[12.639552581649792,46.14025948774604],[12.639575650743195,46.139719939264204],[12.638798208806572,46.13970387417384],[12.638775132132219,46.140243422354914]],[[12.631023825874992,46.13954293269936],[12.631801261183877,46.139559050620626],[12.631824405424139,46.139019505090836],[12.63104697769575,46.13900338747134],[12.631023825874992,46.13954293269936]],[[12.63568844768022,46.13963956098111],[12.638798208806572,46.13970387417384],[12.638821284821292,46.139164325932676],[12.636488985725132,46.1391160998657],[12.636512083821657,46.138576552467306],[12.638844360176408,46.138624777631385],[12.638867434871942,46.138085229270004],[12.63731259846719,46.138053085045364],[12.637335687663263,46.137513537225686],[12.636558278034034,46.13749745749017],[12.63653518125795,46.13803700500879],[12.635757764711085,46.138020919689424],[12.63568844768022,46.13963956098111]],[[12.605392236428813,46.13846854237591],[12.60616964213257,46.1384848343258],[12.60619303584811,46.13794529874586],[12.60774783410898,46.13797786618826],[12.607771211997218,46.13743832993826],[12.60623982127323,46.13686622740494],[12.606216428894989,46.137405763105576],[12.605439038350019,46.137389471765694],[12.605392236428813,46.13846854237591]],[[12.61783080807342,46.138728579661546],[12.620163059311022,46.13877718609631],[12.620186316591482,46.13823764504304],[12.61940890642494,46.1382214484841],[12.61943217062034,46.13768190767382],[12.617877367448347,46.13764949931473],[12.61783080807342,46.138728579661546]],[[12.623272736964523,46.13884192071727],[12.62405015804372,46.13885809116552],[12.624073377424184,46.13831854859755],[12.623295963925035,46.138302378452046],[12.623272736964523,46.13884192071727]],[[12.615521865604164,46.13814038644984],[12.616299272432672,46.13815660942191],[12.617123253132398,46.13709374725113],[12.615568469125328,46.137061307804245],[12.615521865604164,46.13814038644984]],[[12.608548604554043,46.13745460543104],[12.609325997781054,46.137470875641434],[12.609349359842781,46.13693133872179],[12.608571974194936,46.136915068816],[12.608548604554043,46.13745460543104]],[[12.612435577386606,46.13753590365888],[12.613990371204853,46.13756838597298],[12.614013687791097,46.13702884722777],[12.612458909131439,46.13699636552181],[12.612435577386606,46.13753590365888]],[[12.634980348826817,46.13800482908725],[12.635757764711085,46.138020919689424],[12.63578086906716,46.137481372471946],[12.635003460762858,46.13746528217103],[12.634980348826817,46.13800482908725]],[[12.638867434871942,46.138085229270004],[12.640422273923603,46.13811735236325],[12.641245796373894,46.13705430727859],[12.639690986319476,46.13702219595348],[12.639714051456748,46.136482647111045],[12.638936655001276,46.13646658382524],[12.638867434871942,46.138085229270004]],[[12.617923924161689,46.136570418726905],[12.618701310255323,46.13658662494088],[12.618724580034943,46.136047084253164],[12.617947201520327,46.1360308783426],[12.617923924161689,46.136570418726905]],[[12.621033472539267,46.13663521188869],[12.621810861300874,46.136651396973214],[12.621834100764193,46.13611185507285],[12.621056719581699,46.13609567029134],[12.621033472539267,46.13663521188869]],[[12.636581374149934,46.136957909911416],[12.63813617891091,46.13699006349772],[12.638159259207463,46.136450515256875],[12.636627564401275,46.135878814573566],[12.636581374149934,46.136957909911416]],[[12.609396081963013,46.13585226470152],[12.610173453123075,46.13586852871601],[12.610196805603087,46.13532899131089],[12.609419442021563,46.1353127276009],[12.609396081963013,46.13585226470152]],[[12.638959727058712,46.13592703522343],[12.639737115934748,46.13594309820851],[12.639760179753496,46.13540354924588],[12.63898279845668,46.13538748656154],[12.638959727058712,46.13592703522343]],[[12.622681174281597,46.13450940760088],[12.623458534060555,46.13452558090938],[12.623504976696676,46.13344649535523],[12.62505966793926,46.133478824915585],[12.625082873105974,46.132939281442916],[12.62430553472976,46.132923119606225],[12.624351958228663,46.13184403308541],[12.623574635673208,46.131827866572344],[12.623597854004771,46.13128832352429],[12.625152484626776,46.131320650663646],[12.625175687140676,46.13078110695016],[12.623621071672735,46.130748780416006],[12.623644288677122,46.13020923724751],[12.622866989518462,46.1301930663612],[12.622681174281597,46.13450940760088]],[[12.637451123744558,46.13481579722557],[12.63822849613898,46.13483187017367],[12.63825157379685,46.1342923216924],[12.637474208981168,46.13427624904521],[12.637451123744558,46.13481579722557]],[[12.6428927443958,46.13492819693484],[12.643670121418292,46.13494423290701],[12.642984869185744,46.132769995435574],[12.641430177750843,46.132737910047226],[12.641476266507835,46.131658810138546],[12.639921608027702,46.13162670482481],[12.640606726476255,46.13380095849754],[12.641384086359137,46.133817009715564],[12.641361039675212,46.13435655945962],[12.642915776580736,46.13438864665013],[12.6428927443958,46.13492819693484]],[[12.635919481336014,46.13424408790443],[12.636696844827483,46.13426017111588],[12.636719936982768,46.13372062317641],[12.635942581069774,46.13370454026607],[12.635919481336014,46.13424408790443]],[[12.63827465079511,46.133752773151016],[12.639052008694023,46.13376884021525],[12.639075077454361,46.13322929131295],[12.638297727133777,46.13321322454952],[12.63827465079511,46.133752773151016]],[[12.612645539084236,46.13268005825432],[12.613422867453151,46.132696299315796],[12.613446185619532,46.132156760331945],[12.612668864827954,46.13214051957453],[12.612645539084236,46.13268005825432]],[[12.627414892226259,46.132987735262425],[12.628192233262846,46.13300387597204],[12.628238580985435,46.13192478642743],[12.627461255104205,46.13190864632218],[12.627414892226259,46.132987735262425]],[[12.632879422155627,46.13256106275843],[12.633656760261573,46.13257716619375],[12.633679880748039,46.13203761927888],[12.632902550219828,46.132021516145045],[12.632879422155627,46.13256106275843]],[[12.634434099030528,46.132593264347285],[12.635211438462282,46.13260935721903],[12.635234543793205,46.13206980970149],[12.634457211939235,46.13205371713102],[12.634434099030528,46.132593264347285]],[[12.626683929887696,46.131892500935336],[12.627461255104205,46.13190864632218],[12.627507615331973,46.130829557141205],[12.626730305269911,46.130813412358904],[12.626683929887696,46.131892500935336]],[[12.64922663025121,46.1323585727874],[12.650003974656626,46.13237456500352],[12.650026935348961,46.131835011720234],[12.649249598521559,46.131819019803515],[12.64922663025121,46.1323585727874]],[[12.632148355335488,46.1314658613576],[12.632925677623,46.13148196947152],[12.63294880436516,46.13094242273785],[12.63217148965493,46.1309263149255],[12.632148355335488,46.1314658613576]],[[12.647694926842853,46.13178702012466],[12.648472262352783,46.131803022605],[12.648495237544433,46.131263469860585],[12.647717909612249,46.131247467679856],[12.647694926842853,46.13178702012466]],[[12.627507615331973,46.130829557141205],[12.629085401416166,46.13032228557665],[12.629178050661029,46.128164103834955],[12.630732599670434,46.12819635341074],[12.630778890017913,46.127117260971325],[12.631556150366603,46.127133377234344],[12.631579286972622,46.126593830622674],[12.630802034199439,46.12657771466137],[12.630848320578178,46.125498621860984],[12.630071083618926,46.12548250122267],[12.63011738250152,46.12440340878525],[12.633226273721014,46.124467857242536],[12.633272509362714,46.123388762151315],[12.631718092723759,46.12335654968936],[12.631694960084761,46.123896096661966],[12.628586104471024,46.12383160717005],[12.628609267406716,46.1232920614048],[12.627832062737234,46.12327592613357],[12.62780889222743,46.12381547159674],[12.626231283412974,46.12432272940834],[12.626184908783834,46.12540181882478],[12.628516611692005,46.12545024410474],[12.628493446108271,46.12598978962929],[12.626161720475237,46.12594136344272],[12.626138531503921,46.126480908000445],[12.62536128338062,46.12646475507488],[12.625338086171224,46.127004299270006],[12.626869415512202,46.12757614518495],[12.626823048081976,46.1286552344837],[12.62760032783774,46.128671378057014],[12.627507615331973,46.130829557141205]],[[12.633726119738549,46.13095852526874],[12.634503435774876,46.130974622518124],[12.634549656968309,46.129895527664694],[12.633772356085984,46.12987943101803],[12.633726119738549,46.13095852526874]],[[12.638390025893035,46.13105502954248],[12.640721987905339,46.131103210378555],[12.64074503821459,46.1305636605745],[12.642299667706766,46.13059575412311],[12.642322702202986,46.1300562036581],[12.643100010362826,46.13007224220987],[12.643123036623763,46.12953269138453],[12.642345736040856,46.12951665313304],[12.64239180174166,46.12843755190266],[12.639259603802449,46.12891289793095],[12.639305728797378,46.127833798984454],[12.63697390713464,46.12778559187455],[12.636858476054844,46.130483334277145],[12.63841309893411,46.13051548064045],[12.638390025893035,46.13105502954248]],[[12.63219462331317,46.13038676843327],[12.632971930446338,46.13040287594404],[12.633041304724198,46.128784235201735],[12.632264020320925,46.12876812859562],[12.632310281687188,46.127689035069764],[12.633087550938278,46.12770514107279],[12.633110673054041,46.12716559391811],[12.631556150366603,46.127133377234344],[12.631463597329757,46.12929156307949],[12.632240888646145,46.12930767526832],[12.63219462331317,46.13038676843327]],[[12.635350060542553,46.12937207121188],[12.636127355173288,46.12938815699478],[12.636150448965756,46.12884860881531],[12.63537316191153,46.12883252333357],[12.635350060542553,46.12937207121188]],[[12.643900337866937,46.12954872435469],[12.644677639770165,46.12956475204353],[12.644700650219486,46.12902520055786],[12.646255240851625,46.129057239491615],[12.646301229471426,46.12797813514048],[12.6447466691452,46.12794609740639],[12.644723660011156,46.12848564901215],[12.643946373261246,46.12846962192345],[12.643900337866937,46.12954872435469]],[[12.634595875519716,46.128816432570716],[12.63537316191153,46.12883252333357],[12.635419362668783,46.12775342739657],[12.634642091429292,46.12773733723621],[12.634595875519716,46.128816432570716]],[[12.639305728797378,46.127833798984454],[12.64086027987931,46.1278659106529],[12.64090637193425,46.12678681026365],[12.639328790306159,46.12729424942106],[12.639305728797378,46.127833798984454]],[[12.63466519839345,46.127197789478764],[12.635442462057103,46.12721387933788],[12.636265908028166,46.12615086701619],[12.634711410340623,46.12611869378346],[12.63466519839345,46.127197789478764]],[[12.63235654040921,46.126609941303315],[12.633133794508984,46.12662604670328],[12.6331800354365,46.125546952093195],[12.632402796487181,46.12553084729625],[12.63235654040921,46.126609941303315]],[[12.637797333022384,46.126722568208415],[12.638574591758388,46.12673863664338],[12.63859765952453,46.12619908726053],[12.637820408364023,46.126183019126394],[12.637797333022384,46.126722568208415]],[[12.636265908028166,46.12615086701619],[12.637043157865165,46.12616694571161],[12.637112402658444,46.124548299007635],[12.638666858867474,46.124580438751345],[12.638712988466773,46.12350133944473],[12.637158562555806,46.12346920090444],[12.637135482936925,46.1240087499861],[12.636358263399577,46.12399267249472],[12.636381350592833,46.12345312371406],[12.634826928652982,46.12342095349292],[12.634780723308877,46.12450004978951],[12.635557949096581,46.12451613814255],[12.635511756261119,46.12559523480106],[12.636288997860827,46.12561131847599],[12.636265908028166,46.12615086701619]],[[12.639374911346463,46.126215150114],[12.64015216382961,46.12623120768679],[12.640198267083289,46.125152107538085],[12.639421029750586,46.12513605056653],[12.639374911346463,46.126215150114]],[[12.640929416973751,46.12624725997891],[12.64170667077867,46.12626330699032],[12.641729707584183,46.12572375634504],[12.64095246135464,46.12570770963406],[12.640929416973751,46.12624725997891]],[[12.63864379307905,46.12511998831451],[12.639421029750586,46.12513605056653],[12.639444087964137,46.12459650070266],[12.638666858867474,46.124580438751345],[12.63864379307905,46.12511998831451]],[[12.639444087964137,46.12459650070266],[12.640221317721942,46.1246125573736],[12.64024436770183,46.12407300714902],[12.63946714551871,46.1240569507787],[12.639444087964137,46.12459650070266]],[[12.625477259483716,46.12376703319625],[12.62625446973356,46.123783184609835],[12.62627765539152,46.12324363975112],[12.627832062737234,46.12327592613357],[12.627878401770362,46.12219683502668],[12.627101212912759,46.1221806950798],[12.627078036153609,46.12272024036117],[12.624746450847915,46.12267178793469],[12.625477259483716,46.12376703319625]],[[12.630964024950964,46.12280088880721],[12.631741224701667,46.12281700265661],[12.631787486674313,46.12173790841064],[12.631010302070948,46.121721795164596],[12.630964024950964,46.12280088880721]],[[12.634850030334686,46.122881405254404],[12.635627233399413,46.12289749270385],[12.635650326847022,46.12235794410404],[12.634873131356189,46.12234185695578],[12.634850030334686,46.122881405254404]],[[12.637181641515111,46.122929651762654],[12.638736052277695,46.122961789701264],[12.63880523975582,46.12134314011027],[12.637250874435795,46.12131100397665],[12.637181641515111,46.122929651762654]],[[12.631787486674313,46.12173790841064],[12.632564671940868,46.121754016376904],[12.632587794362284,46.121214468862135],[12.631810616669094,46.12119836119743],[12.631787486674313,46.12173790841064]],[[12.640359607720715,46.121375255124796],[12.641913978328748,46.1214073490201],[12.641937009209729,46.12086779783415],[12.640382653748539,46.12083570453968],[12.640359607720715,46.121375255124796]],[[12.637273950757026,46.12077145459444],[12.638051125513005,46.12078752500025],[12.638074193601671,46.12024797525706],[12.637297026418796,46.1202319051521],[12.637273950757026,46.12077145459444]],[[12.638828300930392,46.12080359012642],[12.639605477008978,46.12081964997289],[12.639628529951375,46.12028009962825],[12.638851361445939,46.12026404008245],[12.638828300930392,46.12080359012642]],[[12.63574269403807,46.12019974910354],[12.636519859897522,46.120215829767595],[12.636589105644239,46.118597181982786],[12.635811962502652,46.118581102221874],[12.63574269403807,46.12019974910354]],[[12.650508958329128,46.12050437890739],[12.655172038572402,46.12060018181517],[12.655194939392477,46.12006062541794],[12.653640591829362,46.120028712831996],[12.653686421798444,46.11894960105251],[12.65290926414838,46.11893363743774],[12.652886341918348,46.11947319305859],[12.652109177352589,46.11945722386535],[12.652086246894372,46.11999677912725],[12.650531904589243,46.11996482430378],[12.650508958329128,46.12050437890739]],[[12.637343175764046,46.11915280608711],[12.638120327801373,46.119168875590354],[12.638143393912449,46.118629325666845],[12.637366249447576,46.11861325646444],[12.637343175764046,46.11915280608711]],[[12.633503647935555,46.11799328308672],[12.63428078151847,46.11800937838396],[12.634326986163623,46.11693028124672],[12.6335498677243,46.11691418655213],[12.633503647935555,46.11799328308672]],[[12.636612186240615,46.11805763260095],[12.637389322471739,46.118073706781665],[12.637412394836558,46.11753415703878],[12.636635266177432,46.117518083159],[12.636612186240615,46.11805763260095]],[[12.635881225029047,46.116962454799136],[12.636658345454713,46.116978533656926],[12.63668142407248,46.116438984094756],[12.63590431121836,46.116422905537966],[12.635881225029047,46.116962454799136]],[[12.63435008749595,46.11639073258789],[12.63512719902611,46.11640682170235],[12.635150292127017,46.11586727268218],[12.634373188168137,46.11585118386893],[12.63435008749595,46.11639073258789]],[[12.640566998263614,46.11651929769566],[12.6421212325656,46.11655138618372],[12.642144257523938,46.116011834457076],[12.640613077807817,46.115440195383776],[12.640566998263614,46.11651929769566]],[[12.642144257523938,46.116011834457076],[12.642921368093738,46.11602787048249],[12.642944384822822,46.11548831839556],[12.642167281824321,46.11547228267037],[12.642144257523938,46.116011834457076]],[[12.634396288180213,46.115311635089846],[12.635173384568027,46.11532772360189],[12.635196476349163,46.11478817446147],[12.634419387532196,46.11477208625063],[12.634396288180213,46.115311635089846]]]},"properties":{"nbr_class":"moderata","color":"#a6d96a"}},{"type":"Feature","geometry":{"type":"Polygon","coordinates":[[[12.649915392891483,46.11617195716169],[12.649938341477837,46.115632402377216],[12.650715451065368,46.115648385314394],[12.650761331128365,46.11456927496695],[12.647629987308067,46.115044867946374],[12.6477448306845,46.112347097314824],[12.648521892873363,46.11236309429147],[12.648453011527677,46.113981757748995],[12.65156135770846,46.11404569646417],[12.65238429174538,46.11298255604281],[12.653938439812825,46.113014481976315],[12.653915532357596,46.1135540385559],[12.65469261494709,46.113569993903745],[12.65471551483175,46.113030437025444],[12.655492590507187,46.11304638679614],[12.654761312638005,46.1119513230889],[12.655538373172908,46.1119672722624],[12.655561263524605,46.111427714905574],[12.656338317145789,46.11144365850233],[12.657161119885552,46.110380480733596],[12.658715200128299,46.11041234034331],[12.658669481944536,46.1114914576236],[12.66022359508753,46.11152329731352],[12.660246439366295,46.11098373810726],[12.6610234893504,46.11099964973699],[12.660977815280086,46.1120787686854],[12.661754881058924,46.11209467563261],[12.66170921951916,46.11317379493692],[12.662486301093468,46.113189697201236],[12.662417826603669,46.11480837660142],[12.661640722316312,46.114792473443906],[12.661663555369719,46.114252914001504],[12.660109363901519,46.11422109244578],[12.660932138599417,46.11315788739407],[12.659377978724486,46.1131260564728],[12.659332269149875,46.11420517374984],[12.65855517505349,46.114189249775215],[12.658578037738264,46.1136496914648],[12.657000988827367,46.11415738598991],[12.656932351425054,46.11577605877177],[12.653846806064216,46.11517270793474],[12.653823895990445,46.11571226427437],[12.65226967221335,46.11568033535216],[12.65224674634166,46.116219891034056],[12.649915392891483,46.11617195716169]],[[12.653069701418545,46.11515674641191],[12.653846806064216,46.11517270793474],[12.653869715483316,46.1146331515351],[12.65309261840884,46.1146171903111],[12.653069701418545,46.11515674641191]],[[12.657823821470409,46.113094204437566],[12.658600899769734,46.11311013309443],[12.658623761147918,46.112570574664105],[12.657846690419065,46.11255464630544],[12.657823821470409,46.113094204437566]]]},"properties":{"nbr_class":"stress","color":"#ffffbf"}},{"type":"Feature","geometry":{"type":"Polygon","coordinates":[[[12.641551384160689,46.111679379579485],[12.641620462008216,46.1100607234982],[12.64239748864575,46.11007676149926],[12.642328433506217,46.11169541848134],[12.641551384160689,46.111679379579485]]]},"properties":{"nbr_class":"stress","color":"#ffffbf"}},{"type":"Feature","geometry":{"type":"Polygon","coordinates":[[[12.647013717050159,46.11125198698627],[12.647059662320439,46.11017287867245],[12.647836693572447,46.11018887972902],[12.647790763440943,46.11126798864198],[12.647013717050159,46.11125198698627]]]},"properties":{"nbr_class":"stress","color":"#ffffbf"}},{"type":"Feature","geometry":{"type":"Polygon","coordinates":[[[12.669548328898763,46.11171389207977],[12.669593835125688,46.1106347664708],[12.670370885381802,46.11065061446555],[12.670325394294997,46.11172974066793],[12.669548328898763,46.11171389207977]]]},"properties":{"nbr_class":"stress","color":"#ffffbf"}},{"type":"Feature","geometry":{"type":"Polygon","coordinates":[[[12.638489306493558,46.11053606960183],[12.63851236206102,46.10999651871668],[12.639289386056946,46.11001257782863],[12.639266338058507,46.11055212901442],[12.638489306493558,46.11053606960183]]]},"properties":{"nbr_class":"sana","color":"#1a9641"}},{"type":"Feature","geometry":{"type":"Polygon","coordinates":[[[12.694437255133682,46.11167885655511],[12.694459765672164,46.111139284274934],[12.695236836686995,46.111154963362644],[12.695214333719198,46.11169453593639],[12.694437255133682,46.11167885655511]]]},"properties":{"nbr_class":"moderata","color":"#a6d96a"}},{"type":"Feature","geometry":{"type":"Polygon","coordinates":[[[12.645298691134707,46.11499684085154],[12.645344675879562,46.11391773457729],[12.644567593614886,46.11390171558811],[12.644613590872538,46.112822609673465],[12.643836524407984,46.112806586005824],[12.643859529621096,46.11226703325839],[12.642328433506217,46.11169541848134],[12.642374470923635,46.11061631388669],[12.643151505790168,46.11063234691016],[12.643128494979686,46.111171899537695],[12.64545962624463,46.11121996784081],[12.6455285885809,46.10960130707834],[12.646305610946554,46.10961731839077],[12.64628263172699,46.110156872338074],[12.647059662320439,46.11017287867245],[12.647013717050159,46.11125198698627],[12.647790763440943,46.11126798864198],[12.647836693572447,46.11018887972902],[12.65016779127768,46.11023685123167],[12.650121906562783,46.11131596194089],[12.650898955585834,46.111331942484405],[12.65087601981482,46.11187149804818],[12.652430134972962,46.111903443899074],[12.652453055604298,46.11136388773723],[12.654007158251131,46.111395811877635],[12.65398425275957,46.111935368637184],[12.654761312638005,46.1119513230889],[12.653938439812825,46.113014481976315],[12.65238429174538,46.11298255604281],[12.65156135770846,46.11404569646417],[12.648453011527677,46.113981757748995],[12.648521892873363,46.11236309429147],[12.6477448306845,46.112347097314824],[12.647652957296055,46.11450531394012],[12.646098774330225,46.114473301754934],[12.646075789200246,46.11501285516185],[12.645298691134707,46.11499684085154]],[[12.645367667266479,46.11337818135009],[12.646944794221303,46.11287064900673],[12.646990743430354,46.111791541053115],[12.645436637485474,46.1117595213082],[12.645367667266479,46.11337818135009]],[[12.650030129265751,46.11347418263917],[12.650807208569317,46.11349016437948],[12.650830146306582,46.112950608995725],[12.65005307457347,46.11293462755462],[12.650030129265751,46.11347418263917]],[[12.650830146306582,46.112950608995725],[12.651607218697292,46.11296658515845],[12.65163014820886,46.112427029415585],[12.65085308338841,46.11241105355195],[12.650830146306582,46.112950608995725]],[[12.652407213686663,46.11244300000093],[12.653184279821609,46.11245896530799],[12.653207193537817,46.111919408907234],[12.652430134972962,46.111903443899074],[12.652407213686663,46.11244300000093]]]},"properties":{"nbr_class":"moderata","color":"#a6d96a"}},{"type":"Feature","geometry":{"type":"Polygon","coordinates":[[[12.687398417649018,46.11261664367547],[12.687488733634044,46.11045836525985],[12.688265791262632,46.11047409155942],[12.689729683323105,46.112663810271314],[12.687398417649018,46.11261664367547]]]},"properties":{"nbr_class":"stress","color":"#ffffbf"}},{"type":"Feature","geometry":{"type":"Polygon","coordinates":[[[12.650898955585834,46.111331942484405],[12.65094482516177,46.11025283117684],[12.652498894902172,46.11028477523353],[12.652521813568756,46.10974521889169],[12.653298841855408,46.10976118270431],[12.653230106599278,46.11137985244649],[12.650898955585834,46.111331942484405]]]},"properties":{"nbr_class":"degradata","color":"#fdae61"}},{"type":"Feature","geometry":{"type":"Polygon","coordinates":[[[12.668771264154856,46.111698038213234],[12.668839545229803,46.11007935060042],[12.66961658726392,46.11009520357653],[12.669548328898763,46.11171389207977],[12.668771264154856,46.111698038213234]]]},"properties":{"nbr_class":"sana","color":"#1a9641"}},{"type":"Feature","geometry":{"type":"Polygon","coordinates":[[[12.670325394294997,46.11172974066793],[12.670393629950299,46.11011105127457],[12.671170673288719,46.110126893694535],[12.671102460343343,46.11174558397774],[12.670325394294997,46.11172974066793]]]},"properties":{"nbr_class":"degradata","color":"#fdae61"}},{"type":"Feature","geometry":{"type":"Polygon","coordinates":[[[12.637735338726037,46.10998045432706],[12.637758401203506,46.109440903682554],[12.638535416969706,46.10945696777144],[12.63851236206102,46.10999651871668],[12.637735338726037,46.10998045432706]]]},"properties":{"nbr_class":"sana","color":"#1a9641"}},{"type":"Feature","geometry":{"type":"Polygon","coordinates":[[[12.64628263172699,46.110156872338074],[12.646305610946554,46.10961731839077],[12.64708263397096,46.109633324425495],[12.647059662320439,46.11017287867245],[12.64628263172699,46.110156872338074]]]},"properties":{"nbr_class":"stress","color":"#ffffbf"}},{"type":"Feature","geometry":{"type":"Polygon","coordinates":[[[12.647059662320439,46.11017287867245],[12.64708263397096,46.109633324425495],[12.647859657653905,46.109649325182495],[12.647836693572447,46.11018887972902],[12.647059662320439,46.11017287867245]]]},"properties":{"nbr_class":"moderata","color":"#a6d96a"}},{"type":"Feature","geometry":{"type":"Polygon","coordinates":[[[12.668016968642311,46.11114261688757],[12.668039736570526,46.110603054646866],[12.667262688271908,46.11058719081768],[12.667285463119214,46.11004762881411],[12.668839545229803,46.11007935060042],[12.668794025163548,46.111158475735515],[12.668016968642311,46.11114261688757]]]},"properties":{"nbr_class":"moderata","color":"#a6d96a"}},{"type":"Feature","geometry":{"type":"Polygon","coordinates":[[[12.669593835125688,46.1106347664708],[12.66961658726392,46.11009520357653],[12.670393629950299,46.11011105127457],[12.670370885381802,46.11065061446555],[12.669593835125688,46.1106347664708]]]},"properties":{"nbr_class":"moderata","color":"#a6d96a"}},{"type":"Feature","geometry":{"type":"Polygon","coordinates":[[[12.69212855650066,46.1110922153407],[12.692151089107183,46.110552643882045],[12.6929281506149,46.110568338511456],[12.692905625578781,46.11110791026393],[12.69212855650066,46.1110922153407]]]},"properties":{"nbr_class":"moderata","color":"#a6d96a"}},{"type":"Feature","geometry":{"type":"Polygon","coordinates":[[[12.638420135838272,46.11215472189665],[12.638466250267294,46.11107562042687],[12.639243289401481,46.11109168014013],[12.639335480078163,46.10893347527675],[12.64011248959737,46.108949528509896],[12.639997287450287,46.111647285941665],[12.638420135838272,46.11215472189665]]]},"properties":{"nbr_class":"stress","color":"#ffffbf"}},{"type":"Feature","geometry":{"type":"Polygon","coordinates":[[[12.639951201982706,46.11272638849376],[12.639220240085848,46.11163123120575],[12.639997287450287,46.111647285941665],[12.64011248959737,46.108949528509896],[12.640889499777042,46.10896557646553],[12.640866468232955,46.109505128372504],[12.641643486641533,46.10952117135095],[12.641551384160689,46.111679379579485],[12.640774335475307,46.111663335399584],[12.640728265147375,46.11274243855264],[12.639951201982706,46.11272638849376]]]},"properties":{"nbr_class":"degradata","color":"#fdae61"}},{"type":"Feature","geometry":{"type":"Polygon","coordinates":[[[12.676541940922734,46.111856339351206],[12.676632678258272,46.109698077226575],[12.678963803139997,46.10974546108996],[12.678096084087798,46.11188793623769],[12.676541940922734,46.111856339351206]]]},"properties":{"nbr_class":"degradata","color":"#fdae61"}},{"type":"Feature","geometry":{"type":"Polygon","coordinates":[[[12.640866468232955,46.109505128372504],[12.640889499777042,46.10896557646553],[12.64166651061696,46.10898161914362],[12.641643486641533,46.10952117135095],[12.640866468232955,46.109505128372504]]]},"properties":{"nbr_class":"stress","color":"#ffffbf"}},{"type":"Feature","geometry":{"type":"Polygon","coordinates":[[[12.654761312638005,46.1119513230889],[12.654830004440079,46.110332651734275],[12.655607042265796,46.110348600012],[12.655652818390864,46.10926948487854],[12.656429841734337,46.109285427281364],[12.656452721246996,46.1087458693262],[12.659560790902109,46.108809584966885],[12.659537941665235,46.109349144114915],[12.658760915699393,46.10933322282322],[12.658715200128299,46.11041234034331],[12.657161119885552,46.110380480733596],[12.657138245981079,46.110920038807244],[12.656361199273661,46.11090410078704],[12.656338317145789,46.11144365850233],[12.654761312638005,46.1119513230889]]]},"properties":{"nbr_class":"moderata","color":"#a6d96a"}},{"type":"Feature","geometry":{"type":"Polygon","coordinates":[[[12.643128494979686,46.111171899537695],[12.643151505790168,46.11063234691016],[12.642374470923635,46.11061631388669],[12.642420505710165,46.10953720905175],[12.643974545826724,46.1095692686204],[12.644020547708106,46.10849016234478],[12.644797553618304,46.10850618361269],[12.644774560574763,46.109045737080486],[12.645551574712668,46.10906175337075],[12.64545962624463,46.11121996784081],[12.643128494979686,46.111171899537695]]]},"properties":{"nbr_class":"sana","color":"#1a9641"}},{"type":"Feature","geometry":{"type":"Polygon","coordinates":[[[12.68975224057437,46.11212423987395],[12.689774797181057,46.11158466941687],[12.688997723117721,46.11156895308549],[12.689042849538282,46.110489812580646],[12.689819908460779,46.11050552832355],[12.689865017162457,46.10942638699134],[12.690642061591562,46.10944209686762],[12.690529322855149,46.11213995122093],[12.68975224057437,46.11212423987395]]]},"properties":{"nbr_class":"sana","color":"#1a9641"}},{"type":"Feature","geometry":{"type":"Polygon","coordinates":[[[12.658715200128299,46.11041234034331],[12.658760915699393,46.10933322282322],[12.660337809953997,46.108825500682805],[12.660269282992301,46.11044417884104],[12.658715200128299,46.11041234034331]]]},"properties":{"nbr_class":"sana","color":"#1a9641"}},{"type":"Feature","geometry":{"type":"Polygon","coordinates":[[[12.6455285885809,46.10960130707834],[12.645574560187645,46.108522199603115],[12.64635156741591,46.10853821031605],[12.646305610946554,46.10961731839077],[12.6455285885809,46.10960130707834]]]},"properties":{"nbr_class":"stress","color":"#ffffbf"}},{"type":"Feature","geometry":{"type":"Polygon","coordinates":[[[12.692151089107183,46.110552643882045],[12.692196152388659,46.10947350078565],[12.692973198756219,46.10948919482739],[12.6929281506149,46.110568338511456],[12.692151089107183,46.110552643882045]]]},"properties":{"nbr_class":"sana","color":"#1a9641"}},{"type":"Feature","geometry":{"type":"Polygon","coordinates":[[[12.6929281506149,46.110568338511456],[12.692973198756219,46.10948919482739],[12.694504784819438,46.110060139535484],[12.69448227556741,46.11059971193505],[12.6929281506149,46.110568338511456]]]},"properties":{"nbr_class":"moderata","color":"#a6d96a"}},{"type":"Feature","geometry":{"type":"Polygon","coordinates":[[[12.64011248959737,46.108949528509896],[12.640135528051797,46.10840997684328],[12.640912530663044,46.10842602449846],[12.640889499777042,46.10896557646553],[12.64011248959737,46.108949528509896]]]},"properties":{"nbr_class":"stress","color":"#ffffbf"}},{"type":"Feature","geometry":{"type":"Polygon","coordinates":[[[12.644774560574763,46.109045737080486],[12.644797553618304,46.10850618361269],[12.645574560187645,46.108522199603115],[12.645551574712668,46.10906175337075],[12.644774560574763,46.109045737080486]]]},"properties":{"nbr_class":"moderata","color":"#a6d96a"}},{"type":"Feature","geometry":{"type":"Polygon","coordinates":[[[12.655652818390864,46.10926948487854],[12.655675705472412,46.108729927221844],[12.656452721246996,46.1087458693262],[12.656429841734337,46.109285427281364],[12.655652818390864,46.10926948487854]]]},"properties":{"nbr_class":"stress","color":"#ffffbf"}},{"type":"Feature","geometry":{"type":"Polygon","coordinates":[[[12.68097794379328,46.117346735529914],[12.681045880914347,46.11572803549932],[12.680268753408765,46.115712258741794],[12.680291405393527,46.11517269224074],[12.67562869943776,46.11507792260703],[12.675651396205451,46.11453835782046],[12.671765863660095,46.11445923943338],[12.67178859763602,46.11391967606824],[12.67256569527105,46.113935510007025],[12.672611146132029,46.1128563825043],[12.673388229276583,46.11287221057162],[12.673433662398896,46.11179308223685],[12.675764870315662,46.11184053299028],[12.675810255420329,46.11076140263944],[12.676587310886909,46.11077720840853],[12.676541940922734,46.111856339351206],[12.678096084087798,46.11188793623769],[12.678963803139997,46.10974546108996],[12.676632678258272,46.109698077226575],[12.676655360971706,46.109158511545886],[12.679763498502048,46.109221678291576],[12.679740846066803,46.109761245154914],[12.680517889643031,46.109777023941746],[12.680449951163547,46.111395725059225],[12.67967288487721,46.11137994538612],[12.679627574180705,46.11245907857463],[12.68115909650747,46.11303020091932],[12.68106852532711,46.11518846870289],[12.683399889022299,46.11523576641459],[12.683422510072473,46.11469619867287],[12.68419962502975,46.11471195372351],[12.68415439742693,46.11579108973715],[12.68337726732568,46.115775334096554],[12.683354644982597,46.11631490171875],[12.681800371581536,46.11628337400956],[12.681755094665476,46.117362507894086],[12.68097794379328,46.117346735529914]]]},"properties":{"nbr_class":"stress","color":"#ffffbf"}},{"type":"Feature","geometry":{"type":"Polygon","coordinates":[[[12.66170921951916,46.11317379493692],[12.661754881058924,46.11209467563261],[12.660977815280086,46.1120787686854],[12.6610234893504,46.11099964973699],[12.661800539989192,46.11101555608861],[12.661914675899547,46.10831775617989],[12.662691689346365,46.108333655764945],[12.662668871037667,46.1088732161642],[12.664999938008796,46.108920884145796],[12.664977141755438,46.1094604453776],[12.666531204809136,46.10949219823753],[12.666485640626226,46.11057132171039],[12.664154501608932,46.11052368271989],[12.664086082321672,46.11214236480422],[12.663309014579934,46.11212647369204],[12.66328619927701,46.112666033969475],[12.66170921951916,46.11317379493692]]]},"properties":{"nbr_class":"degradata","color":"#fdae61"}},{"type":"Feature","geometry":{"type":"Polygon","coordinates":[[[12.672611146132029,46.1128563825043],[12.672633870588445,46.11231681866318],[12.671856795666068,46.112300985613714],[12.672015901669065,46.10852403912503],[12.672792923602797,46.10853987009965],[12.672679317553245,46.1112376908014],[12.675787563192214,46.111300967844784],[12.675764870315662,46.11184053299028],[12.673433662398896,46.11179308223685],[12.673388229276583,46.11287221057162],[12.672611146132029,46.1128563825043]]]},"properties":{"nbr_class":"moderata","color":"#a6d96a"}},{"type":"Feature","geometry":{"type":"Polygon","coordinates":[[[12.651767711519831,46.10918969369839],[12.65181356071607,46.10811058131265],[12.652590565639382,46.1081265495062],[12.652544731580472,46.10920566248985],[12.651767711519831,46.10918969369839]]]},"properties":{"nbr_class":"degradata","color":"#fdae61"}},{"type":"Feature","geometry":{"type":"Polygon","coordinates":[[[12.638581524810835,46.10837786570067],[12.638604577743326,46.107838314575126],[12.63938157146532,46.10785437248452],[12.639358526100988,46.108393923910675],[12.638581524810835,46.10837786570067]]]},"properties":{"nbr_class":"stress","color":"#ffffbf"}},{"type":"Feature","geometry":{"type":"Polygon","coordinates":[[[12.641689533934517,46.10844206687622],[12.641712556594229,46.10790251454875],[12.644043547662989,46.1079506091169],[12.644020547708106,46.10849016234478],[12.641689533934517,46.10844206687622]]]},"properties":{"nbr_class":"sana","color":"#1a9641"}},{"type":"Feature","geometry":{"type":"Polygon","coordinates":[[[12.644020547708106,46.10849016234478],[12.644043547662989,46.1079506091169],[12.644820546004864,46.107966630084874],[12.644797553618304,46.10850618361269],[12.644020547708106,46.10849016234478]]]},"properties":{"nbr_class":"moderata","color":"#a6d96a"}},{"type":"Feature","geometry":{"type":"Polygon","coordinates":[[[12.657229737677474,46.1087618061529],[12.657252608967692,46.10822224783942],[12.658029618485127,46.10823817909018],[12.65800675476363,46.108777737701914],[12.657229737677474,46.1087618061529]]]},"properties":{"nbr_class":"stress","color":"#ffffbf"}},{"type":"Feature","geometry":{"type":"Polygon","coordinates":[[[12.658783772505247,46.108793663973245],[12.658806628658002,46.10825410506334],[12.6595836394861,46.10827002575891],[12.659560790902109,46.108809584966885],[12.658783772505247,46.108793663973245]]]},"properties":{"nbr_class":"stress","color":"#ffffbf"}},{"type":"Feature","geometry":{"type":"Polygon","coordinates":[[[12.658669481944536,46.1114914576236],[12.658715200128299,46.11041234034331],[12.660269282992301,46.11044417884104],[12.660337809953997,46.108825500682805],[12.659560790902109,46.108809584966885],[12.6595836394861,46.10827002575891],[12.661137663107088,46.10830185131719],[12.6610234893504,46.11099964973699],[12.660246439366295,46.11098373810726],[12.66022359508753,46.11152329731352],[12.658669481944536,46.1114914576236]]]},"properties":{"nbr_class":"moderata","color":"#a6d96a"}},{"type":"Feature","geometry":{"type":"Polygon","coordinates":[[[12.662668871037667,46.1088732161642],[12.662691689346365,46.108333655764945],[12.665022733610778,46.10838132285411],[12.664999938008796,46.108920884145796],[12.662668871037667,46.1088732161642]]]},"properties":{"nbr_class":"stress","color":"#ffffbf"}},{"type":"Feature","geometry":{"type":"Polygon","coordinates":[[[12.667331010861535,46.108968504627285],[12.667353783756598,46.108428942444064],[12.668130801777838,46.10844480508528],[12.668108036451795,46.108984367565476],[12.667331010861535,46.108968504627285]]]},"properties":{"nbr_class":"degradata","color":"#fdae61"}},{"type":"Feature","geometry":{"type":"Polygon","coordinates":[[[12.690529322855149,46.11213995122093],[12.690642061591562,46.10944209686762],[12.691419106667034,46.10945780146572],[12.69224121309486,46.108394357450464],[12.693018244323126,46.10841005090455],[12.692973198756219,46.10948919482739],[12.692196152388659,46.10947350078565],[12.692151089107183,46.110552643882045],[12.691374028245447,46.11053694397426],[12.691306405782408,46.11215565728923],[12.690529322855149,46.11213995122093]]]},"properties":{"nbr_class":"moderata","color":"#a6d96a"}},{"type":"Feature","geometry":{"type":"Polygon","coordinates":[[[12.664999938008796,46.108920884145796],[12.665022733610778,46.10838132285411],[12.666576766388197,46.10841307452512],[12.666599546201338,46.10787351257908],[12.667376556000958,46.10788938020095],[12.667331010861535,46.108968504627285],[12.664999938008796,46.108920884145796]]]},"properties":{"nbr_class":"moderata","color":"#a6d96a"}},{"type":"Feature","geometry":{"type":"Polygon","coordinates":[[[12.653367571219649,46.10814251242224],[12.653390479698528,46.10760295554157],[12.65416747836714,46.10761891288134],[12.654144577456648,46.10815847006076],[12.653367571219649,46.10814251242224]]]},"properties":{"nbr_class":"moderata","color":"#a6d96a"}},{"type":"Feature","geometry":{"type":"Polygon","coordinates":[[[12.662691689346365,46.108333655764945],[12.662714507003066,46.107794095305756],[12.665045528561416,46.10784176150253],[12.665022733610778,46.10838132285411],[12.662691689346365,46.108333655764945]]]},"properties":{"nbr_class":"moderata","color":"#a6d96a"}},{"type":"Feature","geometry":{"type":"Polygon","coordinates":[[[12.663994847481057,46.114300606744585],[12.664040466204908,46.11322148589423],[12.662486301093468,46.113189697201236],[12.662509124618962,46.11265013728133],[12.664086082321672,46.11214236480422],[12.664154501608932,46.11052368271989],[12.666485640626226,46.11057132171039],[12.666531204809136,46.10949219823753],[12.664977141755438,46.1094604453776],[12.664999938008796,46.108920884145796],[12.668108036451795,46.108984367565476],[12.667376556000958,46.10788938020095],[12.668930577558433,46.10792109961178],[12.668907820451702,46.10846066244875],[12.672015901669065,46.10852403912503],[12.671834063638984,46.112840549158406],[12.671056981797664,46.11282471053392],[12.67101150065276,46.11390383685068],[12.670234404321487,46.11388799235436],[12.670325394294997,46.11172974066793],[12.671102460343343,46.11174558397774],[12.671170673288719,46.110126893694535],[12.667285463119214,46.11004762881411],[12.667262688271908,46.11058719081768],[12.668039736570526,46.110603054646866],[12.668771264154856,46.111698038213234],[12.669548328898763,46.11171389207977],[12.669457308642423,46.11387214257927],[12.666371718775883,46.11326912934442],[12.666326145478036,46.11434825197879],[12.663994847481057,46.114300606744585]],[[12.664794748276448,46.11377693307544],[12.665571840037739,46.11379281452284],[12.665594633932004,46.113253253472955],[12.664817549741608,46.11323737232288],[12.664794748276448,46.11377693307544]],[[12.66484035055521,46.112697811510394],[12.667171582374527,46.11274543823315],[12.667194359825144,46.11220587646911],[12.667971430834056,46.11222174118932],[12.668016968642311,46.11114261688757],[12.664908749086912,46.11107912871357],[12.66484035055521,46.112697811510394]]]},"properties":{"nbr_class":"stress","color":"#ffffbf"}},{"type":"Feature","geometry":{"type":"Polygon","coordinates":[[[12.668907820451702,46.10846066244875],[12.668930577558433,46.10792109961178],[12.670484601725441,46.107952797912006],[12.670461859756436,46.10849236134244],[12.668907820451702,46.10846066244875]]]},"properties":{"nbr_class":"moderata","color":"#a6d96a"}},{"type":"Feature","geometry":{"type":"Polygon","coordinates":[[[12.647928545961383,46.108030661182745],[12.647974468219184,46.106951551549436],[12.648751454718251,46.106967545531454],[12.648705547596682,46.108046655763644],[12.647928545961383,46.108030661182745]]]},"properties":{"nbr_class":"stress","color":"#ffffbf"}},{"type":"Feature","geometry":{"type":"Polygon","coordinates":[[[12.6610234893504,46.11099964973699],[12.661137663107088,46.10830185131719],[12.6603606509692,46.10828594117685],[12.660406331041697,46.107206821985145],[12.661183328042611,46.10722273152976],[12.66116049590105,46.10776229145344],[12.662714507003066,46.107794095305756],[12.662691689346365,46.108333655764945],[12.661914675899547,46.10831775617989],[12.661800539989192,46.11101555608861],[12.6610234893504,46.11099964973699]]]},"properties":{"nbr_class":"stress","color":"#ffffbf"}},{"type":"Feature","geometry":{"type":"Polygon","coordinates":[[[12.696880925531568,46.10902801246358],[12.696925894116333,46.10794886548613],[12.69770292164592,46.1079645269788],[12.697657968200293,46.10904367454269],[12.696880925531568,46.10902801246358]]]},"properties":{"nbr_class":"moderata","color":"#a6d96a"}},{"type":"Feature","geometry":{"type":"Polygon","coordinates":[[[12.651059487633828,46.10755505185781],[12.65108241816252,46.107015495813975],[12.651859407292246,46.10703146868693],[12.651836484331655,46.10757102502979],[12.651059487633828,46.10755505185781]]]},"properties":{"nbr_class":"moderata","color":"#a6d96a"}},{"type":"Feature","geometry":{"type":"Polygon","coordinates":[[[12.654852900398913,46.109793094496105],[12.654875795703525,46.10925353719796],[12.654098773672535,46.109237584239644],[12.654121675891789,46.10869802718018],[12.654898690353937,46.108713979839834],[12.654990262414048,46.1065557498076],[12.65576724725922,46.1065716959954],[12.6564984783111,46.10766675323601],[12.65960648741723,46.107730466490985],[12.659629334695527,46.107190907163115],[12.660406331041697,46.107206821985145],[12.6603606509692,46.10828594117685],[12.658806628658002,46.10825410506334],[12.658783772505247,46.108793663973245],[12.657252608967692,46.10822224783942],[12.657229737677474,46.1087618061529],[12.655675705472412,46.108729927221844],[12.655629930655333,46.10980904247526],[12.654852900398913,46.109793094496105]]]},"properties":{"nbr_class":"degradata","color":"#fdae61"}},{"type":"Feature","geometry":{"type":"Polygon","coordinates":[[[12.644043547662989,46.1079506091169],[12.644112543584685,46.106331949072874],[12.644889519222884,46.10634796914107],[12.644820546004864,46.107966630084874],[12.644043547662989,46.1079506091169]]]},"properties":{"nbr_class":"stress","color":"#ffffbf"}},{"type":"Feature","geometry":{"type":"Polygon","coordinates":[[[12.638604577743326,46.107838314575126],[12.638627630017137,46.107298763389494],[12.637850644523914,46.10728270050353],[12.637896762230763,46.10620359855341],[12.639450703607599,46.10623571784545],[12.63938157146532,46.10785437248452],[12.638604577743326,46.107838314575126]]]},"properties":{"nbr_class":"sana","color":"#1a9641"}},{"type":"Feature","geometry":{"type":"Polygon","coordinates":[[[12.65398425275957,46.111935368637184],[12.654007158251131,46.111395811877635],[12.653230106599278,46.11137985244649],[12.653298841855408,46.10976118270431],[12.652521813568756,46.10974521889169],[12.652498894902172,46.11028477523353],[12.65094482516177,46.11025283117684],[12.650898955585834,46.111331942484405],[12.650121906562783,46.11131596194089],[12.65016779127768,46.11023685123167],[12.647836693572447,46.11018887972902],[12.647882621079198,46.10910977057592],[12.649459602913888,46.108602200392504],[12.649413706994546,46.10968131086328],[12.65096775896674,46.109713275433045],[12.651059487633828,46.10755505185781],[12.651836484331655,46.10757102502979],[12.651859407292246,46.10703146868693],[12.653390479698528,46.10760295554157],[12.654213278225109,46.10653979834256],[12.654990262414048,46.1065557498076],[12.654898690353937,46.108713979839834],[12.654121675891789,46.10869802718018],[12.654098773672535,46.109237584239644],[12.654875795703525,46.10925353719796],[12.655607042265796,46.110348600012],[12.654830004440079,46.110332651734275],[12.654761312638005,46.1119513230889],[12.65398425275957,46.111935368637184]],[[12.651767711519831,46.10918969369839],[12.652544731580472,46.10920566248985],[12.652590565639382,46.1081265495062],[12.65181356071607,46.10811058131265],[12.651767711519831,46.10918969369839]],[[12.653367571219649,46.10814251242224],[12.654144577456648,46.10815847006076],[12.65416747836714,46.10761891288134],[12.653390479698528,46.10760295554157],[12.653367571219649,46.10814251242224]]]},"properties":{"nbr_class":"stress","color":"#ffffbf"}},{"type":"Feature","geometry":{"type":"Polygon","coordinates":[[[12.6564984783111,46.10766675323601],[12.656521355862592,46.10712719510095],[12.658852339004314,46.107174987063665],[12.658875193197915,46.106635427973906],[12.66042917009904,46.10666726229939],[12.65960648741723,46.107730466490985],[12.6564984783111,46.10766675323601]]]},"properties":{"nbr_class":"stress","color":"#ffffbf"}},{"type":"Feature","geometry":{"type":"Polygon","coordinates":[[[12.683693912260257,46.108221381110354],[12.684516145884752,46.10715799493485],[12.686047576480137,46.107729050407826],[12.68602498653894,46.10826861981091],[12.683693912260257,46.108221381110354]]]},"properties":{"nbr_class":"moderata","color":"#a6d96a"}},{"type":"Feature","geometry":{"type":"Polygon","coordinates":[[[12.640204639465507,46.106791321482916],[12.640227675286969,46.10625176957596],[12.641004647626685,46.106267816029444],[12.640981619372784,46.106807368236815],[12.640204639465507,46.106791321482916]]]},"properties":{"nbr_class":"stress","color":"#ffffbf"}},{"type":"Feature","geometry":{"type":"Polygon","coordinates":[[[12.656521355862592,46.10712719510095],[12.656544232760409,46.10658763690594],[12.658875193197915,46.106635427973906],[12.658852339004314,46.107174987063665],[12.656521355862592,46.10712719510095]]]},"properties":{"nbr_class":"moderata","color":"#a6d96a"}},{"type":"Feature","geometry":{"type":"Polygon","coordinates":[[[12.661183328042611,46.10722273152976],[12.661206159531787,46.10668317154615],[12.661983149619038,46.106699075515564],[12.661960325698049,46.107238635796925],[12.661183328042611,46.10722273152976]]]},"properties":{"nbr_class":"sana","color":"#1a9641"}},{"type":"Feature","geometry":{"type":"Polygon","coordinates":[[[12.683716524908741,46.10768181259168],[12.683739136911099,46.10714224401323],[12.684516145884752,46.10715799493485],[12.684493541451248,46.10769756380819],[12.683716524908741,46.10768181259168]]]},"properties":{"nbr_class":"stress","color":"#ffffbf"}},{"type":"Feature","geometry":{"type":"Polygon","coordinates":[[[12.69770292164592,46.1079645269788],[12.697725397405364,46.10742495310735],[12.698502418010035,46.107440609028934],[12.698479949819859,46.10798018319348],[12.69770292164592,46.1079645269788]]]},"properties":{"nbr_class":"moderata","color":"#a6d96a"}},{"type":"Feature","geometry":{"type":"Polygon","coordinates":[[[12.690642061591562,46.10944209686762],[12.690709697102227,46.10782338353909],[12.691486719469218,46.107839087255144],[12.691531791450808,46.10675994414954],[12.693085807846867,46.10679133457257],[12.69381779044582,46.10788616673595],[12.69304076614123,46.10787047885359],[12.693018244323126,46.10841005090455],[12.69224121309486,46.108394357450464],[12.692218683063658,46.10893392914791],[12.690642061591562,46.10944209686762]]]},"properties":{"nbr_class":"sana","color":"#1a9641"}},{"type":"Feature","geometry":{"type":"Polygon","coordinates":[[[12.650282491593368,46.10753907340842],[12.650351303917496,46.105920405994326],[12.652682225899781,46.105968322818974],[12.652659311816802,46.106507879580775],[12.651882329597864,46.10649191228405],[12.651859407292246,46.10703146868693],[12.650282491593368,46.10753907340842]]]},"properties":{"nbr_class":"sana","color":"#1a9641"}},{"type":"Feature","geometry":{"type":"Polygon","coordinates":[[[12.653436294692622,46.10652384160028],[12.653459201207886,46.10598428453964],[12.654236177172633,46.10600024098318],[12.654213278225109,46.10653979834256],[12.653436294692622,46.10652384160028]]]},"properties":{"nbr_class":"sana","color":"#1a9641"}},{"type":"Feature","geometry":{"type":"Polygon","coordinates":[[[12.683739136911099,46.10714224401323],[12.68376174826736,46.10660267537502],[12.68453874967237,46.10661842600175],[12.684516145884752,46.10715799493485],[12.683739136911099,46.10714224401323]]]},"properties":{"nbr_class":"degradata","color":"#fdae61"}},{"type":"Feature","geometry":{"type":"Polygon","coordinates":[[[12.684516145884752,46.10715799493485],[12.68453874967237,46.10661842600175],[12.685315751725366,46.10663417135088],[12.68529315550641,46.10717374057877],[12.684516145884752,46.10715799493485]]]},"properties":{"nbr_class":"stress","color":"#ffffbf"}},{"type":"Feature","geometry":{"type":"Polygon","coordinates":[[[12.696948377445022,46.10740929190791],[12.69697086013128,46.10686971827001],[12.697747872522593,46.106885379176255],[12.697725397405364,46.10742495310735],[12.696948377445022,46.10740929190791]]]},"properties":{"nbr_class":"degradata","color":"#fdae61"}},{"type":"Feature","geometry":{"type":"Polygon","coordinates":[[[12.678209428437212,46.1091901054747],[12.678232095363894,46.108650539142694],[12.675901017848812,46.10860314121991],[12.675946395172998,46.10752401015122],[12.676723405223289,46.10753981414491],[12.676746085344321,46.10700024822494],[12.679854101770543,46.10706341024037],[12.679899399521622,46.105984275856],[12.681453381357722,46.10601582401675],[12.681340207813651,46.1087136624826],[12.680563178727256,46.108697889564496],[12.68054053450867,46.10923745678301],[12.678209428437212,46.1091901054747]]]},"properties":{"nbr_class":"sana","color":"#1a9641"}},{"type":"Feature","geometry":{"type":"Polygon","coordinates":[[[12.66116049590105,46.10776229145344],[12.66042917009904,46.10666726229939],[12.658875193197915,46.106635427973906],[12.658898046738512,46.1060958688242],[12.660452008503809,46.106127702553685],[12.660474846256026,46.10558814274806],[12.662805771110376,46.10563585286983],[12.662760140360573,46.106714974207634],[12.66353713175618,46.106730867622346],[12.663559939889016,46.106191306685844],[12.66433692437043,46.10620719452573],[12.664314123805637,46.10674675575967],[12.665868109865247,46.10677851620219],[12.665845323785542,46.10731807797084],[12.662737324007795,46.10725453478666],[12.662714507003066,46.107794095305756],[12.66116049590105,46.10776229145344]],[[12.661183328042611,46.10722273152976],[12.661960325698049,46.107238635796925],[12.661983149619038,46.106699075515564],[12.661206159531787,46.10668317154615],[12.661183328042611,46.10722273152976]]]},"properties":{"nbr_class":"moderata","color":"#a6d96a"}},{"type":"Feature","geometry":{"type":"Polygon","coordinates":[[[12.656567109004573,46.106048078650964],[12.656589984595108,46.10550852033601],[12.657366955616649,46.10552445537261],[12.657344087593732,46.10606401398589],[12.656567109004573,46.106048078650964]]]},"properties":{"nbr_class":"moderata","color":"#a6d96a"}},{"type":"Feature","geometry":{"type":"Polygon","coordinates":[[[12.685315751725366,46.10663417135088],[12.685338347298673,46.10609460206325],[12.686115342430966,46.1061103418401],[12.686092754426127,46.10664991142241],[12.685315751725366,46.10663417135088]]]},"properties":{"nbr_class":"stress","color":"#ffffbf"}},{"type":"Feature","geometry":{"type":"Polygon","coordinates":[[[12.63851236206102,46.10999651871668],[12.638535416969706,46.10945696777144],[12.637758401203506,46.109440903682554],[12.637850644523914,46.10728270050353],[12.638627630017137,46.107298763389494],[12.638581524810835,46.10837786570067],[12.639358526100988,46.108393923910675],[12.639450703607599,46.10623571784545],[12.637896762230763,46.10620359855341],[12.63796593384987,46.10458494517743],[12.63951982982429,46.10461706266557],[12.639496788410419,46.10515661445228],[12.64102767522262,46.105728263761975],[12.641004647626685,46.106267816029444],[12.644112543584685,46.106331949072874],[12.644043547662989,46.1079506091169],[12.641712556594229,46.10790251454875],[12.641689533934517,46.10844206687622],[12.644020547708106,46.10849016234478],[12.643974545826724,46.1095692686204],[12.642420505710165,46.10953720905175],[12.64239748864575,46.11007676149926],[12.641620462008216,46.1100607234982],[12.64166651061696,46.10898161914362],[12.640135528051797,46.10840997684328],[12.64011248959737,46.108949528509896],[12.639335480078163,46.10893347527675],[12.639289386056946,46.11001257782863],[12.63851236206102,46.10999651871668]],[[12.640204639465507,46.106791321482916],[12.640981619372784,46.106807368236815],[12.641004647626685,46.106267816029444],[12.640227675286969,46.10625176957596],[12.640204639465507,46.106791321482916]]]},"properties":{"nbr_class":"moderata","color":"#a6d96a"}},{"type":"Feature","geometry":{"type":"Polygon","coordinates":[[[12.659697872613632,46.10557222881986],[12.659720717280816,46.10503266925223],[12.660497683355715,46.10504858288249],[12.660474846256026,46.10558814274806],[12.659697872613632,46.10557222881986]]]},"properties":{"nbr_class":"moderata","color":"#a6d96a"}},{"type":"Feature","geometry":{"type":"Polygon","coordinates":[[[12.660474846256026,46.10558814274806],[12.660497683355715,46.10504858288249],[12.662828585507445,46.10509629211106],[12.662805771110376,46.10563585286983],[12.660474846256026,46.10558814274806]]]},"properties":{"nbr_class":"stress","color":"#ffffbf"}},{"type":"Feature","geometry":{"type":"Polygon","coordinates":[[[12.684728040130558,46.12066295185583],[12.684750652498108,46.12012338412182],[12.683196270478,46.120091873400604],[12.683218897346997,46.119552306196795],[12.682441714883794,46.11953654321124],[12.682532246186765,46.11737827497873],[12.681755094665476,46.117362507894086],[12.681800371581536,46.11628337400956],[12.684908920978113,46.11634640831055],[12.684999345895763,46.11418813510376],[12.683445130476226,46.11415663087137],[12.683535605627485,46.11199835906771],[12.682004085683829,46.11142726857018],[12.682071978742888,46.10980856568106],[12.683626070437834,46.109840086307806],[12.683648685024828,46.10930051796842],[12.68209460846925,46.10926899793181],[12.682139865982126,46.108189862253965],[12.682916888796948,46.108205624321094],[12.68293950901448,46.107666056097415],[12.683716524908741,46.10768181259168],[12.683693912260257,46.108221381110354],[12.68602498653894,46.10826861981091],[12.68529315550641,46.10717374057877],[12.686847176692885,46.10720521603352],[12.686892338210788,46.106126076339436],[12.688446331712155,46.10615752950556],[12.688491460376476,46.10507838839481],[12.689268442961108,46.105094106473],[12.68991012328627,46.108347245420276],[12.689133094642862,46.10833153085428],[12.68906541178146,46.10995024223865],[12.687511311017344,46.1099187955066],[12.687375837039694,46.11315621313004],[12.688907462539136,46.11372723337848],[12.688659192742337,46.11966249925666],[12.687104819389953,46.1196310419252],[12.687059640745066,46.12071017922137],[12.684728040130558,46.12066295185583]],[[12.685686059948251,46.116362153687405],[12.686463199566356,46.11637789378486],[12.686485791620065,46.115838324983315],[12.68570865957434,46.115822585180545],[12.685686059948251,46.116362153687405]]]},"properties":{"nbr_class":"sana","color":"#1a9641"}},{"type":"Feature","geometry":{"type":"Polygon","coordinates":[[[12.647220450090908,46.106395997683],[12.647312314379068,46.10423777865399],[12.648089262383241,46.10425377641567],[12.647997428364,46.10641199664274],[12.647220450090908,46.106395997683]]]},"properties":{"nbr_class":"stress","color":"#ffffbf"}},{"type":"Feature","geometry":{"type":"Polygon","coordinates":[[[12.656544232760409,46.10658763690594],[12.657366955616649,46.10552445537261],[12.658920899626127,46.10555630961455],[12.658966603442499,46.10447719101541],[12.65974356129528,46.10449310962466],[12.659697872613632,46.10557222881986],[12.660474846256026,46.10558814274806],[12.660452008503809,46.106127702553685],[12.658898046738512,46.1060958688242],[12.658875193197915,46.106635427973906],[12.656544232760409,46.10658763690594]]]},"properties":{"nbr_class":"sana","color":"#1a9641"}},{"type":"Feature","geometry":{"type":"Polygon","coordinates":[[[12.672679317553245,46.1112376908014],[12.672792923602797,46.10853987009965],[12.670461859756436,46.10849236134244],[12.670484601725441,46.107952797912006],[12.666599546201338,46.10787351257908],[12.666576766388197,46.10841307452512],[12.665022733610778,46.10838132285411],[12.665045528561416,46.10784176150253],[12.662714507003066,46.107794095305756],[12.662737324007795,46.10725453478666],[12.665845323785542,46.10731807797084],[12.665868109865247,46.10677851620219],[12.664314123805637,46.10674675575967],[12.66433692437043,46.10620719452573],[12.662760140360573,46.106714974207634],[12.662805771110376,46.10563585286983],[12.665136701850933,46.10568351549712],[12.66595924767366,46.1046202685286],[12.670621039894167,46.10471541607233],[12.670598301823707,46.105254979861925],[12.67215225291591,46.1052866540863],[12.672129529331407,46.105826218409035],[12.672906513422586,46.10584204790179],[12.672929229439225,46.105302483282685],[12.673706206613724,46.105318307201856],[12.673683498164973,46.10585787211721],[12.675237469602509,46.1058895047161],[12.675101296107258,46.10912689650521],[12.67587832821424,46.10914270666452],[12.675787563192214,46.111300967844784],[12.672679317553245,46.1112376908014]]]},"properties":{"nbr_class":"sana","color":"#1a9641"}},{"type":"Feature","geometry":{"type":"Polygon","coordinates":[[[12.653505012274957,46.10490517023841],[12.65352791682681,46.104365612997825],[12.654304870089636,46.1043815685452],[12.654281973104872,46.10492112608451],[12.653505012274957,46.10490517023841]]]},"properties":{"nbr_class":"degradata","color":"#fdae61"}},{"type":"Feature","geometry":{"type":"Polygon","coordinates":[[[12.662828585507445,46.10509629211106],[12.662851399252656,46.10455673129236],[12.663628360377484,46.1045726235169],[12.663605554199641,46.10511218463313],[12.662828585507445,46.10509629211106]]]},"properties":{"nbr_class":"stress","color":"#ffffbf"}},{"type":"Feature","geometry":{"type":"Polygon","coordinates":[[[12.672129529331407,46.105826218409035],[12.67215225291591,46.1052866540863],[12.670598301823707,46.105254979861925],[12.670621039894167,46.10471541607233],[12.673728914413637,46.10477874222667],[12.673706206613724,46.105318307201856],[12.672129529331407,46.105826218409035]]]},"properties":{"nbr_class":"moderata","color":"#a6d96a"}},{"type":"Feature","geometry":{"type":"Polygon","coordinates":[[[12.673706206613724,46.105318307201856],[12.673728914413637,46.10477874222667],[12.674505884671413,46.104794560572465],[12.674483184439193,46.10533412584381],[12.673706206613724,46.105318307201856]]]},"properties":{"nbr_class":"degradata","color":"#fdae61"}},{"type":"Feature","geometry":{"type":"Polygon","coordinates":[[[12.691576860856717,46.10568080080513],[12.691599394593847,46.10514122904336],[12.692376379763651,46.10515692601206],[12.692353853594742,46.10569649806771],[12.691576860856717,46.10568080080513]]]},"properties":{"nbr_class":"stress","color":"#ffffbf"}},{"type":"Feature","geometry":{"type":"Polygon","coordinates":[[[12.695461831002428,46.105759234342884],[12.69548432689822,46.10521966111268],[12.696261315294615,46.105235331694246],[12.69623882696716,46.10577490521784],[12.695461831002428,46.105759234342884]]]},"properties":{"nbr_class":"sana","color":"#1a9641"}},{"type":"Feature","geometry":{"type":"Polygon","coordinates":[[[12.68529315550641,46.10717374057877],[12.685315751725366,46.10663417135088],[12.686092754426127,46.10664991142241],[12.686137929790398,46.10557077219803],[12.686914918001943,46.105586506402794],[12.686960075648761,46.10450736635028],[12.687737049371643,46.10452309468867],[12.687714478438675,46.10506266503928],[12.688491460376476,46.10507838839481],[12.688446331712155,46.10615752950556],[12.686892338210788,46.106126076339436],[12.686847176692885,46.10720521603352],[12.68529315550641,46.10717374057877]]]},"properties":{"nbr_class":"moderata","color":"#a6d96a"}},{"type":"Feature","geometry":{"type":"Polygon","coordinates":[[[12.688243220804438,46.11101366154736],[12.687511311017344,46.1099187955066],[12.68906541178146,46.10995024223865],[12.689133094642862,46.10833153085428],[12.68991012328627,46.108347245420276],[12.689977777638898,46.10672853261577],[12.68920077170254,46.10671281893238],[12.689223329433267,46.106173248172304],[12.69155432647571,46.10622037250719],[12.691576860856717,46.10568080080513],[12.693153365579208,46.105172617703346],[12.693175883536451,46.10463304529421],[12.694729841967824,46.10466441225727],[12.694684835682603,46.10574355819038],[12.693907841007903,46.10572787676033],[12.693862817013406,46.106807021867525],[12.694639826825336,46.10682270388476],[12.69457230871645,46.1084414219787],[12.693018244323126,46.10841005090455],[12.69304076614123,46.10787047885359],[12.69381779044582,46.10788616673595],[12.693085807846867,46.10679133457257],[12.691531791450808,46.10675994414954],[12.691486719469218,46.107839087255144],[12.690709697102227,46.10782338353909],[12.690642061591562,46.10944209686762],[12.689865017162457,46.10942638699134],[12.689819908460779,46.11050552832355],[12.688243220804438,46.11101366154736]]]},"properties":{"nbr_class":"moderata","color":"#a6d96a"}},{"type":"Feature","geometry":{"type":"Polygon","coordinates":[[[12.649597274936172,46.10536486753979],[12.649643160365635,46.104285756108766],[12.651219987576578,46.10377815829093],[12.651151205817571,46.105396827322465],[12.649597274936172,46.10536486753979]]]},"properties":{"nbr_class":"degradata","color":"#fdae61"}},{"type":"Feature","geometry":{"type":"Polygon","coordinates":[[[12.654281973104872,46.10492112608451],[12.654304870089636,46.1043815685452],[12.655881659780869,46.103873905613],[12.65583589673363,46.10495302194586],[12.654281973104872,46.10492112608451]]]},"properties":{"nbr_class":"moderata","color":"#a6d96a"}},{"type":"Feature","geometry":{"type":"Polygon","coordinates":[[[12.659720717280816,46.10503266925223],[12.659766404657045,46.10395354993716],[12.660543355597605,46.10396946297157],[12.660497683355715,46.10504858288249],[12.659720717280816,46.10503266925223]]]},"properties":{"nbr_class":"stress","color":"#ffffbf"}},{"type":"Feature","geometry":{"type":"Polygon","coordinates":[[[12.686137929790398,46.10557077219803],[12.686183102573125,46.104491632734664],[12.686960075648761,46.10450736635028],[12.686914918001943,46.105586506402794],[12.686137929790398,46.10557077219803]]]},"properties":{"nbr_class":"stress","color":"#ffffbf"}},{"type":"Feature","geometry":{"type":"Polygon","coordinates":[[[12.65352791682681,46.104365612997825],[12.653550820724245,46.103826055697255],[12.65510471277247,46.103857960917836],[12.655081824008814,46.10439751881573],[12.65352791682681,46.104365612997825]]]},"properties":{"nbr_class":"stress","color":"#ffffbf"}},{"type":"Feature","geometry":{"type":"Polygon","coordinates":[[[12.665182284588202,46.10460439213503],[12.665205074980044,46.10406483036412],[12.667535943493792,46.104112442822384],[12.667513175803695,46.10465200548469],[12.665182284588202,46.10460439213503]]]},"properties":{"nbr_class":"stress","color":"#ffffbf"}},{"type":"Feature","geometry":{"type":"Polygon","coordinates":[[[12.667513175803695,46.10465200548469],[12.667535943493792,46.104112442822384],[12.669866817881436,46.1041600077882],[12.669889562219716,46.10362044417551],[12.670666514086081,46.10363628831357],[12.670621039894167,46.10471541607233],[12.667513175803695,46.10465200548469]]]},"properties":{"nbr_class":"moderata","color":"#a6d96a"}},{"type":"Feature","geometry":{"type":"Polygon","coordinates":[[[12.679167719875823,46.1048893598269],[12.679213027585075,46.103810225555115],[12.680766947580796,46.10384178190742],[12.680744309184682,46.10438134966402],[12.679167719875823,46.1048893598269]]]},"properties":{"nbr_class":"sana","color":"#1a9641"}},{"type":"Feature","geometry":{"type":"Polygon","coordinates":[[[12.69548432689822,46.10521966111268],[12.695529316761505,46.104140514473244],[12.696306290021877,46.104156184468046],[12.696261315294615,46.105235331694246],[12.69548432689822,46.10521966111268]]]},"properties":{"nbr_class":"moderata","color":"#a6d96a"}},{"type":"Feature","geometry":{"type":"Polygon","coordinates":[[[12.696261315294615,46.105235331694246],[12.696306290021877,46.104156184468046],[12.697083263926872,46.10417184918558],[12.697038304335683,46.10525099699835],[12.696261315294615,46.105235331694246]]]},"properties":{"nbr_class":"sana","color":"#1a9641"}},{"type":"Feature","geometry":{"type":"Polygon","coordinates":[[[12.655744362793378,46.107111253891965],[12.65576724725922,46.1065716959954],[12.654990262414048,46.1065557498076],[12.655036044519507,46.10547663443161],[12.652705139328052,46.105428765997175],[12.652750964220564,46.10434965217362],[12.65352791682681,46.104365612997825],[12.653505012274957,46.10490517023841],[12.65583589673363,46.10495302194586],[12.655881659780869,46.103873905613],[12.65510471277247,46.103857960917836],[12.655127600882157,46.10331840295996],[12.658212504740602,46.10392170803788],[12.658166787095828,46.10500082616066],[12.656589984595108,46.10550852033601],[12.656521355862592,46.10712719510095],[12.655744362793378,46.107111253891965]]]},"properties":{"nbr_class":"stress","color":"#ffffbf"}},{"type":"Feature","geometry":{"type":"Polygon","coordinates":[[[12.672974659525366,46.10422335386496],[12.672997373594914,46.10368378906633],[12.67455128319008,46.103715429850276],[12.674528584255036,46.104254995241284],[12.672974659525366,46.10422335386496]]]},"properties":{"nbr_class":"moderata","color":"#a6d96a"}},{"type":"Feature","geometry":{"type":"Polygon","coordinates":[[[12.682298246911177,46.10441288549861],[12.682320870172331,46.1038733171516],[12.683097832440984,46.10388907685812],[12.683075216747348,46.10442864550018],[12.682298246911177,46.10441288549861]]]},"properties":{"nbr_class":"stress","color":"#ffffbf"}},{"type":"Feature","geometry":{"type":"Polygon","coordinates":[[[12.689223329433267,46.106173248172304],[12.689268442961108,46.105094106473],[12.687714478438675,46.10506266503928],[12.686982653504476,46.103967796234414],[12.689313553910953,46.104014964534784],[12.68929099875827,46.10455453553375],[12.690067974421583,46.1045702480404],[12.690022877318853,46.105649390447525],[12.691576860856717,46.10568080080513],[12.69155432647571,46.10622037250719],[12.689223329433267,46.106173248172304]]]},"properties":{"nbr_class":"stress","color":"#ffffbf"}},{"type":"Feature","geometry":{"type":"Polygon","coordinates":[[[12.69395286242949,46.1046487314144],[12.6939753721755,46.1041091586519],[12.694752344145975,46.1041248392012],[12.694729841967824,46.10466441225727],[12.69395286242949,46.1046487314144]]]},"properties":{"nbr_class":"sana","color":"#1a9641"}},{"type":"Feature","geometry":{"type":"Polygon","coordinates":[[[12.641004647626685,46.106267816029444],[12.64102767522262,46.105728263761975],[12.640250710450246,46.1057122176089],[12.640273744955364,46.10517266558177],[12.638742881506726,46.10460100655985],[12.638812024497762,46.102982351740906],[12.641142803333597,46.10303050152349],[12.641165826982215,46.102490948895564],[12.641942747015023,46.10250698796994],[12.641873696794525,46.10412564657434],[12.64109675406285,46.10410960659912],[12.641050702160609,46.10518871143444],[12.642604618551132,46.10522078730923],[12.642581606747468,46.10576034023729],[12.64413554091101,46.10579239560476],[12.644112543584685,46.106331949072874],[12.641004647626685,46.106267816029444]]]},"properties":{"nbr_class":"stress","color":"#ffffbf"}},{"type":"Feature","geometry":{"type":"Polygon","coordinates":[[[12.660497683355715,46.10504858288249],[12.660543355597605,46.10396946297157],[12.659766404657045,46.10395354993716],[12.65978924736614,46.10341399018971],[12.66056619073985,46.10342990292621],[12.66058902522966,46.102890342820906],[12.662919836577377,46.10293804847679],[12.662828585507445,46.10509629211106],[12.660497683355715,46.10504858288249]]]},"properties":{"nbr_class":"degradata","color":"#fdae61"}},{"type":"Feature","geometry":{"type":"Polygon","coordinates":[[[12.693175883536451,46.10463304529421],[12.693220917520769,46.10355390029687],[12.69399788127835,46.103569585829725],[12.69395286242949,46.1046487314144],[12.693175883536451,46.10463304529421]]]},"properties":{"nbr_class":"stress","color":"#ffffbf"}},{"type":"Feature","geometry":{"type":"Polygon","coordinates":[[[12.682962128585674,46.10712648781396],[12.68298474751055,46.106586919470736],[12.68220774740216,46.10657115828888],[12.682252998449597,46.105492022013294],[12.683829578459761,46.10498396910184],[12.683897402838078,46.10336526229078],[12.68545131548132,46.103396754728806],[12.685473907181231,46.10285718508268],[12.686250856907233,46.10287292309152],[12.68620568799647,46.10395206291336],[12.685428723135901,46.1039363243152],[12.685360942226358,46.10555503271586],[12.683806969041667,46.10552353791933],[12.68453874967237,46.10661842600175],[12.682962128585674,46.10712648781396]]]},"properties":{"nbr_class":"stress","color":"#ffffbf"}},{"type":"Feature","geometry":{"type":"Polygon","coordinates":[[[12.648889160343709,46.10373021339436],[12.648958004304255,46.10211154651554],[12.649734923358734,46.10212753252653],[12.649666102097104,46.10374620030323],[12.648889160343709,46.10373021339436]]]},"properties":{"nbr_class":"degradata","color":"#fdae61"}},{"type":"Feature","geometry":{"type":"Polygon","coordinates":[[[12.700168716786262,46.10477403039123],[12.700236062469477,46.10315530488724],[12.701013024458906,46.10317094263272],[12.700945701479169,46.10478966901508],[12.700168716786262,46.10477403039123]]]},"properties":{"nbr_class":"moderata","color":"#a6d96a"}},{"type":"Feature","geometry":{"type":"Polygon","coordinates":[[[12.638812024497762,46.102982351740906],[12.638858116532706,46.101903248227785],[12.639635027019178,46.10191930283061],[12.639611988896716,46.10245885491778],[12.641188849973032,46.101951396207554],[12.641142803333597,46.10303050152349],[12.638812024497762,46.102982351740906]]]},"properties":{"nbr_class":"moderata","color":"#a6d96a"}},{"type":"Feature","geometry":{"type":"Polygon","coordinates":[[[12.677545760380717,46.10647648036963],[12.677568431637466,46.10593691403426],[12.676791443642283,46.10592111620558],[12.67688215246242,46.10376285144908],[12.676105195387985,46.10374704952644],[12.676150561044548,46.10266791738099],[12.676927502984968,46.102683718711965],[12.676904828047636,46.10322328511043],[12.678436068561181,46.103794439463435],[12.678390745716912,46.10487357314411],[12.679944694684163,46.104905141232464],[12.67987675096966,46.10652384307808],[12.677545760380717,46.10647648036963]]]},"properties":{"nbr_class":"stress","color":"#ffffbf"}},{"type":"Feature","geometry":{"type":"Polygon","coordinates":[[[12.677681778204969,46.10323908146036],[12.677704445575376,46.10269951476616],[12.678481388815557,46.102715305543555],[12.678458729012096,46.10325487253339],[12.677681778204969,46.10323908146036]]]},"properties":{"nbr_class":"sana","color":"#1a9641"}},{"type":"Feature","geometry":{"type":"Polygon","coordinates":[[[12.649413706994546,46.10968131086328],[12.649459602913888,46.108602200392504],[12.64868259305209,46.1085862107897],[12.648751454718251,46.106967545531454],[12.647974468219184,46.106951551549436],[12.647427129976103,46.10154000351702],[12.648204040148977,46.10155599978125],[12.64879735921649,46.105888435059185],[12.650351303917496,46.105920405994326],[12.650282491593368,46.10753907340842],[12.651059487633828,46.10755505185781],[12.65096775896674,46.109713275433045],[12.649413706994546,46.10968131086328]]]},"properties":{"nbr_class":"moderata","color":"#a6d96a"}},{"type":"Feature","geometry":{"type":"Polygon","coordinates":[[[12.646558339031479,46.10368222100785],[12.646650220461417,46.10152400197656],[12.647427129976103,46.10154000351702],[12.64733527881068,46.10369822374666],[12.646558339031479,46.10368222100785]]]},"properties":{"nbr_class":"stress","color":"#ffffbf"}},{"type":"Feature","geometry":{"type":"Polygon","coordinates":[[[12.672220419773897,46.103667960758976],[12.67228858078909,46.10204926689304],[12.673842443681458,46.102080916453154],[12.673819739125385,46.10262048172753],[12.673042799787083,46.10260465928956],[12.672997373594914,46.10368378906633],[12.672220419773897,46.103667960758976]]]},"properties":{"nbr_class":"moderata","color":"#a6d96a"}},{"type":"Feature","geometry":{"type":"Polygon","coordinates":[[[12.6939753721755,46.1041091586519],[12.694042897554665,46.102490440006285],[12.694819846822858,46.10250611967488],[12.694752344145975,46.1041248392012],[12.6939753721755,46.1041091586519]]]},"properties":{"nbr_class":"moderata","color":"#a6d96a"}},{"type":"Feature","geometry":{"type":"Polygon","coordinates":[[[12.650488910871784,46.10268306954592],[12.650534774614572,46.101603956916364],[12.651311687418037,46.10161993207551],[12.651265838807308,46.102699045303225],[12.650488910871784,46.10268306954592]]]},"properties":{"nbr_class":"moderata","color":"#a6d96a"}},{"type":"Feature","geometry":{"type":"Polygon","coordinates":[[[12.641188849973032,46.101951396207554],[12.641211872306066,46.10141184345946],[12.641988777207375,46.101427881933304],[12.641965762439982,46.10196743498166],[12.641188849973032,46.101951396207554]]]},"properties":{"nbr_class":"moderata","color":"#a6d96a"}},{"type":"Feature","geometry":{"type":"Polygon","coordinates":[[[12.641965762439982,46.10196743498166],[12.641988777207375,46.101427881933304],[12.642765682768387,46.10144391513098],[12.642742675566657,46.1019834684795],[12.641965762439982,46.10196743498166]]]},"properties":{"nbr_class":"stress","color":"#ffffbf"}},{"type":"Feature","geometry":{"type":"Polygon","coordinates":[[[12.652613481686625,46.10758699292439],[12.65263639707909,46.10704743628257],[12.651859407292246,46.10703146868693],[12.651882329597864,46.10649191228405],[12.652659311816802,46.106507879580775],[12.652682225899781,46.105968322818974],[12.651905251248538,46.10595235582119],[12.652042767399985,46.10271501578404],[12.653596626555933,46.10274694091614],[12.65364242977021,46.10166782589509],[12.654419345200804,46.101683779948964],[12.654396451486845,46.102223337788175],[12.655927420213096,46.10279478904027],[12.655950299448639,46.102255230663935],[12.656727224413393,46.102271169187134],[12.65675009542917,46.10173161045246],[12.658326787423594,46.10122391168178],[12.658258219772954,46.1028425896753],[12.65903515427027,46.10285851266712],[12.658989454371305,46.10393763162593],[12.659766404657045,46.10395354993716],[12.65974356129528,46.10449310962466],[12.658966603442499,46.10447719101541],[12.658920899626127,46.10555630961455],[12.657366955616649,46.10552445537261],[12.657389822986174,46.10498489669937],[12.658166787095828,46.10500082616066],[12.658212504740602,46.10392170803788],[12.656658607445165,46.1038898450314],[12.656681480421415,46.10335028647662],[12.653550820724245,46.103826055697255],[12.65352791682681,46.104365612997825],[12.652750964220564,46.10434965217362],[12.652705139328052,46.105428765997175],[12.655036044519507,46.10547663443161],[12.654990262414048,46.1065557498076],[12.654213278225109,46.10653979834256],[12.654190378623285,46.107079355641936],[12.652613481686625,46.10758699292439]],[[12.653436294692622,46.10652384160028],[12.654213278225109,46.10653979834256],[12.654236177172633,46.10600024098318],[12.653459201207886,46.10598428453964],[12.653436294692622,46.10652384160028]]]},"properties":{"nbr_class":"moderata","color":"#a6d96a"}},{"type":"Feature","geometry":{"type":"Polygon","coordinates":[[[12.662851399252656,46.10455673129236],[12.66298826803621,46.10131936512198],[12.663765183761344,46.10133525556142],[12.663628360377484,46.1045726235169],[12.662851399252656,46.10455673129236]]]},"properties":{"nbr_class":"moderata","color":"#a6d96a"}},{"type":"Feature","geometry":{"type":"Polygon","coordinates":[[[12.663628360377484,46.1045726235169],[12.663765183761344,46.10133525556142],[12.664542100140094,46.101351140724496],[12.664405322156071,46.10458851046446],[12.663628360377484,46.1045726235169]]]},"properties":{"nbr_class":"sana","color":"#1a9641"}},{"type":"Feature","geometry":{"type":"Polygon","coordinates":[[[12.646305610946554,46.10961731839077],[12.64635156741591,46.10853821031605],[12.644797553618304,46.10850618361269],[12.644889519222884,46.10634796914107],[12.644112543584685,46.106331949072874],[12.64413554091101,46.10579239560476],[12.642581606747468,46.10576034023729],[12.642604618551132,46.10522078730923],[12.641050702160609,46.10518871143444],[12.64109675406285,46.10410960659912],[12.641873696794525,46.10412564657434],[12.641942747015023,46.10250698796994],[12.641165826982215,46.102490948895564],[12.641188849973032,46.101951396207554],[12.642742675566657,46.1019834684795],[12.642765682768387,46.10144391513098],[12.645096403407473,46.101491983066936],[12.645119387255388,46.100952428758454],[12.646650220461417,46.10152400197656],[12.646558339031479,46.10368222100785],[12.64733527881068,46.10369822374666],[12.647220450090908,46.106395997683],[12.647997428364,46.10641199664274],[12.647928545961383,46.108030661182745],[12.648705547596682,46.108046655763644],[12.648659637851596,46.109125765755735],[12.647882621079198,46.10910977057592],[12.647859657653905,46.109649325182495],[12.646305610946554,46.10961731839077]]]},"properties":{"nbr_class":"degradata","color":"#fdae61"}},{"type":"Feature","geometry":{"type":"Polygon","coordinates":[[[12.68156653873423,46.10331798405641],[12.681589168269676,46.102778415885005],[12.678481388815557,46.102715305543555],[12.67852670648022,46.10163617138448],[12.682411356753217,46.101715043165875],[12.682343492787089,46.10333374874483],[12.68156653873423,46.10331798405641]]]},"properties":{"nbr_class":"sana","color":"#1a9641"}},{"type":"Feature","geometry":{"type":"Polygon","coordinates":[[[12.642765682768387,46.10144391513098],[12.642788689312786,46.1009043617224],[12.643565587967812,46.100920389343834],[12.643542588988883,46.10145994305248],[12.642765682768387,46.10144391513098]]]},"properties":{"nbr_class":"moderata","color":"#a6d96a"}},{"type":"Feature","geometry":{"type":"Polygon","coordinates":[[[12.643542588988883,46.10145994305248],[12.643565587967812,46.100920389343834],[12.645119387255388,46.100952428758454],[12.645096403407473,46.101491983066936],[12.643542588988883,46.10145994305248]]]},"properties":{"nbr_class":"stress","color":"#ffffbf"}},{"type":"Feature","geometry":{"type":"Polygon","coordinates":[[[12.645873311605135,46.10150799515986],[12.645896287887506,46.100968440551604],[12.646673189178221,46.10098444706864],[12.646650220461417,46.10152400197656],[12.645873311605135,46.10150799515986]]]},"properties":{"nbr_class":"stress","color":"#ffffbf"}},{"type":"Feature","geometry":{"type":"Polygon","coordinates":[[[12.646650220461417,46.10152400197656],[12.646673189178221,46.10098444706864],[12.64745009112732,46.101000448309534],[12.647427129976103,46.10154000351702],[12.646650220461417,46.10152400197656]]]},"properties":{"nbr_class":"moderata","color":"#a6d96a"}},{"type":"Feature","geometry":{"type":"Polygon","coordinates":[[[12.68453874967237,46.10661842600175],[12.683806969041667,46.10552353791933],[12.685360942226358,46.10555503271586],[12.685428723135901,46.1039363243152],[12.68620568799647,46.10395206291336],[12.686250856907233,46.10287292309152],[12.689358662282986,46.10293582235769],[12.689426320008033,46.10131710864415],[12.69253404492548,46.10137991995094],[12.692511523261544,46.10191949242447],[12.694065404728176,46.10195086700504],[12.693153365579208,46.105172617703346],[12.690022877318853,46.105649390447525],[12.690067974421583,46.1045702480404],[12.68929099875827,46.10455453553375],[12.689313553910953,46.104014964534784],[12.686982653504476,46.103967796234414],[12.686960075648761,46.10450736635028],[12.686183102573125,46.104491632734664],[12.686115342430966,46.1061103418401],[12.68453874967237,46.10661842600175]]]},"properties":{"nbr_class":"degradata","color":"#fdae61"}},{"type":"Feature","geometry":{"type":"Polygon","coordinates":[[[12.700945701479169,46.10478966901508],[12.701857281599201,46.101567847304025],[12.703411163390177,46.1015990946542],[12.703388747662606,46.10213867123121],[12.704165697089097,46.102154287283355],[12.704143288288316,46.10269386409312],[12.703366331294555,46.10267824774861],[12.703321496636928,46.103757400604536],[12.70254452515063,46.103741778397996],[12.70249967279481,46.10482093043047],[12.700945701479169,46.10478966901508]]]},"properties":{"nbr_class":"sana","color":"#1a9641"}},{"type":"Feature","geometry":{"type":"Polygon","coordinates":[[[12.65206568446668,46.10217545890119],[12.652134431738281,46.10055678789268],[12.652911330724454,46.100572751901446],[12.65284260615011,46.10219142380661],[12.65206568446668,46.10217545890119]]]},"properties":{"nbr_class":"degradata","color":"#fdae61"}},{"type":"Feature","geometry":{"type":"Polygon","coordinates":[[[12.701013024458906,46.10317094263272],[12.701080341668096,46.10155221571367],[12.701857281599201,46.101567847304025],[12.701789987091614,46.1031865751011],[12.701013024458906,46.10317094263272]]]},"properties":{"nbr_class":"moderata","color":"#a6d96a"}},{"type":"Feature","geometry":{"type":"Polygon","coordinates":[[[12.685496498235654,46.10231761537678],[12.6863186054339,46.101254212910696],[12.687872461427187,46.10128567133071],[12.687827326654665,46.10236481268896],[12.685496498235654,46.10231761537678]]]},"properties":{"nbr_class":"sana","color":"#1a9641"}},{"type":"Feature","geometry":{"type":"Polygon","coordinates":[[[12.699481555969182,46.10260008687021],[12.699526463735738,46.10152093670245],[12.700303402380204,46.10153657884647],[12.700258509747743,46.10261572959996],[12.699481555969182,46.10260008687021]]]},"properties":{"nbr_class":"degradata","color":"#fdae61"}},{"type":"Feature","geometry":{"type":"Polygon","coordinates":[[[12.645119387255388,46.100952428758454],[12.645142370446647,46.100412874389924],[12.646696157238804,46.10044489210069],[12.646673189178221,46.10098444706864],[12.645119387255388,46.100952428758454]]]},"properties":{"nbr_class":"moderata","color":"#a6d96a"}},{"type":"Feature","geometry":{"type":"Polygon","coordinates":[[[12.646673189178221,46.10098444706864],[12.646696157238804,46.10044489210069],[12.647473051622528,46.10046089304202],[12.64745009112732,46.101000448309534],[12.646673189178221,46.10098444706864]]]},"properties":{"nbr_class":"sana","color":"#1a9641"}},{"type":"Feature","geometry":{"type":"Polygon","coordinates":[[[12.662805771110376,46.10563585286983],[12.662828585507445,46.10509629211106],[12.664405322156071,46.10458851046446],[12.664542100140094,46.101351140724496],[12.663765183761344,46.10133525556142],[12.663787985378336,46.100795694025834],[12.665341803657457,46.10082745848087],[12.665182284588202,46.10460439213503],[12.66595924767366,46.1046202685286],[12.665936464198072,46.10515983053683],[12.665159493545172,46.10514395384603],[12.665136701850933,46.10568351549712],[12.662805771110376,46.10563585286983]]]},"properties":{"nbr_class":"moderata","color":"#a6d96a"}},{"type":"Feature","geometry":{"type":"Polygon","coordinates":[[[12.680080564642404,46.101667735926924],[12.680103207370985,46.10112816816674],[12.680880129859432,46.101143942227715],[12.68085749469722,46.10168351028322],[12.680080564642404,46.101667735926924]]]},"properties":{"nbr_class":"stress","color":"#ffffbf"}},{"type":"Feature","geometry":{"type":"Polygon","coordinates":[[[12.696171358129225,46.107393625430596],[12.696261315294615,46.105235331694246],[12.697038304335683,46.10525099699835],[12.697083263926872,46.10417184918558],[12.696306290021877,46.104156184468046],[12.696328776421728,46.103616610765435],[12.697105742759012,46.103632275189696],[12.697195651665067,46.101473978609526],[12.697972588377953,46.101489636583956],[12.697995056432298,46.10095006199661],[12.699548916656703,46.10098136152909],[12.699504010173237,46.102060511816155],[12.698727064605498,46.10204486410235],[12.699324358575252,46.1063771105785],[12.696993342175126,46.10633014457245],[12.696948377445022,46.10740929190791],[12.696171358129225,46.107393625430596]]]},"properties":{"nbr_class":"moderata","color":"#a6d96a"}},{"type":"Feature","geometry":{"type":"Polygon","coordinates":[[[12.694819846822858,46.10250611967488],[12.694887343713866,46.10088739961142],[12.695664270926637,46.10090307312272],[12.695596796736035,46.102521794066526],[12.694819846822858,46.10250611967488]]]},"properties":{"nbr_class":"moderata","color":"#a6d96a"}},{"type":"Feature","geometry":{"type":"Polygon","coordinates":[[[12.640481025888086,46.10031669463378],[12.64050405381289,46.09977714200581],[12.642057817564396,46.09980922242782],[12.642034804769558,46.10034877565638],[12.640481025888086,46.10031669463378]]]},"properties":{"nbr_class":"moderata","color":"#a6d96a"}},{"type":"Feature","geometry":{"type":"Polygon","coordinates":[[[12.652134431738281,46.10055678789268],[12.652157346186065,46.10001723076984],[12.65293423760692,46.10003319447976],[12.652911330724454,46.100572751901446],[12.652134431738281,46.10055678789268]]]},"properties":{"nbr_class":"stress","color":"#ffffbf"}},{"type":"Feature","geometry":{"type":"Polygon","coordinates":[[[12.652911330724454,46.100572751901446],[12.65293423760692,46.10003319447976],[12.653711129684377,46.100049152913634],[12.653688230367257,46.100588710634106],[12.652911330724454,46.100572751901446]]]},"properties":{"nbr_class":"degradata","color":"#fdae61"}},{"type":"Feature","geometry":{"type":"Polygon","coordinates":[[[12.69020325026825,46.101332819385874],[12.690225793988128,46.10079324773445],[12.691002717328136,46.10080895290546],[12.690980181174709,46.10134852485092],[12.69020325026825,46.101332819385874]]]},"properties":{"nbr_class":"moderata","color":"#a6d96a"}},{"type":"Feature","geometry":{"type":"Polygon","coordinates":[[[12.672997373594914,46.10368378906633],[12.673042799787083,46.10260465928956],[12.674619376103998,46.10209673331828],[12.674710157577223,46.09993847043799],[12.67548706038598,46.09995428084241],[12.675350929683223,46.103191676579954],[12.674573981476575,46.10317586439943],[12.67455128319008,46.103715429850276],[12.672997373594914,46.10368378906633]]]},"properties":{"nbr_class":"sana","color":"#1a9641"}},{"type":"Feature","geometry":{"type":"Polygon","coordinates":[[[12.675810255420329,46.11076140263944],[12.67587832821424,46.10914270666452],[12.675101296107258,46.10912689650521],[12.675237469602509,46.1058895047161],[12.673683498164973,46.10585787211721],[12.673706206613724,46.105318307201856],[12.675260162915416,46.1053499392085],[12.6753282389638,46.10373124232684],[12.67455128319008,46.103715429850276],[12.674573981476575,46.10317586439943],[12.675350929683223,46.103191676579954],[12.67548706038598,46.09995428084241],[12.676263963845043,46.09997008597057],[12.676218604668886,46.101049218714195],[12.677772443800832,46.10108081432471],[12.677749778373284,46.10162038119834],[12.67852670648022,46.10163617138448],[12.678481388815557,46.102715305543555],[12.677704445575376,46.10269951476616],[12.677681778204969,46.10323908146036],[12.676150561044548,46.10266791738099],[12.676105195387985,46.10374704952644],[12.67688215246242,46.10376285144908],[12.676791443642283,46.10592111620558],[12.677568431637466,46.10593691403426],[12.677545760380717,46.10647648036963],[12.67987675096966,46.10652384307808],[12.679854101770543,46.10706341024037],[12.676746085344321,46.10700024822494],[12.676723405223289,46.10753981414491],[12.675946395172998,46.10752401015122],[12.675901017848812,46.10860314121991],[12.678232095363894,46.108650539142694],[12.678209428437212,46.1091901054747],[12.676655360971706,46.109158511545886],[12.676587310886909,46.11077720840853],[12.675810255420329,46.11076140263944]]]},"properties":{"nbr_class":"moderata","color":"#a6d96a"}},{"type":"Feature","geometry":{"type":"Polygon","coordinates":[[[12.659058003240478,46.10231895309779],[12.659080851557862,46.101779393468526],[12.658303932193068,46.1017634710729],[12.658349642001129,46.100684352230715],[12.657572738423106,46.10066842515506],[12.657618460750053,46.09958930666943],[12.659949128056851,46.099637070279286],[12.659926289915832,46.100176630446306],[12.660703187892992,46.10019254139542],[12.660611859067059,46.10235078265568],[12.659058003240478,46.10231895309779]]]},"properties":{"nbr_class":"degradata","color":"#fdae61"}},{"type":"Feature","geometry":{"type":"Polygon","coordinates":[[[12.639727172927127,46.09976109388104],[12.63975020775876,46.099221541493414],[12.640527081079789,46.09923758931776],[12.64050405381289,46.09977714200581],[12.639727172927127,46.09976109388104]]]},"properties":{"nbr_class":"moderata","color":"#a6d96a"}},{"type":"Feature","geometry":{"type":"Polygon","coordinates":[[[12.688581709968718,46.10292010545657],[12.688671949246986,46.1007618215627],[12.687118107092443,46.10073037428472],[12.68714068043293,46.1001908037507],[12.68947142193633,46.100237965869844],[12.68944887129434,46.10077753728687],[12.690225793988128,46.10079324773445],[12.69020325026825,46.101332819385874],[12.689426320008033,46.10131710864415],[12.689358662282986,46.10293582235769],[12.688581709968718,46.10292010545657]]]},"properties":{"nbr_class":"stress","color":"#ffffbf"}},{"type":"Feature","geometry":{"type":"Polygon","coordinates":[[[12.68944887129434,46.10077753728687],[12.68947142193633,46.100237965869844],[12.690248337063908,46.10025367602331],[12.690225793988128,46.10079324773445],[12.68944887129434,46.10077753728687]]]},"properties":{"nbr_class":"moderata","color":"#a6d96a"}},{"type":"Feature","geometry":{"type":"Polygon","coordinates":[[[12.639611988896716,46.10245885491778],[12.639635027019178,46.10191930283061],[12.638858116532706,46.101903248227785],[12.639727172927127,46.09976109388104],[12.64050405381289,46.09977714200581],[12.640481025888086,46.10031669463378],[12.642034804769558,46.10034877565638],[12.642057817564396,46.09980922242782],[12.642834700429706,46.099825254725026],[12.64285770500227,46.09928570113624],[12.644411457581247,46.09931774930302],[12.644434446367335,46.0987781950542],[12.64676505748343,46.0988262268366],[12.646696157238804,46.10044489210069],[12.645142370446647,46.100412874389924],[12.645119387255388,46.100952428758454],[12.642788689312786,46.1009043617224],[12.642765682768387,46.10144391513098],[12.641211872306066,46.10141184345946],[12.641188849973032,46.101951396207554],[12.639611988896716,46.10245885491778]]]},"properties":{"nbr_class":"sana","color":"#1a9641"}},{"type":"Feature","geometry":{"type":"Polygon","coordinates":[[[12.64050405381289,46.09977714200581],[12.640527081079789,46.09923758931776],[12.642103841181676,46.09873011579046],[12.642057817564396,46.09980922242782],[12.64050405381289,46.09977714200581]]]},"properties":{"nbr_class":"stress","color":"#ffffbf"}},{"type":"Feature","geometry":{"type":"Polygon","coordinates":[[[12.642057817564396,46.09980922242782],[12.642103841181676,46.09873011579046],[12.644434446367335,46.0987781950542],[12.644411457581247,46.09931774930302],[12.64285770500227,46.09928570113624],[12.642834700429706,46.099825254725026],[12.642057817564396,46.09980922242782]]]},"properties":{"nbr_class":"moderata","color":"#a6d96a"}},{"type":"Feature","geometry":{"type":"Polygon","coordinates":[[[12.640527081079789,46.09923758931776],[12.64055010768881,46.098698036569616],[12.641326974105342,46.09871407881787],[12.641303955060863,46.09925363186634],[12.640527081079789,46.09923758931776]]]},"properties":{"nbr_class":"moderata","color":"#a6d96a"}},{"type":"Feature","geometry":{"type":"Polygon","coordinates":[[[12.652180259979183,46.09947767358702],[12.652203173117654,46.0989381163442],[12.652980049408514,46.098954079456384],[12.65295714383493,46.09949363699806],[12.652180259979183,46.09947767358702]]]},"properties":{"nbr_class":"degradata","color":"#fdae61"}},{"type":"Feature","geometry":{"type":"Polygon","coordinates":[[[12.655287799340798,46.09954149557558],[12.655310682219572,46.09900193713793],[12.656087561135363,46.09901787914673],[12.656064685821573,46.09955743788284],[12.655287799340798,46.09954149557558]]]},"properties":{"nbr_class":"moderata","color":"#a6d96a"}},{"type":"Feature","geometry":{"type":"Polygon","coordinates":[[[12.674483184439193,46.10533412584381],[12.674505884671413,46.104794560572465],[12.670621039894167,46.10471541607233],[12.670666514086081,46.10363628831357],[12.669889562219716,46.10362044417551],[12.669866817881436,46.1041600077882],[12.668335660443145,46.10358874006882],[12.668449448051948,46.10089092407514],[12.67155710288324,46.10095430524769],[12.671602552849588,46.0998751760579],[12.67082565329561,46.09985933927234],[12.670848384870336,46.099319774884165],[12.673179062789815,46.09936726852306],[12.67313364438435,46.10044639901792],[12.672356735962104,46.10043057248848],[12.672334018220191,46.10097013734985],[12.67388785084753,46.10100178572491],[12.673842443681458,46.102080916453154],[12.67228858078909,46.10204926689304],[12.672220419773897,46.103667960758976],[12.672997373594914,46.10368378906633],[12.672974659525366,46.10422335386496],[12.674528584255036,46.104254995241284],[12.67455128319008,46.103715429850276],[12.6753282389638,46.10373124232684],[12.675260162915416,46.1053499392085],[12.674483184439193,46.10533412584381]]]},"properties":{"nbr_class":"stress","color":"#ffffbf"}},{"type":"Feature","geometry":{"type":"Polygon","coordinates":[[[12.690225793988128,46.10079324773445],[12.689493971934025,46.09969839439312],[12.691824696557067,46.09974550814197],[12.691779641314143,46.10082465279988],[12.690225793988128,46.10079324773445]]]},"properties":{"nbr_class":"sana","color":"#1a9641"}},{"type":"Feature","geometry":{"type":"Polygon","coordinates":[[[12.697218127286067,46.100934404315325],[12.697240602264909,46.10039482996146],[12.696463681329368,46.10037916729673],[12.696486163232276,46.09983959317645],[12.698039990615179,46.09987091264293],[12.697995056432298,46.10095006199661],[12.697218127286067,46.100934404315325]]]},"properties":{"nbr_class":"moderata","color":"#a6d96a"}},{"type":"Feature","geometry":{"type":"Polygon","coordinates":[[[12.684033034154927,46.100127847055134],[12.684055637113957,46.099588277640024],[12.687185825179109,46.099111662503425],[12.68714068043293,46.1001908037507],[12.684033034154927,46.100127847055134]]]},"properties":{"nbr_class":"stress","color":"#ffffbf"}},{"type":"Feature","geometry":{"type":"Polygon","coordinates":[[[12.654533803959687,46.098985989853254],[12.654556693749447,46.09844643165418],[12.656110435795611,46.09847832035064],[12.656087561135363,46.09901787914673],[12.654533803959687,46.098985989853254]]]},"properties":{"nbr_class":"degradata","color":"#fdae61"}},{"type":"Feature","geometry":{"type":"Polygon","coordinates":[[[12.665205074980044,46.10406483036412],[12.665319017172253,46.101367020611164],[12.6660959348576,46.10138289522141],[12.666918395251962,46.100319639046205],[12.666141492045336,46.10030377030656],[12.665410159207003,46.09920877173062],[12.66385638632067,46.09917700905959],[12.663879185331977,46.098637447284354],[12.670871115795613,46.098780210436146],[12.67155710288324,46.10095430524769],[12.668449448051948,46.10089092407514],[12.668335660443145,46.10358874006882],[12.669112611005328,46.10360459476061],[12.669089859099929,46.10414415807655],[12.665205074980044,46.10406483036412]]]},"properties":{"nbr_class":"degradata","color":"#fdae61"}},{"type":"Feature","geometry":{"type":"Polygon","coordinates":[[[12.680902764374931,46.100604374112415],[12.680948031465885,46.099525237702466],[12.680171131675248,46.09950946452744],[12.680193771816253,46.09896989652812],[12.683301344608386,46.09903295639009],[12.683256124204698,46.10011209469023],[12.682479214902616,46.10009633704896],[12.682456596165748,46.10063590581438],[12.680902764374931,46.100604374112415]]]},"properties":{"nbr_class":"stress","color":"#ffffbf"}},{"type":"Feature","geometry":{"type":"Polygon","coordinates":[[[12.689493971934025,46.09969839439312],[12.68951652128745,46.09915882285667],[12.691847223213083,46.099205935723454],[12.691824696557067,46.09974550814197],[12.689493971934025,46.09969839439312]]]},"properties":{"nbr_class":"stress","color":"#ffffbf"}},{"type":"Feature","geometry":{"type":"Polygon","coordinates":[[[12.64365757731289,46.09876217390864],[12.643703568043367,46.097683065830694],[12.645234296645581,46.09825465631533],[12.645211316080717,46.09879421092405],[12.64365757731289,46.09876217390864]]]},"properties":{"nbr_class":"stress","color":"#ffffbf"}},{"type":"Feature","geometry":{"type":"Polygon","coordinates":[[[12.677749778373284,46.10162038119834],[12.677772443800832,46.10108081432471],[12.676218604668886,46.101049218714195],[12.676263963845043,46.09997008597057],[12.674732851324494,46.09939890456835],[12.67477823687395,46.09831977264959],[12.677108879162613,46.098367185371],[12.677840436198114,46.099462113345005],[12.680171131675248,46.09950946452744],[12.680148490887381,46.10004903246699],[12.679371584180032,46.10003325372033],[12.679326285531593,46.10111238882924],[12.677749778373284,46.10162038119834]]]},"properties":{"nbr_class":"stress","color":"#ffffbf"}},{"type":"Feature","geometry":{"type":"Polygon","coordinates":[[[12.644457434496642,46.098238640745315],[12.644480421969194,46.09769908637638],[12.64525727655391,46.097715101646564],[12.645234296645581,46.09825465631533],[12.644457434496642,46.098238640745315]]]},"properties":{"nbr_class":"degradata","color":"#fdae61"}},{"type":"Feature","geometry":{"type":"Polygon","coordinates":[[[12.653002954327688,46.09841452185471],[12.653025858592478,46.09787496419306],[12.65457958288525,46.09790687339513],[12.654556693749447,46.09844643165418],[12.653002954327688,46.09841452185471]]]},"properties":{"nbr_class":"moderata","color":"#a6d96a"}},{"type":"Feature","geometry":{"type":"Polygon","coordinates":[[[12.656110435795611,46.09847832035064],[12.656133309802335,46.09793876149458],[12.657687039342008,46.09797062849132],[12.657664180464453,46.09851018794397],[12.656110435795611,46.09847832035064]]]},"properties":{"nbr_class":"moderata","color":"#a6d96a"}},{"type":"Feature","geometry":{"type":"Polygon","coordinates":[[[12.664656063883463,46.098653330960495],[12.664678854678597,46.09811376882799],[12.670893846071468,46.09824064592826],[12.670871115795613,46.098780210436146],[12.664656063883463,46.098653330960495]]]},"properties":{"nbr_class":"stress","color":"#ffffbf"}},{"type":"Feature","geometry":{"type":"Polygon","coordinates":[[[12.672402169498767,46.09935144258621],[12.672424885293564,46.0988118775453],[12.671648000218918,46.09879604662873],[12.67167072292976,46.09825648182436],[12.673224478600082,46.098288137788835],[12.673179062789815,46.09936726852306],[12.672402169498767,46.09935144258621]]]},"properties":{"nbr_class":"sana","color":"#1a9641"}},{"type":"Feature","geometry":{"type":"Polygon","coordinates":[[[12.64879735921649,46.105888435059185],[12.648889160343709,46.10373021339436],[12.64811221924816,46.10371422120884],[12.648204040148977,46.10155599978125],[12.647427129976103,46.10154000351702],[12.64745009112732,46.101000448309534],[12.649003896999794,46.10103243496289],[12.649026842364185,46.10049287909654],[12.652134431738281,46.10055678789268],[12.65206568446668,46.10217545890119],[12.65284260615011,46.10219142380661],[12.652911330724454,46.100572751901446],[12.653688230367257,46.100588710634106],[12.65373402834726,46.099509595133185],[12.65295714383493,46.09949363699806],[12.652980049408514,46.098954079456384],[12.651403376780232,46.09946170490005],[12.651495055664643,46.097303476764594],[12.652271908605424,46.09731944425577],[12.653002954327688,46.09841452185471],[12.654556693749447,46.09844643165418],[12.655287799340798,46.09954149557558],[12.656064685821573,46.09955743788284],[12.656110435795611,46.09847832035064],[12.656887307802306,46.0984942567852],[12.656864440706848,46.09903381587965],[12.660748848392085,46.09911342040569],[12.660771677663245,46.09857385982094],[12.663879185331977,46.098637447284354],[12.66385638632067,46.09917700905959],[12.665410159207003,46.09920877173062],[12.665387374674808,46.0997483340406],[12.666918395251962,46.100319639046205],[12.6660959348576,46.10138289522141],[12.665319017172253,46.101367020611164],[12.665341803657457,46.10082745848087],[12.663787985378336,46.100795694025834],[12.663765183761344,46.10133525556142],[12.66298826803621,46.10131936512198],[12.662919836577377,46.10293804847679],[12.66058902522966,46.102890342820906],[12.659766404657045,46.10395354993716],[12.658989454371305,46.10393763162593],[12.658303932193068,46.1017634710729],[12.659080851557862,46.101779393468526],[12.659058003240478,46.10231895309779],[12.660611859067059,46.10235078265568],[12.660703187892992,46.10019254139542],[12.659926289915832,46.100176630446306],[12.659949128056851,46.099637070279286],[12.657618460750053,46.09958930666943],[12.657572738423106,46.10066842515506],[12.658349642001129,46.100684352230715],[12.658326787423594,46.10122391168178],[12.657549876279871,46.10120798430795],[12.657527013483431,46.10174754340088],[12.65675009542917,46.10173161045246],[12.655927420213096,46.10279478904027],[12.654396451486845,46.102223337788175],[12.654419345200804,46.101683779948964],[12.65364242977021,46.10166782589509],[12.653596626555933,46.10274694091614],[12.652042767399985,46.10271501578404],[12.651905251248538,46.10595235582119],[12.64879735921649,46.105888435059185]],[[12.649597274936172,46.10536486753979],[12.651151205817571,46.105396827322465],[12.651219987576578,46.10377815829093],[12.649643160365635,46.104285756108766],[12.649597274936172,46.10536486753979]],[[12.648889160343709,46.10373021339436],[12.649666102097104,46.10374620030323],[12.649734923358734,46.10212753252653],[12.648958004304255,46.10211154651554],[12.648889160343709,46.10373021339436]],[[12.650488910871784,46.10268306954592],[12.651265838807308,46.102699045303225],[12.651311687418037,46.10161993207551],[12.650534774614572,46.101603956916364],[12.650488910871784,46.10268306954592]]]},"properties":{"nbr_class":"stress","color":"#ffffbf"}},{"type":"Feature","geometry":{"type":"Polygon","coordinates":[[[12.677086209407515,46.09890675224796],[12.677131548270037,46.09782761843425],[12.679462173711928,46.097874982784994],[12.679416880240085,46.09895411837225],[12.677086209407515,46.09890675224796]]]},"properties":{"nbr_class":"sana","color":"#1a9641"}},{"type":"Feature","geometry":{"type":"Polygon","coordinates":[[[12.643703568043367,46.097683065830694],[12.643726562423174,46.09714351170164],[12.644503408785013,46.0971595319474],[12.644480421969194,46.09769908637638],[12.643703568043367,46.097683065830694]]]},"properties":{"nbr_class":"moderata","color":"#a6d96a"}},{"type":"Feature","geometry":{"type":"Polygon","coordinates":[[[12.652248997430751,46.09785900167857],[12.652271908605424,46.09731944425577],[12.653048762202909,46.09733540647142],[12.653025858592478,46.09787496419306],[12.652248997430751,46.09785900167857]]]},"properties":{"nbr_class":"degradata","color":"#fdae61"}},{"type":"Feature","geometry":{"type":"Polygon","coordinates":[[[12.691306405782408,46.11215565728923],[12.691374028245447,46.11053694397426],[12.692151089107183,46.110552643882045],[12.69212855650066,46.1110922153407],[12.692905625578781,46.11110791026393],[12.6929281506149,46.110568338511456],[12.69448227556741,46.11059971193505],[12.694504784819438,46.110060139535484],[12.692973198756219,46.10948919482739],[12.693018244323126,46.10841005090455],[12.69457230871645,46.1084414219787],[12.694639826825336,46.10682270388476],[12.693862817013406,46.106807021867525],[12.693907841007903,46.10572787676033],[12.694684835682603,46.10574355819038],[12.694819846822858,46.10250611967488],[12.694042897554665,46.102490440006285],[12.694065404728176,46.10195086700504],[12.692511523261544,46.10191949242447],[12.69253404492548,46.10137991995094],[12.690980181174709,46.10134852485092],[12.691002717328136,46.10080895290546],[12.693333491223301,46.100856036758906],[12.693310977769363,46.10139560958588],[12.694087911258618,46.1014112939441],[12.694954834819614,46.09926867901085],[12.69650864449285,46.09930001899648],[12.695776715059452,46.09820520368957],[12.697330495759134,46.098236531949375],[12.697308023348704,46.098776106541884],[12.701969426294388,46.09886996644966],[12.701924570338797,46.09994911897028],[12.702701488213163,46.09996474440615],[12.70267906684051,46.100504320869575],[12.701902141399781,46.10048869514116],[12.701857281599201,46.101567847304025],[12.701080341668096,46.10155221571367],[12.701013024458906,46.10317094263272],[12.700236062469477,46.10315530488724],[12.700168716786262,46.10477403039123],[12.701722686815422,46.1048053023615],[12.701655380770017,46.10642402908521],[12.700878372728273,46.1064083948607],[12.700833483687841,46.107487545126254],[12.70005646115149,46.10747190503839],[12.700011554406755,46.10855105447974],[12.699234517375238,46.10853540852811],[12.698367599238175,46.11067805312145],[12.697590533214658,46.11066239544108],[12.697545573345842,46.11174154240835],[12.695214333719198,46.11169453593639],[12.695236836686995,46.111154963362644],[12.694459765672164,46.111139284274934],[12.693637658440913,46.112202743822074],[12.691306405782408,46.11215565728923]],[[12.696880925531568,46.10902801246358],[12.697657968200293,46.10904367454269],[12.69770292164592,46.1079645269788],[12.696925894116333,46.10794886548613],[12.696880925531568,46.10902801246358]],[[12.69770292164592,46.1079645269788],[12.698479949819859,46.10798018319348],[12.698502418010035,46.107440609028934],[12.697725397405364,46.10742495310735],[12.69770292164592,46.1079645269788]],[[12.696171358129225,46.107393625430596],[12.697725397405364,46.10742495310735],[12.696993342175126,46.10633014457245],[12.699324358575252,46.1063771105785],[12.699414189507435,46.10421881167451],[12.698637213669867,46.10420316278883],[12.698727064605498,46.10204486410235],[12.700258509747743,46.10261572959996],[12.700303402380204,46.10153657884647],[12.699526463735738,46.10152093670245],[12.699548916656703,46.10098136152909],[12.697995056432298,46.10095006199661],[12.697972588377953,46.101489636583956],[12.697195651665067,46.101473978609526],[12.697105742759012,46.103632275189696],[12.695529316761505,46.104140514473244],[12.696171358129225,46.107393625430596]],[[12.694819846822858,46.10250611967488],[12.695596796736035,46.102521794066526],[12.695664270926637,46.10090307312272],[12.694887343713866,46.10088739961142],[12.694819846822858,46.10250611967488]],[[12.697218127286067,46.100934404315325],[12.697995056432298,46.10095006199661],[12.698039990615179,46.09987091264293],[12.696486163232276,46.09983959317645],[12.697218127286067,46.100934404315325]]]},"properties":{"nbr_class":"stress","color":"#ffffbf"}},{"type":"Feature","geometry":{"type":"Polygon","coordinates":[[[12.654556693749447,46.09844643165418],[12.65457958288525,46.09790687339513],[12.653025858592478,46.09787496419306],[12.653071665159,46.09679584868979],[12.654625359195094,46.09682775669711],[12.654602471367124,46.09736731507611],[12.656133309802335,46.09793876149458],[12.656110435795611,46.09847832035064],[12.654556693749447,46.09844643165418]]]},"properties":{"nbr_class":"stress","color":"#ffffbf"}},{"type":"Feature","geometry":{"type":"Polygon","coordinates":[[[12.654602471367124,46.09736731507611],[12.654625359195094,46.09682775669711],[12.655402207197298,46.09684370278759],[12.655379326933426,46.097383261465126],[12.654602471367124,46.09736731507611]]]},"properties":{"nbr_class":"degradata","color":"#fdae61"}},{"type":"Feature","geometry":{"type":"Polygon","coordinates":[[[12.676354674422015,46.097811819765525],[12.676377350446527,46.09727225306473],[12.677154216729807,46.097288051437666],[12.677131548270037,46.09782761843425],[12.676354674422015,46.097811819765525]]]},"properties":{"nbr_class":"stress","color":"#ffffbf"}},{"type":"Feature","geometry":{"type":"Polygon","coordinates":[[[12.688784733843011,46.09806396535155],[12.68880728882887,46.097524393930144],[12.690383581993732,46.097016244502505],[12.690338502926465,46.098095388581626],[12.688784733843011,46.09806396535155]]]},"properties":{"nbr_class":"degradata","color":"#fdae61"}},{"type":"Feature","geometry":{"type":"Polygon","coordinates":[[[12.695776715059452,46.09820520368957],[12.69579920195849,46.097665629623926],[12.69737543865388,46.09715738258536],[12.697330495759134,46.098236531949375],[12.695776715059452,46.09820520368957]]]},"properties":{"nbr_class":"degradata","color":"#fdae61"}},{"type":"Feature","geometry":{"type":"Polygon","coordinates":[[[12.682592298893884,46.09739849232539],[12.682614913753683,46.09685892320135],[12.683391777664262,46.09687467907264],[12.683369170369174,46.09741424849167],[12.682592298893884,46.09739849232539]]]},"properties":{"nbr_class":"degradata","color":"#fdae61"}},{"type":"Feature","geometry":{"type":"Polygon","coordinates":[[[12.704344944447762,46.09783767065921],[12.704367347486988,46.09729809331292],[12.705144229459922,46.0973137014579],[12.705121833986048,46.09785327909639],[12.704344944447762,46.09783767065921]]]},"properties":{"nbr_class":"degradata","color":"#fdae61"}},{"type":"Feature","geometry":{"type":"Polygon","coordinates":[[[12.645303234401036,46.09663599212891],[12.64534918962228,46.09555688237104],[12.646126014610834,46.095572891166846],[12.646080074516577,46.09665200152413],[12.645303234401036,46.09663599212891]]]},"properties":{"nbr_class":"degradata","color":"#fdae61"}},{"type":"Feature","geometry":{"type":"Polygon","coordinates":[[[12.697330495759134,46.098236531949375],[12.69737543865388,46.09715738258536],[12.69579920195849,46.097665629623926],[12.695844173829231,46.0965864813136],[12.69817477775899,46.09663346315017],[12.698107387075318,46.098252188165006],[12.697330495759134,46.098236531949375]]]},"properties":{"nbr_class":"stress","color":"#ffffbf"}},{"type":"Feature","geometry":{"type":"Polygon","coordinates":[[[12.653871406586868,46.09627224719082],[12.653894300670736,46.09573268899049],[12.654671132889407,46.09574863975917],[12.654648246369181,46.09628819825813],[12.653871406586868,46.09627224719082]]]},"properties":{"nbr_class":"stress","color":"#ffffbf"}},{"type":"Feature","geometry":{"type":"Polygon","coordinates":[[[12.667854622861372,46.096558559262725],[12.667877380796133,46.09601899570222],[12.668654224789455,46.09603485151442],[12.668631474418751,46.09657441537177],[12.667854622861372,46.096558559262725]]]},"properties":{"nbr_class":"sana","color":"#1a9641"}},{"type":"Feature","geometry":{"type":"Polygon","coordinates":[[[12.702791167297963,46.09780643795626],[12.702813585467824,46.09726686119472],[12.699706069142378,46.09720433364555],[12.699728516931879,46.09666475799504],[12.704389749886154,46.09675851590705],[12.703568055551662,46.097822056945816],[12.702791167297963,46.09780643795626]]]},"properties":{"nbr_class":"moderata","color":"#a6d96a"}},{"type":"Feature","geometry":{"type":"Polygon","coordinates":[[[12.702723908945213,46.09942516788311],[12.70276874848759,46.09834601465817],[12.703545644306809,46.09836163394015],[12.703590466156216,46.09728247989187],[12.704367347486988,46.09729809331292],[12.704389749886154,46.09675851590705],[12.705943499343677,46.096789726336546],[12.705921112074803,46.097329304326756],[12.706697995331416,46.09734490191952],[12.70587633561815,46.0984084601284],[12.704322540768453,46.098377247945855],[12.705054643725136,46.099472011654235],[12.702723908945213,46.09942516788311]],[[12.704344944447762,46.09783767065921],[12.705121833986048,46.09785327909639],[12.705144229459922,46.0973137014579],[12.704367347486988,46.09729809331292],[12.704344944447762,46.09783767065921]]]},"properties":{"nbr_class":"stress","color":"#ffffbf"}},{"type":"Feature","geometry":{"type":"Polygon","coordinates":[[[12.641326974105342,46.09871407881787],[12.641442059463586,46.096016312674394],[12.642218888720338,46.09603234814589],[12.642264903134475,46.09495324066757],[12.643818533373384,46.09498529458481],[12.643795541621136,46.095524848954106],[12.644572365292312,46.09554086830013],[12.64365757731289,46.09876217390864],[12.641326974105342,46.09871407881787]]]},"properties":{"nbr_class":"sana","color":"#1a9641"}},{"type":"Feature","geometry":{"type":"Polygon","coordinates":[[[12.672493028784087,46.09719318206354],[12.672561166434297,46.095574486043176],[12.673338006772946,46.09559030990613],[12.673269891815329,46.097209006815284],[12.672493028784087,46.09719318206354]]]},"properties":{"nbr_class":"stress","color":"#ffffbf"}},{"type":"Feature","geometry":{"type":"Polygon","coordinates":[[[12.67484631033577,46.09670107432274],[12.67489168940234,46.0956219418057],[12.677999062463458,46.09568514229922],[12.67797640351063,46.09622470977088],[12.67484631033577,46.09670107432274]]]},"properties":{"nbr_class":"stress","color":"#ffffbf"}},{"type":"Feature","geometry":{"type":"Polygon","coordinates":[[[12.646879878102148,46.09612845019578],[12.647702620499208,46.095065337065215],[12.650832825071928,46.094589718973694],[12.650786978360237,46.09566883316339],[12.648456493525813,46.09562088590337],[12.648433546497099,46.09616044201057],[12.646879878102148,46.09612845019578]]]},"properties":{"nbr_class":"degradata","color":"#fdae61"}},{"type":"Feature","geometry":{"type":"Polygon","coordinates":[[[12.64745009112732,46.101000448309534],[12.647473051622528,46.10046089304202],[12.646696157238804,46.10044489210069],[12.64676505748343,46.0988262268366],[12.645211316080717,46.09879421092405],[12.645234296645581,46.09825465631533],[12.646788022919345,46.0982866716285],[12.64683395182287,46.097207561032214],[12.649941351754062,46.097271525955726],[12.649964284966124,46.09673196937002],[12.651517973748767,46.09676391958073],[12.650786978360237,46.09566883316339],[12.653894300670736,46.09573268899049],[12.654716903968373,46.09466952258135],[12.655493721716345,46.09468546747772],[12.656133309802335,46.09793876149458],[12.655356446015862,46.0979228200827],[12.655402207197298,46.09684370278759],[12.653071665159,46.09679584868979],[12.653048762202909,46.09733540647142],[12.651495055664643,46.097303476764594],[12.651403376780232,46.09946170490005],[12.65373402834726,46.099509595133185],[12.653711129684377,46.100049152913634],[12.64745009112732,46.101000448309534]],[[12.653871406586868,46.09627224719082],[12.654648246369181,46.09628819825813],[12.654671132889407,46.09574863975917],[12.653894300670736,46.09573268899049],[12.653871406586868,46.09627224719082]]]},"properties":{"nbr_class":"moderata","color":"#a6d96a"}},{"type":"Feature","geometry":{"type":"Polygon","coordinates":[[[12.652363546758817,46.095161213964616],[12.652386454660958,46.094621656241856],[12.65394008687634,46.09465357240989],[12.653917194100554,46.09519313073018],[12.652363546758817,46.095161213964616]]]},"properties":{"nbr_class":"degradata","color":"#fdae61"}},{"type":"Feature","geometry":{"type":"Polygon","coordinates":[[[12.708296492276531,46.096296923485085],[12.708341218228352,46.09521776545524],[12.709118073149158,46.09523334605271],[12.709073362326754,46.096312504665974],[12.708296492276531,46.096296923485085]]]},"properties":{"nbr_class":"moderata","color":"#a6d96a"}},{"type":"Feature","geometry":{"type":"Polygon","coordinates":[[[12.643064716582627,46.09442971613434],[12.643087714583903,46.09389016194493],[12.643864514907406,46.09390618566608],[12.6438415244688,46.09444574015548],[12.643064716582627,46.09442971613434]]]},"properties":{"nbr_class":"stress","color":"#ffffbf"}},{"type":"Feature","geometry":{"type":"Polygon","coordinates":[[[12.683323953841258,46.09849338715038],[12.683391777664262,46.09687467907264],[12.682614913753683,46.09685892320135],[12.682569683387962,46.09793806138964],[12.681792804996011,46.09792229965241],[12.681815428066837,46.09738273088323],[12.680284325912142,46.09681162393289],[12.680329599079526,46.09573248727656],[12.682660141535013,46.09577978477399],[12.682727978361676,46.0941610766847],[12.68350480445193,46.09417683108114],[12.683482200386024,46.09471640079897],[12.685035869637323,46.09474789435561],[12.684968098949364,46.09636660491942],[12.685744957238743,46.09638234466863],[12.684877728995986,46.09852488483464],[12.683323953841258,46.09849338715038]]]},"properties":{"nbr_class":"stress","color":"#ffffbf"}},{"type":"Feature","geometry":{"type":"Polygon","coordinates":[[[12.66554685273089,46.095971396612924],[12.665637968730136,46.09381314533656],[12.666414780512081,46.09382901578657],[12.666346467178842,46.09544770522507],[12.667123302303533,46.095463571291134],[12.667100537455122,46.09600313461456],[12.66554685273089,46.095971396612924]]]},"properties":{"nbr_class":"stress","color":"#ffffbf"}},{"type":"Feature","geometry":{"type":"Polygon","coordinates":[[[12.698107387075318,46.098252188165006],[12.69817477775899,46.09663346315017],[12.6942904410983,46.09655513370986],[12.694312941199316,46.096015560052074],[12.693536083365773,46.09599987863002],[12.693513575700157,46.09653945199421],[12.691959846839595,46.09650807273541],[12.69200489178563,46.09542892712229],[12.693558590388356,46.095460305206146],[12.693581096767929,46.09492073172258],[12.694357939472916,46.09493641255746],[12.694335440657513,46.09547598633461],[12.695866658800977,46.09604690706894],[12.695934109861984,46.09442818397691],[12.697487784656138,46.094459508131266],[12.697420378980626,46.096078232982705],[12.698197240036656,46.09609388802591],[12.6982421626668,46.095014737598426],[12.699019009237851,46.09503038677985],[12.698951647023605,46.09664911321056],[12.699728516931879,46.09666475799504],[12.699706069142378,46.09720433364555],[12.702813585467824,46.09726686119472],[12.701991853311013,46.0983303900999],[12.698107387075318,46.098252188165006]]]},"properties":{"nbr_class":"sana","color":"#1a9641"}},{"type":"Feature","geometry":{"type":"Polygon","coordinates":[[[12.698951647023605,46.09664911321056],[12.699019009237851,46.09503038677985],[12.6982421626668,46.095014737598426],[12.698197240036656,46.09609388802591],[12.697420378980626,46.096078232982705],[12.697487784656138,46.094459508131266],[12.699818301676801,46.09450645479655],[12.699728516931879,46.09666475799504],[12.698951647023605,46.09664911321056]]]},"properties":{"nbr_class":"moderata","color":"#a6d96a"}},{"type":"Feature","geometry":{"type":"Polygon","coordinates":[[[12.676468048066356,46.095113985663374],[12.676513392989655,46.09403485160382],[12.677290213889,46.09405064820221],[12.677244884092817,46.09512978285326],[12.676468048066356,46.095113985663374]]]},"properties":{"nbr_class":"sana","color":"#1a9641"}},{"type":"Feature","geometry":{"type":"Polygon","coordinates":[[[12.674160239363513,46.094526996329414],[12.674182934191508,46.09398743015754],[12.674959753140692,46.09400324258147],[12.67493706587608,46.09454280904938],[12.674160239363513,46.094526996329414]]]},"properties":{"nbr_class":"stress","color":"#ffffbf"}},{"type":"Feature","geometry":{"type":"Polygon","coordinates":[[[12.68969689292383,46.09484224841524],[12.689719436479843,46.09430267634133],[12.691273100952747,46.09433408490276],[12.691250572524435,46.094873657564705],[12.68969689292383,46.09484224841524]]]},"properties":{"nbr_class":"degradata","color":"#fdae61"}},{"type":"Feature","geometry":{"type":"Polygon","coordinates":[[[12.677999062463458,46.09568514229922],[12.678067035437962,46.094066439525406],[12.678843857636334,46.09408222557337],[12.678866506436636,46.09354265756696],[12.67964332172089,46.093558438044276],[12.67962068048389,46.094098006346144],[12.681174328125705,46.09412955206594],[12.681151701368966,46.0946691208986],[12.680374869660117,46.09465335038108],[12.679552752891725,46.09571671089296],[12.677999062463458,46.09568514229922]]]},"properties":{"nbr_class":"stress","color":"#ffffbf"}},{"type":"Feature","geometry":{"type":"Polygon","coordinates":[[[12.653962978998122,46.094114014029614],[12.654008761279758,46.093034897089126],[12.65478555568345,46.09305084636476],[12.654739788527158,46.09412996390245],[12.653962978998122,46.094114014029614]]]},"properties":{"nbr_class":"moderata","color":"#a6d96a"}},{"type":"Feature","geometry":{"type":"Polygon","coordinates":[[[12.660954288354272,46.09425737298542],[12.66099993450614,46.09317825067723],[12.661776734804874,46.09319415247953],[12.661731103778768,46.094273275383145],[12.660954288354272,46.09425737298542]]]},"properties":{"nbr_class":"moderata","color":"#a6d96a"}},{"type":"Feature","geometry":{"type":"Polygon","coordinates":[[[12.643795541621136,46.095524848954106],[12.643818533373384,46.09498529458481],[12.643041717924326,46.09496927026368],[12.643064716582627,46.09442971613434],[12.6438415244688,46.09444574015548],[12.643110711928179,46.09335060769545],[12.643887504689227,46.09336663111661],[12.64393348228261,46.092287521837534],[12.64471026057827,46.09230353938425],[12.644641315889853,46.09392220411242],[12.645418117531028,46.09393821728395],[12.645395142217831,46.09447777237302],[12.644618333013941,46.0944617589017],[12.644572365292312,46.09554086830013],[12.643795541621136,46.095524848954106]]]},"properties":{"nbr_class":"moderata","color":"#a6d96a"}},{"type":"Feature","geometry":{"type":"Polygon","coordinates":[[[12.647748526404754,46.09398622514952],[12.647771478373956,46.09344666910163],[12.649325072454236,46.09347864737238],[12.649348008642972,46.09293909066578],[12.652478079725375,46.09246342475084],[12.65240936190866,46.09408209845909],[12.647748526404754,46.09398622514952]]]},"properties":{"nbr_class":"moderata","color":"#a6d96a"}},{"type":"Feature","geometry":{"type":"Polygon","coordinates":[[[12.672652007550717,46.093416223844876],[12.672674716207855,46.092876658145705],[12.673451518729829,46.09289248052748],[12.673428817635594,46.09343204652288],[12.672652007550717,46.093416223844876]]]},"properties":{"nbr_class":"stress","color":"#ffffbf"}},{"type":"Feature","geometry":{"type":"Polygon","coordinates":[[[12.67964332172089,46.093558438044276],[12.679665962311068,46.09301886968263],[12.681219579699961,46.09305041422126],[12.681196954236029,46.09358998317348],[12.67964332172089,46.093558438044276]]]},"properties":{"nbr_class":"sana","color":"#1a9641"}},{"type":"Feature","geometry":{"type":"Polygon","coordinates":[[[12.697510251930838,46.093919933061464],[12.697532718563671,46.093380357932006],[12.698309541799363,46.093396011509796],[12.698287082730165,46.09393558693233],[12.697510251930838,46.093919933061464]]]},"properties":{"nbr_class":"degradata","color":"#fdae61"}},{"type":"Feature","geometry":{"type":"Polygon","coordinates":[[[12.702836002997191,46.09672728437357],[12.702992907770934,46.092950244956135],[12.703769727944644,46.092965861314134],[12.703702509575312,46.094584593727895],[12.70525619723209,46.09461581237138],[12.705189018488163,46.09623454600211],[12.704412151645283,46.09621893844156],[12.704389749886154,46.09675851590705],[12.702836002997191,46.09672728437357]]]},"properties":{"nbr_class":"sana","color":"#1a9641"}},{"type":"Feature","geometry":{"type":"Polygon","coordinates":[[[12.66799116071783,46.09332117700158],[12.668013914751908,46.09278161308181],[12.66959025088977,46.09227375129622],[12.669544773722327,46.09335288038265],[12.66799116071783,46.09332117700158]]]},"properties":{"nbr_class":"sana","color":"#1a9641"}},{"type":"Feature","geometry":{"type":"Polygon","coordinates":[[[12.681973771466481,46.09360574782535],[12.68201900662188,46.092526609270855],[12.684349416823602,46.09257386980575],[12.684304227046773,46.093653010129884],[12.681973771466481,46.09360574782535]]]},"properties":{"nbr_class":"stress","color":"#ffffbf"}},{"type":"Feature","geometry":{"type":"Polygon","coordinates":[[[12.64626381914535,46.09233555865409],[12.646286784271393,46.091796003025166],[12.647063556980477,46.09181200444872],[12.647040599416336,46.09235156037721],[12.64626381914535,46.09233555865409]]]},"properties":{"nbr_class":"moderata","color":"#a6d96a"}},{"type":"Feature","geometry":{"type":"Polygon","coordinates":[[[12.695089799677788,46.096031236198385],[12.695112291571578,46.095491662187435],[12.693581096767929,46.09492073172258],[12.693626107598133,46.09384158457637],[12.695157273431443,46.09441251398651],[12.695202252721172,46.09333336554685],[12.694425432062584,46.09331769086792],[12.694447928307035,46.09277811685205],[12.696001555142129,46.09280946034784],[12.69595659226432,46.09388860949355],[12.696733421775484,46.09390427391519],[12.696710946936955,46.094443848691824],[12.695934109861984,46.09442818397691],[12.695866658800977,46.09604690706894],[12.695089799677788,46.096031236198385]]]},"properties":{"nbr_class":"moderata","color":"#a6d96a"}},{"type":"Feature","geometry":{"type":"Polygon","coordinates":[[[12.706742754099409,46.096265745295455],[12.706854639830864,46.093567852692445],[12.707631470777093,46.093583442965745],[12.707676205467564,46.09250428492365],[12.708453021927717,46.09251986933794],[12.708408302364461,46.0935990279636],[12.709185134592754,46.09361460768598],[12.709118073149158,46.09523334605271],[12.708341218228352,46.09521776545524],[12.708296492276531,46.096296923485085],[12.706742754099409,46.096265745295455]]]},"properties":{"nbr_class":"sana","color":"#1a9641"}},{"type":"Feature","geometry":{"type":"Polygon","coordinates":[[[12.700527827066976,46.09614082150063],[12.700595141970675,46.094522093133925],[12.701371982907677,46.09453772619576],[12.701416841177311,46.09345857306776],[12.699840746259877,46.09396687884782],[12.699908076161886,46.09234815064379],[12.700684886201369,46.09236378781007],[12.700662451105153,46.0929033642305],[12.702238508209238,46.092395046317215],[12.702081554970215,46.096172084104595],[12.700527827066976,46.09614082150063]]]},"properties":{"nbr_class":"degradata","color":"#fdae61"}},{"type":"Feature","geometry":{"type":"Polygon","coordinates":[[[12.660245964522005,46.09262278265389],[12.660291621886383,46.09154366058175],[12.661068398844023,46.09155956676552],[12.661022756604067,46.09263868943325],[12.660245964522005,46.09262278265389]]]},"properties":{"nbr_class":"moderata","color":"#a6d96a"}},{"type":"Feature","geometry":{"type":"Polygon","coordinates":[[[12.698309541799363,46.093396011509796],[12.698354458012906,46.092316860485795],[12.69913126676566,46.09233250820236],[12.69908636567879,46.09341165981229],[12.698309541799363,46.093396011509796]]]},"properties":{"nbr_class":"degradata","color":"#fdae61"}},{"type":"Feature","geometry":{"type":"Polygon","coordinates":[[[12.709140427602334,46.09469376665671],[12.709185134592754,46.09361460768598],[12.708408302364461,46.0935990279636],[12.708453021927717,46.09251986933794],[12.709984312435276,46.09309060226661],[12.709917275599503,46.09470934168682],[12.709140427602334,46.09469376665671]]]},"properties":{"nbr_class":"moderata","color":"#a6d96a"}},{"type":"Feature","geometry":{"type":"Polygon","coordinates":[[[12.654054540945648,46.09195577990872],[12.654077429797745,46.09141622122855],[12.654854201515038,46.09143216960844],[12.654831320224858,46.09197172858719],[12.654054540945648,46.09195577990872]]]},"properties":{"nbr_class":"moderata","color":"#a6d96a"}},{"type":"Feature","geometry":{"type":"Polygon","coordinates":[[[12.673451518729829,46.09289248052748],[12.672720131575934,46.09179752656784],[12.675050495717986,46.0918449761116],[12.675005125725528,46.09292410946618],[12.673451518729829,46.09289248052748]]]},"properties":{"nbr_class":"sana","color":"#1a9641"}},{"type":"Feature","geometry":{"type":"Polygon","coordinates":[[[12.677358203727135,46.09243194577708],[12.677380865711635,46.09189237818242],[12.678157657008864,46.091908168323094],[12.678135002586973,46.09244773621337],[12.677358203727135,46.09243194577708]]]},"properties":{"nbr_class":"sana","color":"#1a9641"}},{"type":"Feature","geometry":{"type":"Polygon","coordinates":[[[12.679688602254444,46.0924793012612],[12.679711241551045,46.09193973277998],[12.68048803479556,46.09195550709616],[12.68046540306164,46.092495075872705],[12.679688602254444,46.0924793012612]]]},"properties":{"nbr_class":"stress","color":"#ffffbf"}},{"type":"Feature","geometry":{"type":"Polygon","coordinates":[[[12.681242204517526,46.09251084520927],[12.681264828688743,46.091971276137485],[12.682041623230372,46.09198703990395],[12.68201900662188,46.092526609270855],[12.681242204517526,46.09251084520927]]]},"properties":{"nbr_class":"sana","color":"#1a9641"}},{"type":"Feature","geometry":{"type":"Polygon","coordinates":[[[12.686679832853773,46.09262108286555],[12.68670240408543,46.092081511729944],[12.687479203160136,46.09209723857203],[12.687456639491364,46.092636810002084],[12.686679832853773,46.09262108286555]]]},"properties":{"nbr_class":"moderata","color":"#a6d96a"}},{"type":"Feature","geometry":{"type":"Polygon","coordinates":[[[12.687962723235161,46.09912738789743],[12.688030412821929,46.097508674695305],[12.68880728882887,46.097524393930144],[12.688829843170335,46.09698482244902],[12.687276106932902,46.09695337929207],[12.687298675759285,46.09641380833989],[12.686521816175455,46.09639807914213],[12.68579012321429,46.09530320376317],[12.688897502328583,46.09536610764729],[12.688942605212523,46.09428696414753],[12.68816577459158,46.09427124667837],[12.68818833263073,46.09373167513314],[12.686634688455925,46.09370022495756],[12.686679832853773,46.09262108286555],[12.685126221519676,46.09258961276738],[12.685171393589153,46.09151047161475],[12.689832144599716,46.091604815076046],[12.68980960426369,46.09214438744853],[12.691363208230095,46.09217579365794],[12.691340682376095,46.0927153665587],[12.692117492890882,46.09273106204474],[12.692072454378925,46.09381020825485],[12.692849280665891,46.09382589905327],[12.692894304051112,46.09274675225564],[12.694447928307035,46.09277811685205],[12.694425432062584,46.09331769086792],[12.695202252721172,46.09333336554685],[12.695157273431443,46.09441251398651],[12.693626107598133,46.09384158457637],[12.693581096767929,46.09492073172258],[12.692027413293472,46.094889354226176],[12.692049934157897,46.09434978127037],[12.689719436479843,46.09430267634133],[12.68969689292383,46.09484224841524],[12.691250572524435,46.094873657564705],[12.691092855503223,46.09865066452653],[12.688762178212734,46.09860353671323],[12.688739621938016,46.099143108015184],[12.687962723235161,46.09912738789743]],[[12.688784733843011,46.09806396535155],[12.690338502926465,46.098095388581626],[12.690383581993732,46.097016244502505],[12.689606712258897,46.097000536113704],[12.688784733843011,46.09806396535155]],[[12.686679832853773,46.09262108286555],[12.687456639491364,46.092636810002084],[12.687479203160136,46.09209723857203],[12.68670240408543,46.092081511729944],[12.686679832853773,46.09262108286555]]]},"properties":{"nbr_class":"stress","color":"#ffffbf"}},{"type":"Feature","geometry":{"type":"Polygon","coordinates":[[[12.668059420869985,46.09170248506268],[12.66808217295403,46.091162920963285],[12.668858948880521,46.091178774104094],[12.668836204358595,46.09171833850028],[12.668059420869985,46.09170248506268]]]},"properties":{"nbr_class":"sana","color":"#1a9641"}},{"type":"Feature","geometry":{"type":"Polygon","coordinates":[[[12.675050495717986,46.0918449761116],[12.675073179742133,46.091305409344585],[12.676626743963407,46.091337015408186],[12.676604075063935,46.09187658276694],[12.675050495717986,46.0918449761116]]]},"properties":{"nbr_class":"sana","color":"#1a9641"}},{"type":"Feature","geometry":{"type":"Polygon","coordinates":[[[12.678157657008864,46.091908168323094],[12.678180310783569,46.091368600373016],[12.678957095167691,46.09138438494335],[12.678934448955404,46.091923953188946],[12.678157657008864,46.091908168323094]]]},"properties":{"nbr_class":"sana","color":"#1a9641"}},{"type":"Feature","geometry":{"type":"Polygon","coordinates":[[[12.681264828688743,46.091971276137485],[12.681287452213637,46.091431707005924],[12.682064239192757,46.09144747047727],[12.682041623230372,46.09198703990395],[12.681264828688743,46.091971276137485]]]},"properties":{"nbr_class":"moderata","color":"#a6d96a"}},{"type":"Feature","geometry":{"type":"Polygon","coordinates":[[[12.682041623230372,46.09198703990395],[12.682064239192757,46.09144747047727],[12.683617815095403,46.09147898159561],[12.683640415287044,46.090939411519216],[12.684417196647777,46.09095515887137],[12.68437201074378,46.09203429955404],[12.682041623230372,46.09198703990395]]]},"properties":{"nbr_class":"sana","color":"#1a9641"}},{"type":"Feature","geometry":{"type":"Polygon","coordinates":[[[12.659537680848858,46.09098818829532],[12.65956051546235,46.09044862740729],[12.66033727664219,46.090464538269856],[12.660314449590347,46.091004099455766],[12.659537680848858,46.09098818829532]]]},"properties":{"nbr_class":"moderata","color":"#a6d96a"}},{"type":"Feature","geometry":{"type":"Polygon","coordinates":[[[12.670412502688944,46.09121046456193],[12.670435231437246,46.09067089951259],[12.671212001756768,46.09068673653312],[12.671189280570438,46.091226301878955],[12.670412502688944,46.09121046456193]]]},"properties":{"nbr_class":"moderata","color":"#a6d96a"}},{"type":"Feature","geometry":{"type":"Polygon","coordinates":[[[12.677403527048735,46.09135281052795],[12.677426187738456,46.09081324281369],[12.678202963911112,46.09082903236314],[12.678180310783569,46.091368600373016],[12.677403527048735,46.09135281052795]]]},"properties":{"nbr_class":"stress","color":"#ffffbf"}},{"type":"Feature","geometry":{"type":"Polygon","coordinates":[[[12.66959025088977,46.09227375129622],[12.669635725458898,46.09119462197031],[12.671189280570438,46.091226301878955],[12.671234722294018,46.09014717112741],[12.672765544349238,46.0907183947506],[12.672697424216254,46.09233709238669],[12.66959025088977,46.09227375129622]]]},"properties":{"nbr_class":"stress","color":"#ffffbf"}},{"type":"Feature","geometry":{"type":"Polygon","coordinates":[[[12.650993267935705,46.09081281741963],[12.651039102861224,46.089733702149886],[12.652592596333317,46.08976563403731],[12.652546791652988,46.0908447505027],[12.650993267935705,46.09081281741963]]]},"properties":{"nbr_class":"moderata","color":"#a6d96a"}},{"type":"Feature","geometry":{"type":"Polygon","coordinates":[[[12.668858948880521,46.091178774104094],[12.66968119742989,46.09011549240494],[12.671234722294018,46.09014717112741],[12.670412502688944,46.09121046456193],[12.668858948880521,46.091178774104094]]]},"properties":{"nbr_class":"sana","color":"#1a9641"}},{"type":"Feature","geometry":{"type":"Polygon","coordinates":[[[12.647063556980477,46.09181200444872],[12.64708651388879,46.091272448460195],[12.646309748741391,46.091256447336214],[12.64635567571334,46.09017733577818],[12.647132425738016,46.090193336303045],[12.647155380678976,46.08965378013443],[12.651838758188768,46.08921011270683],[12.651815849268973,46.08974967073066],[12.650262357110288,46.08971772829498],[12.650216507062241,46.09079684296662],[12.649439746845854,46.0907808632393],[12.649416813277897,46.091320420185944],[12.647863279694151,46.09128844430982],[12.647840330347549,46.09182800059781],[12.647063556980477,46.09181200444872]]]},"properties":{"nbr_class":"degradata","color":"#fdae61"}},{"type":"Feature","geometry":{"type":"Polygon","coordinates":[[[12.653300658736468,46.0914002675742],[12.65339223785184,46.08924203344837],[12.654168978667693,46.08925798590807],[12.654077429797745,46.09141622122855],[12.653300658736468,46.0914002675742]]]},"properties":{"nbr_class":"moderata","color":"#a6d96a"}},{"type":"Feature","geometry":{"type":"Polygon","coordinates":[[[12.704568946040059,46.09244189451409],[12.70465852875975,46.09028358238701],[12.706212096687391,46.09031478580539],[12.70612257447076,46.09247310026933],[12.704568946040059,46.09244189451409]]]},"properties":{"nbr_class":"stress","color":"#ffffbf"}},{"type":"Feature","geometry":{"type":"Polygon","coordinates":[[[12.69913126676566,46.09233250820236],[12.699153716347036,46.09179293230792],[12.698376915157295,46.09177728488431],[12.698444282741209,46.09015855772193],[12.700774620177125,46.090205481532045],[12.700707320656651,46.09182421133002],[12.69913126676566,46.09233250820236]]]},"properties":{"nbr_class":"moderata","color":"#a6d96a"}},{"type":"Feature","geometry":{"type":"Polygon","coordinates":[[[12.706921763598505,46.091949116415556],[12.706988881613471,46.09033037960234],[12.70776566718077,46.09034596812443],[12.7076985718543,46.09196470581322],[12.706921763598505,46.091949116415556]]]},"properties":{"nbr_class":"stress","color":"#ffffbf"}},{"type":"Feature","geometry":{"type":"Polygon","coordinates":[[[12.672765544349238,46.0907183947506],[12.673587711677026,46.08965508329854],[12.675118545846377,46.09022627563106],[12.675095863118257,46.09076584251773],[12.672765544349238,46.0907183947506]]]},"properties":{"nbr_class":"sana","color":"#1a9641"}},{"type":"Feature","geometry":{"type":"Polygon","coordinates":[[[12.675872637341811,46.09078164789098],[12.6759179870265,46.089702513466015],[12.677448847780823,46.090273675039604],[12.677426187738456,46.09081324281369],[12.675872637341811,46.09078164789098]]]},"properties":{"nbr_class":"stress","color":"#ffffbf"}},{"type":"Feature","geometry":{"type":"Polygon","coordinates":[[[12.695292203590954,46.091175067951475],[12.69533717517137,46.09009591879571],[12.696113951097676,46.09011158643932],[12.696068994642026,46.09119073618173],[12.695292203590954,46.091175067951475]]]},"properties":{"nbr_class":"stress","color":"#ffffbf"}},{"type":"Feature","geometry":{"type":"Polygon","coordinates":[[[12.68980960426369,46.09214438744853],[12.689832144599716,46.091604815076046],[12.69060893869723,46.09162052052421],[12.690699063353376,46.089462229261024],[12.691475827847736,46.08947792825857],[12.691363208230095,46.09217579365794],[12.68980960426369,46.09214438744853]]]},"properties":{"nbr_class":"moderata","color":"#a6d96a"}},{"type":"Feature","geometry":{"type":"Polygon","coordinates":[[[12.688278558343038,46.09157338835505],[12.68830111316016,46.09103381651123],[12.686747544614326,46.09100236927951],[12.686792682564148,46.089923226590116],[12.687569451389466,46.08993895225452],[12.687592011835473,46.08939938052582],[12.690699063353376,46.089462229261024],[12.69060893869723,46.09162052052421],[12.688278558343038,46.09157338835505]]]},"properties":{"nbr_class":"sana","color":"#1a9641"}},{"type":"Feature","geometry":{"type":"Polygon","coordinates":[[[12.708520096481822,46.09090113095261],[12.708564809657638,46.08982197173117],[12.70934158894428,46.08983754941189],[12.70929689089357,46.090916709216636],[12.708520096481822,46.09090113095261]]]},"properties":{"nbr_class":"sana","color":"#1a9641"}},{"type":"Feature","geometry":{"type":"Polygon","coordinates":[[[12.658829437329642,46.08935358991043],[12.658852277547247,46.088814029140536],[12.659629015389044,46.08882994438357],[12.65960618273242,46.08936950545141],[12.658829437329642,46.08935358991043]]]},"properties":{"nbr_class":"moderata","color":"#a6d96a"}},{"type":"Feature","geometry":{"type":"Polygon","coordinates":[[[12.677471507175857,46.08973410720572],[12.677494165923582,46.08919453931203],[12.678270919410991,46.08921032797468],[12.678248268224799,46.089749896163966],[12.677471507175857,46.08973410720572]]]},"properties":{"nbr_class":"stress","color":"#ffffbf"}},{"type":"Feature","geometry":{"type":"Polygon","coordinates":[[[12.645234296645581,46.09825465631533],[12.64525727655391,46.097715101646564],[12.644480421969194,46.09769908637638],[12.644618333013941,46.0944617589017],[12.645395142217831,46.09447777237302],[12.645418117531028,46.09393821728395],[12.644641315889853,46.09392220411242],[12.644756220421343,46.09122442926522],[12.645532984252169,46.09124044093789],[12.645578926346797,46.09016132997917],[12.64635567571334,46.09017733577818],[12.646309748741391,46.091256447336214],[12.647840330347549,46.09182800059781],[12.647863279694151,46.09128844430982],[12.649416813277897,46.091320420185944],[12.649439746845854,46.0907808632393],[12.650216507062241,46.09079684296662],[12.650262357110288,46.08971772829498],[12.651039102861224,46.089733702149886],[12.650993267935705,46.09081281741963],[12.652546791652988,46.0908447505027],[12.652592596333317,46.08976563403731],[12.651815849268973,46.08974967073066],[12.65188457406512,46.0881309964792],[12.652661298447152,46.0881469588893],[12.652638398396732,46.08868651733196],[12.653415130995652,46.08870247476696],[12.653300658736468,46.0914002675742],[12.654077429797745,46.09141622122855],[12.653962978998122,46.094114014029614],[12.654739788527158,46.09412996390245],[12.654694018755798,46.09520908120024],[12.653917194100554,46.09519313073018],[12.653894300670736,46.09573268899049],[12.650786978360237,46.09566883316339],[12.651517973748767,46.09676391958073],[12.649964284966124,46.09673196937002],[12.649941351754062,46.097271525955726],[12.64683395182287,46.097207561032214],[12.646788022919345,46.0982866716285],[12.645234296645581,46.09825465631533]],[[12.645303234401036,46.09663599212891],[12.646080074516577,46.09665200152413],[12.646126014610834,46.095572891166846],[12.64534918962228,46.09555688237104],[12.645303234401036,46.09663599212891]],[[12.646879878102148,46.09612845019578],[12.648433546497099,46.09616044201057],[12.648456493525813,46.09562088590337],[12.650786978360237,46.09566883316339],[12.650832825071928,46.094589718973694],[12.647702620499208,46.095065337065215],[12.646879878102148,46.09612845019578]],[[12.652363546758817,46.095161213964616],[12.653917194100554,46.09519313073018],[12.65394008687634,46.09465357240989],[12.652386454660958,46.094621656241856],[12.652363546758817,46.095161213964616]],[[12.647748526404754,46.09398622514952],[12.65240936190866,46.09408209845909],[12.652478079725375,46.09246342475084],[12.649348008642972,46.09293909066578],[12.649325072454236,46.09347864737238],[12.647771478373956,46.09344666910163],[12.647748526404754,46.09398622514952]],[[12.64626381914535,46.09233555865409],[12.647040599416336,46.09235156037721],[12.647063556980477,46.09181200444872],[12.646286784271393,46.091796003025166],[12.64626381914535,46.09233555865409]]]},"properties":{"nbr_class":"stress","color":"#ffffbf"}},{"type":"Feature","geometry":{"type":"Polygon","coordinates":[[[12.674364469476622,46.08967089862874],[12.674387158470246,46.0891313319184],[12.675963334120226,46.08862337880178],[12.6759179870265,46.089702513466015],[12.674364469476622,46.08967089862874]]]},"properties":{"nbr_class":"stress","color":"#ffffbf"}},{"type":"Feature","geometry":{"type":"Polygon","coordinates":[[[12.672833658644388,46.08909969657593],[12.672856362112249,46.08856013039804],[12.674409846815726,46.088591765148244],[12.674387158470246,46.0891313319184],[12.672833658644388,46.08909969657593]]]},"properties":{"nbr_class":"stress","color":"#ffffbf"}},{"type":"Feature","geometry":{"type":"Polygon","coordinates":[[[12.674387158470246,46.0891313319184],[12.674409846815726,46.088591765148244],[12.675186590142957,46.088607574612105],[12.675163909358705,46.08914714167824],[12.674387158470246,46.0891313319184]]]},"properties":{"nbr_class":"moderata","color":"#a6d96a"}},{"type":"Feature","geometry":{"type":"Polygon","coordinates":[[[12.679824428333186,46.089241889476995],[12.679847063749603,46.08870232063704],[12.68062381162257,46.088718093181384],[12.68060118376754,46.08925766231663],[12.679824428333186,46.089241889476995]]]},"properties":{"nbr_class":"degradata","color":"#fdae61"}},{"type":"Feature","geometry":{"type":"Polygon","coordinates":[[[12.686038489955274,46.089367924511386],[12.686061064879958,46.088828353311854],[12.686837817935078,46.0888440836618],[12.686815250571964,46.08938365515583],[12.686038489955274,46.089367924511386]]]},"properties":{"nbr_class":"stress","color":"#ffffbf"}},{"type":"Feature","geometry":{"type":"Polygon","coordinates":[[[12.703881745758625,46.090267972765595],[12.703948948767065,46.08864923892113],[12.704725709081908,46.08866484766584],[12.70465852875975,46.09028358238701],[12.703881745758625,46.090267972765595]]]},"properties":{"nbr_class":"stress","color":"#ffffbf"}},{"type":"Feature","geometry":{"type":"Polygon","coordinates":[[[12.682931453961027,46.08930494918935],[12.682976663656742,46.08822580908852],[12.683753406561252,46.08824156024085],[12.68370821198828,46.08932070093148],[12.682931453961027,46.08930494918935]]]},"properties":{"nbr_class":"moderata","color":"#a6d96a"}},{"type":"Feature","geometry":{"type":"Polygon","coordinates":[[[12.674409846815726,46.088591765148244],[12.674432534513079,46.08805219831825],[12.6752092702793,46.08806800748614],[12.675186590142957,46.088607574612105],[12.674409846815726,46.088591765148244]]]},"properties":{"nbr_class":"sana","color":"#1a9641"}},{"type":"Feature","geometry":{"type":"Polygon","coordinates":[[[12.656864440706848,46.09903381587965],[12.657687039342008,46.09797062849132],[12.656133309802335,46.09793876149458],[12.655493721716345,46.09468546747772],[12.654716903968373,46.09466952258135],[12.65478555568345,46.09305084636476],[12.654008761279758,46.093034897089126],[12.654054540945648,46.09195577990872],[12.654831320224858,46.09197172858719],[12.654854201515038,46.09143216960844],[12.654077429797745,46.09141622122855],[12.654168978667693,46.08925798590807],[12.65339223785184,46.08924203344837],[12.653415130995652,46.08870247476696],[12.654191864250686,46.08871842692801],[12.655014352245345,46.08765525507795],[12.656567791791847,46.087687131836574],[12.656590652733005,46.08714757178128],[12.65814407977978,46.08717942684831],[12.658121233959172,46.087718987499976],[12.658897956025102,46.08773490742095],[12.658829437329642,46.08935358991043],[12.65960618273242,46.08936950545141],[12.659537680848858,46.09098818829532],[12.660314449590347,46.091004099455766],[12.660954288354272,46.09425737298542],[12.661731103778768,46.094273275383145],[12.661708287287986,46.09481283674506],[12.663261935225151,46.09484462631043],[12.663170723253511,46.097002873539566],[12.661617014806126,46.09697108159349],[12.66159419505586,46.097510642655784],[12.660017638565071,46.09801838941862],[12.659971965545385,46.09909751005233],[12.656864440706848,46.09903381587965]]]},"properties":{"nbr_class":"sana","color":"#1a9641"}},{"type":"Feature","geometry":{"type":"Polygon","coordinates":[[[12.703104963399584,46.090252357869375],[12.703194596378834,46.08809404712686],[12.7047481012432,46.08812526930623],[12.704725709081908,46.08866484766584],[12.703948948767065,46.08864923892113],[12.703881745758625,46.090267972765595],[12.703104963399584,46.090252357869375]]]},"properties":{"nbr_class":"moderata","color":"#a6d96a"}},{"type":"Feature","geometry":{"type":"Polygon","coordinates":[[[12.70465852875975,46.09028358238701],[12.7047481012432,46.08812526930623],[12.707855118671532,46.088187650371886],[12.70776566718077,46.09034596812443],[12.70465852875975,46.09028358238701]]]},"properties":{"nbr_class":"degradata","color":"#fdae61"}},{"type":"Feature","geometry":{"type":"Polygon","coordinates":[[[12.688391325985492,46.0888755285386],[12.688436428532592,46.087796384193936],[12.689213168404821,46.087812098132375],[12.689168080980354,46.08889124306543],[12.688391325985492,46.0888755285386]]]},"properties":{"nbr_class":"degradata","color":"#fdae61"}},{"type":"Feature","geometry":{"type":"Polygon","coordinates":[[[12.658121233959172,46.087718987499976],[12.65814407977978,46.08717942684831],[12.658920794285399,46.087195346471226],[12.658897956025102,46.08773490742095],[12.658121233959172,46.087718987499976]]]},"properties":{"nbr_class":"moderata","color":"#a6d96a"}},{"type":"Feature","geometry":{"type":"Polygon","coordinates":[[[12.6806464388312,46.08817852398635],[12.680669065393452,46.087638954731545],[12.68299926753599,46.08768623894846],[12.682976663656742,46.08822580908852],[12.6806464388312,46.08817852398635]]]},"properties":{"nbr_class":"moderata","color":"#a6d96a"}},{"type":"Feature","geometry":{"type":"Polygon","coordinates":[[[12.693716121543417,46.091683289567726],[12.69389611857859,46.08736669668548],[12.694672855407838,46.08738237341086],[12.694560399889529,46.09008024587745],[12.69533717517137,46.09009591879571],[12.695269716837162,46.09171464243983],[12.693716121543417,46.091683289567726]]]},"properties":{"nbr_class":"moderata","color":"#a6d96a"}},{"type":"Feature","geometry":{"type":"Polygon","coordinates":[[[12.694560399889529,46.09008024587745],[12.694672855407838,46.08738237341086],[12.695449592881653,46.08739804486206],[12.69533717517137,46.09009591879571],[12.694560399889529,46.09008024587745]]]},"properties":{"nbr_class":"stress","color":"#ffffbf"}},{"type":"Feature","geometry":{"type":"Polygon","coordinates":[[[12.681332697324548,46.09035256856347],[12.681355318910612,46.08981299925258],[12.682908848144516,46.08984451915012],[12.682931453961027,46.08930494918935],[12.68370821198828,46.08932070093148],[12.683753406561252,46.08824156024085],[12.682976663656742,46.08822580908852],[12.68299926753599,46.08768623894846],[12.684575326982387,46.08717816459976],[12.684552738870533,46.087717735389255],[12.685329475509011,46.08773347569848],[12.685239146854256,46.08989175943769],[12.683685613733461,46.08986027118715],[12.683663014833057,46.09039984138306],[12.681332697324548,46.09035256856347]]]},"properties":{"nbr_class":"sana","color":"#1a9641"}},{"type":"Feature","geometry":{"type":"Polygon","coordinates":[[[12.671348315244883,46.087449343201186],[12.671371031888139,46.08690977743639],[12.672147749930941,46.086925607107766],[12.672125040848172,46.08746517316892],[12.671348315244883,46.087449343201186]]]},"properties":{"nbr_class":"degradata","color":"#fdae61"}},{"type":"Feature","geometry":{"type":"Polygon","coordinates":[[[12.710140709376889,46.08931354153456],[12.709408631232034,46.088218809257974],[12.710185388473112,46.0882343807893],[12.710207727063963,46.08769480032733],[12.711783551173271,46.08718634587942],[12.71169425602747,46.08934466993926],[12.710140709376889,46.08931354153456]]]},"properties":{"nbr_class":"sana","color":"#1a9641"}},{"type":"Feature","geometry":{"type":"Polygon","coordinates":[[[12.65348380650337,46.08708379836282],[12.653529586905657,46.08600468046014],[12.65430628235984,46.08602063112804],[12.654283400045376,46.08656019040799],[12.655836808040428,46.08659207652027],[12.655813940192282,46.0871316363372],[12.65348380650337,46.08708379836282]]]},"properties":{"nbr_class":"stress","color":"#ffffbf"}},{"type":"Feature","geometry":{"type":"Polygon","coordinates":[[[12.662004850832226,46.08779853436627],[12.662027658851054,46.087258972225385],[12.660474225260023,46.08722716989585],[12.66051986958339,46.08614804662505],[12.66284997559007,46.086195740422866],[12.662781576168777,46.08781442791791],[12.662004850832226,46.08779853436627]]]},"properties":{"nbr_class":"degradata","color":"#fdae61"}},{"type":"Feature","geometry":{"type":"Polygon","coordinates":[[[12.651953292971891,46.08651232168778],[12.651976197965507,46.08597276330398],[12.652752892107474,46.08598872451879],[12.65272999467355,46.0865282832014],[12.651953292971891,46.08651232168778]]]},"properties":{"nbr_class":"stress","color":"#ffffbf"}},{"type":"Feature","geometry":{"type":"Polygon","coordinates":[[[12.654283400045376,46.08656019040799],[12.65430628235984,46.08602063112804],[12.655859675235346,46.08605251664337],[12.655836808040428,46.08659207652027],[12.654283400045376,46.08656019040799]]]},"properties":{"nbr_class":"degradata","color":"#fdae61"}},{"type":"Feature","geometry":{"type":"Polygon","coordinates":[[[12.655836808040428,46.08659207652027],[12.655859675235346,46.08605251664337],[12.656636372656234,46.08606845149081],[12.656613513021126,46.08660801166602],[12.655836808040428,46.08659207652027]]]},"properties":{"nbr_class":"stress","color":"#ffffbf"}},{"type":"Feature","geometry":{"type":"Polygon","coordinates":[[[12.658943631893306,46.08665578546157],[12.658966468848847,46.08611622439197],[12.659743168888982,46.086132138145295],[12.659720339493342,46.08667169951282],[12.658943631893306,46.08665578546157]]]},"properties":{"nbr_class":"moderata","color":"#a6d96a"}},{"type":"Feature","geometry":{"type":"Polygon","coordinates":[[[12.67292446862458,46.0869414315053],[12.672947169498352,46.08640186508804],[12.673723881282292,46.08641768391557],[12.673701187968838,46.08695725062898],[12.67292446862458,46.0869414315053]]]},"properties":{"nbr_class":"moderata","color":"#a6d96a"}},{"type":"Feature","geometry":{"type":"Polygon","coordinates":[[[12.69933328991164,46.08747632300511],[12.699355733721754,46.08693674657386],[12.700132467497326,46.086952386087],[12.700110031248308,46.08749196281106],[12.69933328991164,46.08747632300511]]]},"properties":{"nbr_class":"moderata","color":"#a6d96a"}},{"type":"Feature","geometry":{"type":"Polygon","coordinates":[[[12.687592011835473,46.08939938052582],[12.687682247174886,46.08724109301368],[12.686905516156452,46.08722536882128],[12.686882950727302,46.087764940494516],[12.685329475509011,46.08773347569848],[12.685352056059989,46.08719390461431],[12.688504077521792,46.086177667229],[12.68845897883983,46.08725681193201],[12.690012444108383,46.08728823394643],[12.689944836621361,46.088906952317885],[12.689168080980354,46.08889124306543],[12.689145536302085,46.089430815442384],[12.687592011835473,46.08939938052582]],[[12.688391325985492,46.0888755285386],[12.689168080980354,46.08889124306543],[12.689213168404821,46.087812098132375],[12.688436428532592,46.087796384193936],[12.688391325985492,46.0888755285386]]]},"properties":{"nbr_class":"stress","color":"#ffffbf"}},{"type":"Feature","geometry":{"type":"Polygon","coordinates":[[[12.68845897883983,46.08725681193201],[12.688504077521792,46.086177667229],[12.689280794711694,46.086193380284904],[12.689235711151067,46.08727252557627],[12.68845897883983,46.08725681193201]]]},"properties":{"nbr_class":"degradata","color":"#fdae61"}},{"type":"Feature","geometry":{"type":"Polygon","coordinates":[[[12.65508297846981,46.08603657652245],[12.655105852571092,46.08549701688401],[12.655882541777059,46.08551295670652],[12.655859675235346,46.08605251664337],[12.65508297846981,46.08603657652245]]]},"properties":{"nbr_class":"stress","color":"#ffffbf"}},{"type":"Feature","geometry":{"type":"Polygon","coordinates":[[[12.652638398396732,46.08868651733196],[12.652661298447152,46.0881469588893],[12.65188457406512,46.0881309964792],[12.651953292971891,46.08651232168778],[12.65272999467355,46.0865282832014],[12.652752892107474,46.08598872451879],[12.653529586905657,46.08600468046014],[12.65348380650337,46.08708379836282],[12.655813940192282,46.0871316363372],[12.655836808040428,46.08659207652027],[12.656613513021126,46.08660801166602],[12.655882541777059,46.08551295670652],[12.65743592215476,46.08554482053133],[12.657390218656982,46.08662394153816],[12.65816692494778,46.08663986613668],[12.65814407977978,46.08717942684831],[12.656590652733005,46.08714757178128],[12.656567791791847,46.087687131836574],[12.655014352245345,46.08765525507795],[12.654191864250686,46.08871842692801],[12.652638398396732,46.08868651733196]]]},"properties":{"nbr_class":"moderata","color":"#a6d96a"}},{"type":"Feature","geometry":{"type":"Polygon","coordinates":[[[12.668286912464797,46.08630684137448],[12.668309658050232,46.08576727667635],[12.669086358367387,46.08578312684947],[12.669063620341916,46.086322691844344],[12.668286912464797,46.08630684137448]]]},"properties":{"nbr_class":"moderata","color":"#a6d96a"}},{"type":"Feature","geometry":{"type":"Polygon","coordinates":[[[12.676031349903162,46.08700467635682],[12.67529998434603,46.08590973838408],[12.676853397344258,46.08594133853107],[12.67683073491969,46.086480906487935],[12.677607449953369,46.086496698946526],[12.677584794441847,46.08703626713923],[12.676031349903162,46.08700467635682]]]},"properties":{"nbr_class":"sana","color":"#1a9641"}},{"type":"Feature","geometry":{"type":"Polygon","coordinates":[[[12.661731103778768,46.094273275383145],[12.661776734804874,46.09319415247953],[12.66099993450614,46.09317825067723],[12.661068398844023,46.09155956676552],[12.660291621886383,46.09154366058175],[12.66033727664219,46.090464538269856],[12.65956051546235,46.09044862740729],[12.659629015389044,46.08882994438357],[12.658852277547247,46.088814029140536],[12.658920794285399,46.087195346471226],[12.657390218656982,46.08662394153816],[12.65745877292451,46.08500525993799],[12.658235456536389,46.08502118364214],[12.658212613326063,46.0855607445336],[12.659765997632496,46.08559257671783],[12.6597888257239,46.08505301523043],[12.660565511299103,46.08506892311455],[12.660474225260023,46.08722716989585],[12.662027658851054,46.087258972225385],[12.662004850832226,46.08779853436627],[12.662781576168777,46.08781442791791],[12.662872774094604,46.085656177804694],[12.664403382861916,46.086227509920086],[12.664380598826174,46.08676707307312],[12.663603887303616,46.08675119066398],[12.663535508609732,46.08836987887164],[12.662758775059041,46.08835399029643],[12.662735973297947,46.08889355261503],[12.663512714409517,46.0889094414877],[12.663444327901786,46.090528128976466],[12.66577462320768,46.090575766625214],[12.665751849088027,46.091115329893505],[12.664198303107412,46.091083576140946],[12.664175513213118,46.09162313875486],[12.663398733640497,46.09160725366941],[12.663330337363899,46.09322594025951],[12.664107139623756,46.09324182623716],[12.664084347125062,46.09378138861147],[12.663307537302364,46.093765502336396],[12.663284736589455,46.09430506435337],[12.661731103778768,46.094273275383145]],[[12.658943631893306,46.08665578546157],[12.659720339493342,46.08667169951282],[12.659743168888982,46.086132138145295],[12.658966468848847,46.08611622439197],[12.658943631893306,46.08665578546157]]]},"properties":{"nbr_class":"stress","color":"#ffffbf"}},{"type":"Feature","geometry":{"type":"Polygon","coordinates":[[[12.679160881968405,46.08652826804224],[12.679206160809382,46.08544913029537],[12.680759565179127,46.08548067711448],[12.679937598949333,46.086544044679336],[12.679160881968405,46.08652826804224]]]},"properties":{"nbr_class":"degradata","color":"#fdae61"}},{"type":"Feature","geometry":{"type":"Polygon","coordinates":[[[12.658212613326063,46.0855607445336],[12.658235456536389,46.08502118364214],[12.6597888257239,46.08505301523043],[12.659765997632496,46.08559257671783],[12.658212613326063,46.0855607445336]]]},"properties":{"nbr_class":"degradata","color":"#fdae61"}},{"type":"Feature","geometry":{"type":"Polygon","coordinates":[[[12.686950645080953,46.086146225295586],[12.686973208576346,46.08560665344314],[12.687749916913234,46.085622376752404],[12.68772736097814,46.08616194889923],[12.686950645080953,46.086146225295586]]]},"properties":{"nbr_class":"sana","color":"#1a9641"}},{"type":"Feature","geometry":{"type":"Polygon","coordinates":[[[12.68772736097814,46.08616194889923],[12.687749916913234,46.085622376752404],[12.688526625896564,46.08563809478792],[12.688504077521792,46.086177667229],[12.68772736097814,46.08616194889923]]]},"properties":{"nbr_class":"moderata","color":"#a6d96a"}},{"type":"Feature","geometry":{"type":"Polygon","coordinates":[[[12.688504077521792,46.086177667229],[12.688526625896564,46.08563809478792],[12.689303335526121,46.08565380754963],[12.689280794711694,46.086193380284904],[12.688504077521792,46.086177667229]]]},"properties":{"nbr_class":"stress","color":"#ffffbf"}},{"type":"Feature","geometry":{"type":"Polygon","coordinates":[[[12.691610950156733,46.08624048780916],[12.691633468289986,46.085700914191975],[12.692410180502288,46.08571660585844],[12.692387669929468,46.086256179769414],[12.691610950156733,46.08624048780916]]]},"properties":{"nbr_class":"sana","color":"#1a9641"}},{"type":"Feature","geometry":{"type":"Polygon","coordinates":[[[12.700154903105423,46.086412809303305],[12.700177338072619,46.085873232459974],[12.700954057369628,46.08588886611356],[12.70093162996312,46.08642844324958],[12.700154903105423,46.086412809303305]]]},"properties":{"nbr_class":"moderata","color":"#a6d96a"}},{"type":"Feature","geometry":{"type":"Polygon","coordinates":[[[12.692916814779043,46.09220717876729],[12.693029358772806,46.089509310430124],[12.69225259298762,46.08949362198162],[12.692320134352597,46.08787490114415],[12.691543391897259,46.08785920830253],[12.691475827847736,46.08947792825857],[12.690699063353376,46.089462229261024],[12.690789177711565,46.087303937042485],[12.692342646854648,46.08733532741226],[12.692365158713597,46.08679575362068],[12.693141886692178,46.08681144060068],[12.693209395729273,46.08519271798673],[12.694762808258181,46.08522407436336],[12.694672855407838,46.08738237341086],[12.69389611857859,46.08736669668548],[12.693716121543417,46.091683289567726],[12.695269716837162,46.09171464243983],[12.695247229440948,46.09225421686852],[12.692916814779043,46.09220717876729]]]},"properties":{"nbr_class":"stress","color":"#ffffbf"}},{"type":"Feature","geometry":{"type":"Polygon","coordinates":[[[12.666551389615387,46.0905916352926],[12.666596920779927,46.089512507982185],[12.664266668884132,46.089464887939776],[12.664289456174393,46.08892532508626],[12.66506619859236,46.08894120341069],[12.664380598826174,46.08676707307312],[12.66591125426405,46.08733838575774],[12.665865713180638,46.08841751295312],[12.668195923625252,46.08846509956824],[12.668241419344632,46.0873859705911],[12.669018142342326,46.08740182165447],[12.668286912464797,46.08630684137448],[12.669063620341916,46.086322691844344],[12.66988578915238,46.08525940639764],[12.672215873287122,46.08530690856523],[12.672238579775216,46.084767342264705],[12.67379195733325,46.084798983416356],[12.673769265964477,46.08533855030925],[12.67454596327876,46.08535436327093],[12.674568647087842,46.08481479608198],[12.675345337492528,46.084830603474124],[12.675254628608347,46.08698887305475],[12.674477907963498,46.086973064478805],[12.674455221562328,46.087512631428446],[12.67290176710232,46.08748099786272],[12.672879064931552,46.088020564160296],[12.671325597952686,46.087988908906134],[12.671348315244883,46.087449343201186],[12.672125040848172,46.08746517316892],[12.671393747882476,46.08637021161175],[12.669840328870713,46.086338537040525],[12.669817597755904,46.086878102272166],[12.670594314496388,46.086893942491194],[12.670548865439791,46.087973073368005],[12.66977213357821,46.08795723255587],[12.669726666802934,46.089036362600126],[12.66894992047097,46.089020515920666],[12.668904435975152,46.090099645132106],[12.668127675172252,46.090083792584885],[12.668104924388112,46.090623356804024],[12.666551389615387,46.0905916352926]],[[12.67292446862458,46.0869414315053],[12.673701187968838,46.08695725062898],[12.673723881282292,46.08641768391557],[12.672947169498352,46.08640186508804],[12.67292446862458,46.0869414315053]]]},"properties":{"nbr_class":"stress","color":"#ffffbf"}},{"type":"Feature","geometry":{"type":"Polygon","coordinates":[[[12.698444282741209,46.09015855772193],[12.698466737319503,46.089618981881834],[12.700042718655489,46.0891106926254],[12.700087594358342,46.08803153947547],[12.699310845460365,46.08801589937673],[12.69933328991164,46.08747632300511],[12.700110031248308,46.08749196281106],[12.700132467497326,46.086952386087],[12.699355733721754,46.08693674657386],[12.699423061305362,46.08531801692224],[12.700976484135477,46.0853492889179],[12.700954057369628,46.08588886611356],[12.700177338072619,46.085873232459974],[12.700154903105423,46.086412809303305],[12.70093162996312,46.08642844324958],[12.700774620177125,46.090205481532045],[12.698444282741209,46.09015855772193]]]},"properties":{"nbr_class":"stress","color":"#ffffbf"}},{"type":"Feature","geometry":{"type":"Polygon","coordinates":[[[12.673769265964477,46.08533855030925],[12.67379195733325,46.084798983416356],[12.674568647087842,46.08481479608198],[12.67454596327876,46.08535436327093],[12.673769265964477,46.08533855030925]]]},"properties":{"nbr_class":"degradata","color":"#fdae61"}},{"type":"Feature","geometry":{"type":"Polygon","coordinates":[[[12.687749916913234,46.085622376752404],[12.687772472204005,46.08508280454586],[12.688549173627226,46.085098522287105],[12.688526625896564,46.08563809478792],[12.687749916913234,46.085622376752404]]]},"properties":{"nbr_class":"stress","color":"#ffffbf"}},{"type":"Feature","geometry":{"type":"Polygon","coordinates":[[[12.688526625896564,46.08563809478792],[12.688549173627226,46.085098522287105],[12.689325875696653,46.085114234754656],[12.689303335526121,46.08565380754963],[12.688526625896564,46.08563809478792]]]},"properties":{"nbr_class":"degradata","color":"#fdae61"}},{"type":"Feature","geometry":{"type":"Polygon","coordinates":[[[12.689145536302085,46.089430815442384],[12.689168080980354,46.08889124306543],[12.689944836621361,46.088906952317885],[12.689303335526121,46.08565380754963],[12.692455199718848,46.08463745785741],[12.692432690432073,46.085177031887774],[12.693209395729273,46.08519271798673],[12.693141886692178,46.08681144060068],[12.692365158713597,46.08679575362068],[12.692342646854648,46.08733532741226],[12.690789177711565,46.087303937042485],[12.690699063353376,46.089462229261024],[12.689145536302085,46.089430815442384]],[[12.691610950156733,46.08624048780916],[12.692387669929468,46.086256179769414],[12.692410180502288,46.08571660585844],[12.691633468289986,46.085700914191975],[12.691610950156733,46.08624048780916]]]},"properties":{"nbr_class":"moderata","color":"#a6d96a"}},{"type":"Feature","geometry":{"type":"Polygon","coordinates":[[[12.70483766349186,46.08596695527177],[12.704882440778595,46.084887797896926],[12.706435857478759,46.08491899547394],[12.70639111043407,46.08599815401697],[12.70483766349186,46.08596695527177]]]},"properties":{"nbr_class":"moderata","color":"#a6d96a"}},{"type":"Feature","geometry":{"type":"Polygon","coordinates":[[[12.67379195733325,46.084798983416356],[12.673814648053845,46.08425941646361],[12.674591330248957,46.08427522883321],[12.674568647087842,46.08481479608198],[12.67379195733325,46.084798983416356]]]},"properties":{"nbr_class":"stress","color":"#ffffbf"}},{"type":"Feature","geometry":{"type":"Polygon","coordinates":[[[12.693209395729273,46.08519271798673],[12.69323189745602,46.0846531436627],[12.694785294864804,46.084684499452294],[12.694762808258181,46.08522407436336],[12.693209395729273,46.08519271798673]]]},"properties":{"nbr_class":"moderata","color":"#a6d96a"}},{"type":"Feature","geometry":{"type":"Polygon","coordinates":[[[12.717287578743784,46.085676371215904],[12.71730984609837,46.08513678783703],[12.718086564364587,46.08515230487971],[12.718064304570758,46.08569188854911],[12.717287578743784,46.085676371215904]]]},"properties":{"nbr_class":"moderata","color":"#a6d96a"}},{"type":"Feature","geometry":{"type":"Polygon","coordinates":[[[12.707100732189682,46.08763248372187],[12.70714546794697,46.086553324952554],[12.70869893385786,46.08658449263697],[12.708788337220462,46.084426172049305],[12.7095650408945,46.084441746813845],[12.709520355610964,46.08552090781003],[12.71105146664387,46.086091623675145],[12.711006807774972,46.08717078547975],[12.707899840583949,46.08710849113811],[12.707877479947134,46.08764807078479],[12.707100732189682,46.08763248372187]]]},"properties":{"nbr_class":"sana","color":"#1a9641"}},{"type":"Feature","geometry":{"type":"Polygon","coordinates":[[[12.66751020523957,46.08629098563091],[12.66755571088037,46.085211856768474],[12.668332402985932,46.08522771191835],[12.668400633894853,46.083609017285134],[12.66917730397431,46.083624866271364],[12.669086358367387,46.08578312684947],[12.66751020523957,46.08629098563091]]]},"properties":{"nbr_class":"stress","color":"#ffffbf"}},{"type":"Feature","geometry":{"type":"Polygon","coordinates":[[[12.670707925778434,46.084196114251654],[12.670730646087693,46.08365654842418],[12.671507318121186,46.08367238159076],[12.671484605371099,46.084211947714664],[12.670707925778434,46.084196114251654]]]},"properties":{"nbr_class":"stress","color":"#ffffbf"}},{"type":"Feature","geometry":{"type":"Polygon","coordinates":[[[12.673814648053845,46.08425941646361],[12.673837338126281,46.08371984945104],[12.674614012762133,46.08373566152461],[12.674591330248957,46.08427522883321],[12.673814648053845,46.08425941646361]]]},"properties":{"nbr_class":"moderata","color":"#a6d96a"}},{"type":"Feature","geometry":{"type":"Polygon","coordinates":[[[12.674591330248957,46.08427522883321],[12.674614012762133,46.08373566152461],[12.675390688048031,46.08375146832489],[12.675368013094143,46.08429103592941],[12.674591330248957,46.08427522883321]]]},"properties":{"nbr_class":"sana","color":"#1a9641"}},{"type":"Feature","geometry":{"type":"Polygon","coordinates":[[[12.690125110378792,46.084590368799745],[12.690147641701884,46.08405079559127],[12.690924329943364,46.0840664969235],[12.690901806180017,46.084606070425934],[12.690125110378792,46.084590368799745]]]},"properties":{"nbr_class":"degradata","color":"#fdae61"}},{"type":"Feature","geometry":{"type":"Polygon","coordinates":[[[12.705659148807966,46.08490339932234],[12.705681528931835,46.08436382025343],[12.70645823004243,46.08437941611303],[12.706435857478759,46.08491899547394],[12.705659148807966,46.08490339932234]]]},"properties":{"nbr_class":"sana","color":"#1a9641"}},{"type":"Feature","geometry":{"type":"Polygon","coordinates":[[[12.699728516931879,46.09666475799504],[12.699818301676801,46.09450645479655],[12.696710946936955,46.094443848691824],[12.696733421775484,46.09390427391519],[12.69595659226432,46.09388860949355],[12.696046515450938,46.09173031096344],[12.697600114611221,46.09176163218569],[12.697667504882812,46.09014290590242],[12.698444282741209,46.09015855772193],[12.698376915157295,46.09177728488431],[12.699908076161886,46.09234815064379],[12.699930518180226,46.091808574456486],[12.700707320656651,46.09182421133002],[12.700774620177125,46.090205481532045],[12.701551400608615,46.0902211122526],[12.701663515850578,46.08752322660017],[12.703993747573088,46.087570082726764],[12.70401614601629,46.08703050454016],[12.704792883646789,46.08704611240822],[12.70481527388913,46.086506533869795],[12.70639111043407,46.08599815401697],[12.70645823004243,46.08437941611303],[12.708033990991506,46.08387101200682],[12.707922200581994,46.08656891143185],[12.706368735953008,46.0865377331991],[12.706323985073334,46.087616891384585],[12.705547238598308,46.08760129377298],[12.70552485463816,46.088140872484296],[12.703194596378834,46.08809404712686],[12.703104963399584,46.090252357869375],[12.703881745758625,46.090267972765595],[12.703792132787537,46.09242628372366],[12.703015320177192,46.09241066765802],[12.702836002997191,46.09672728437357],[12.699728516931879,46.09666475799504]],[[12.700527827066976,46.09614082150063],[12.702081554970215,46.096172084104595],[12.702238508209238,46.092395046317215],[12.701461696883891,46.092379419701224],[12.70143926935097,46.092918996414305],[12.699908076161886,46.09234815064379],[12.699840746259877,46.09396687884782],[12.701416841177311,46.09345857306776],[12.701371982907677,46.09453772619576],[12.700595141970675,46.094522093133925],[12.700527827066976,46.09614082150063]],[[12.697510251930838,46.093919933061464],[12.698287082730165,46.09393558693233],[12.698309541799363,46.093396011509796],[12.697532718563671,46.093380357932006],[12.697510251930838,46.093919933061464]],[[12.698309541799363,46.093396011509796],[12.69908636567879,46.09341165981229],[12.69913126676566,46.09233250820236],[12.698354458012906,46.092316860485795],[12.698309541799363,46.093396011509796]]]},"properties":{"nbr_class":"stress","color":"#ffffbf"}},{"type":"Feature","geometry":{"type":"Polygon","coordinates":[[[12.692072454378925,46.09381020825485],[12.692117492890882,46.09273106204474],[12.691340682376095,46.0927153665587],[12.691543391897259,46.08785920830253],[12.692320134352597,46.08787490114415],[12.69225259298762,46.08949362198162],[12.693029358772806,46.089509310430124],[12.692916814779043,46.09220717876729],[12.695247229440948,46.09225421686852],[12.695292203590954,46.091175067951475],[12.696068994642026,46.09119073618173],[12.696113951097676,46.09011158643932],[12.69533717517137,46.09009591879571],[12.695449592881653,46.08739804486206],[12.697003069762115,46.08742937194191],[12.697160321738288,46.08365234182329],[12.702597140629921,46.08376180611812],[12.70257473090564,46.084301384077726],[12.701798033004218,46.08428576184954],[12.701730777309404,46.085904494493185],[12.70561438664223,46.08598255728139],[12.705592004600323,46.086522136171524],[12.70481527388913,46.086506533869795],[12.703993747573088,46.087570082726764],[12.701663515850578,46.08752322660017],[12.701551400608615,46.0902211122526],[12.700774620177125,46.090205481532045],[12.700976484135477,46.0853492889179],[12.699423061305362,46.08531801692224],[12.699310845460365,46.08801589937673],[12.700087594358342,46.08803153947547],[12.700042718655489,46.0891106926254],[12.699265954634242,46.08909505194101],[12.699243508259348,46.08963462813368],[12.697667504882812,46.09014290590242],[12.697600114611221,46.09176163218569],[12.696046515450938,46.09173031096344],[12.696001555142129,46.09280946034784],[12.692894304051112,46.09274675225564],[12.692849280665891,46.09382589905327],[12.692072454378925,46.09381020825485]]]},"properties":{"nbr_class":"degradata","color":"#fdae61"}},{"type":"Feature","geometry":{"type":"Polygon","coordinates":[[[12.669086358367387,46.08578312684947],[12.669200038752415,46.08308530097717],[12.669976701924524,46.08310114439357],[12.670707925778434,46.084196114251654],[12.672261285614699,46.08422777590434],[12.672215873287122,46.08530690856523],[12.66988578915238,46.08525940639764],[12.6698630593362,46.085798971749014],[12.669086358367387,46.08578312684947]]]},"properties":{"nbr_class":"moderata","color":"#a6d96a"}},{"type":"Feature","geometry":{"type":"Polygon","coordinates":[[[12.701730777309404,46.085904494493185],[12.701798033004218,46.08428576184954],[12.70257473090564,46.084301384077726],[12.702597140629921,46.08376180611812],[12.703373831613716,46.08377742278023],[12.703329026644996,46.0848565792246],[12.704882440778595,46.084887797896926],[12.70483766349186,46.08596695527177],[12.701730777309404,46.085904494493185]]]},"properties":{"nbr_class":"stress","color":"#ffffbf"}},{"type":"Feature","geometry":{"type":"Polygon","coordinates":[[[12.680782188509829,46.08494110756076],[12.680850054624575,46.083322398540915],[12.68162672754383,46.08333816285939],[12.68155888410749,46.08495687276465],[12.680782188509829,46.08494110756076]]]},"properties":{"nbr_class":"moderata","color":"#a6d96a"}},{"type":"Feature","geometry":{"type":"Polygon","coordinates":[[[12.67927407422069,46.083830423226644],[12.679296710731176,46.08329085408415],[12.68007338235362,46.08330662894917],[12.680050753402343,46.08384619838699],[12.67927407422069,46.083830423226644]]]},"properties":{"nbr_class":"moderata","color":"#a6d96a"}},{"type":"Feature","geometry":{"type":"Polygon","coordinates":[[[12.688571720713801,46.08455894972657],[12.687840134210589,46.08346408756785],[12.689393492345117,46.0834955160114],[12.689348415223314,46.08457466189995],[12.688571720713801,46.08455894972657]]]},"properties":{"nbr_class":"sana","color":"#1a9641"}},{"type":"Feature","geometry":{"type":"Polygon","coordinates":[[[12.718108823522543,46.08461272115082],[12.718131082044646,46.084073137362424],[12.718907785827922,46.084088648550264],[12.718885534866164,46.08462823262907],[12.718108823522543,46.08461272115082]]]},"properties":{"nbr_class":"moderata","color":"#a6d96a"}},{"type":"Feature","geometry":{"type":"Polygon","coordinates":[[[12.694672855407838,46.08738237341086],[12.694762808258181,46.08522407436336],[12.695539515489454,46.085239744641015],[12.695629427822897,46.08308144346522],[12.696406105459245,46.08309710729601],[12.696226330999817,46.087413711039076],[12.694672855407838,46.08738237341086]]]},"properties":{"nbr_class":"moderata","color":"#a6d96a"}},{"type":"Feature","geometry":{"type":"Polygon","coordinates":[[[12.696226330999817,46.087413711039076],[12.696406105459245,46.08309710729601],[12.702619549714061,46.0832222280989],[12.702597140629921,46.08376180611812],[12.697160321738288,46.08365234182329],[12.697003069762115,46.08742937194191],[12.696226330999817,46.087413711039076]]]},"properties":{"nbr_class":"stress","color":"#ffffbf"}},{"type":"Feature","geometry":{"type":"Polygon","coordinates":[[[12.68048803479556,46.09195550709616],[12.680510665882943,46.09141593825982],[12.67973388020089,46.091400164238955],[12.679779155560409,46.09032102697756],[12.679002385651446,46.09030524827277],[12.679047673547597,46.08922611136301],[12.678270919410991,46.08921032797468],[12.678429459597632,46.08543334897536],[12.679206160809382,46.08544913029537],[12.679228799259814,46.08490956133226],[12.68155888410749,46.08495687276465],[12.68162672754383,46.08333816285939],[12.682403401111161,46.08335392190457],[12.682426006738934,46.08281435152157],[12.683979340698784,46.082845853202265],[12.683934159034314,46.08392499508804],[12.68471084210394,46.08394073860803],[12.684643087446503,46.08555945187278],[12.683089676596115,46.08552795779057],[12.683112277247048,46.08498838735168],[12.682335580353303,46.08497263269496],[12.682312972142427,46.08551220283889],[12.68153626833669,46.08549644261352],[12.68149103485692,46.08657558213194],[12.68226775378315,46.08659134294743],[12.68299926753599,46.08768623894846],[12.680669065393452,46.087638954731545],[12.6806464388312,46.08817852398635],[12.682976663656742,46.08822580908852],[12.682931453961027,46.08930494918935],[12.68060118376754,46.08925766231663],[12.680533296323809,46.0908763693637],[12.682863634574066,46.090923658892365],[12.682841026820084,46.09146322867383],[12.681287452213637,46.091431707005924],[12.681264828688743,46.091971276137485],[12.68048803479556,46.09195550709616]],[[12.679824428333186,46.089241889476995],[12.68060118376754,46.08925766231663],[12.68062381162257,46.088718093181384],[12.679847063749603,46.08870232063704],[12.679824428333186,46.089241889476995]],[[12.679160881968405,46.08652826804224],[12.679937598949333,46.086544044679336],[12.680759565179127,46.08548067711448],[12.679206160809382,46.08544913029537],[12.679160881968405,46.08652826804224]]]},"properties":{"nbr_class":"stress","color":"#ffffbf"}},{"type":"Feature","geometry":{"type":"Polygon","coordinates":[[[12.677675412604994,46.08487799400957],[12.677720717803858,46.08379885708591],[12.680050753402343,46.08384619838699],[12.68009601065851,46.08276705945157],[12.681649340730663,46.08279859277142],[12.68162672754383,46.08333816285939],[12.680850054624575,46.083322398540915],[12.680782188509829,46.08494110756076],[12.677675412604994,46.08487799400957]]]},"properties":{"nbr_class":"sana","color":"#1a9641"}},{"type":"Feature","geometry":{"type":"Polygon","coordinates":[[[12.66995397470533,46.08364070998437],[12.66999942849453,46.082561578742904],[12.671552741675043,46.08259324916343],[12.670730646087693,46.08365654842418],[12.66995397470533,46.08364070998437]]]},"properties":{"nbr_class":"stress","color":"#ffffbf"}},{"type":"Feature","geometry":{"type":"Polygon","coordinates":[[[12.672238579775216,46.084767342264705],[12.672261285614699,46.08422777590434],[12.671484605371099,46.084211947714664],[12.670753365747956,46.08311698253686],[12.671530030222494,46.083132815407026],[12.671552741675043,46.08259324916343],[12.672329399241708,46.082609076464145],[12.67230669534792,46.083148643004044],[12.673882716326775,46.082640715246406],[12.67379195733325,46.084798983416356],[12.672238579775216,46.084767342264705]]]},"properties":{"nbr_class":"degradata","color":"#fdae61"}},{"type":"Feature","geometry":{"type":"Polygon","coordinates":[[[12.686219071297032,46.085051353242385],[12.686264210184687,46.083972209827714],[12.6854875258208,46.0839564768546],[12.685510101856977,46.0834169053522],[12.687086016385667,46.08290879328488],[12.686995771427199,46.08506708153096],[12.686219071297032,46.085051353242385]]]},"properties":{"nbr_class":"stress","color":"#ffffbf"}},{"type":"Feature","geometry":{"type":"Polygon","coordinates":[[[12.684733425699484,46.08340116740028],[12.684756008649932,46.08286159613277],[12.685532677248272,46.082877333790066],[12.685510101856977,46.0834169053522],[12.684733425699484,46.08340116740028]]]},"properties":{"nbr_class":"stress","color":"#ffffbf"}},{"type":"Feature","geometry":{"type":"Polygon","coordinates":[[[12.685510101856977,46.0834169053522],[12.685532677248272,46.082877333790066],[12.686309346493589,46.082893066174094],[12.686286778661469,46.083432638030786],[12.685510101856977,46.0834169053522]]]},"properties":{"nbr_class":"degradata","color":"#fdae61"}},{"type":"Feature","geometry":{"type":"Polygon","coordinates":[[[12.665865713180638,46.08841751295312],[12.66591125426405,46.08733838575774],[12.66513453387541,46.08732251359892],[12.66515731100173,46.086782950208544],[12.663626678899398,46.08621162780829],[12.663695049780536,46.08459293888175],[12.662918369149967,46.08457705238862],[12.663032345392837,46.08187923779995],[12.66380898822978,46.081895122806074],[12.663786201841756,46.08243468614103],[12.666116156944776,46.08248231041399],[12.66609339258153,46.08302187458062],[12.667646714363032,46.08305359832505],[12.667623964467175,46.083593163025725],[12.668400633894853,46.083609017285134],[12.668332402985932,46.08522771191835],[12.66755571088037,46.085211856768474],[12.66751020523957,46.08629098563091],[12.668286912464797,46.08630684137448],[12.669018142342326,46.08740182165447],[12.668241419344632,46.0873859705911],[12.668195923625252,46.08846509956824],[12.665865713180638,46.08841751295312]]]},"properties":{"nbr_class":"degradata","color":"#fdae61"}},{"type":"Feature","geometry":{"type":"Polygon","coordinates":[[[12.692432690432073,46.085177031887774],[12.692500216363463,46.08355830961761],[12.693276898981226,46.08357399483558],[12.693321897935528,46.08249484576971],[12.69642857437815,46.08255753155964],[12.696406105459245,46.08309710729601],[12.695629427822897,46.08308144346522],[12.695539515489454,46.085239744641015],[12.694762808258181,46.08522407436336],[12.694785294864804,46.084684499452294],[12.69323189745602,46.0846531436627],[12.693209395729273,46.08519271798673],[12.692432690432073,46.085177031887774]]]},"properties":{"nbr_class":"sana","color":"#1a9641"}},{"type":"Feature","geometry":{"type":"Polygon","coordinates":[[[12.689303335526121,46.08565380754963],[12.688571720713801,46.08455894972657],[12.690901806180017,46.084606070425934],[12.690924329943364,46.0840664969235],[12.690147641701884,46.08405079559127],[12.690215231809589,46.08243207560759],[12.69176856358211,46.08246347123512],[12.691746049308,46.08300304521051],[12.692522723721348,46.083018735408174],[12.692455199718848,46.08463745785741],[12.689303335526121,46.08565380754963]]]},"properties":{"nbr_class":"stress","color":"#ffffbf"}},{"type":"Feature","geometry":{"type":"Polygon","coordinates":[[[12.711096122961328,46.085012461632296],[12.711118450163324,46.084472880521524],[12.71034174520886,46.084457316304594],[12.709609723625142,46.083362585579394],[12.710386412819524,46.083378154487164],[12.710408745667898,46.082838573489106],[12.712738794411395,46.082885247696886],[12.712694173435597,46.08396441138113],[12.711917474761737,46.08394885800303],[12.711872836116038,46.085028020866716],[12.711096122961328,46.085012461632296]]]},"properties":{"nbr_class":"sana","color":"#1a9641"}},{"type":"Feature","geometry":{"type":"Polygon","coordinates":[[[12.683979340698784,46.082845853202265],[12.684001930563076,46.08230628216974],[12.68477859095531,46.08232202480553],[12.684756008649932,46.08286159613277],[12.683979340698784,46.082845853202265]]]},"properties":{"nbr_class":"stress","color":"#ffffbf"}},{"type":"Feature","geometry":{"type":"Polygon","coordinates":[[[12.661527559743242,46.17257277673577],[12.661619076688638,46.17041456068319],[12.660841190093404,46.17039863740596],[12.660864075287687,46.169859083541105],[12.660086196942576,46.169843155273085],[12.660063304154765,46.17038270883972],[12.658507534248129,46.17035083584018],[12.658553349542665,46.16927172984049],[12.657775480761808,46.169255786004285],[12.657043455684349,46.168160731834],[12.65626560340428,46.16814477801768],[12.656196815073162,46.16976343459952],[12.655418940672028,46.16974747459819],[12.655487751782019,46.16812881891279],[12.654709900817773,46.16811285451936],[12.654755786796521,46.16703375102697],[12.656288531536658,46.167605225703774],[12.65635731200014,46.16598656840218],[12.655579490746671,46.165970610492465],[12.654847550881781,46.16487554332228],[12.653291942031307,46.16484360225822],[12.653337850502425,46.16376449924199],[12.652560062246922,46.163748521376405],[12.652583023088672,46.163208970077434],[12.654916367058258,46.16325688691388],[12.654939304471974,46.16271733465776],[12.655717079520963,46.16273329606244],[12.655031047568587,46.16055912503342],[12.656586537604182,46.16059104016497],[12.656632374860374,46.1595119337978],[12.655076915182265,46.15948001986134],[12.655191572741954,46.15678225588134],[12.65441388183248,46.15676629247715],[12.653682080366774,46.15567121897032],[12.652126732189574,46.15563926692622],[12.652172648700777,46.15456016306647],[12.651394990774513,46.15454417971361],[12.651372025259919,46.15508373137424],[12.649039032673016,46.15503574870129],[12.649016043739747,46.155575299403516],[12.648238373275342,46.155559294307395],[12.648261369795923,46.155019743904816],[12.646729057058073,46.1544481685907],[12.646752067437419,46.15390861866764],[12.64830736086469,46.153940642919565],[12.648284365659032,46.15448019344221],[12.64906202094903,46.15449619793903],[12.649130981833778,46.15287754529207],[12.650686248871562,46.152909536630844],[12.650640305951947,46.15398863965346],[12.652195605971817,46.15402061104658],[12.652218562586516,46.1534810589667],[12.654551494794125,46.15352897551483],[12.65457442799275,46.1529894224778],[12.653796790852041,46.15297345587988],[12.653842670454944,46.151894350223735],[12.654620292423088,46.1519103162238],[12.655443761685172,46.1508471698467],[12.653888547434578,46.15081524432764],[12.653865609272657,46.151354797305686],[12.653087995548422,46.1513388263191],[12.652402191878565,46.149164640167385],[12.651624609812268,46.14914865980676],[12.651578691256258,46.15022776426822],[12.64924590349877,46.1501797896799],[12.649222920479955,46.15071934092239],[12.64844531829355,46.15070333852296],[12.648468308897726,46.150163787580084],[12.646913121674123,46.15013176752494],[12.64693612679126,46.14959221712151],[12.64926888586054,46.14964023837737],[12.648537276766783,46.148545134391206],[12.64775970557988,46.148529127905284],[12.647805696041985,46.14745002607855],[12.649383787814525,46.14694248096435],[12.649360808737633,46.147482032567005],[12.650915924069631,46.1475140179167],[12.650892959504441,46.14805357005819],[12.651670525742881,46.14806955510525],[12.65171643904828,46.14699045016372],[12.65249399077665,46.1470064293276],[12.65251693886101,46.146466876467635],[12.65018430840312,46.14641892401992],[12.650207278582569,46.14587937199776],[12.65098481382632,46.14589536113216],[12.651030737048607,46.14481625630905],[12.650253216971567,46.144800267773356],[12.650276185181157,46.14426071557112],[12.648721162169542,46.14422872324611],[12.648744144888118,46.143689171582835],[12.650299152734178,46.143721163308875],[12.650345085870592,46.14264205860432],[12.648012620584757,46.14259406488644],[12.647966641953692,46.143673167793835],[12.646434642872235,46.1431015935398],[12.646526655532814,46.14094338964279],[12.645749192487235,46.140927371501476],[12.645795210034882,46.13984826979249],[12.648127555662679,46.13989630656733],[12.648950959793908,46.13883320391199],[12.649728395152305,46.138849199721456],[12.64970542592655,46.13938875222449],[12.651260313780986,46.13942072859275],[12.65130622125295,46.13834162232934],[12.648242474314717,46.137198546747356],[12.648196508824823,46.13827765085544],[12.647419082365062,46.13826164477947],[12.647396091054118,46.13880119644379],[12.645063792890218,46.13875314561846],[12.645086806942691,46.13821359485375],[12.645864231423777,46.13822961677862],[12.645910242394933,46.13715051446911],[12.646687652375421,46.1371665305113],[12.645224877443923,46.13497628900435],[12.64677963610896,46.13500832397231],[12.646802630399138,46.13446877218747],[12.648334397411668,46.135040337810786],[12.648357376543782,46.134500785426575],[12.649134750604656,46.13451678412268],[12.649065833975662,46.13613544199387],[12.649843231433202,46.13615143630601],[12.650666544307576,46.13508831895051],[12.65222131219688,46.13512027996487],[12.652244253433421,46.13458072608397],[12.653821934218795,46.13407311083164],[12.654645139029872,46.133009962397125],[12.656977210765348,46.13305781317419],[12.657068779413544,46.13089958916021],[12.656291451824039,46.13088364537736],[12.656314349927943,46.130344089522445],[12.651650443652679,46.130248317702716],[12.652473629737969,46.129185183974776],[12.653250931310437,46.12920115326914],[12.653228004207092,46.12974070804905],[12.6555599355994,46.1297885851402],[12.655605743689046,46.12870947372769],[12.65405115241157,46.12867756214336],[12.654119905095177,46.1270588963671],[12.654897177676164,46.12707485390361],[12.654920086351416,46.12653529822614],[12.6572518853068,46.126583138253906],[12.657228999359658,46.127122694827065],[12.65567445091405,46.127090806159124],[12.65562864675195,46.12816991793148],[12.656405935799242,46.128185865503106],[12.657137449029848,46.129280920520074],[12.658714934123303,46.128773233520505],[12.658646311932696,46.130391904130576],[12.659423633913148,46.130407831769986],[12.659400766119669,46.130947388818306],[12.657823224056674,46.13145508405318],[12.657731683104604,46.133613309020994],[12.656176951486861,46.13358142375233],[12.655353766788224,46.13464458352758],[12.657685908703684,46.13469242114513],[12.657708796231235,46.134152865113045],[12.6584861706036,46.13416880012236],[12.658440410052766,46.13524791272328],[12.659217800239775,46.13526384304674],[12.659149177247754,46.136882512393235],[12.658371764321336,46.13686658117497],[12.658394646885867,46.13632702508436],[12.65686273523193,46.13575559184241],[12.656794042058408,46.13737425832374],[12.65601662352118,46.137358310958426],[12.655947901714995,46.13897697600428],[12.655170461092956,46.13896102246001],[12.655147544933596,46.13950057705666],[12.655924993136644,46.13951653089962],[12.655879174015368,46.140595640510355],[12.656656638038127,46.14061158966722],[12.656633735076834,46.141151144681224],[12.658966153830413,46.14119896134598],[12.65898903404653,46.14065940543672],[12.659766500695314,46.140675333459484],[12.659720754772788,46.14175444581447],[12.654278395873343,46.1416428345219],[12.654255468856357,46.14218238851983],[12.653477984059919,46.14216642261575],[12.653432112894995,46.14324552983374],[12.654209612856166,46.14326149633567],[12.654186683872913,46.14380105015362],[12.655741700933282,46.143832967903116],[12.655787527913873,46.1427538590121],[12.658120012936749,46.14280169421442],[12.658051339728376,46.144420360147855],[12.658828858797762,46.144436295542484],[12.658805974002776,46.14497585103205],[12.66036102927696,46.145007706565025],[12.660338158994785,46.145547262591066],[12.658783088553575,46.14551540646167],[12.658760202450132,46.14605496183135],[12.657982660630308,46.14603902554162],[12.658028447350127,46.14495991533906],[12.65491834730754,46.144896119724],[12.654895423941177,46.145435673660835],[12.653340362697026,46.14540374354978],[12.653317423508206,46.14594329682881],[12.654094961384992,46.14595926482547],[12.654072029124167,46.146498818343446],[12.653294483663611,46.14648285004782],[12.653248602006991,46.14756195630587],[12.655581285866377,46.14760984713232],[12.655604204269915,46.147070293136665],[12.656381759287095,46.14708624587725],[12.656313024864334,46.14870490858035],[12.655535447093683,46.1486889549437],[12.65548960570001,46.14976806251516],[12.656267198640723,46.149784016749216],[12.656290112080056,46.149244462694774],[12.657868182376966,46.14873679999866],[12.65789107933673,46.14819724522719],[12.660223797776336,46.148245041822115],[12.660246671327782,46.1477054860958],[12.661024237868787,46.14772140742613],[12.661092831847217,46.146102738993264],[12.664980560621386,46.146182261904976],[12.66500338605443,46.145642704151925],[12.667336008425016,46.14569035359141],[12.666604085554743,46.144595358853955],[12.668936666348104,46.144642974803084],[12.668982236814896,46.14356385590502],[12.669759749886826,46.14357971672538],[12.669027804676345,46.14248473676743],[12.669805302582613,46.142500596993884],[12.669850852674108,46.1414214770229],[12.670628336068747,46.14143733137166],[12.670651102555842,46.14089777099954],[12.666009068809332,46.14026300878304],[12.666031879484516,46.13972345007359],[12.66758679490116,46.13975520454154],[12.667609589761618,46.13921564517766],[12.66527724036181,46.13916800644248],[12.66534568926187,46.137549330667206],[12.666923342557148,46.13704153401701],[12.66696894027155,46.13596241522484],[12.670855971657033,46.13604172495632],[12.670924249646152,46.13442304186435],[12.670146864801906,46.134407191373974],[12.669415026334008,46.13331221442767],[12.67096976505297,46.133343919503716],[12.670947007674805,46.13388348071397],[12.672501764162387,46.13391516525388],[12.672479021292377,46.134454726997475],[12.673256408093922,46.134470561640214],[12.673233672153403,46.135010123620454],[12.672456277772286,46.13499428868124],[12.672388043311312,46.13661297337339],[12.676275135435693,46.13669209968691],[12.676252427217468,46.13723166261272],[12.677807283788432,46.13726327674905],[12.677075255803905,46.13616834581899],[12.674743019360486,46.13612090261707],[12.674879342100215,46.13288352700038],[12.67565670811948,46.1328993449069],[12.675702128680248,46.13182021863037],[12.676479480193409,46.13183603066249],[12.676388666790919,46.133994284160465],[12.67561128496213,46.13397847094412],[12.675565859208014,46.13505759674204],[12.676343256195915,46.13507341055052],[12.676365961817917,46.134533847385406],[12.67792074258757,46.134565458562356],[12.677875361013774,46.13564458601647],[12.679430174705628,46.13567617724581],[12.679498200614994,46.134057484200554],[12.681075630277496,46.13354948746623],[12.681166259193787,46.1313912266321],[12.681943607680978,46.13140700139379],[12.681988903097242,46.13032787002734],[12.67965690505405,46.130280531668625],[12.67967957452479,46.129740966782],[12.676570283213767,46.12967777620737],[12.67659298234682,46.12913821244404],[12.681256877749062,46.12923296484137],[12.681279530769142,46.128693399244234],[12.68050222082093,46.1286776206776],[12.68057019872755,46.127058924413674],[12.67668377239158,46.1269799567925],[12.676751858113967,46.12536126442574],[12.678306381240004,46.125392865542985],[12.678283701799895,46.1259324303167],[12.679838242679295,46.12596401090137],[12.67986090696726,46.12542444553638],[12.681415435294008,46.12545600440587],[12.681392786158275,46.125995570361724],[12.683724606247171,46.12604286994395],[12.68374723265438,46.12550330310254],[12.686079035853849,46.12555055426988],[12.686101638886313,46.125010986484035],[12.682215341344135,46.1249322096082],[12.681483378817429,46.1238373061796],[12.683037864287547,46.123868842153726],[12.683060495683575,46.12332927536831],[12.682283260199249,46.12331351031677],[12.682328536200936,46.12223437715692],[12.681551316515668,46.12221860741527],[12.68152867126346,46.12275817372983],[12.676865321346105,46.12266344261812],[12.67768791031106,46.121600114604455],[12.668361454756342,46.12141015257361],[12.668384227475899,46.12087059117366],[12.663721080378762,46.12077532681424],[12.663743897889926,46.120235767137956],[12.660635176534859,46.120172153156865],[12.66065802368756,46.11963259461165],[12.66143519547088,46.11964850572876],[12.661458034397516,46.11910894682572],[12.6622351992625,46.11912485236533],[12.662212367909039,46.11966441156616],[12.673092850680371,46.11988653891293],[12.67311557600695,46.119346975553434],[12.675447101944602,46.11939443874585],[12.676178887845982,46.12048937827881],[12.673070124704333,46.12042610221259],[12.673047398078817,46.12096566545242],[12.680042197954155,46.12110792046385],[12.680019538847496,46.1216474863072],[12.681573961120701,46.121679041040935],[12.681596605078585,46.121139474606814],[12.682373809614791,46.121155243757975],[12.683105756535289,46.12225014161815],[12.687746507507311,46.122884186169806],[12.687791676167311,46.121805048762454],[12.687014459517805,46.121789316278566],[12.687037050454244,46.121249747779835],[12.684705427116771,46.12120251953007],[12.684728040130558,46.12066295185583],[12.687059640745066,46.12071017922137],[12.687104819389953,46.1196310419252],[12.688659192742337,46.11966249925666],[12.688907462539136,46.11372723337848],[12.687375837039694,46.11315621313004],[12.687398417649018,46.11261664367547],[12.689729683323105,46.112663810271314],[12.689707125427237,46.11320338060896],[12.690484222850193,46.11321909254425],[12.691306405782408,46.11215565728923],[12.693637658440913,46.112202743822074],[12.69366017719354,46.11166317189522],[12.694437255133682,46.11167885655511],[12.694414743951935,46.11221842877561],[12.695946420227191,46.11278935559439],[12.695991412949875,46.11171021003903],[12.697545573345842,46.11174154240835],[12.697590533214658,46.11066239544108],[12.698367599238175,46.11067805312145],[12.6984125413971,46.109598905329214],[12.69918959292434,46.10961455714501],[12.699234517375238,46.10853540852811],[12.700011554406755,46.10855105447974],[12.70005646115149,46.10747190503839],[12.700833483687841,46.107487545126254],[12.700878372728273,46.1064083948607],[12.701655380770017,46.10642402908521],[12.701722686815422,46.1048053023615],[12.70249967279481,46.10482093043047],[12.70254452515063,46.103741778397996],[12.703321496636928,46.103757400604536],[12.703366331294555,46.10267824774861],[12.704143288288316,46.10269386409312],[12.703411163390177,46.1015990946542],[12.701857281599201,46.101567847304025],[12.701902141399781,46.10048869514116],[12.70267906684051,46.100504320869575],[12.702701488213163,46.09996474440615],[12.701924570338797,46.09994911897028],[12.701969426294388,46.09886996644966],[12.697308023348704,46.098776106541884],[12.697330495759134,46.098236531949375],[12.701991853311013,46.0983303900999],[12.702014279686885,46.09779081369053],[12.702791167297963,46.09780643795626],[12.702723908945213,46.09942516788311],[12.705054643725136,46.099472011654235],[12.704322540768453,46.098377247945855],[12.70587633561815,46.0984084601284],[12.706697995331416,46.09734490191952],[12.705921112074803,46.097329304326756],[12.705943499343677,46.096789726336546],[12.704389749886154,46.09675851590705],[12.704412151645283,46.09621893844156],[12.705189018488163,46.09623454600211],[12.70525619723209,46.09461581237138],[12.703702509575312,46.094584593727895],[12.703769727944644,46.092965861314134],[12.702992907770934,46.092950244956135],[12.703015320177192,46.09241066765802],[12.703792132787537,46.09242628372366],[12.703881745758625,46.090267972765595],[12.70465852875975,46.09028358238701],[12.704568946040059,46.09244189451409],[12.70612257447076,46.09247310026933],[12.706212096687391,46.09031478580539],[12.706988881613471,46.09033037960234],[12.706921763598505,46.091949116415556],[12.7076985718543,46.09196470581322],[12.707855118671532,46.088187650371886],[12.70552485463816,46.088140872484296],[12.705547238598308,46.08760129377298],[12.706323985073334,46.087616891384585],[12.706368735953008,46.0865377331991],[12.70714546794697,46.086553324952554],[12.707100732189682,46.08763248372187],[12.707877479947134,46.08764807078479],[12.707899840583949,46.08710849113811],[12.711006807774972,46.08717078547975],[12.71105146664387,46.086091623675145],[12.709520355610964,46.08552090781003],[12.7095650408945,46.084441746813845],[12.708788337220462,46.084426172049305],[12.70869893385786,46.08658449263697],[12.707922200581994,46.08656891143185],[12.708033990991506,46.08387101200682],[12.709609723625142,46.083362585579394],[12.70958738257892,46.08390216622641],[12.710364079333182,46.083917735425665],[12.71034174520886,46.084457316304594],[12.711872836116038,46.085028020866716],[12.712738794411395,46.082885247696886],[12.714292163437692,46.082916337467694],[12.714314457850534,46.0823767549542],[12.717421173330386,46.08243887005],[12.717354378899293,46.08405762090075],[12.716577676392076,46.08404209916527],[12.716533128470337,46.08512126552034],[12.715756411480697,46.085105737929666],[12.714890531162167,46.08724853473474],[12.713337039889014,46.087217450855775],[12.713314732182095,46.08775703254242],[12.712537979942956,46.08774148240028],[12.71251566403706,46.08828106373626],[12.713292423837895,46.08829661416952],[12.713247805237561,46.0893757772451],[12.712471030312686,46.08936022622955],[12.712404074944336,46.09097896952286],[12.711627277971514,46.09096341235882],[12.71158262274501,46.092042573674085],[12.708475380751166,46.091980289935755],[12.708453021927717,46.09251986933794],[12.707676205467564,46.09250428492365],[12.707631470777093,46.093583442965745],[12.706854639830864,46.093567852692445],[12.706742754099409,46.096265745295455],[12.708296492276531,46.096296923485085],[12.708207032705477,46.09845523882982],[12.707430133034952,46.09843965120567],[12.707385384283397,46.09951880793686],[12.7066084701223,46.0995032144525],[12.706541319500758,46.101121948226506],[12.70576438328184,46.101106348589475],[12.705697204202796,46.10272508095091],[12.70647416312308,46.102740681464155],[12.706451776384606,46.103280259090845],[12.705674809896768,46.10326465828552],[12.70563001936506,46.10434381277593],[12.704053646682107,46.10485217073606],[12.70403123467967,46.10539174724775],[12.704808230155521,46.105407359776635],[12.705540430622387,46.106502121041544],[12.704763419366815,46.10648651320581],[12.70474101301213,46.10702608983098],[12.703186977290184,46.106994857741476],[12.7031645551568,46.10753443372229],[12.701610506867654,46.10750317993621],[12.701588068954779,46.10804275527226],[12.700811038205606,46.10802712016958],[12.700766145316987,46.109106270077305],[12.699989100071976,46.10909062911095],[12.699944189477488,46.11016977819443],[12.699167129736086,46.11015413136399],[12.699144665905937,46.11069370552333],[12.69992173321773,46.11070935264672],[12.699876818773076,46.11178850137233],[12.699099736319848,46.11177285366303],[12.698942462545396,46.11554987027294],[12.698165327734591,46.11553421523337],[12.698142849911674,46.11607378850307],[12.69581142662939,46.11602679082829],[12.695788925446013,46.116566363158405],[12.695011778069228,46.11655068641443],[12.694966758627391,46.11762983030861],[12.69418959675006,46.117614147697886],[12.69327727086732,46.12083588653337],[12.691700314612262,46.121344061711106],[12.691610128791755,46.12350234241102],[12.692387372048737,46.123518044094226],[12.692342290423493,46.124597184673895],[12.690765217322346,46.1251053444628],[12.690674983151222,46.12726362231444],[12.689897688154199,46.127247908010375],[12.689829983023866,46.128866614889404],[12.688252764685782,46.12937473692225],[12.688207593104732,46.130453873246],[12.687430254584589,46.13043814133052],[12.687407660247436,46.13097770910824],[12.685075625840637,46.130930480785736],[12.685098242912492,46.130390913892256],[12.683520939478669,46.13089896882714],[12.683453038912598,46.13251766737903],[12.684230404504975,46.13253342688449],[12.684207777268089,46.13307299324398],[12.685762525557363,46.13310449699774],[12.686494689737103,46.13419937525986],[12.685717299460821,46.13418363071711],[12.68569468544299,46.134723197487155],[12.683362495766943,46.134675931278075],[12.683385132523878,46.134136365392976],[12.681830357811336,46.13410482876378],[12.681785053331408,46.13518395929329],[12.68100765178998,46.13516818246402],[12.680939667472943,46.13678687692374],[12.680162243840664,46.136771093925226],[12.680094230950841,46.13838978696029],[12.67931678522612,46.13837399779189],[12.679271424896418,46.1394531255917],[12.677693808772275,46.13996109344041],[12.677625715977216,46.14157978273744],[12.676848226713835,46.141563975943434],[12.67675739690483,46.14372222631824],[12.675979877961376,46.143706413056094],[12.675957161302886,46.14424597520416],[12.67437937772912,46.144753893730346],[12.674356644604261,46.145293455166296],[12.67513418499505,46.14530927988584],[12.675088731963784,46.14638840317081],[12.673533621497985,46.14635674726179],[12.671887478426969,46.14848331132236],[12.671109895139107,46.14846746368444],[12.67115542921725,46.14738834384328],[12.667267598425555,46.14730902934729],[12.667244793788575,46.147848587812796],[12.668799939313821,46.14788033006013],[12.668777149194588,46.148419889060065],[12.667999568520163,46.148404020281774],[12.667976770164307,46.148943578924694],[12.66642159560729,46.14891182491841],[12.666398781429129,46.14945138290692],[12.664843594319125,46.14941960716512],[12.664820764317865,46.14995916449879],[12.66637596659873,46.149990940835515],[12.66635315111607,46.15053049870422],[12.667130760823902,46.15054637924191],[12.667153568720881,46.15000682107588],[12.668685982201984,46.150578124460935],[12.66870877492753,46.15003856570054],[12.669486379011596,46.150054430084815],[12.669509163499995,46.149514870967515],[12.671087127123704,46.14900702351522],[12.670218427989951,46.15114940783254],[12.670996048552686,46.151165262239694],[12.670973277282464,46.15170482177116],[12.672528535539692,46.15173651532206],[12.672505778791402,46.15227607538704],[12.673283416485749,46.15229191453045],[12.673237916210951,46.153371035074],[12.671682611127702,46.153339350314894],[12.671659844840331,46.15387890990364],[12.670104527194969,46.15384720340685],[12.67008174508204,46.15438676234209],[12.669304079652186,46.15437090086758],[12.669326869352403,46.15383134222932],[12.667748750753862,46.15433916206006],[12.667634716599556,46.15703695138183],[12.666857015192177,46.15702107256241],[12.666811381788458,46.15810018727725],[12.667589098373089,46.158116066691285],[12.667566288281602,46.15865562425618],[12.66678856410802,46.15863974454482],[12.666720107152122,46.16025841598815],[12.665942360865017,46.1602425300976],[12.665805383793492,46.163479869582225],[12.666583175622607,46.163495757257486],[12.666537526558695,46.164574870534715],[12.665759719547175,46.1645589822645],[12.6657368864447,46.16509853851579],[12.664959072496709,46.16508264465999],[12.66498191319069,46.16454308870628],[12.663426302443682,46.16451128572587],[12.66333487501457,46.16666950679928],[12.662557040257452,46.166653596185576],[12.662488440045044,46.16827226046765],[12.66326629757971,46.16828817197508],[12.66310626068451,46.172065055287845],[12.661527559743242,46.17257277673577]],[[12.659399914231242,46.16766900804339],[12.66017776154771,46.16768494040706],[12.660223539922931,46.16660583261434],[12.659445707791097,46.16658990084727],[12.659399914231242,46.16766900804339]],[[12.658667876316125,46.16657396379189],[12.659445707791097,46.16658990084727],[12.659537287054444,46.16443168573555],[12.65875948594604,46.164415749873704],[12.658667876316125,46.16657396379189]],[[12.66029220257711,46.16498717047563],[12.661847823259654,46.16501901635597],[12.661916434477048,46.16340035188901],[12.662694223029062,46.163416266003196],[12.66271708453622,46.16287671076305],[12.661939303574968,46.16286079694681],[12.661985039809133,46.16178168688262],[12.663517719416216,46.16235306369367],[12.663654825272172,46.15911572884763],[12.664432554415285,46.15913163000435],[12.663700521997473,46.15803661675289],[12.665255950583022,46.15806841258869],[12.665301614341109,46.15698929906366],[12.666079314439289,46.15700518845634],[12.66617060377058,46.154846959497405],[12.66694827417165,46.154862842413934],[12.666971087285829,46.15432328472706],[12.664638100808837,46.15427562101127],[12.664615264932493,46.15481517780573],[12.663837596495917,46.15479927903057],[12.663860439959603,46.15425972253378],[12.662305120227078,46.15422790972053],[12.662282261588777,46.15476746562168],[12.660726929304438,46.154735631068114],[12.660749803117264,46.154196075763004],[12.659217376964758,46.15362466589263],[12.65926315166739,46.15254555617548],[12.662373692220909,46.15260924165751],[12.662442258333602,46.15099057305512],[12.661664644969843,46.15097466050706],[12.6609327700792,46.14987963116416],[12.65937757697369,46.14984778083342],[12.659354693220942,46.15038733602173],[12.658577090067169,46.150371402630206],[12.658531305427404,46.15145051223032],[12.655397915048985,46.1519262769383],[12.65457442799275,46.1529894224778],[12.655352065791263,46.15300538378998],[12.655329140179267,46.15354493712584],[12.656106786222017,46.15356089345098],[12.656129704247359,46.15302133981637],[12.657662080279476,46.1535927902436],[12.657639176772708,46.154132344415444],[12.656060948205601,46.154640000540255],[12.656015107568047,46.15571910738963],[12.657570462323347,46.155751006571144],[12.65754755619713,46.15629056050311],[12.659080037151195,46.156861993605155],[12.658942673775243,46.160099319159244],[12.659720414160908,46.16011525263433],[12.659605964628375,46.16281302377226],[12.660383743620828,46.16282895345141],[12.660337974407728,46.163908062083415],[12.66111576923831,46.16392398707126],[12.66029220257711,46.16498717047563]],[[12.657981685494624,46.16439980872394],[12.65875948594604,46.164415749873704],[12.658782386716371,46.16387619624425],[12.658004593856033,46.16386025539296],[12.657981685494624,46.16439980872394]],[[12.656449010107119,46.163828357827015],[12.658004593856033,46.16386025539296],[12.658027501562414,46.16332070200201],[12.656471932995148,46.16328880503328],[12.656449010107119,46.163828357827015]],[[12.662671360868194,46.16395582118343],[12.663449157667063,46.163971730307715],[12.663472012236928,46.16343217482962],[12.662694223029062,46.163416266003196],[12.662671360868194,46.16395582118343]],[[12.658027501562414,46.16332070200201],[12.658805286831893,46.163336642554846],[12.65882818629262,46.162797088805476],[12.658050408613786,46.1627811485511],[12.658027501562414,46.16332070200201]],[[12.6565406977267,46.16167014629222],[12.658873983249807,46.16171798112686],[12.658942673775243,46.160099319159244],[12.657387194974538,46.160067436347745],[12.657341371586968,46.16114654319222],[12.656563617993115,46.16113059325858],[12.6565406977267,46.16167014629222]],[[12.664318339117418,46.16182941068119],[12.665096106864503,46.16184530803909],[12.665141779762957,46.16076619535283],[12.664364027196013,46.16075029859021],[12.664318339117418,46.16182941068119]],[[12.662327978211854,46.153688353759456],[12.663105630163306,46.15370426251126],[12.66392896643218,46.15264105268393],[12.662373692220909,46.15260924165751],[12.662327978211854,46.153688353759456]],[[12.666239063918027,46.15322828714924],[12.667794359851325,46.153260045912106],[12.668617600115434,46.15219680038279],[12.667839966340916,46.15218092952459],[12.667862768607817,46.15164137124101],[12.665529893968502,46.15159372784394],[12.66550706894261,46.152133285235486],[12.667062333220459,46.15216505338063],[12.666239063918027,46.15322828714924]],[[12.653133886387714,46.15025972090103],[12.654689084151647,46.15029165639289],[12.654734942026325,46.14921254953901],[12.653957357985812,46.149196585033515],[12.653133886387714,46.15025972090103]],[[12.653179774603153,46.14918061524297],[12.653957357985812,46.149196585033515],[12.653980293524791,46.148657031815475],[12.653202717726986,46.14864106232393],[12.653179774603153,46.14918061524297]],[[12.657845284762603,46.14927635471018],[12.659400460072229,46.14930822558515],[12.659423342516583,46.14876867027692],[12.657868182376966,46.14873679999866],[12.657845284762603,46.14927635471018]],[[12.663288409828386,46.14938781028247],[12.664066001746239,46.1494037113664],[12.664088838680005,46.14886415427042],[12.66331125434731,46.14884825348421],[12.663288409828386,46.14938781028247]],[[12.664866423667712,46.148880049771535],[12.665644009310213,46.148895939987526],[12.665666830421165,46.14835638223653],[12.664889252363652,46.14834049231805],[12.664866423667712,46.148880049771535]],[[12.65244809263978,46.14808553486749],[12.653225660194924,46.14810150934489],[12.653248602006991,46.14756195630587],[12.652471042036247,46.147545982127546],[12.65244809263978,46.14808553486749]],[[12.668067959677265,46.14678534399364],[12.66884551759775,46.14680121188065],[12.668868305762494,46.146261652701085],[12.668090755426219,46.146245785111184],[12.668067959677265,46.14678534399364]],[[12.671178195280039,46.1468487838329],[12.67275606724341,46.14634091138015],[12.672024027344923,46.14524594930032],[12.67044618074083,46.14575381219351],[12.671178195280039,46.1468487838329]],[[12.668913880137646,46.1451825341623],[12.67046895243506,46.14521425230031],[12.67051449387063,46.144135132334334],[12.669736972562264,46.144119276501314],[12.668913880137646,46.1451825341623]],[[12.651076657645378,46.14373715124589],[12.651854163215068,46.143753133898876],[12.651877114946322,46.14321358097804],[12.651099616959252,46.14319759862429],[12.651076657645378,46.14373715124589]],[[12.67213780021983,46.14254814596918],[12.674470303730107,46.14259564738815],[12.673738276174634,46.14150069592844],[12.675315971134971,46.140992784352655],[12.675361411174585,46.13991365987103],[12.673029019441108,46.13986617874933],[12.673761012333113,46.14096113436997],[12.672183304816658,46.14146902421773],[12.67213780021983,46.14254814596918]],[[12.6496135424575,46.14154696163635],[12.650391016380993,46.14156295365969],[12.650413980651498,46.14102340109734],[12.651191447651877,46.14103938753775],[12.652014811556683,46.13997626219291],[12.649682456044216,46.1399283046675],[12.6496135424575,46.14154696163635]],[[12.651168490963103,46.141578940399405],[12.65194596620361,46.1415949218555],[12.651968915310627,46.14105536869464],[12.651191447651877,46.14103938753775],[12.651168490963103,46.141578940399405]],[[12.647304119238068,46.14095940250067],[12.64808158360278,46.14097541007507],[12.648104569961259,46.14043585835122],[12.647327113177967,46.140419851076516],[12.647304119238068,46.14095940250067]],[[12.652746383627536,46.14107134456798],[12.655078792525032,46.14111924048667],[12.655124628119172,46.14004013159331],[12.652792264710682,46.13999223746806],[12.652746383627536,46.14107134456798]],[[12.676116164275944,46.14046903891129],[12.676893637723762,46.14048485039711],[12.676939046137548,46.13940572461151],[12.676161587853212,46.139389913717736],[12.676116164275944,46.14046903891129]],[[12.652838143170877,46.1389131301281],[12.653615581820679,46.1389290995219],[12.653638512486506,46.13838954546297],[12.65519337659727,46.13842146780339],[12.655216291446566,46.13788191308679],[12.65366144249688,46.13784999134401],[12.653707300551368,46.13677088292614],[12.652929892223153,46.13675491472824],[12.65290695594354,46.13729446866821],[12.651352126100512,46.13726251582591],[12.65130622125295,46.13834162232934],[12.652861081417424,46.13837357636814],[12.652838143170877,46.1389131301281]],[[12.672297054927508,46.13877121879164],[12.673074502371678,46.13878705580629],[12.673097242861882,46.13824749424501],[12.673874683377129,46.13826332567988],[12.673851950468032,46.13880288753758],[12.676184298668026,46.13885035103121],[12.67622971835013,46.1377712254787],[12.670787687812691,46.137660407509514],[12.670810449744758,46.13712084671832],[12.667700762687836,46.13705740712326],[12.667655177527802,46.13813652627023],[12.672319802998796,46.138231657526866],[12.672297054927508,46.13877121879164]],[[12.676961749370944,46.13886616162897],[12.678516652729865,46.13889776697422],[12.678539340151827,46.138358203340125],[12.67931678522612,46.13837399779189],[12.679384820858523,46.136755305643646],[12.67860739852674,46.13673951207902],[12.678562026925277,46.13781863964623],[12.676984451955379,46.138326598586616],[12.676961749370944,46.13886616162897]],[[12.647488052354891,46.13664298942628],[12.648265456074276,46.13665899460325],[12.648288437176937,46.136119442399135],[12.647511041037244,46.136103437521804],[12.647488052354891,46.13664298942628]],[[12.6513750775402,46.136722962484164],[12.65215248455269,46.13673894124758],[12.652175427756537,46.136199387546675],[12.651398028323856,46.13618340908243],[12.6513750775402,46.136722962484164]],[[12.650620629549339,46.13616742533553],[12.651398028323856,46.13618340908243],[12.651420978451506,46.13564385562067],[12.650643587256559,46.135627872173025],[12.650620629549339,46.13616742533553]],[[12.652975762815606,46.13567580666832],[12.653753155984324,46.13569177426832],[12.653776082717785,46.13515221984942],[12.652998697128492,46.13513625254837],[12.652975762815606,46.13567580666832]],[[12.683385132523878,46.134136365392976],[12.684162520853993,46.13415212578365],[12.684185149384437,46.1336125595437],[12.683407768633783,46.13359679944809],[12.683385132523878,46.134136365392976]],[[12.68594340409195,46.12878795973015],[12.686720718582647,46.128803701325374],[12.68676591659979,46.12772456582152],[12.685988617263614,46.12770882481573],[12.68594340409195,46.12878795973015]],[[12.682102130310524,46.12763004056501],[12.683656723145337,46.12766157010961],[12.683679351492671,46.1271220034475],[12.682124773811529,46.12709047449321],[12.682102130310524,46.12763004056501]],[[12.68676591659979,46.12772456582152],[12.687543216583979,46.12774030154583],[12.687588396863854,46.12666116521377],[12.686811112033368,46.126645430078675],[12.68676591659979,46.12772456582152]],[[12.684456641306637,46.12713776000265],[12.685233931769243,46.12715351127645],[12.686056432175368,46.12609012199596],[12.684501880908048,46.12605862590911],[12.684456641306637,46.12713776000265]],[[12.688433425190736,46.125058189237954],[12.68921068858743,46.125073912927256],[12.689233260670335,46.12453434390354],[12.688456004849568,46.12451862050861],[12.688433425190736,46.125058189237954]],[[12.68379248352883,46.12442416924041],[12.684569735461695,46.12443992432061],[12.684592352353409,46.12390035700493],[12.683815107996118,46.12388460221969],[12.68379248352883,46.12442416924041]],[[12.689255832108136,46.12399477482009],[12.690033081000394,46.124010492639805],[12.690055644217598,46.123470923202355],[12.689278402900852,46.12345520567691],[12.689255832108136,46.12399477482009]],[[12.690055644217598,46.123470923202355],[12.690832886181303,46.123486635447065],[12.690855441178336,46.122947065655715],[12.690078206789954,46.12293135370518],[12.690055644217598,46.123470923202355]],[[12.687814259529166,46.121265479969175],[12.690968206494892,46.1202492158033],[12.691035857950759,46.11863050517528],[12.692612741526885,46.11812233761375],[12.692657807694177,46.117043195601234],[12.693434960707018,46.11705888847754],[12.693502532410848,46.115440174129624],[12.691171143463714,46.115393082307044],[12.691903195017906,46.11648792664342],[12.690348907368769,46.11645651508104],[12.691080955699189,46.117551364458045],[12.68952663905185,46.117519941160126],[12.689436380389491,46.11967822000237],[12.687859424316697,46.12018634220342],[12.687814259529166,46.121265479969175]],[[12.689594326278055,46.115901231401345],[12.69037146156024,46.11591694480753],[12.690416568009633,46.11483780408136],[12.689639447871786,46.11482209126355],[12.689594326278055,46.115901231401345]],[[12.6919708102249,46.1148692138795],[12.69352505502482,46.11490060256092],[12.69357009832194,46.113821459244456],[12.692015883809292,46.113790071738364],[12.6919708102249,46.1148692138795]],[[12.696633552371683,46.114963316573274],[12.698187804915163,46.11499464190401],[12.698210281453417,46.114455068515],[12.696678535093714,46.11388417090854],[12.696633552371683,46.114963316573274]],[[12.69357009832194,46.113821459244456],[12.6943472065469,46.11383714507902],[12.694392232126905,46.11275800093644],[12.693615139044788,46.112742315689225],[12.69357009832194,46.113821459244456]],[[12.708520096481822,46.09090113095261],[12.70929689089357,46.090916709216636],[12.70934158894428,46.08983754941189],[12.708564809657638,46.08982197173117],[12.708520096481822,46.09090113095261]],[[12.710140709376889,46.08931354153456],[12.71169425602747,46.08934466993926],[12.711783551173271,46.08718634587942],[12.711006807774972,46.08717078547975],[12.710984477383676,46.08771036629272],[12.709408631232034,46.088218809257974],[12.710140709376889,46.08931354153456]]]},"properties":{"nbr_class":"moderata","color":"#a6d96a"}},{"type":"Feature","geometry":{"type":"Polygon","coordinates":[[[12.683354644982597,46.11631490171875],[12.68337726732568,46.115775334096554],[12.68415439742693,46.11579108973715],[12.68419962502975,46.11471195372351],[12.683422510072473,46.11469619867287],[12.683399889022299,46.11523576641459],[12.68106852532711,46.11518846870289],[12.68115909650747,46.11303020091932],[12.679627574180705,46.11245907857463],[12.67967288487721,46.11137994538612],[12.680449951163547,46.111395725059225],[12.680517889643031,46.109777023941746],[12.679740846066803,46.109761245154914],[12.679763498502048,46.109221678291576],[12.681340207813651,46.1087136624826],[12.681453381357722,46.10601582401675],[12.679899399521622,46.105984275856],[12.67996734129479,46.104365573831025],[12.680744309184682,46.10438134966402],[12.680766947580796,46.10384178190742],[12.679213027585075,46.103810225555115],[12.679167719875823,46.1048893598269],[12.678390745716912,46.10487357314411],[12.678436068561181,46.103794439463435],[12.677659110186893,46.10377864809475],[12.678481388815557,46.102715305543555],[12.681589168269676,46.102778415885005],[12.68156653873423,46.10331798405641],[12.682343492787089,46.10333374874483],[12.682411356753217,46.101715043165875],[12.68085749469722,46.10168351028322],[12.680880129859432,46.101143942227715],[12.680103207370985,46.10112816816674],[12.680080564642404,46.101667735926924],[12.67852670648022,46.10163617138448],[12.680171131675248,46.09950946452744],[12.677840436198114,46.099462113345005],[12.677863099035498,46.09892254623217],[12.679416880240085,46.09895411837225],[12.679462173711928,46.097874982784994],[12.67477823687395,46.09831977264959],[12.674732851324494,46.09939890456835],[12.67550974656769,46.09941471467677],[12.67548706038598,46.09995428084241],[12.674710157577223,46.09993847043799],[12.674619376103998,46.10209673331828],[12.673842443681458,46.102080916453154],[12.67388785084753,46.10100178572491],[12.672334018220191,46.10097013734985],[12.672356735962104,46.10043057248848],[12.67313364438435,46.10044639901792],[12.673224478600082,46.098288137788835],[12.67167072292976,46.09825648182436],[12.672402169498767,46.09935144258621],[12.670848384870336,46.099319774884165],[12.670893846071468,46.09824064592826],[12.664678854678597,46.09811376882799],[12.664656063883463,46.098653330960495],[12.660771677663245,46.09857385982094],[12.660748848392085,46.09911342040569],[12.659971965545385,46.09909751005233],[12.660017638565071,46.09801838941862],[12.660794506282178,46.09803429917625],[12.661617014806126,46.09697108159349],[12.663170723253511,46.097002873539566],[12.663261935225151,46.09484462631043],[12.661708287287986,46.09481283674506],[12.661731103778768,46.094273275383145],[12.663284736589455,46.09430506435337],[12.663307537302364,46.093765502336396],[12.664084347125062,46.09378138861147],[12.664107139623756,46.09324182623716],[12.663330337363899,46.09322594025951],[12.663398733640497,46.09160725366941],[12.664175513213118,46.09162313875486],[12.664198303107412,46.091083576140946],[12.665751849088027,46.091115329893505],[12.66577462320768,46.090575766625214],[12.663444327901786,46.090528128976466],[12.663512714409517,46.0889094414877],[12.662735973297947,46.08889355261503],[12.662758775059041,46.08835399029643],[12.663535508609732,46.08836987887164],[12.663603887303616,46.08675119066398],[12.664380598826174,46.08676707307312],[12.664335028802093,46.08784619919949],[12.665111756098423,46.087862076929405],[12.66506619859236,46.08894120341069],[12.664289456174393,46.08892532508626],[12.664266668884132,46.089464887939776],[12.666596920779927,46.089512507982185],[12.666551389615387,46.0905916352926],[12.668104924388112,46.090623356804024],[12.668127675172252,46.090083792584885],[12.668904435975152,46.090099645132106],[12.66894992047097,46.089020515920666],[12.669726666802934,46.089036362600126],[12.66977213357821,46.08795723255587],[12.670548865439791,46.087973073368005],[12.670594314496388,46.086893942491194],[12.669817597755904,46.086878102272166],[12.669840328870713,46.086338537040525],[12.671393747882476,46.08637021161175],[12.671325597952686,46.087988908906134],[12.674455221562328,46.087512631428446],[12.675277306801096,46.086449305749326],[12.676054020535528,46.086465108755526],[12.676031349903162,46.08700467635682],[12.677584794441847,46.08703626713923],[12.676853397344258,46.08594133853107],[12.67529998434603,46.08590973838408],[12.675345337492528,46.084830603474124],[12.674568647087842,46.08481479608198],[12.674591330248957,46.08427522883321],[12.675368013094143,46.08429103592941],[12.675390688048031,46.08375146832489],[12.674614012762133,46.08373566152461],[12.674682056414229,46.08211695923986],[12.675458709023564,46.08213276515239],[12.675481381386774,46.081593197308585],[12.676258027087421,46.08160899765231],[12.676212696830477,46.08268813387171],[12.675436036012718,46.08267233293637],[12.675413362354215,46.08321190066053],[12.67619003073085,46.0832277018917],[12.676144696589185,46.08430683775223],[12.677720717803858,46.08379885708591],[12.677675412604994,46.08487799400957],[12.679228799259814,46.08490956133226],[12.679206160809382,46.08544913029537],[12.678429459597632,46.08543334897536],[12.678270919410991,46.08921032797468],[12.679047673547597,46.08922611136301],[12.679002385651446,46.09030524827277],[12.679779155560409,46.09032102697756],[12.67973388020089,46.091400164238955],[12.680510665882943,46.09141593825982],[12.681242204517526,46.09251084520927],[12.68201900662188,46.092526609270855],[12.682041623230372,46.09198703990395],[12.68437201074378,46.09203429955404],[12.684417196647777,46.09095515887137],[12.683640415287044,46.090939411519216],[12.683617815095403,46.09147898159561],[12.682841026820084,46.09146322867383],[12.682863634574066,46.090923658892365],[12.680533296323809,46.0908763693637],[12.68060118376754,46.08925766231663],[12.682931453961027,46.08930494918935],[12.682908848144516,46.08984451915012],[12.681355318910612,46.08981299925258],[12.681332697324548,46.09035256856347],[12.683663014833057,46.09039984138306],[12.683685613733461,46.08986027118715],[12.685239146854256,46.08989175943769],[12.685329475509011,46.08773347569848],[12.686882950727302,46.087764940494516],[12.686905516156452,46.08722536882128],[12.687682247174886,46.08724109301368],[12.687569451389466,46.08993895225452],[12.686792682564148,46.089923226590116],[12.686747544614326,46.09100236927951],[12.68830111316016,46.09103381651123],[12.688278558343038,46.09157338835505],[12.685171393589153,46.09151047161475],[12.685126221519676,46.09258961276738],[12.686679832853773,46.09262108286555],[12.686634688455925,46.09370022495756],[12.68818833263073,46.09373167513314],[12.68816577459158,46.09427124667837],[12.688942605212523,46.09428696414753],[12.688897502328583,46.09536610764729],[12.68579012321429,46.09530320376317],[12.685767540549111,46.09584277424578],[12.686544391921451,46.09585850842469],[12.687276106932902,46.09695337929207],[12.688829843170335,46.09698482244902],[12.68880728882887,46.097524393930144],[12.688030412821929,46.097508674695305],[12.687962723235161,46.09912738789743],[12.688739621938016,46.099143108015184],[12.688762178212734,46.09860353671323],[12.691092855503223,46.09865066452653],[12.691273100952747,46.09433408490276],[12.692049934157897,46.09434978127037],[12.692027413293472,46.094889354226176],[12.693581096767929,46.09492073172258],[12.693558590388356,46.095460305206146],[12.69200489178563,46.09542892712229],[12.691959846839595,46.09650807273541],[12.693513575700157,46.09653945199421],[12.693536083365773,46.09599987863002],[12.694312941199316,46.096015560052074],[12.6942904410983,46.09655513370986],[12.695844173829231,46.0965864813136],[12.695754227517932,46.09874477769554],[12.696531125111122,46.09876044475685],[12.69650864449285,46.09930001899648],[12.694954834819614,46.09926867901085],[12.694087911258618,46.1014112939441],[12.693310977769363,46.10139560958588],[12.693333491223301,46.100856036758906],[12.691779641314143,46.10082465279988],[12.691847223213083,46.099205935723454],[12.68951652128745,46.09915882285667],[12.68947142193633,46.100237965869844],[12.68714068043293,46.1001908037507],[12.687118107092443,46.10073037428472],[12.688671949246986,46.1007618215627],[12.688581709968718,46.10292010545657],[12.685473907181231,46.10285718508268],[12.68545131548132,46.103396754728806],[12.683897402838078,46.10336526229078],[12.683829578459761,46.10498396910184],[12.682252998449597,46.105492022013294],[12.68220774740216,46.10657115828888],[12.683739136911099,46.10714224401323],[12.683716524908741,46.10768181259168],[12.682139865982126,46.108189862253965],[12.68209460846925,46.10926899793181],[12.683648685024828,46.10930051796842],[12.683626070437834,46.109840086307806],[12.682071978742888,46.10980856568106],[12.682004085683829,46.11142726857018],[12.683535605627485,46.11199835906771],[12.683445130476226,46.11415663087137],[12.684999345895763,46.11418813510376],[12.684908920978113,46.11634640831055],[12.683354644982597,46.11631490171875]],[[12.682298246911177,46.10441288549861],[12.683075216747348,46.10442864550018],[12.683097832440984,46.10388907685812],[12.682320870172331,46.1038733171516],[12.682298246911177,46.10441288549861]],[[12.685496498235654,46.10231761537678],[12.687827326654665,46.10236481268896],[12.687872461427187,46.10128567133071],[12.6863186054339,46.101254212910696],[12.685496498235654,46.10231761537678]],[[12.680902764374931,46.100604374112415],[12.682456596165748,46.10063590581438],[12.682479214902616,46.10009633704896],[12.683256124204698,46.10011209469023],[12.683301344608386,46.09903295639009],[12.680193771816253,46.09896989652812],[12.680171131675248,46.09950946452744],[12.680948031465885,46.099525237702466],[12.680902764374931,46.100604374112415]],[[12.684033034154927,46.100127847055134],[12.68714068043293,46.1001908037507],[12.687185825179109,46.099111662503425],[12.68563203100826,46.09908019588673],[12.685609443826277,46.099619765951104],[12.684055637113957,46.099588277640024],[12.684033034154927,46.100127847055134]],[[12.683323953841258,46.09849338715038],[12.684877728995986,46.09852488483464],[12.685744957238743,46.09638234466863],[12.684968098949364,46.09636660491942],[12.685035869637323,46.09474789435561],[12.683482200386024,46.09471640079897],[12.68350480445193,46.09417683108114],[12.682727978361676,46.0941610766847],[12.682660141535013,46.09577978477399],[12.680329599079526,46.09573248727656],[12.680284325912142,46.09681162393289],[12.681061187877408,46.09682739563146],[12.681792804996011,46.09792229965241],[12.683369170369174,46.09741424849167],[12.683323953841258,46.09849338715038]],[[12.676354674422015,46.097811819765525],[12.677131548270037,46.09782761843425],[12.677154216729807,46.097288051437666],[12.676377350446527,46.09727225306473],[12.676354674422015,46.097811819765525]],[[12.672493028784087,46.09719318206354],[12.673269891815329,46.097209006815284],[12.673338006772946,46.09559030990613],[12.672561166434297,46.095574486043176],[12.672493028784087,46.09719318206354]],[[12.667854622861372,46.096558559262725],[12.668631474418751,46.09657441537177],[12.668654224789455,46.09603485151442],[12.667877380796133,46.09601899570222],[12.667854622861372,46.096558559262725]],[[12.67484631033577,46.09670107432274],[12.676400025823197,46.09673268630411],[12.676422700552042,46.09619311948368],[12.67797640351063,46.09622470977088],[12.677999062463458,46.09568514229922],[12.67489168940234,46.0956219418057],[12.67484631033577,46.09670107432274]],[[12.66554685273089,46.095971396612924],[12.667100537455122,46.09600313461456],[12.667123302303533,46.095463571291134],[12.666346467178842,46.09544770522507],[12.666414780512081,46.09382901578657],[12.665637968730136,46.09381314533656],[12.66554685273089,46.095971396612924]],[[12.677999062463458,46.09568514229922],[12.679552752891725,46.09571671089296],[12.67957539606933,46.09517714277048],[12.68035223469316,46.0951929188587],[12.681174328125705,46.09412955206594],[12.67962068048389,46.094098006346144],[12.67964332172089,46.093558438044276],[12.678866506436636,46.09354265756696],[12.678843857636334,46.09408222557337],[12.678067035437962,46.094066439525406],[12.677999062463458,46.09568514229922]],[[12.676468048066356,46.095113985663374],[12.677244884092817,46.09512978285326],[12.677290213889,46.09405064820221],[12.676513392989655,46.09403485160382],[12.676468048066356,46.095113985663374]],[[12.674160239363513,46.094526996329414],[12.67493706587608,46.09454280904938],[12.674959753140692,46.09400324258147],[12.674182934191508,46.09398743015754],[12.674160239363513,46.094526996329414]],[[12.66799116071783,46.09332117700158],[12.669544773722327,46.09335288038265],[12.66959025088977,46.09227375129622],[12.668813459186895,46.09225790283659],[12.66799116071783,46.09332117700158]],[[12.672652007550717,46.093416223844876],[12.673428817635594,46.09343204652288],[12.673451518729829,46.09289248052748],[12.672674716207855,46.092876658145705],[12.672652007550717,46.093416223844876]],[[12.67964332172089,46.093558438044276],[12.681196954236029,46.09358998317348],[12.681219579699961,46.09305041422126],[12.679665962311068,46.09301886968263],[12.67964332172089,46.093558438044276]],[[12.681973771466481,46.09360574782535],[12.684304227046773,46.093653010129884],[12.684349416823602,46.09257386980575],[12.68201900662188,46.092526609270855],[12.681973771466481,46.09360574782535]],[[12.673451518729829,46.09289248052748],[12.675005125725528,46.09292410946618],[12.675050495717986,46.0918449761116],[12.672720131575934,46.09179752656784],[12.672765544349238,46.0907183947506],[12.671988772727504,46.09070256827913],[12.672011485702976,46.09016300257703],[12.66968119742989,46.09011549240494],[12.66965846176915,46.09065505721756],[12.6688816927527,46.09063920964804],[12.668858948880521,46.091178774104094],[12.669635725458898,46.09119462197031],[12.66959025088977,46.09227375129622],[12.673474219175537,46.09235291447226],[12.673451518729829,46.09289248052748]],[[12.677358203727135,46.09243194577708],[12.678135002586973,46.09244773621337],[12.678157657008864,46.091908168323094],[12.677380865711635,46.09189237818242],[12.677358203727135,46.09243194577708]],[[12.679688602254444,46.0924793012612],[12.68046540306164,46.092495075872705],[12.68048803479556,46.09195550709616],[12.679711241551045,46.09193973277998],[12.679688602254444,46.0924793012612]],[[12.668059420869985,46.09170248506268],[12.668836204358595,46.09171833850028],[12.668858948880521,46.091178774104094],[12.66808217295403,46.091162920963285],[12.668059420869985,46.09170248506268]],[[12.675050495717986,46.0918449761116],[12.676604075063935,46.09187658276694],[12.676626743963407,46.091337015408186],[12.675073179742133,46.091305409344585],[12.675050495717986,46.0918449761116]],[[12.678157657008864,46.091908168323094],[12.678934448955404,46.091923953188946],[12.678957095167691,46.09138438494335],[12.678180310783569,46.091368600373016],[12.678157657008864,46.091908168323094]],[[12.677403527048735,46.09135281052795],[12.678180310783569,46.091368600373016],[12.678202963911112,46.09082903236314],[12.677426187738456,46.09081324281369],[12.677403527048735,46.09135281052795]],[[12.672765544349238,46.0907183947506],[12.675095863118257,46.09076584251773],[12.675118545846377,46.09022627563106],[12.673587711677026,46.08965508329854],[12.672765544349238,46.0907183947506]],[[12.675872637341811,46.09078164789098],[12.677426187738456,46.09081324281369],[12.677448847780823,46.090273675039604],[12.6759179870265,46.089702513466015],[12.675872637341811,46.09078164789098]],[[12.674364469476622,46.08967089862874],[12.6759179870265,46.089702513466015],[12.675963334120226,46.08862337880178],[12.675186590142957,46.088607574612105],[12.6752092702793,46.08806800748614],[12.674432534513079,46.08805219831825],[12.674409846815726,46.088591765148244],[12.672856362112249,46.08856013039804],[12.672833658644388,46.08909969657593],[12.674387158470246,46.0891313319184],[12.674364469476622,46.08967089862874]],[[12.677471507175857,46.08973410720572],[12.678248268224799,46.089749896163966],[12.678270919410991,46.08921032797468],[12.677494165923582,46.08919453931203],[12.677471507175857,46.08973410720572]],[[12.686038489955274,46.089367924511386],[12.686815250571964,46.08938365515583],[12.686837817935078,46.0888440836618],[12.686061064879958,46.088828353311854],[12.686038489955274,46.089367924511386]]]},"properties":{"nbr_class":"moderata","color":"#a6d96a"}},{"type":"Feature","geometry":{"type":"Polygon","coordinates":[[[12.673837338126281,46.08371984945104],[12.673882716326775,46.082640715246406],[12.67230669534792,46.083148643004044],[12.671575452478857,46.08205368286001],[12.674704736335864,46.081577391691965],[12.674614012762133,46.08373566152461],[12.673837338126281,46.08371984945104]]]},"properties":{"nbr_class":"stress","color":"#ffffbf"}},{"type":"Feature","geometry":{"type":"Polygon","coordinates":[[[12.68162672754383,46.08333816285939],[12.681649340730663,46.08279859277142],[12.68009601065851,46.08276705945157],[12.680917914923768,46.08170368898307],[12.683247867595933,46.081750963463385],[12.68322527081823,46.08229053426083],[12.684001930563076,46.08230628216974],[12.683979340698784,46.082845853202265],[12.682426006738934,46.08281435152157],[12.682403401111161,46.08335392190457],[12.68162672754383,46.08333816285939]]]},"properties":{"nbr_class":"moderata","color":"#a6d96a"}},{"type":"Feature","geometry":{"type":"Polygon","coordinates":[[[12.674682056414229,46.08211695923986],[12.674704736335864,46.081577391691965],[12.675481381386774,46.081593197308585],[12.675458709023564,46.08213276515239],[12.674682056414229,46.08211695923986]]]},"properties":{"nbr_class":"sana","color":"#1a9641"}},{"type":"Feature","geometry":{"type":"Polygon","coordinates":[[[12.69176856358211,46.08246347123512],[12.691791077213109,46.08192389720004],[12.692567736508385,46.081939586810215],[12.692545230436316,46.08247916113904],[12.69176856358211,46.08246347123512]]]},"properties":{"nbr_class":"sana","color":"#1a9641"}},{"type":"Feature","geometry":{"type":"Polygon","coordinates":[[[12.661504678871157,46.173112330599054],[12.661527559743242,46.17257277673577],[12.66310626068451,46.172065055287845],[12.66326629757971,46.16828817197508],[12.662488440045044,46.16827226046765],[12.662557040257452,46.166653596185576],[12.66333487501457,46.16666950679928],[12.663426302443682,46.16451128572587],[12.66498191319069,46.16454308870628],[12.664959072496709,46.16508264465999],[12.666537526558695,46.164574870534715],[12.666583175622607,46.163495757257486],[12.665805383793492,46.163479869582225],[12.665942360865017,46.1602425300976],[12.666720107152122,46.16025841598815],[12.66678856410802,46.15863974454482],[12.667566288281602,46.15865562425618],[12.667589098373089,46.158116066691285],[12.666811381788458,46.15810018727725],[12.666857015192177,46.15702107256241],[12.667634716599556,46.15703695138183],[12.667748750753862,46.15433916206006],[12.668526414876053,46.154355034106906],[12.668549212163539,46.153815475765704],[12.67008174508204,46.15438676234209],[12.670104527194969,46.15384720340685],[12.671659844840331,46.15387890990364],[12.671682611127702,46.153339350314894],[12.673237916210951,46.153371035074],[12.673283416485749,46.15229191453045],[12.672505778791402,46.15227607538704],[12.672528535539692,46.15173651532206],[12.670973277282464,46.15170482177116],[12.670996048552686,46.151165262239694],[12.670218427989951,46.15114940783254],[12.671087127123704,46.14900702351522],[12.669509163499995,46.149514870967515],[12.669554730522698,46.148435752553276],[12.668777149194588,46.148419889060065],[12.668799939313821,46.14788033006013],[12.667244793788575,46.147848587812796],[12.667267598425555,46.14730902934729],[12.67115542921725,46.14738834384328],[12.671109895139107,46.14846746368444],[12.671887478426969,46.14848331132236],[12.673533621497985,46.14635674726179],[12.675088731963784,46.14638840317081],[12.67513418499505,46.14530927988584],[12.674356644604261,46.145293455166296],[12.67437937772912,46.144753893730346],[12.67515691053616,46.14476971815361],[12.675179635427618,46.144230156361544],[12.67675739690483,46.14372222631824],[12.676848226713835,46.141563975943434],[12.677625715977216,46.14157978273744],[12.677693808772275,46.13996109344041],[12.678471275940316,46.139976894062976],[12.678493964659369,46.139437330548496],[12.679271424896418,46.1394531255917],[12.67931678522612,46.13837399779189],[12.680094230950841,46.13838978696029],[12.680162243840664,46.136771093925226],[12.680939667472943,46.13678687692374],[12.68100765178998,46.13516818246402],[12.681785053331408,46.13518395929329],[12.681830357811336,46.13410482876378],[12.683385132523878,46.134136365392976],[12.683362495766943,46.134675931278075],[12.68569468544299,46.134723197487155],[12.685717299460821,46.13418363071711],[12.686494689737103,46.13419937525986],[12.685762525557363,46.13310449699774],[12.684207777268089,46.13307299324398],[12.684230404504975,46.13253342688449],[12.683453038912598,46.13251766737903],[12.683520939478669,46.13089896882714],[12.68429828233525,46.13091472744746],[12.684320906985295,46.130375160848935],[12.685098242912492,46.130390913892256],[12.685075625840637,46.130930480785736],[12.687407660247436,46.13097770910824],[12.687430254584589,46.13043814133052],[12.688207593104732,46.130453873246],[12.688252764685782,46.12937473692225],[12.689829983023866,46.128866614889404],[12.689897688154199,46.127247908010375],[12.690674983151222,46.12726362231444],[12.690765217322346,46.1251053444628],[12.692342290423493,46.124597184673895],[12.692387372048737,46.123518044094226],[12.691610128791755,46.12350234241102],[12.691700314612262,46.121344061711106],[12.69327727086732,46.12083588653337],[12.69418959675006,46.117614147697886],[12.694966758627391,46.11762983030861],[12.695011778069228,46.11655068641443],[12.695788925446013,46.116566363158405],[12.69581142662939,46.11602679082829],[12.698142849911674,46.11607378850307],[12.698165327734591,46.11553421523337],[12.698942462545396,46.11554987027294],[12.699099736319848,46.11177285366303],[12.699876818773076,46.11178850137233],[12.69992173321773,46.11070935264672],[12.699144665905937,46.11069370552333],[12.699167129736086,46.11015413136399],[12.699944189477488,46.11016977819443],[12.699989100071976,46.10909062911095],[12.700766145316987,46.109106270077305],[12.700811038205606,46.10802712016958],[12.701588068954779,46.10804275527226],[12.701610506867654,46.10750317993621],[12.7031645551568,46.10753443372229],[12.703186977290184,46.106994857741476],[12.70474101301213,46.10702608983098],[12.704763419366815,46.10648651320581],[12.705540430622387,46.106502121041544],[12.70556282876802,46.105962544064546],[12.70478582508127,46.105946936521036],[12.704053646682107,46.10485217073606],[12.704830634589587,46.10486778297265],[12.704853038383494,46.10432820610903],[12.70563001936506,46.10434381277593],[12.705674809896768,46.10326465828552],[12.706451776384606,46.103280259090845],[12.70647416312308,46.102740681464155],[12.705697204202796,46.10272508095091],[12.70576438328184,46.101106348589475],[12.706541319500758,46.101121948226506],[12.7066084701223,46.0995032144525],[12.707385384283397,46.09951880793686],[12.707430133034952,46.09843965120567],[12.708207032705477,46.09845523882982],[12.708296492276531,46.096296923485085],[12.709073362326754,46.096312504665974],[12.709140427602334,46.09469376665671],[12.709917275599503,46.09470934168682],[12.709984312435276,46.09309060226661],[12.70920748713004,46.093075028111265],[12.708475380751166,46.091980289935755],[12.71158262274501,46.092042573674085],[12.711627277971514,46.09096341235882],[12.712404074944336,46.09097896952286],[12.712471030312686,46.08936022622955],[12.713247805237561,46.0893757772451],[12.713292423837895,46.08829661416952],[12.71251566403706,46.08828106373626],[12.712537979942956,46.08774148240028],[12.713314732182095,46.08775703254242],[12.713337039889014,46.087217450855775],[12.714890531162167,46.08724853473474],[12.714935114419484,46.08616937001893],[12.715711845892098,46.086184903465224],[12.715756411480697,46.085105737929666],[12.716533128470337,46.08512126552034],[12.716577676392076,46.08404209916527],[12.717354378899293,46.08405762090075],[12.717421173330386,46.08243887005],[12.719751216640756,46.08248540099999],[12.71977345750068,46.081945816392896],[12.725210194607298,46.082054202005644],[12.72518800666455,46.082593788641965],[12.724411320465988,46.08257832051389],[12.724322532115735,46.08473666530617],[12.723545816312571,46.08472119074566],[12.723479195708803,46.086339947846334],[12.722702457859329,46.08632446714236],[12.721836823799768,46.08846732081328],[12.72026104986909,46.08897591489662],[12.72021656611636,46.0900550830849],[12.719439777881734,46.090039579252135],[12.719395276461539,46.09111874662191],[12.718618473738955,46.09110323693347],[12.71855169415076,46.092721986670725],[12.717774869376077,46.09270647083572],[12.717730331342974,46.09378563644869],[12.716953492078812,46.093770114757106],[12.716886657564073,46.095388861858396],[12.716109796245265,46.0953733340191],[12.716042933306726,46.09699207971255],[12.71526604993168,46.09697654572491],[12.71522145632423,46.09805570864125],[12.714444558457217,46.09804016879558],[12.714377640569785,46.09965891185072],[12.713600720643981,46.09964336585557],[12.713556090399146,46.10072252701252],[12.712779155979858,46.100706975158424],[12.712712183129167,46.10232571557375],[12.711935226648531,46.10231015756901],[12.711890559756736,46.103389316965554],[12.711113588781096,46.10337375310095],[12.711068904200623,46.10445291167648],[12.710291918729421,46.1044373419516],[12.710247216458411,46.10551649970585],[12.709470216491091,46.10550092412029],[12.709403135587582,46.10711965943005],[12.708626113554436,46.10710407769167],[12.707759581454917,46.10924680125333],[12.706183085622849,46.10975518596256],[12.706138294871211,46.11083433960681],[12.704561739123685,46.1113427006864],[12.704516914247698,46.11242185280415],[12.702940298580403,46.11293019025126],[12.702873009110325,46.11454891604731],[12.702095886225141,46.11453328798996],[12.702028568268776,46.11615201237155],[12.701251423309703,46.11613637815685],[12.701206526319853,46.11721552686101],[12.699629743437413,46.117723815098486],[12.699584812303986,46.11880296227328],[12.698807631410393,46.11878731075496],[12.697985487163786,46.119850799720496],[12.697208292411338,46.119835137055766],[12.697118326407862,46.12199342669444],[12.696341102002126,46.12197775757614],[12.696273598024002,46.1235964732985],[12.695496351537624,46.12358079801924],[12.695451330518388,46.1246599409488],[12.694674069525885,46.12464425980156],[12.694629030780707,46.125723401905184],[12.693851755281525,46.12570771488956],[12.693806698808539,46.12678685616703],[12.69302940880212,46.12677116328259],[12.692961796531902,46.128389873869615],[12.692184484440354,46.128374174822056],[12.692116843639168,46.129992883989964],[12.691339509460898,46.12997717877863],[12.691271840124305,46.13159588652703],[12.690494483857725,46.13158017515129],[12.690449352585107,46.13265931276332],[12.689671981807837,46.132643595516825],[12.688804280756107,46.134786145140716],[12.687226882299072,46.13529424917926],[12.687181681352492,46.13637338359958],[12.686404260107544,46.13635764316071],[12.68633643109976,46.13797634345897],[12.68555898776071,46.1379605968526],[12.68551375002786,46.139039729496375],[12.684736292174785,46.13902397701681],[12.68469103669203,46.14010310883168],[12.683913564324373,46.14008735047852],[12.683868291089844,46.14116648146423],[12.683090804207051,46.14115071723705],[12.682222703076722,46.143293206618466],[12.681445187161986,46.14327743064206],[12.681399860660933,46.14435655913886],[12.680622330229394,46.14434077728722],[12.680576985969095,46.14541990495389],[12.679799441020196,46.14540411722662],[12.679754078998787,46.146483244062914],[12.678976519531968,46.1464674504596],[12.67893113974758,46.14754657646526],[12.678153565762289,46.147530776985505],[12.678085468465019,46.14914946465799],[12.677307872375343,46.14913365900545],[12.67726245576099,46.1502127832295],[12.676484845151318,46.15019697169959],[12.676416692601888,46.151815656698865],[12.675639059885276,46.151799838995025],[12.675593606431338,46.152878961436414],[12.674815959193207,46.15286313785428],[12.674770487965896,46.1539422594638],[12.673992826205692,46.15392643000297],[12.673947337203135,46.15500555078035],[12.673169660920303,46.15498971544042],[12.673101399774955,46.156608395268194],[12.672323701380689,46.156592553752134],[12.672278175520397,46.157671672744826],[12.67150046260198,46.15765582534873],[12.671454918960306,46.15873494350856],[12.66987667675149,46.159242790064894],[12.669808308913833,46.16086146489472],[12.669030552419626,46.160845599856096],[12.66893935581794,46.163003830936034],[12.668161569616116,46.162987959421436],[12.667956270794628,46.167843973173284],[12.667178416921013,46.16782809369531],[12.667087125666798,46.169986319282955],[12.666309242075222,46.16997043332667],[12.66626357734445,46.171049545166206],[12.66548567922032,46.171033653325814],[12.665462838281398,46.17157320885817],[12.664684933218478,46.17155731143094],[12.664662084032049,46.172096866605735],[12.663884172030382,46.17208096359147],[12.663060529972908,46.17314416426641],[12.661504678871157,46.173112330599054]],[[12.677466810077407,46.145356722336984],[12.679021896721801,46.1453883242147],[12.679044584343819,46.14484876100255],[12.678267048280016,46.144832963001775],[12.67828974283711,46.14429340002561],[12.679067271317265,46.144309197730585],[12.679135328346412,46.14269050755586],[12.677557617342375,46.14319847149615],[12.67751221500785,46.1442775970362],[12.676734687829702,46.14426178876238],[12.677466810077407,46.145356722336984]],[[12.679980863172602,46.14108760748947],[12.680758347456273,46.14110339285217],[12.680781014726033,46.14056382857039],[12.680003538024543,46.14054804350322],[12.679980863172602,46.14108760748947]],[[12.679226061973356,46.1405322531523],[12.680003538024543,46.14054804350322],[12.680026212228316,46.14000847945719],[12.67924874375907,46.13999268940191],[12.679226061973356,46.1405322531523]],[[12.681717091755145,46.136802654639176],[12.683271942268448,46.136834194220775],[12.68329458161373,46.136294628574746],[12.681739746261446,46.13626308958365],[12.681717091755145,46.136802654639176]],[[12.685762525557363,46.13310449699774],[12.687339873361017,46.13259641208293],[12.687362469635673,46.13205684448445],[12.684275657038533,46.13145429398624],[12.684253031095114,46.13199386046525],[12.685030389757525,46.13200961439342],[12.685762525557363,46.13310449699774]],[[12.6889171927947,46.13208830480041],[12.68969455534564,46.13210402703494],[12.689762272087885,46.130485321230935],[12.688984932272568,46.130469599879476],[12.6889171927947,46.13208830480041]],[[12.717287578743784,46.085676371215904],[12.718064304570758,46.08569188854911],[12.718086564364587,46.08515230487971],[12.71730984609837,46.08513678783703],[12.717287578743784,46.085676371215904]],[[12.718108823522543,46.08461272115082],[12.718885534866164,46.08462823262907],[12.718907785827922,46.084088648550264],[12.718131082044646,46.084073137362424],[12.718108823522543,46.08461272115082]]]},"properties":{"nbr_class":"stress","color":"#ffffbf"}},{"type":"Feature","geometry":{"type":"Polygon","coordinates":[[[12.66999942849453,46.082561578742904],[12.670067604309647,46.08094288143175],[12.673151448184134,46.081545764640076],[12.673128753145718,46.082085331595856],[12.671575452478857,46.08205368286001],[12.671552741675043,46.08259324916343],[12.66999942849453,46.082561578742904]]]},"properties":{"nbr_class":"moderata","color":"#a6d96a"}},{"type":"Feature","geometry":{"type":"Polygon","coordinates":[[[12.697205245099164,46.08257318982388],[12.697250165893628,46.08149403758585],[12.699580136564059,46.08154097898094],[12.699535261123613,46.08262013297667],[12.697205245099164,46.08257318982388]]]},"properties":{"nbr_class":"sana","color":"#1a9641"}},{"type":"Feature","geometry":{"type":"Polygon","coordinates":[[[12.677743369432692,46.083259288534386],[12.677766020414492,46.08271971992306],[12.676989358297806,46.08270392953394],[12.677012016191304,46.08216436115843],[12.67778867074928,46.08218015125193],[12.677057330036707,46.081085224227984],[12.678610609568183,46.08111679795971],[12.67856532595637,46.08219593607238],[12.680118638317031,46.082227489894166],[12.68009601065851,46.08276705945157],[12.678542683180313,46.08273550503903],[12.678520039757462,46.083275073945885],[12.677743369432692,46.083259288534386]]]},"properties":{"nbr_class":"degradata","color":"#fdae61"}},{"type":"Feature","geometry":{"type":"Polygon","coordinates":[[[12.680917914923768,46.08170368898307],[12.68094053373126,46.08116411901091],[12.682493819748027,46.08119564001398],[12.682471216057344,46.08173521057628],[12.680917914923768,46.08170368898307]]]},"properties":{"nbr_class":"degradata","color":"#fdae61"}},{"type":"Feature","geometry":{"type":"Polygon","coordinates":[[[12.682471216057344,46.08173521057628],[12.682493819748027,46.08119564001398],[12.683270463728178,46.08121139260617],[12.683247867595933,46.081750963463385],[12.682471216057344,46.08173521057628]]]},"properties":{"nbr_class":"stress","color":"#ffffbf"}},{"type":"Feature","geometry":{"type":"Polygon","coordinates":[[[12.686331913681068,46.08235349425768],[12.685600399553106,46.08125861874519],[12.688706989708713,46.08132151310919],[12.688661902619696,46.0824006588872],[12.686331913681068,46.08235349425768]]]},"properties":{"nbr_class":"sana","color":"#1a9641"}},{"type":"Feature","geometry":{"type":"Polygon","coordinates":[[[12.701111031277943,46.08211182449166],[12.701133453559795,46.08157224687858],[12.70268677312587,46.08160349368351],[12.702664365962015,46.082143071881596],[12.701111031277943,46.08211182449166]]]},"properties":{"nbr_class":"sana","color":"#1a9641"}},{"type":"Feature","geometry":{"type":"Polygon","coordinates":[[[12.68094053373126,46.08116411901091],[12.680963151892671,46.080624548978946],[12.68251642279306,46.080656069391914],[12.682493819748027,46.08119564001398],[12.68094053373126,46.08116411901091]]]},"properties":{"nbr_class":"stress","color":"#ffffbf"}},{"type":"Feature","geometry":{"type":"Polygon","coordinates":[[[12.68322527081823,46.08229053426083],[12.683293059214988,46.08067182168919],[12.684868913726543,46.080163738899024],[12.684823753630935,46.08124288197178],[12.684047108355886,46.08122713992543],[12.684001930563076,46.08230628216974],[12.68322527081823,46.08229053426083]]]},"properties":{"nbr_class":"sana","color":"#1a9641"}},{"type":"Feature","geometry":{"type":"Polygon","coordinates":[[[12.693344396448648,46.081955271147244],[12.693411888132156,46.08033654692172],[12.697295084121862,46.080414885109164],[12.697227705817186,46.0820336137347],[12.693344396448648,46.081955271147244]]]},"properties":{"nbr_class":"stress","color":"#ffffbf"}},{"type":"Feature","geometry":{"type":"Polygon","coordinates":[[[12.671598162633959,46.08151411649673],[12.671620872140371,46.0809745500736],[12.670067604309647,46.08094288143175],[12.670889670081895,46.079879585956014],[12.672442908983301,46.07991124286702],[12.672397507032038,46.08099037648541],[12.67317414257429,46.08100619762445],[12.673151448184134,46.081545764640076],[12.671598162633959,46.08151411649673]]]},"properties":{"nbr_class":"stress","color":"#ffffbf"}},{"type":"Feature","geometry":{"type":"Polygon","coordinates":[[[12.669313702902336,46.080387473608226],[12.669336433784359,46.07984790795485],[12.670889670081895,46.079879585956014],[12.670866954315128,46.080419152202445],[12.669313702902336,46.080387473608226]]]},"properties":{"nbr_class":"degradata","color":"#fdae61"}},{"type":"Feature","geometry":{"type":"Polygon","coordinates":[[[12.698825923348155,46.08098576032789],[12.698848367024599,46.08044618347376],[12.699625009440862,46.080461824746635],[12.699602573322904,46.08100140189361],[12.698825923348155,46.08098576032789]]]},"properties":{"nbr_class":"stress","color":"#ffffbf"}},{"type":"Feature","geometry":{"type":"Polygon","coordinates":[[[12.673151448184134,46.081545764640076],[12.67317414257429,46.08100619762445],[12.672397507032038,46.08099037648541],[12.672465608986315,46.079371675968076],[12.674018835374856,46.0794033111966],[12.673950778766905,46.08102201349074],[12.67552672417038,46.08051406144152],[12.675481381386774,46.081593197308585],[12.673151448184134,46.081545764640076]]]},"properties":{"nbr_class":"moderata","color":"#a6d96a"}},{"type":"Feature","geometry":{"type":"Polygon","coordinates":[[[12.673950778766905,46.08102201349074],[12.674018835374856,46.0794033111966],[12.674795449544357,46.07941912090214],[12.67552672417038,46.08051406144152],[12.673950778766905,46.08102201349074]]]},"properties":{"nbr_class":"sana","color":"#1a9641"}},{"type":"Feature","geometry":{"type":"Polygon","coordinates":[[[12.686399611375874,46.08073477815001],[12.686444739949623,46.079655633779524],[12.687997989678843,46.07968707919536],[12.687975440830067,46.08022665199918],[12.688752074222025,46.08024236709229],[12.688729532287322,46.0807819401306],[12.686399611375874,46.08073477815001]]]},"properties":{"nbr_class":"stress","color":"#ffffbf"}},{"type":"Feature","geometry":{"type":"Polygon","coordinates":[[[12.67552672417038,46.08051406144152],[12.675549394590822,46.079974493418256],[12.674772772213892,46.07995868868933],[12.674795449544357,46.07941912090214],[12.676348679832735,46.07945072449573],[12.676303354754781,46.08052986119363],[12.67552672417038,46.08051406144152]]]},"properties":{"nbr_class":"moderata","color":"#a6d96a"}},{"type":"Feature","geometry":{"type":"Polygon","coordinates":[[[12.681762396976273,46.080100741435],[12.681785006287843,46.07956117098839],[12.682561626946267,46.079576927968475],[12.682539025192465,46.08011649871008],[12.681762396976273,46.080100741435]]]},"properties":{"nbr_class":"stress","color":"#ffffbf"}},{"type":"Feature","geometry":{"type":"Polygon","coordinates":[[[12.692635250867452,46.08032086346558],[12.692680257226105,46.0792417142707],[12.693456879374843,46.07925739713961],[12.693411888132156,46.08033654692172],[12.692635250867452,46.08032086346558]]]},"properties":{"nbr_class":"stress","color":"#ffffbf"}},{"type":"Feature","geometry":{"type":"Polygon","coordinates":[[[12.683338248252396,46.079592679675955],[12.683360841803037,46.07905310857969],[12.684137456199052,46.07906885471975],[12.684114870206011,46.0796084261108],[12.683338248252396,46.079592679675955]]]},"properties":{"nbr_class":"sana","color":"#1a9641"}},{"type":"Feature","geometry":{"type":"Polygon","coordinates":[[[12.680231766914972,46.07952964121044],[12.68027701383039,46.07845050131848],[12.681053618077957,46.07846626825337],[12.68100838627734,46.07954540873572],[12.680231766914972,46.07952964121044]]]},"properties":{"nbr_class":"sana","color":"#1a9641"}},{"type":"Feature","geometry":{"type":"Polygon","coordinates":[[[12.70117829620208,46.080493091473514],[12.701200716562559,46.07995351368155],[12.700424080418887,46.079937883247226],[12.700468934334621,46.07885872806965],[12.702798799344869,46.07890560179881],[12.70273158553346,46.08052433710848],[12.70117829620208,46.080493091473514]]]},"properties":{"nbr_class":"sana","color":"#1a9641"}},{"type":"Feature","geometry":{"type":"Polygon","coordinates":[[[12.67872380728039,46.07841895163157],[12.678746444882899,46.07787938218656],[12.679523040276607,46.07789515937082],[12.679500410231128,46.07843472911121],[12.67872380728039,46.07841895163157]]]},"properties":{"nbr_class":"degradata","color":"#fdae61"}},{"type":"Feature","geometry":{"type":"Polygon","coordinates":[[[12.684936649032824,46.078545023841784],[12.68495922617844,46.078005452036535],[12.685735826754092,46.07802118704234],[12.685713257165691,46.078560759142164],[12.684936649032824,46.078545023841784]]]},"properties":{"nbr_class":"degradata","color":"#fdae61"}},{"type":"Feature","geometry":{"type":"Polygon","coordinates":[[[12.700468934334621,46.07885872806965],[12.700491360331602,46.07831915039141],[12.702044587914076,46.07835040423174],[12.702022177032458,46.07888998249511],[12.700468934334621,46.07885872806965]]]},"properties":{"nbr_class":"stress","color":"#ffffbf"}},{"type":"Feature","geometry":{"type":"Polygon","coordinates":[[[12.689506173883467,46.08079765024501],[12.68952870825998,46.08025807691259],[12.688752074222025,46.08024236709229],[12.688864774237771,46.07754450100493],[12.690417967383905,46.07757591243223],[12.69039544378263,46.07811548635722],[12.691948654624909,46.078146877282876],[12.69192614549505,46.078686451735855],[12.69270275944128,46.07870213958372],[12.692680257226105,46.0792417142707],[12.69112701486346,46.079210332714915],[12.691104496889846,46.07974990675468],[12.690327869118564,46.079734207773924],[12.690282816125418,46.080813355086526],[12.689506173883467,46.08079765024501]]]},"properties":{"nbr_class":"sana","color":"#1a9641"}},{"type":"Feature","geometry":{"type":"Polygon","coordinates":[[[12.676144696589185,46.08430683775223],[12.67619003073085,46.0832277018917],[12.675413362354215,46.08321190066053],[12.675436036012718,46.08267233293637],[12.676212696830477,46.08268813387171],[12.676258027087421,46.08160899765231],[12.675481381386774,46.081593197308585],[12.67552672417038,46.08051406144152],[12.676303354754781,46.08052986119363],[12.676348679832735,46.07945072449573],[12.675572064363722,46.07943492533519],[12.675640069797387,46.077816220727065],[12.676416662594937,46.07783201900028],[12.676371341400742,46.07891115605706],[12.677924559172043,46.07894273796932],[12.67799249465062,46.07732403052071],[12.680322258161079,46.07737136118738],[12.680254390695783,46.078990071294356],[12.678701169031266,46.07895852101678],[12.67787926561877,46.08002187596939],[12.67865589059309,46.080037659607825],[12.678633250403989,46.08057722881367],[12.68018651741464,46.08060878086329],[12.680163891695074,46.081148350600046],[12.68094053373126,46.08116411901091],[12.680895295470172,46.08224325889547],[12.67856532595637,46.08219593607238],[12.678610609568183,46.08111679795971],[12.677057330036707,46.081085224227984],[12.677034673437596,46.08162479272311],[12.677811320437078,46.08164058252099],[12.67778867074928,46.08218015125193],[12.677012016191304,46.08216436115843],[12.677743369432692,46.083259288534386],[12.678520039757462,46.083275073945885],[12.678542683180313,46.08273550503903],[12.68009601065851,46.08276705945157],[12.68007338235362,46.08330662894917],[12.679296710731176,46.08329085408415],[12.67927407422069,46.083830423226644],[12.67694404056911,46.08378306610555],[12.676921380733864,46.08432263430164],[12.676144696589185,46.08430683775223]],[[12.67872380728039,46.07841895163157],[12.679500410231128,46.07843472911121],[12.679523040276607,46.07789515937082],[12.678746444882899,46.07787938218656],[12.67872380728039,46.07841895163157]]]},"properties":{"nbr_class":"stress","color":"#ffffbf"}},{"type":"Feature","geometry":{"type":"Polygon","coordinates":[[[12.676371341400742,46.07891115605706],[12.676439322221166,46.077292450382174],[12.67721590811133,46.07730824308751],[12.677193256041848,46.07784781200128],[12.677969850137908,46.077863599730044],[12.677924559172043,46.07894273796932],[12.676371341400742,46.07891115605706]]]},"properties":{"nbr_class":"moderata","color":"#a6d96a"}},{"type":"Feature","geometry":{"type":"Polygon","coordinates":[[[12.687289029845493,46.07805264123686],[12.687311583675177,46.077513068488415],[12.688088178633423,46.077528787382825],[12.68806563236081,46.07806836042555],[12.687289029845493,46.07805264123686]]]},"properties":{"nbr_class":"degradata","color":"#fdae61"}},{"type":"Feature","geometry":{"type":"Polygon","coordinates":[[[12.69347937403236,46.078717822159014],[12.692747761943446,46.077622990030676],[12.69430096154085,46.07765434873452],[12.694255989268076,46.07873349946175],[12.69347937403236,46.078717822159014]]]},"properties":{"nbr_class":"stress","color":"#ffffbf"}},{"type":"Feature","geometry":{"type":"Polygon","coordinates":[[[12.68262942833427,46.077958215385095],[12.68265202750588,46.077418644404425],[12.684227793720165,46.076910568558006],[12.684182626249774,46.07798971175839],[12.68262942833427,46.077958215385095]]]},"properties":{"nbr_class":"degradata","color":"#fdae61"}},{"type":"Feature","geometry":{"type":"Polygon","coordinates":[[[12.67799249465062,46.07732403052071],[12.678015138516551,46.07678446125157],[12.680344879357207,46.07683179103215],[12.680322258161079,46.07737136118738],[12.67799249465062,46.07732403052071]]]},"properties":{"nbr_class":"moderata","color":"#a6d96a"}},{"type":"Feature","geometry":{"type":"Polygon","coordinates":[[[12.69585416371574,46.0776856863488],[12.695876633774587,46.077146110308995],[12.698206419194543,46.07719307630804],[12.698183971807074,46.07773265322715],[12.69585416371574,46.0776856863488]]]},"properties":{"nbr_class":"sana","color":"#1a9641"}},{"type":"Feature","geometry":{"type":"Polygon","coordinates":[[[12.691194564925254,46.077591610237384],[12.691239595084138,46.07651246162054],[12.692016178157006,46.07652815356579],[12.691971163111841,46.077607302770204],[12.691194564925254,46.077591610237384]]]},"properties":{"nbr_class":"stress","color":"#ffffbf"}},{"type":"Feature","geometry":{"type":"Polygon","coordinates":[[[12.700513785688026,46.07777957265352],[12.700558634479279,46.07670041699887],[12.702089407756946,46.077271247526106],[12.702066998155562,46.077810825908735],[12.700513785688026,46.07777957265352]]]},"properties":{"nbr_class":"sana","color":"#1a9641"}},{"type":"Feature","geometry":{"type":"Polygon","coordinates":[[[12.685004378535092,46.076926308246804],[12.685026953746174,46.07638673626233],[12.685803531651475,46.076402470384394],[12.685780963996962,46.07694204266345],[12.685004378535092,46.076926308246804]]]},"properties":{"nbr_class":"degradata","color":"#fdae61"}},{"type":"Feature","geometry":{"type":"Polygon","coordinates":[[[12.681920648596316,46.0763237470536],[12.681943253387784,46.075784176188606],[12.682719821147854,46.075799931103866],[12.68269722391265,46.07633950226382],[12.681920648596316,46.0763237470536]]]},"properties":{"nbr_class":"degradata","color":"#fdae61"}},{"type":"Feature","geometry":{"type":"Polygon","coordinates":[[[12.67881435381098,46.076260673492776],[12.678859623197052,46.07518153406462],[12.679636180808831,46.07519730977211],[12.679590926534884,46.076276449790946],[12.67881435381098,46.076260673492776]]]},"properties":{"nbr_class":"moderata","color":"#a6d96a"}},{"type":"Feature","geometry":{"type":"Polygon","coordinates":[[[12.685803531651475,46.076402470384394],[12.685848665026775,46.07532332564706],[12.68662522846624,46.07533905390816],[12.686580110203478,46.07641819923441],[12.685803531651475,46.076402470384394]]]},"properties":{"nbr_class":"degradata","color":"#fdae61"}},{"type":"Feature","geometry":{"type":"Polygon","coordinates":[[[12.681943253387784,46.075784176188606],[12.681965857533616,46.07524460526383],[12.68274241773764,46.07526035988415],[12.682719821147854,46.075799931103866],[12.681943253387784,46.075784176188606]]]},"properties":{"nbr_class":"stress","color":"#ffffbf"}},{"type":"Feature","geometry":{"type":"Polygon","coordinates":[[[12.696675690131098,46.07662219452166],[12.695944040100384,46.075527381831535],[12.69749718439669,46.07555869601109],[12.697474731376133,46.07609827281618],[12.69825131204602,46.07611392229088],[12.698228865940852,46.07665349932929],[12.696675690131098,46.07662219452166]]]},"properties":{"nbr_class":"stress","color":"#ffffbf"}},{"type":"Feature","geometry":{"type":"Polygon","coordinates":[[[12.697474731376133,46.07609827281618],[12.69749718439669,46.07555869601109],[12.698273757510076,46.07557434519283],[12.69825131204602,46.07611392229088],[12.697474731376133,46.07609827281618]]]},"properties":{"nbr_class":"moderata","color":"#a6d96a"}},{"type":"Feature","geometry":{"type":"Polygon","coordinates":[[[12.675708069403989,46.076197515580596],[12.675730734644723,46.07565794707881],[12.677283860437882,46.07568953598739],[12.677329158754231,46.074610397621605],[12.6781057075129,46.07462618357707],[12.678037781735721,46.076244891922634],[12.675708069403989,46.076197515580596]]]},"properties":{"nbr_class":"moderata","color":"#a6d96a"}},{"type":"Feature","geometry":{"type":"Polygon","coordinates":[[[12.682719821147854,46.075799931103866],[12.681988461033832,46.0747050342793],[12.685871230747606,46.07478375318879],[12.68504952831246,46.07584716421808],[12.682719821147854,46.075799931103866]]]},"properties":{"nbr_class":"moderata","color":"#a6d96a"}},{"type":"Feature","geometry":{"type":"Polygon","coordinates":[[[12.68509467551072,46.07476801995038],[12.685117248142744,46.0742284477269],[12.685893795823922,46.07424418067076],[12.685871230747606,46.07478375318879],[12.68509467551072,46.07476801995038]]]},"properties":{"nbr_class":"degradata","color":"#fdae61"}},{"type":"Feature","geometry":{"type":"Polygon","coordinates":[[[12.68299926753599,46.08768623894846],[12.683021870769528,46.08714666874862],[12.68149103485692,46.08657558213194],[12.68153626833669,46.08549644261352],[12.682312972142427,46.08551220283889],[12.682335580353303,46.08497263269496],[12.683112277247048,46.08498838735168],[12.683089676596115,46.08552795779057],[12.684643087446503,46.08555945187278],[12.68471084210394,46.08394073860803],[12.683934159034314,46.08392499508804],[12.683979340698784,46.082845853202265],[12.684756008649932,46.08286159613277],[12.68477859095531,46.08232202480553],[12.684001930563076,46.08230628216974],[12.684868913726543,46.080163738899024],[12.684092283567818,46.0801479974421],[12.683270463728178,46.08121139260617],[12.682493819748027,46.08119564001398],[12.68251642279306,46.080656069391914],[12.680963151892671,46.080624548978946],[12.68094053373126,46.08116411901091],[12.680163891695074,46.081148350600046],[12.68018651741464,46.08060878086329],[12.678633250403989,46.08057722881367],[12.67865589059309,46.080037659607825],[12.67787926561877,46.08002187596939],[12.678701169031266,46.07895852101678],[12.680254390695783,46.078990071294356],[12.680231766914972,46.07952964121044],[12.68100838627734,46.07954540873572],[12.681053618077957,46.07846626825337],[12.68027701383039,46.07845050131848],[12.680322258161079,46.07737136118738],[12.681098847294706,46.077387127531914],[12.68118929797733,46.075228845371726],[12.681965857533616,46.07524460526383],[12.681875437076378,46.07740288860427],[12.68265202750588,46.077418644404425],[12.681830222973613,46.07848202991588],[12.684160041546965,46.07852928326894],[12.684137456199052,46.07906885471975],[12.686467303269728,46.079116061504685],[12.686512427976515,46.07803691677579],[12.68806563236081,46.07806836042555],[12.688110724262055,46.07698921428037],[12.68733413686066,46.07697349568024],[12.687401792552146,46.07535477689736],[12.689731488686345,46.07540191423363],[12.68970896010201,46.075941488103474],[12.69048553432779,46.07595719029903],[12.690530575740667,46.07487804191169],[12.691307135499452,46.07489373824749],[12.692128704520256,46.073830279510055],[12.692905250457455,46.07384596471483],[12.692860256952166,46.074925115103525],[12.69518994396587,46.07497214084851],[12.695167468917893,46.075511716833724],[12.695944040100384,46.075527381831535],[12.696675690131098,46.07662219452166],[12.698228865940852,46.07665349932929],[12.69825131204602,46.07611392229088],[12.700581057914158,46.076160839082085],[12.700513785688026,46.07777957265352],[12.702066998155562,46.077810825908735],[12.702044587914076,46.07835040423174],[12.700491360331602,46.07831915039141],[12.700424080418887,46.079937883247226],[12.701200716562559,46.07995351368155],[12.70117829620208,46.080493091473514],[12.70273158553346,46.08052433710848],[12.70268677312587,46.08160349368351],[12.701133453559795,46.08157224687858],[12.701111031277943,46.08211182449166],[12.702664365962015,46.082143071881596],[12.702619549714061,46.0832222280989],[12.696406105459245,46.08309710729601],[12.69642857437815,46.08255753155964],[12.693321897935528,46.08249484576971],[12.693276898981226,46.08357399483558],[12.692500216363463,46.08355830961761],[12.69176856358211,46.08246347123512],[12.690215231809589,46.08243207560759],[12.690125110378792,46.084590368799745],[12.689348415223314,46.08457466189995],[12.689393492345117,46.0834955160114],[12.687840134210589,46.08346408756785],[12.687817580852657,46.08400365995359],[12.688594267156315,46.0840193771063],[12.688549173627226,46.085098522287105],[12.686973208576346,46.08560665344314],[12.687704804398697,46.08670152098632],[12.68615135813,46.08667006791632],[12.685329475509011,46.08773347569848],[12.684552738870533,46.087717735389255],[12.684575326982387,46.08717816459976],[12.68299926753599,46.08768623894846]],[[12.686219071297032,46.085051353242385],[12.686995771427199,46.08506708153096],[12.687086016385667,46.08290879328488],[12.684756008649932,46.08286159613277],[12.684733425699484,46.08340116740028],[12.686264210184687,46.083972209827714],[12.686219071297032,46.085051353242385]],[[12.686331913681068,46.08235349425768],[12.688661902619696,46.0824006588872],[12.688706989708713,46.08132151310919],[12.685600399553106,46.08125861874519],[12.686331913681068,46.08235349425768]],[[12.69176856358211,46.08246347123512],[12.692545230436316,46.08247916113904],[12.692567736508385,46.081939586810215],[12.691791077213109,46.08192389720004],[12.69176856358211,46.08246347123512]],[[12.697205245099164,46.08257318982388],[12.699535261123613,46.08262013297667],[12.699580136564059,46.08154097898094],[12.697250165893628,46.08149403758585],[12.697295084121862,46.080414885109164],[12.693411888132156,46.08033654692172],[12.693344396448648,46.081955271147244],[12.697227705817186,46.0820336137347],[12.697205245099164,46.08257318982388]],[[12.686399611375874,46.08073477815001],[12.688729532287322,46.0807819401306],[12.688752074222025,46.08024236709229],[12.687975440830067,46.08022665199918],[12.687997989678843,46.07968707919536],[12.686444739949623,46.079655633779524],[12.686399611375874,46.08073477815001]],[[12.689506173883467,46.08079765024501],[12.690282816125418,46.080813355086526],[12.690327869118564,46.079734207773924],[12.691104496889846,46.07974990675468],[12.69112701486346,46.079210332714915],[12.692680257226105,46.0792417142707],[12.69270275944128,46.07870213958372],[12.69192614549505,46.078686451735855],[12.691948654624909,46.078146877282876],[12.69039544378263,46.07811548635722],[12.690417967383905,46.07757591243223],[12.688864774237771,46.07754450100493],[12.688752074222025,46.08024236709229],[12.68952870825998,46.08025807691259],[12.689506173883467,46.08079765024501]],[[12.698825923348155,46.08098576032789],[12.699602573322904,46.08100140189361],[12.699625009440862,46.080461824746635],[12.698848367024599,46.08044618347376],[12.698825923348155,46.08098576032789]],[[12.681762396976273,46.080100741435],[12.682539025192465,46.08011649871008],[12.682561626946267,46.079576927968475],[12.681785006287843,46.07956117098839],[12.681762396976273,46.080100741435]],[[12.692635250867452,46.08032086346558],[12.693411888132156,46.08033654692172],[12.693456879374843,46.07925739713961],[12.692680257226105,46.0792417142707],[12.692635250867452,46.08032086346558]],[[12.683338248252396,46.079592679675955],[12.684114870206011,46.0796084261108],[12.684137456199052,46.07906885471975],[12.683360841803037,46.07905310857969],[12.683338248252396,46.079592679675955]],[[12.69347937403236,46.078717822159014],[12.694255989268076,46.07873349946175],[12.69430096154085,46.07765434873452],[12.692747761943446,46.077622990030676],[12.69347937403236,46.078717822159014]],[[12.691194564925254,46.077591610237384],[12.691971163111841,46.077607302770204],[12.692016178157006,46.07652815356579],[12.691239595084138,46.07651246162054],[12.691194564925254,46.077591610237384]],[[12.69585416371574,46.0776856863488],[12.698183971807074,46.07773265322715],[12.698206419194543,46.07719307630804],[12.695876633774587,46.077146110308995],[12.69585416371574,46.0776856863488]]]},"properties":{"nbr_class":"moderata","color":"#a6d96a"}},{"type":"Feature","geometry":{"type":"Polygon","coordinates":[[[12.684137456199052,46.07906885471975],[12.684160041546965,46.07852928326894],[12.681830222973613,46.07848202991588],[12.68185283034786,46.07794245928997],[12.684182626249774,46.07798971175839],[12.684227793720165,46.076910568558006],[12.683451209552395,46.076894823597065],[12.68342861858299,46.07743439493237],[12.681875437076378,46.07740288860427],[12.681920648596316,46.0763237470536],[12.68269722391265,46.07633950226382],[12.682719821147854,46.075799931103866],[12.68504952831246,46.07584716421808],[12.685072102233967,46.07530759211411],[12.685848665026775,46.07532332564706],[12.685893795823922,46.07424418067076],[12.685117248142744,46.0742284477269],[12.68509467551072,46.07476801995038],[12.682765013682024,46.074720788604665],[12.682810203634688,46.07364164586642],[12.687469442446668,46.073736057576916],[12.686647786631125,46.074799481155424],[12.688977458159325,46.07484663342461],[12.68902252722221,46.07376748597446],[12.691352159227915,46.073814589033624],[12.69048553432779,46.07595719029903],[12.68970896010201,46.075941488103474],[12.689731488686345,46.07540191423363],[12.687401792552146,46.07535477689736],[12.68733413686066,46.07697349568024],[12.688110724262055,46.07698921428037],[12.688088178633423,46.077528787382825],[12.686512427976515,46.07803691677579],[12.686467303269728,46.079116061504685],[12.684137456199052,46.07906885471975]],[[12.684936649032824,46.078545023841784],[12.685713257165691,46.078560759142164],[12.685735826754092,46.07802118704234],[12.68495922617844,46.078005452036535],[12.684936649032824,46.078545023841784]],[[12.685004378535092,46.076926308246804],[12.685780963996962,46.07694204266345],[12.685803531651475,46.076402470384394],[12.685026953746174,46.07638673626233],[12.685004378535092,46.076926308246804]],[[12.685803531651475,46.076402470384394],[12.686580110203478,46.07641819923441],[12.68662522846624,46.07533905390816],[12.685848665026775,46.07532332564706],[12.685803531651475,46.076402470384394]]]},"properties":{"nbr_class":"stress","color":"#ffffbf"}},{"type":"Feature","geometry":{"type":"Polygon","coordinates":[[[12.686647786631125,46.074799481155424],[12.687469442446668,46.073736057576916],[12.68902252722221,46.07376748597446],[12.688977458159325,46.07484663342461],[12.686647786631125,46.074799481155424]]]},"properties":{"nbr_class":"degradata","color":"#fdae61"}},{"type":"Feature","geometry":{"type":"Polygon","coordinates":[[[12.683586741819314,46.07365739433037],[12.68360932827243,46.073117822576776],[12.68438585954906,46.07313356547447],[12.684363280651176,46.073673137522796],[12.683586741819314,46.07365739433037]]]},"properties":{"nbr_class":"moderata","color":"#a6d96a"}},{"type":"Feature","geometry":{"type":"Polygon","coordinates":[[[12.677193256041848,46.07784781200128],[12.67721590811133,46.07730824308751],[12.676439322221166,46.077292450382174],[12.675708069403989,46.076197515580596],[12.678037781735721,46.076244891922634],[12.6781057075129,46.07462618357707],[12.679658806976404,46.07465773967301],[12.679726681601784,46.07303902901696],[12.681279738326676,46.07307056225511],[12.681324954626824,46.07199142033817],[12.683654499243406,46.07203867889031],[12.683631914080452,46.07257825076342],[12.68518496217066,46.072609730698005],[12.68513982013006,46.07368887544368],[12.68360932827243,46.073117822576776],[12.683586741819314,46.07365739433037],[12.682810203634688,46.07364164586642],[12.682765013682024,46.074720788604665],[12.68118929797733,46.075228845371726],[12.681098847294706,46.077387127531914],[12.680322258161079,46.07737136118738],[12.680344879357207,46.07683179103215],[12.678015138516551,46.07678446125157],[12.677969850137908,46.077863599730044],[12.677193256041848,46.07784781200128]],[[12.67881435381098,46.076260673492776],[12.679590926534884,46.076276449790946],[12.679636180808831,46.07519730977211],[12.678859623197052,46.07518153406462],[12.67881435381098,46.076260673492776]]]},"properties":{"nbr_class":"sana","color":"#1a9641"}},{"type":"Feature","geometry":{"type":"Polygon","coordinates":[[[12.6781057075129,46.07462618357707],[12.678128348145261,46.074086614008934],[12.67890488999722,46.07410239439731],[12.67899541584058,46.07194411434517],[12.679771928121152,46.07195988828069],[12.679749305184542,46.07249945867873],[12.681324954626824,46.07199142033817],[12.681279738326676,46.07307056225511],[12.679726681601784,46.07303902901696],[12.679658806976404,46.07465773967301],[12.6781057075129,46.07462618357707]]]},"properties":{"nbr_class":"moderata","color":"#a6d96a"}},{"type":"Feature","geometry":{"type":"Polygon","coordinates":[[[12.679749305184542,46.07249945867873],[12.679771928121152,46.07195988828069],[12.680548441049973,46.07197565694503],[12.680525825668047,46.07251522763827],[12.679749305184542,46.07249945867873]]]},"properties":{"nbr_class":"stress","color":"#ffffbf"}},{"type":"Feature","geometry":{"type":"Polygon","coordinates":[[[12.678128348145261,46.074086614008934],[12.678150988130975,46.073547044381016],[12.676597921484081,46.07351546838077],[12.676665882890505,46.07189676091161],[12.678218904208471,46.071928335138466],[12.678241541607832,46.07138876527137],[12.679018045685517,46.071404544182656],[12.67890488999722,46.07410239439731],[12.678128348145261,46.074086614008934]]]},"properties":{"nbr_class":"stress","color":"#ffffbf"}},{"type":"Feature","geometry":{"type":"Polygon","coordinates":[[[12.676665882890505,46.07189676091161],[12.676711187259823,46.07081762229981],[12.679040674884135,46.070864973960354],[12.678218904208471,46.071928335138466],[12.676665882890505,46.07189676091161]]]},"properties":{"nbr_class":"moderata","color":"#a6d96a"}},{"type":"Feature","geometry":{"type":"Polygon","coordinates":[[[12.676711187259823,46.07081762229981],[12.676733838474064,46.07027805290419],[12.67828681446698,46.070309625357766],[12.678264178360658,46.070849195344465],[12.676711187259823,46.07081762229981]]]},"properties":{"nbr_class":"sana","color":"#1a9641"}}]}