{"type":"FeatureCollection","features":[{"type":"Feature","properties":{"u":275047952,"v":564874425,"length":25.059,"highway":"primary"},"geometry":{"type":"LineString","coordinates":[[12.653112,46.082895],[12.653082,46.082954],[12.653057,46.082994],[12.653013,46.083042],[12.652954,46.083089]]}},{"type":"Feature","properties":{"u":564874425,"v":745484901,"length":20.758,"highway":"primary"},"geometry":{"type":"LineString","coordinates":[[12.652954,46.083089],[12.652827,46.083135],[12.652774,46.083151],[12.652709,46.083165]]}},{"type":"Feature","properties":{"u":745484901,"v":745484885,"length":28.856,"highway":"primary"},"geometry":{"type":"LineString","coordinates":[[12.652709,46.083165],[12.652631,46.083173],[12.652557,46.083173],[12.652486,46.083167],[12.65242,46.083151],[12.652345,46.083132]]}},{"type":"Feature","properties":{"u":745484885,"v":745484906,"length":52.009,"highway":"primary"},"geometry":{"type":"LineString","coordinates":[[12.652345,46.083132],[12.652261,46.083095],[12.652187,46.083037],[12.652152,46.082997],[12.652107,46.082941],[12.652082,46.082874],[12.652076,46.082811],[12.652078,46.082733]]}},{"type":"Feature","properties":{"u":745484906,"v":745484923,"length":26.615,"highway":"primary"},"geometry":{"type":"LineString","coordinates":[[12.652078,46.082733],[12.65209,46.082708],[12.652101,46.082689],[12.652131,46.082643],[12.652186,46.082585],[12.652256,46.082531]]}},{"type":"Feature","properties":{"u":745484923,"v":745484894,"length":13.573,"highway":"primary"},"geometry":{"type":"LineString","coordinates":[[12.652256,46.082531],[12.652311,46.082505],[12.652404,46.082465]]}},{"type":"Feature","properties":{"u":745484894,"v":275047949,"length":29.087,"highway":"primary"},"geometry":{"type":"LineString","coordinates":[[12.652404,46.082465],[12.652513,46.082456],[12.652588,46.082453],[12.652671,46.08245],[12.652774,46.082475]]}},{"type":"Feature","properties":{"u":275047949,"v":745484913,"length":15.866,"highway":"primary"},"geometry":{"type":"LineString","coordinates":[[12.652774,46.082475],[12.652876,46.082508],[12.652948,46.082549]]}},{"type":"Feature","properties":{"u":745484913,"v":745484895,"length":25.234,"highway":"primary"},"geometry":{"type":"LineString","coordinates":[[12.652948,46.082549],[12.653001,46.082594],[12.653033,46.082629],[12.653063,46.082676],[12.653102,46.082747]]}},{"type":"Feature","properties":{"u":745484895,"v":275047952,"length":16.526,"highway":"primary"},"geometry":{"type":"LineString","coordinates":[[12.653102,46.082747],[12.653106,46.082767],[12.653116,46.082832],[12.653112,46.082895]]}},{"type":"Feature","properties":{"u":275047971,"v":912292026,"length":11.416,"highway":"primary"},"geometry":{"type":"LineString","coordinates":[[12.690886,46.155165],[12.690743,46.155138]]}},{"type":"Feature","properties":{"u":912292026,"v":275047953,"length":73.668,"highway":"primary"},"geometry":{"type":"LineString","coordinates":[[12.690743,46.155138],[12.690565,46.155086],[12.690397,46.155014],[12.690262,46.154936],[12.69012,46.154824],[12.690026,46.154722]]}},{"type":"Feature","properties":{"u":275047953,"v":275047954,"length":52.402,"highway":"primary"},"geometry":{"type":"LineString","coordinates":[[12.690026,46.154722],[12.689954,46.154615],[12.68991,46.154521],[12.689873,46.15438],[12.689867,46.154269]]}},{"type":"Feature","properties":{"u":275047954,"v":275047817,"length":80.115,"highway":"primary"},"geometry":{"type":"LineString","coordinates":[[12.689867,46.154269],[12.689884,46.154142],[12.689948,46.153978],[12.690018,46.153871],[12.69011,46.153769],[12.690172,46.153714],[12.690288,46.153631]]}},{"type":"Feature","properties":{"u":275047817,"v":1429391669,"length":79.082,"highway":"primary"},"geometry":{"type":"LineString","coordinates":[[12.690288,46.153631],[12.690373,46.153582],[12.690523,46.153513],[12.690655,46.153468],[12.690813,46.15343],[12.691024,46.153403],[12.691231,46.153399]]}},{"type":"Feature","properties":{"u":1429391669,"v":275047957,"length":14.146,"highway":"primary"},"geometry":{"type":"LineString","coordinates":[[12.691231,46.153399],[12.691413,46.153416]]}},{"type":"Feature","properties":{"u":275047957,"v":912301685,"length":74.707,"highway":"primary"},"geometry":{"type":"LineString","coordinates":[[12.691413,46.153416],[12.691553,46.153441],[12.691669,46.153472],[12.691833,46.153531],[12.69197,46.153598],[12.692061,46.153655],[12.692129,46.153704],[12.692207,46.153774]]}},{"type":"Feature","properties":{"u":912301685,"v":912309978,"length":57.736,"highway":"primary"},"geometry":{"type":"LineString","coordinates":[[12.692207,46.153774],[12.692276,46.153848],[12.69235,46.153953],[12.692419,46.154111],[12.69244,46.154206],[12.692445,46.154259]]}},{"type":"Feature","properties":{"u":912309978,"v":1859163485,"length":95.092,"highway":"primary"},"geometry":{"type":"LineString","coordinates":[[12.692445,46.154259],[12.692434,46.154414],[12.692408,46.154506],[12.692374,46.154586],[12.69232,46.154677],[12.69222,46.154797],[12.69212,46.154885],[12.692042,46.154941],[12.691936,46.155003]]}},{"type":"Feature","properties":{"u":1859163485,"v":275047971,"length":85.376,"highway":"primary"},"geometry":{"type":"LineString","coordinates":[[12.691936,46.155003],[12.691788,46.155071],[12.691661,46.155114],[12.691447,46.155162],[12.691192,46.155185],[12.690886,46.155165]]}},{"type":"Feature","properties":{"u":282192794,"v":309428704,"length":160.801,"highway":"secondary"},"geometry":{"type":"LineString","coordinates":[[12.706688,46.164899],[12.706545,46.164828],[12.706523,46.164818],[12.705735,46.164432],[12.70495,46.164099]]}},{"type":"Feature","properties":{"u":309428704,"v":309428708,"length":33.615,"highway":"secondary"},"geometry":{"type":"LineString","coordinates":[[12.70495,46.164099],[12.704577,46.163942]]}},{"type":"Feature","properties":{"u":309428708,"v":309428737,"length":213.397,"highway":"secondary"},"geometry":{"type":"LineString","coordinates":[[12.704577,46.163942],[12.704172,46.163792],[12.703324,46.163497],[12.702528,46.163277],[12.702043,46.163178]]}},{"type":"Feature","properties":{"u":309428737,"v":1418745331,"length":41.856,"highway":"secondary"},"geometry":{"type":"LineString","coordinates":[[12.702043,46.163178],[12.701516,46.163086]]}},{"type":"Feature","properties":{"u":1418745331,"v":1272075092,"length":221.04,"highway":"secondary"},"geometry":{"type":"LineString","coordinates":[[12.701516,46.163086],[12.698733,46.1626]]}},{"type":"Feature","properties":{"u":1272075092,"v":1423281601,"length":166.693,"highway":"secondary"},"geometry":{"type":"LineString","coordinates":[[12.698733,46.1626],[12.696633,46.162237]]}},{"type":"Feature","properties":{"u":1423281601,"v":275048684,"length":110.131,"highway":"secondary"},"geometry":{"type":"LineString","coordinates":[[12.696633,46.162237],[12.695246,46.161996]]}},{"type":"Feature","properties":{"u":275048684,"v":1423281595,"length":234.107,"highway":"secondary"},"geometry":{"type":"LineString","coordinates":[[12.695246,46.161996],[12.692299,46.16148]]}},{"type":"Feature","properties":{"u":1423281595,"v":1423281587,"length":84.665,"highway":"secondary"},"geometry":{"type":"LineString","coordinates":[[12.692299,46.16148],[12.691233,46.161294]]}},{"type":"Feature","properties":{"u":1423281587,"v":1425732612,"length":296.875,"highway":"secondary"},"geometry":{"type":"LineString","coordinates":[[12.691233,46.161294],[12.688087,46.160743],[12.687493,46.160648]]}},{"type":"Feature","properties":{"u":912309978,"v":275047821,"length":604.106,"highway":"primary","maxspeed":50},"geometry":{"type":"LineString","coordinates":[[12.692445,46.154259],[12.69256,46.154417],[12.692626,46.154481],[12.692713,46.154536],[12.692925,46.154629],[12.693201,46.154714],[12.693477,46.154816],[12.694538,46.155199],[12.69475,46.155272],[12.695787,46.15564],[12.69924,46.156884]]}},{"type":"Feature","properties":{"u":745484901,"v":275047782,"length":34.486,"highway":"primary"},"geometry":{"type":"LineString","coordinates":[[12.652709,46.083165],[12.652579,46.08326],[12.65253,46.083307],[12.652475,46.083422]]}},{"type":"Feature","properties":{"u":275047748,"v":2851581310,"length":40.854,"highway":"tertiary"},"geometry":{"type":"LineString","coordinates":[[12.588261,46.072932],[12.588674,46.072702]]}},{"type":"Feature","properties":{"u":2851581310,"v":1902433129,"length":71.009,"highway":"tertiary"},"geometry":{"type":"LineString","coordinates":[[12.588674,46.072702],[12.589455,46.072364]]}},{"type":"Feature","properties":{"u":1902433129,"v":1714184509,"length":56.529,"highway":"tertiary"},"geometry":{"type":"LineString","coordinates":[[12.589455,46.072364],[12.589849,46.072192],[12.590075,46.072093]]}},{"type":"Feature","properties":{"u":1714184509,"v":1682137587,"length":130.754,"highway":"tertiary"},"geometry":{"type":"LineString","coordinates":[[12.590075,46.072093],[12.59014,46.072065],[12.590622,46.071885],[12.591427,46.071586],[12.591569,46.071538]]}},{"type":"Feature","properties":{"u":275047743,"v":1961263326,"length":98.77,"highway":"tertiary"},"geometry":{"type":"LineString","coordinates":[[12.586784,46.070231],[12.586856,46.07037],[12.586885,46.070426],[12.586939,46.07053],[12.587236,46.071062]]}},{"type":"Feature","properties":{"u":1961263326,"v":471992047,"length":43.634,"highway":"tertiary"},"geometry":{"type":"LineString","coordinates":[[12.587236,46.071062],[12.58744,46.071428]]}},{"type":"Feature","properties":{"u":471992047,"v":1706412245,"length":139.716,"highway":"tertiary"},"geometry":{"type":"LineString","coordinates":[[12.58744,46.071428],[12.587521,46.071605],[12.587781,46.072105],[12.587935,46.072356],[12.588086,46.072601]]}},{"type":"Feature","properties":{"u":1706412245,"v":275047748,"length":39.24,"highway":"tertiary"},"geometry":{"type":"LineString","coordinates":[[12.588086,46.072601],[12.588124,46.072672],[12.588179,46.072796],[12.588261,46.072932]]}},{"type":"Feature","properties":{"u":1706412297,"v":275047735,"length":20.718,"highway":"secondary","maxspeed":50},"geometry":{"type":"LineString","coordinates":[[12.578502,46.074531],[12.57839,46.074628],[12.57833,46.074674]]}},{"type":"Feature","properties":{"u":275051907,"v":9629008889,"length":22.209,"highway":"unclassified"},"geometry":{"type":"LineString","coordinates":[[12.595314,46.193852],[12.595579,46.193931]]}},{"type":"Feature","properties":{"u":275052128,"v":275051914,"length":201.654,"highway":"primary_link"},"geometry":{"type":"LineString","coordinates":[[12.598852,46.195266],[12.599516,46.195356],[12.600094,46.195446],[12.600248,46.19546],[12.600455,46.195468],[12.600599,46.195462],[12.600691,46.195449],[12.600803,46.195414],[12.601027,46.195309],[12.601259,46.195158],[12.601287,46.19514]]}},{"type":"Feature","properties":{"u":374195715,"v":275052132,"length":8.841,"highway":"primary_link"},"geometry":{"type":"LineString","coordinates":[[12.603585,46.195584],[12.603662,46.195525]]}},{"type":"Feature","properties":{"u":275052665,"v":1717475131,"length":71.0,"highway":"primary"},"geometry":{"type":"LineString","coordinates":[[12.594923,46.193967],[12.595752,46.194247]]}},{"type":"Feature","properties":{"u":275052667,"v":275052668,"length":177.584,"highway":"primary"},"geometry":{"type":"LineString","coordinates":[[12.60087,46.195629],[12.601577,46.195674],[12.602381,46.195702],[12.602778,46.195711],[12.603173,46.195709]]}},{"type":"Feature","properties":{"u":275052668,"v":2282199168,"length":19.032,"highway":"primary"},"geometry":{"type":"LineString","coordinates":[[12.603173,46.195709],[12.60342,46.195701]]}},{"type":"Feature","properties":{"u":275052149,"v":275052680,"length":3954.89,"highway":"primary"},"geometry":{"type":"LineString","coordinates":[[12.606392,46.195215],[12.607137,46.195007],[12.607568,46.194863],[12.607966,46.194733],[12.608435,46.194532],[12.608893,46.19431],[12.609436,46.194031],[12.609862,46.193771],[12.610294,46.193452],[12.610785,46.193051],[12.611255,46.19263],[12.611578,46.192278],[12.612327,46.191321],[12.62544,46.171012],[12.62604,46.170137],[12.626406,46.169639],[12.626785,46.169176],[12.627256,46.168673],[12.62796,46.168029],[12.628421,46.167661],[12.629055,46.167243],[12.629594,46.166917],[12.630092,46.166646],[12.630808,46.166314],[12.631186,46.16616],[12.631764,46.165943],[12.632022,46.165855],[12.632604,46.165657]]}},{"type":"Feature","properties":{"u":4218114116,"v":912297492,"length":583.618,"highway":"primary"},"geometry":{"type":"LineString","coordinates":[[12.632711,46.165622],[12.633054,46.165515],[12.633404,46.165416],[12.633739,46.16533],[12.634097,46.165247],[12.634613,46.165142],[12.635135,46.165051],[12.635575,46.165003],[12.635908,46.164966],[12.636272,46.164932],[12.636629,46.164916],[12.637022,46.164906],[12.637331,46.164906],[12.638148,46.164921],[12.640133,46.164962]]}},{"type":"Feature","properties":{"u":282192085,"v":912301685,"length":96.659,"highway":"tertiary_link"},"geometry":{"type":"LineString","coordinates":[[12.692571,46.152966],[12.692419,46.153153],[12.692308,46.153294],[12.692232,46.153413],[12.692197,46.153524],[12.692194,46.153639],[12.692207,46.153774]]}},{"type":"Feature","properties":{"u":295257135,"v":275047949,"length":34.354,"highway":"tertiary"},"geometry":{"type":"LineString","coordinates":[[12.652579,46.082205],[12.652617,46.082325],[12.652652,46.082371],[12.652774,46.082475]]}},{"type":"Feature","properties":{"u":275047954,"v":275047812,"length":554.085,"highway":"primary"},"geometry":{"type":"LineString","coordinates":[[12.689867,46.154269],[12.689763,46.154187],[12.689568,46.154074],[12.689378,46.153987],[12.688597,46.153689],[12.687095,46.153163],[12.684924,46.152395],[12.683577,46.151876]]}},{"type":"Feature","properties":{"u":275047812,"v":275047817,"length":555.324,"highway":"primary"},"geometry":{"type":"LineString","coordinates":[[12.683577,46.151876],[12.687911,46.15311],[12.688415,46.153248],[12.689595,46.153579],[12.689842,46.153632],[12.690052,46.153652],[12.690288,46.153631]]}},{"type":"Feature","properties":{"u":275047821,"v":1859163485,"length":605.167,"highway":"primary","maxspeed":50},"geometry":{"type":"LineString","coordinates":[[12.69924,46.156884],[12.697069,46.156254],[12.694106,46.155404],[12.693092,46.155116],[12.692882,46.155063],[12.69267,46.155013],[12.692474,46.154969],[12.692327,46.154955],[12.692155,46.154966],[12.691936,46.155003]]}},{"type":"Feature","properties":{"u":1110905487,"v":1110905541,"length":46.803,"highway":"tertiary"},"geometry":{"type":"LineString","coordinates":[[12.723639,46.156523],[12.723356,46.156571],[12.723071,46.156666]]}},{"type":"Feature","properties":{"u":295283566,"v":2622392646,"length":264.669,"highway":"tertiary","maxspeed":50},"geometry":{"type":"LineString","coordinates":[[12.711688,46.195796],[12.711861,46.195566],[12.711911,46.195468],[12.711963,46.195357],[12.712023,46.195197],[12.712079,46.195014],[12.712127,46.194856],[12.71216,46.194747],[12.712194,46.194581],[12.712185,46.194413],[12.712172,46.194257],[12.712131,46.194118],[12.712069,46.193913],[12.712006,46.193769],[12.711946,46.193683],[12.711877,46.193599],[12.711801,46.193527]]}},{"type":"Feature","properties":{"u":417137849,"v":295280474,"length":91.518,"highway":"unclassified"},"geometry":{"type":"LineString","coordinates":[[12.709564,46.170991],[12.708883,46.171024],[12.70844,46.171041],[12.708407,46.171041],[12.708378,46.171043]]}},{"type":"Feature","properties":{"u":767943301,"v":295284356,"length":49.205,"highway":"primary"},"geometry":{"type":"LineString","coordinates":[[12.720682,46.173956],[12.720801,46.17398],[12.720913,46.174029],[12.720988,46.174083],[12.721037,46.174156],[12.721082,46.174204],[12.721127,46.174246]]}},{"type":"Feature","properties":{"u":295284366,"v":295284367,"length":24.526,"highway":"tertiary"},"geometry":{"type":"LineString","coordinates":[[12.719792,46.178324],[12.719474,46.178311]]}},{"type":"Feature","properties":{"u":295280466,"v":13753572432,"length":124.752,"highway":"secondary"},"geometry":{"type":"LineString","coordinates":[[12.711858,46.170878],[12.711975,46.1709],[12.712096,46.170928],[12.712233,46.170968],[12.712629,46.171123],[12.713305,46.171375]]}},{"type":"Feature","properties":{"u":13753572432,"v":1424197972,"length":249.046,"highway":"secondary"},"geometry":{"type":"LineString","coordinates":[[12.713305,46.171375],[12.713832,46.171559],[12.714498,46.171789],[12.715232,46.17204],[12.715827,46.172258],[12.716193,46.172383]]}},{"type":"Feature","properties":{"u":1424197972,"v":7944782799,"length":91.032,"highway":"secondary"},"geometry":{"type":"LineString","coordinates":[[12.716193,46.172383],[12.716882,46.172622],[12.717254,46.172744]]}},{"type":"Feature","properties":{"u":295280947,"v":1425733089,"length":977.83,"highway":"tertiary"},"geometry":{"type":"LineString","coordinates":[[12.703625,46.184827],[12.70381,46.184637],[12.703919,46.184533],[12.703988,46.184462],[12.704093,46.184391],[12.704197,46.184344],[12.704297,46.184307],[12.704387,46.184277],[12.704498,46.184235],[12.704603,46.184185],[12.704713,46.184129],[12.704997,46.183956],[12.705138,46.183873],[12.705197,46.183811],[12.705257,46.183746],[12.705281,46.183719],[12.705312,46.183674],[12.705341,46.183627],[12.705355,46.183576],[12.705394,46.183329],[12.70552,46.183109],[12.705962,46.182834],[12.706628,46.182344],[12.707005,46.182089],[12.707497,46.181784],[12.707874,46.181483],[12.708001,46.18138],[12.708201,46.181221],[12.708396,46.181096],[12.708558,46.181011],[12.708751,46.180921],[12.708823,46.180879],[12.708909,46.180811],[12.708967,46.180758],[12.709021,46.180683],[12.709063,46.180588],[12.709145,46.180283],[12.709171,46.180215],[12.709201,46.180141],[12.709471,46.179656],[12.709832,46.179015],[12.710234,46.178354],[12.710495,46.177848],[12.710529,46.17778]]}},{"type":"Feature","properties":{"u":1425733089,"v":295280964,"length":3.983,"highway":"tertiary"},"geometry":{"type":"LineString","coordinates":[[12.710529,46.17778],[12.710563,46.177753]]}},{"type":"Feature","properties":{"u":295349389,"v":295349398,"length":1132.338,"highway":"tertiary","maxspeed":50},"geometry":{"type":"LineString","coordinates":[[12.710162,46.192445],[12.709748,46.19231],[12.709407,46.192233],[12.709123,46.19216],[12.708374,46.191982],[12.707865,46.191876],[12.707538,46.191784],[12.707216,46.191677],[12.706861,46.191528],[12.706493,46.191377],[12.706139,46.19122],[12.70588,46.191078],[12.705473,46.190822],[12.704566,46.190132],[12.704278,46.189878],[12.703955,46.189583],[12.703539,46.189172],[12.703304,46.188885],[12.703048,46.188512],[12.702857,46.188199],[12.702648,46.187781],[12.702477,46.187385],[12.702418,46.187121],[12.702418,46.186895],[12.702483,46.186639],[12.702582,46.186386],[12.70273,46.186091],[12.702858,46.185882],[12.703003,46.185658],[12.70311,46.185484],[12.703304,46.185182],[12.703395,46.185067]]}},{"type":"Feature","properties":{"u":295349404,"v":2272471007,"length":108.191,"highway":"tertiary","maxspeed":50},"geometry":{"type":"LineString","coordinates":[[12.711685,46.193386],[12.711033,46.192838],[12.710748,46.192664]]}},{"type":"Feature","properties":{"u":282192794,"v":1423492463,"length":117.885,"highway":"secondary"},"geometry":{"type":"LineString","coordinates":[[12.706688,46.164899],[12.706899,46.165],[12.707942,46.165507]]}},{"type":"Feature","properties":{"u":1423492463,"v":1865778317,"length":305.726,"highway":"secondary"},"geometry":{"type":"LineString","coordinates":[[12.707942,46.165507],[12.708959,46.166004],[12.709238,46.16614],[12.709956,46.166527],[12.71036,46.166803],[12.710615,46.167009],[12.710824,46.167217],[12.710902,46.167305]]}},{"type":"Feature","properties":{"u":282192794,"v":309428670,"length":46.351,"highway":"unclassified"},"geometry":{"type":"LineString","coordinates":[[12.706688,46.164899],[12.706703,46.165089],[12.706726,46.165315]]}},{"type":"Feature","properties":{"u":309428670,"v":1423492476,"length":81.034,"highway":"unclassified"},"geometry":{"type":"LineString","coordinates":[[12.706726,46.165315],[12.706766,46.165725],[12.706799,46.166042]]}},{"type":"Feature","properties":{"u":1423492476,"v":1272075027,"length":59.856,"highway":"unclassified"},"geometry":{"type":"LineString","coordinates":[[12.706799,46.166042],[12.706803,46.166081],[12.706853,46.166579]]}},{"type":"Feature","properties":{"u":1272075027,"v":295280093,"length":216.48,"highway":"unclassified"},"geometry":{"type":"LineString","coordinates":[[12.706853,46.166579],[12.706854,46.166654],[12.706867,46.166775],[12.70681,46.167055],[12.706686,46.167676],[12.70666,46.167785],[12.706566,46.168228],[12.706541,46.168292],[12.706519,46.16835],[12.706499,46.16839],[12.706472,46.168431],[12.706445,46.168465],[12.706423,46.168491]]}},{"type":"Feature","properties":{"u":1423281861,"v":1425732714,"length":43.134,"highway":"unclassified"},"geometry":{"type":"LineString","coordinates":[[12.70472,46.1692],[12.70466,46.16909],[12.704551,46.168931],[12.704502,46.168843]]}},{"type":"Feature","properties":{"u":1425732714,"v":1418745530,"length":74.501,"highway":"unclassified"},"geometry":{"type":"LineString","coordinates":[[12.704502,46.168843],[12.704444,46.168738],[12.704427,46.168722],[12.704347,46.168641],[12.704294,46.168493],[12.704326,46.16827],[12.704326,46.168207]]}},{"type":"Feature","properties":{"u":1418745530,"v":309428691,"length":178.598,"highway":"unclassified"},"geometry":{"type":"LineString","coordinates":[[12.704326,46.168207],[12.704326,46.168159],[12.704283,46.168003],[12.704229,46.167809],[12.704165,46.167639],[12.704079,46.167527],[12.703779,46.16726],[12.703747,46.16724],[12.703543,46.167118],[12.703264,46.166933],[12.703207,46.166867]]}},{"type":"Feature","properties":{"u":275047836,"v":7944782792,"length":27.127,"highway":"primary"},"geometry":{"type":"LineString","coordinates":[[12.717679,46.172889],[12.717997,46.172994]]}},{"type":"Feature","properties":{"u":1706412313,"v":939143364,"length":40.316,"highway":"secondary"},"geometry":{"type":"LineString","coordinates":[[12.578082,46.074644],[12.578056,46.074497],[12.578018,46.074381],[12.577981,46.074289]]}},{"type":"Feature","properties":{"u":309428670,"v":309428675,"length":140.793,"highway":"residential"},"geometry":{"type":"LineString","coordinates":[[12.706726,46.165315],[12.706691,46.165307],[12.705471,46.164993],[12.705436,46.164985],[12.704998,46.165065]]}},{"type":"Feature","properties":{"u":309428675,"v":309428679,"length":164.971,"highway":"residential"},"geometry":{"type":"LineString","coordinates":[[12.704998,46.165065],[12.704913,46.165159],[12.704818,46.16539],[12.70452,46.166284],[12.704372,46.166473]]}},{"type":"Feature","properties":{"u":309428679,"v":309428680,"length":92.648,"highway":"residential"},"geometry":{"type":"LineString","coordinates":[[12.704372,46.166473],[12.70326,46.166791]]}},{"type":"Feature","properties":{"u":11992010819,"v":309428680,"length":1.15,"highway":"residential"},"geometry":{"type":"LineString","coordinates":[[12.703249,46.166784],[12.70326,46.166791]]}},{"type":"Feature","properties":{"u":309428680,"v":309428691,"length":11.699,"highway":"residential"},"geometry":{"type":"LineString","coordinates":[[12.70326,46.166791],[12.703271,46.166804],[12.703275,46.166819],[12.703272,46.166834],[12.703263,46.166847],[12.703248,46.166858],[12.703228,46.166865],[12.703207,46.166867]]}},{"type":"Feature","properties":{"u":309428691,"v":309428696,"length":9.512,"highway":"residential"},"geometry":{"type":"LineString","coordinates":[[12.703207,46.166867],[12.703187,46.166865],[12.703168,46.166859],[12.703154,46.166849],[12.703144,46.166836],[12.70314,46.166822],[12.703143,46.166808]]}},{"type":"Feature","properties":{"u":309428696,"v":1418745459,"length":8.894,"highway":"residential"},"geometry":{"type":"LineString","coordinates":[[12.703143,46.166808],[12.703152,46.166794],[12.703169,46.166782],[12.70319,46.166775],[12.703213,46.166774],[12.703235,46.166778]]}},{"type":"Feature","properties":{"u":1418745459,"v":11992010819,"length":1.268,"highway":"residential"},"geometry":{"type":"LineString","coordinates":[[12.703235,46.166778],[12.703249,46.166784]]}},{"type":"Feature","properties":{"u":309428708,"v":309428709,"length":111.777,"highway":"residential"},"geometry":{"type":"LineString","coordinates":[[12.704577,46.163942],[12.704554,46.163976],[12.703976,46.164857]]}},{"type":"Feature","properties":{"u":309428675,"v":309428712,"length":47.768,"highway":"residential"},"geometry":{"type":"LineString","coordinates":[[12.704998,46.165065],[12.704712,46.165023],[12.704401,46.164951]]}},{"type":"Feature","properties":{"u":309428712,"v":309428709,"length":34.359,"highway":"residential"},"geometry":{"type":"LineString","coordinates":[[12.704401,46.164951],[12.703976,46.164857]]}},{"type":"Feature","properties":{"u":309428709,"v":309428722,"length":130.063,"highway":"residential"},"geometry":{"type":"LineString","coordinates":[[12.703976,46.164857],[12.703311,46.164735],[12.703063,46.164683],[12.702951,46.164675],[12.702578,46.164655],[12.702323,46.16465]]}},{"type":"Feature","properties":{"u":309428722,"v":309428724,"length":46.0,"highway":"residential"},"geometry":{"type":"LineString","coordinates":[[12.702323,46.16465],[12.701731,46.164595]]}},{"type":"Feature","properties":{"u":309428722,"v":309428736,"length":141.917,"highway":"residential"},"geometry":{"type":"LineString","coordinates":[[12.702323,46.16465],[12.702362,46.164278],[12.702418,46.163717],[12.701928,46.163684]]}},{"type":"Feature","properties":{"u":309428737,"v":309428736,"length":56.957,"highway":"residential"},"geometry":{"type":"LineString","coordinates":[[12.702043,46.163178],[12.702034,46.163218],[12.701928,46.163684]]}},{"type":"Feature","properties":{"u":309428736,"v":309428753,"length":48.329,"highway":"residential"},"geometry":{"type":"LineString","coordinates":[[12.701928,46.163684],[12.701847,46.164115]]}},{"type":"Feature","properties":{"u":309428753,"v":309428724,"length":54.116,"highway":"residential"},"geometry":{"type":"LineString","coordinates":[[12.701847,46.164115],[12.701731,46.164595]]}},{"type":"Feature","properties":{"u":309428724,"v":309428743,"length":29.838,"highway":"residential"},"geometry":{"type":"LineString","coordinates":[[12.701731,46.164595],[12.701641,46.164856]]}},{"type":"Feature","properties":{"u":309428743,"v":326015226,"length":81.394,"highway":"residential"},"geometry":{"type":"LineString","coordinates":[[12.701641,46.164856],[12.7015,46.165469],[12.701489,46.16558]]}},{"type":"Feature","properties":{"u":326015226,"v":318680004,"length":136.364,"highway":"residential"},"geometry":{"type":"LineString","coordinates":[[12.701489,46.16558],[12.701424,46.166332],[12.701421,46.166805]]}},{"type":"Feature","properties":{"u":309428743,"v":309428752,"length":150.743,"highway":"residential"},"geometry":{"type":"LineString","coordinates":[[12.701641,46.164856],[12.701328,46.164805],[12.700793,46.164732],[12.700981,46.163988]]}},{"type":"Feature","properties":{"u":309428753,"v":309428752,"length":68.172,"highway":"residential"},"geometry":{"type":"LineString","coordinates":[[12.701847,46.164115],[12.700981,46.163988]]}},{"type":"Feature","properties":{"u":309428752,"v":326015193,"length":138.195,"highway":"residential"},"geometry":{"type":"LineString","coordinates":[[12.700981,46.163988],[12.700807,46.163972],[12.700066,46.163869],[12.699869,46.163852],[12.699515,46.163868],[12.699262,46.163899],[12.699222,46.163923]]}},{"type":"Feature","properties":{"u":312718919,"v":540415164,"length":227.434,"highway":"unclassified"},"geometry":{"type":"LineString","coordinates":[[12.691893,46.058945],[12.691819,46.059097],[12.691763,46.059257],[12.69175,46.059478],[12.691753,46.059604],[12.691781,46.059882],[12.691812,46.060052],[12.691502,46.06037],[12.691265,46.060533],[12.691123,46.060633],[12.690987,46.060771]]}},{"type":"Feature","properties":{"u":540415164,"v":1812875742,"length":276.555,"highway":"unclassified"},"geometry":{"type":"LineString","coordinates":[[12.690987,46.060771],[12.690869,46.060911],[12.690234,46.061786],[12.689573,46.062638],[12.689319,46.062972]]}},{"type":"Feature","properties":{"u":1812875742,"v":540415176,"length":1242.06,"highway":"unclassified"},"geometry":{"type":"LineString","coordinates":[[12.689319,46.062972],[12.688684,46.063795],[12.688163,46.06451],[12.68807,46.064675],[12.688123,46.065152],[12.688198,46.065473],[12.688455,46.066406],[12.688702,46.067606],[12.688765,46.067917],[12.688809,46.068131],[12.68898,46.068721],[12.689388,46.069739],[12.690202,46.071958],[12.690266,46.072173],[12.690255,46.072257],[12.690224,46.072504],[12.690094,46.072849],[12.689746,46.073722]]}},{"type":"Feature","properties":{"u":1423281735,"v":326015079,"length":26.719,"highway":"unclassified"},"geometry":{"type":"LineString","coordinates":[[12.700465,46.166842],[12.700368,46.166846],[12.700124,46.166809]]}},{"type":"Feature","properties":{"u":326015079,"v":318680008,"length":18.211,"highway":"unclassified"},"geometry":{"type":"LineString","coordinates":[[12.700124,46.166809],[12.699891,46.166837]]}},{"type":"Feature","properties":{"u":318680008,"v":2125321016,"length":125.37,"highway":"unclassified"},"geometry":{"type":"LineString","coordinates":[[12.699891,46.166837],[12.699441,46.166823],[12.699201,46.166779],[12.698864,46.166668],[12.698424,46.166501],[12.698373,46.166488]]}},{"type":"Feature","properties":{"u":912294506,"v":912283001,"length":133.65,"highway":"tertiary_link"},"geometry":{"type":"LineString","coordinates":[[12.659348,46.13129],[12.659224,46.131192],[12.659126,46.131134],[12.659044,46.131101],[12.65895,46.131076],[12.658873,46.131066],[12.658809,46.131064],[12.65871,46.131073],[12.658624,46.131094],[12.658541,46.131125],[12.658477,46.131169],[12.658418,46.131226],[12.658389,46.131272],[12.658355,46.131355],[12.658326,46.131464],[12.658294,46.131633]]}},{"type":"Feature","properties":{"u":318694360,"v":4537860106,"length":241.632,"highway":"residential","maxspeed":50},"geometry":{"type":"LineString","coordinates":[[12.656621,46.148305],[12.656769,46.148339],[12.656946,46.148387],[12.65716,46.148485],[12.658023,46.148969],[12.659262,46.149455]]}},{"type":"Feature","properties":{"u":4537860106,"v":4537860116,"length":41.736,"highway":"residential","maxspeed":50},"geometry":{"type":"LineString","coordinates":[[12.659262,46.149455],[12.659306,46.149473],[12.659693,46.149682]]}},{"type":"Feature","properties":{"u":4537860116,"v":912295039,"length":342.423,"highway":"residential","maxspeed":50},"geometry":{"type":"LineString","coordinates":[[12.659693,46.149682],[12.659765,46.149721],[12.660167,46.150101],[12.660614,46.150827],[12.661689,46.152417]]}},{"type":"Feature","properties":{"u":318694413,"v":912302147,"length":58.619,"highway":"primary"},"geometry":{"type":"LineString","coordinates":[[12.668164,46.1472],[12.668442,46.147116],[12.668591,46.147013],[12.668696,46.146858]]}},{"type":"Feature","properties":{"u":326015079,"v":326015202,"length":151.29,"highway":"unclassified"},"geometry":{"type":"LineString","coordinates":[[12.700124,46.166809],[12.700107,46.166583],[12.700111,46.166316],[12.700121,46.166027],[12.700142,46.165449]]}},{"type":"Feature","properties":{"u":326015202,"v":326015193,"length":191.132,"highway":"unclassified"},"geometry":{"type":"LineString","coordinates":[[12.700142,46.165449],[12.700139,46.164972],[12.700119,46.164852],[12.699921,46.164582],[12.69962,46.164273],[12.699222,46.163923]]}},{"type":"Feature","properties":{"u":326015193,"v":326015151,"length":110.817,"highway":"unclassified"},"geometry":{"type":"LineString","coordinates":[[12.699222,46.163923],[12.699188,46.16388],[12.699048,46.163641],[12.698578,46.163033]]}},{"type":"Feature","properties":{"u":326015202,"v":326015226,"length":104.959,"highway":"residential"},"geometry":{"type":"LineString","coordinates":[[12.700142,46.165449],[12.700338,46.16545],[12.700653,46.165473],[12.701489,46.16558]]}},{"type":"Feature","properties":{"u":2125321024,"v":326015267,"length":164.248,"highway":"unclassified"},"geometry":{"type":"LineString","coordinates":[[12.698301,46.166379],[12.698309,46.166291],[12.698308,46.166191],[12.698314,46.16612],[12.698314,46.166069],[12.698368,46.165801],[12.698555,46.165253],[12.698596,46.165063],[12.698599,46.164922]]}},{"type":"Feature","properties":{"u":326015267,"v":1423281662,"length":117.943,"highway":"unclassified"},"geometry":{"type":"LineString","coordinates":[[12.698599,46.164922],[12.698555,46.164869],[12.698475,46.164819],[12.698302,46.164732],[12.697917,46.164511],[12.697852,46.164442],[12.697797,46.164367],[12.697799,46.164311],[12.697826,46.164177],[12.69787,46.164111]]}},{"type":"Feature","properties":{"u":327186306,"v":1961333454,"length":36.233,"highway":"tertiary_link"},"geometry":{"type":"LineString","coordinates":[[12.571823,46.06947],[12.571742,46.069494],[12.571642,46.069527],[12.571378,46.069569]]}},{"type":"Feature","properties":{"u":275051914,"v":374195715,"length":185.678,"highway":"tertiary"},"geometry":{"type":"LineString","coordinates":[[12.601287,46.19514],[12.602024,46.195361],[12.602309,46.195439],[12.602416,46.195464],[12.602518,46.195474],[12.602926,46.195481],[12.603061,46.19549],[12.603257,46.195512],[12.603451,46.195549],[12.603585,46.195584]]}},{"type":"Feature","properties":{"u":374195715,"v":374195696,"length":50.612,"highway":"tertiary"},"geometry":{"type":"LineString","coordinates":[[12.603585,46.195584],[12.603766,46.195643],[12.603976,46.1957],[12.604077,46.195726],[12.604199,46.195742]]}},{"type":"Feature","properties":{"u":374195468,"v":13036917634,"length":30.258,"highway":"primary_link"},"geometry":{"type":"LineString","coordinates":[[12.604044,46.195869],[12.603954,46.195846],[12.603807,46.195784],[12.603692,46.19575]]}},{"type":"Feature","properties":{"u":375694820,"v":375694984,"length":101.595,"highway":"unclassified"},"geometry":{"type":"LineString","coordinates":[[12.641338,46.134998],[12.640324,46.135582]]}},{"type":"Feature","properties":{"u":375694984,"v":375694512,"length":472.864,"highway":"unclassified"},"geometry":{"type":"LineString","coordinates":[[12.640324,46.135582],[12.635966,46.137986],[12.63554,46.138245]]}},{"type":"Feature","properties":{"u":375694512,"v":375694484,"length":157.185,"highway":"unclassified"},"geometry":{"type":"LineString","coordinates":[[12.63554,46.138245],[12.635334,46.138467],[12.635152,46.138716],[12.63486,46.139102],[12.634469,46.139442]]}},{"type":"Feature","properties":{"u":375694484,"v":375694470,"length":32.231,"highway":"unclassified"},"geometry":{"type":"LineString","coordinates":[[12.634469,46.139442],[12.634334,46.139566],[12.634284,46.139696]]}},{"type":"Feature","properties":{"u":375694470,"v":912304642,"length":95.266,"highway":"unclassified"},"geometry":{"type":"LineString","coordinates":[[12.634284,46.139696],[12.634267,46.139794],[12.634278,46.140552]]}},{"type":"Feature","properties":{"u":912304642,"v":375693963,"length":91.311,"highway":"unclassified"},"geometry":{"type":"LineString","coordinates":[[12.634278,46.140552],[12.634263,46.141067],[12.63425,46.14126],[12.63412,46.141328]]}},{"type":"Feature","properties":{"u":375694262,"v":2978182637,"length":860.359,"highway":"residential"},"geometry":{"type":"LineString","coordinates":[[12.643689,46.148561],[12.643769,46.148456],[12.643848,46.148383],[12.644021,46.148272],[12.643939,46.147938],[12.643833,46.147488],[12.643769,46.147269],[12.643666,46.147074],[12.643369,46.146681],[12.643056,46.146337],[12.642568,46.145908],[12.64242,46.145778],[12.64202,46.145383],[12.641819,46.145092],[12.641625,46.144775],[12.641406,46.144388],[12.641189,46.144076],[12.640982,46.143811],[12.640863,46.143698],[12.640553,46.143404],[12.64022,46.143098],[12.639963,46.142931],[12.63955,46.142484],[12.639043,46.141877]]}},{"type":"Feature","properties":{"u":2978182637,"v":912305927,"length":17.432,"highway":"residential"},"geometry":{"type":"LineString","coordinates":[[12.639043,46.141877],[12.638933,46.14174]]}},{"type":"Feature","properties":{"u":375693963,"v":375693969,"length":19.86,"highway":"residential"},"geometry":{"type":"LineString","coordinates":[[12.63412,46.141328],[12.633924,46.141444]]}},{"type":"Feature","properties":{"u":375693969,"v":912284530,"length":318.985,"highway":"residential"},"geometry":{"type":"LineString","coordinates":[[12.633924,46.141444],[12.633445,46.141569],[12.632998,46.141646],[12.632706,46.141752],[12.632277,46.142013],[12.631828,46.142292],[12.631497,46.142485],[12.631161,46.142617],[12.631049,46.142683],[12.630808,46.142835],[12.630631,46.142941],[12.630523,46.143001]]}},{"type":"Feature","properties":{"u":402568148,"v":402568158,"length":42.18,"highway":"unclassified"},"geometry":{"type":"LineString","coordinates":[[12.573059,46.089164],[12.572935,46.089239],[12.572773,46.08934],[12.57266,46.089423]]}},{"type":"Feature","properties":{"u":1423492616,"v":417137849,"length":125.13,"highway":"unclassified"},"geometry":{"type":"LineString","coordinates":[[12.709848,46.169883],[12.709802,46.170061],[12.709783,46.170135],[12.709776,46.170161],[12.709754,46.170247],[12.709599,46.170852],[12.709564,46.170991]]}},{"type":"Feature","properties":{"u":295281005,"v":1425732860,"length":179.53,"highway":"unclassified"},"geometry":{"type":"LineString","coordinates":[[12.708802,46.172668],[12.708764,46.172692],[12.708699,46.172733],[12.70839,46.172975],[12.708309,46.173091],[12.708243,46.173261],[12.708194,46.173362],[12.707902,46.173717],[12.707767,46.173895],[12.707665,46.174054]]}},{"type":"Feature","properties":{"u":275047722,"v":2859212851,"length":100.083,"highway":"unclassified","maxspeed":50},"geometry":{"type":"LineString","coordinates":[[12.579998,46.083845],[12.579405,46.084353],[12.579258,46.084474],[12.579177,46.084542]]}},{"type":"Feature","properties":{"u":2859212851,"v":2859211611,"length":64.116,"highway":"unclassified","maxspeed":50},"geometry":{"type":"LineString","coordinates":[[12.579177,46.084542],[12.579153,46.084575],[12.57914,46.084609],[12.579138,46.084663],[12.579179,46.084729],[12.579239,46.084811],[12.579343,46.084961],[12.579362,46.085001],[12.579362,46.085043],[12.579341,46.085076]]}},{"type":"Feature","properties":{"u":402568327,"v":475594745,"length":169.487,"highway":"unclassified"},"geometry":{"type":"LineString","coordinates":[[12.567164,46.092779],[12.567158,46.092649],[12.567137,46.092522],[12.567044,46.092443],[12.566839,46.092405],[12.566678,46.092436],[12.566553,46.09249],[12.566412,46.092563],[12.566339,46.092632],[12.566233,46.0928],[12.566137,46.09287],[12.566003,46.092936],[12.565921,46.092959],[12.565729,46.092988]]}},{"type":"Feature","properties":{"u":402568158,"v":471353066,"length":520.451,"highway":"unclassified"},"geometry":{"type":"LineString","coordinates":[[12.57266,46.089423],[12.572599,46.089478],[12.572531,46.089543],[12.572477,46.089606],[12.57247,46.08966],[12.572486,46.089712],[12.572526,46.08974],[12.572594,46.08977],[12.572683,46.089784],[12.57277,46.089789],[12.572924,46.089803],[12.573196,46.08988],[12.573414,46.089984],[12.573585,46.09012],[12.573704,46.090279],[12.573744,46.090365],[12.573791,46.090429],[12.573876,46.090494],[12.573976,46.090536],[12.574075,46.090553],[12.574246,46.090546],[12.574461,46.090492],[12.57471,46.090448],[12.574855,46.090433],[12.575457,46.090433],[12.575555,46.090436],[12.575633,46.090445],[12.575743,46.090485],[12.575865,46.09053],[12.57601,46.090581],[12.576101,46.090604],[12.576265,46.090637],[12.576382,46.090644],[12.576528,46.090658],[12.576783,46.090644],[12.577144,46.090583],[12.577256,46.090558],[12.577364,46.090534],[12.57747,46.090518],[12.577556,46.090504],[12.577636,46.090501],[12.577689,46.090511],[12.577737,46.090539],[12.577767,46.090581],[12.577753,46.090621],[12.577711,46.090647],[12.577545,46.090668]]}},{"type":"Feature","properties":{"u":471484044,"v":471484051,"length":314.623,"highway":"unclassified"},"geometry":{"type":"LineString","coordinates":[[12.597918,46.068578],[12.59807,46.068243],[12.598232,46.067903],[12.598468,46.067277],[12.598435,46.066919],[12.598355,46.066604],[12.59807,46.066307],[12.597649,46.065981]]}},{"type":"Feature","properties":{"u":471484051,"v":471484096,"length":5.348,"highway":"unclassified"},"geometry":{"type":"LineString","coordinates":[[12.597649,46.065981],[12.597702,46.06595]]}},{"type":"Feature","properties":{"u":471484096,"v":735499716,"length":34.141,"highway":"unclassified"},"geometry":{"type":"LineString","coordinates":[[12.597702,46.06595],[12.598045,46.065756]]}},{"type":"Feature","properties":{"u":735499716,"v":471484099,"length":463.668,"highway":"unclassified"},"geometry":{"type":"LineString","coordinates":[[12.598045,46.065756],[12.602711,46.063128]]}},{"type":"Feature","properties":{"u":735499572,"v":3985097140,"length":74.152,"highway":"residential"},"geometry":{"type":"LineString","coordinates":[[12.593728,46.066874],[12.594071,46.067135],[12.594326,46.067394]]}},{"type":"Feature","properties":{"u":3985097140,"v":471484203,"length":70.074,"highway":"residential"},"geometry":{"type":"LineString","coordinates":[[12.594326,46.067394],[12.594375,46.067444],[12.594837,46.067915]]}},{"type":"Feature","properties":{"u":471484203,"v":1712490239,"length":66.333,"highway":"residential"},"geometry":{"type":"LineString","coordinates":[[12.594837,46.067915],[12.595319,46.068409]]}},{"type":"Feature","properties":{"u":1712490239,"v":1712490241,"length":66.311,"highway":"residential"},"geometry":{"type":"LineString","coordinates":[[12.595319,46.068409],[12.595525,46.068621],[12.595794,46.068906]]}},{"type":"Feature","properties":{"u":1712490241,"v":471484206,"length":44.155,"highway":"residential"},"geometry":{"type":"LineString","coordinates":[[12.595794,46.068906],[12.596108,46.069238]]}},{"type":"Feature","properties":{"u":471484203,"v":471487485,"length":147.503,"highway":"residential","maxspeed":50},"geometry":{"type":"LineString","coordinates":[[12.594837,46.067915],[12.593891,46.068407],[12.593298,46.068702]]}},{"type":"Feature","properties":{"u":471487485,"v":1712488516,"length":88.251,"highway":"residential","maxspeed":50},"geometry":{"type":"LineString","coordinates":[[12.593298,46.068702],[12.592372,46.069168]]}},{"type":"Feature","properties":{"u":471487485,"v":1712490243,"length":66.498,"highway":"residential"},"geometry":{"type":"LineString","coordinates":[[12.593298,46.068702],[12.593816,46.06918]]}},{"type":"Feature","properties":{"u":1712490243,"v":1712490245,"length":65.768,"highway":"residential"},"geometry":{"type":"LineString","coordinates":[[12.593816,46.06918],[12.593862,46.069229],[12.594027,46.069401],[12.594287,46.069673]]}},{"type":"Feature","properties":{"u":1712490245,"v":471484310,"length":44.189,"highway":"residential"},"geometry":{"type":"LineString","coordinates":[[12.594287,46.069673],[12.594604,46.070004]]}},{"type":"Feature","properties":{"u":471485447,"v":471485436,"length":314.36,"highway":"residential","maxspeed":50},"geometry":{"type":"LineString","coordinates":[[12.586761,46.06583],[12.586848,46.065792],[12.587176,46.06565],[12.587751,46.065422],[12.588015,46.06522],[12.5882,46.065046],[12.588373,46.06489],[12.588559,46.064749],[12.588715,46.064674],[12.588901,46.064611],[12.589208,46.064493],[12.589502,46.06437],[12.589958,46.064135]]}},{"type":"Feature","properties":{"u":471486064,"v":1721630467,"length":134.123,"highway":"residential","maxspeed":50},"geometry":{"type":"LineString","coordinates":[[12.579514,46.061829],[12.579959,46.062124],[12.580426,46.062401],[12.580616,46.062519],[12.580815,46.062628]]}},{"type":"Feature","properties":{"u":1721630467,"v":6521598200,"length":373.029,"highway":"residential","maxspeed":50},"geometry":{"type":"LineString","coordinates":[[12.580815,46.062628],[12.581211,46.062849],[12.581829,46.06319],[12.582376,46.063508],[12.583164,46.063954],[12.58388,46.064338],[12.584578,46.064734]]}},{"type":"Feature","properties":{"u":6521598200,"v":471486069,"length":35.671,"highway":"residential","maxspeed":50},"geometry":{"type":"LineString","coordinates":[[12.584578,46.064734],[12.584936,46.064937]]}},{"type":"Feature","properties":{"u":471486069,"v":471485447,"length":172.875,"highway":"residential","maxspeed":50},"geometry":{"type":"LineString","coordinates":[[12.584936,46.064937],[12.58528,46.065131],[12.585641,46.065325],[12.586017,46.065527],[12.586282,46.065658],[12.586571,46.065771],[12.586761,46.06583]]}},{"type":"Feature","properties":{"u":471487104,"v":471487108,"length":469.359,"highway":"unclassified"},"geometry":{"type":"LineString","coordinates":[[12.597503,46.065285],[12.597681,46.065099],[12.597873,46.064846],[12.598818,46.064252],[12.601967,46.062458]]}},{"type":"Feature","properties":{"u":471487108,"v":735499862,"length":236.851,"highway":"unclassified"},"geometry":{"type":"LineString","coordinates":[[12.601967,46.062458],[12.604326,46.061095]]}},{"type":"Feature","properties":{"u":471487110,"v":735499687,"length":7.67,"highway":"unclassified"},"geometry":{"type":"LineString","coordinates":[[12.597039,46.065586],[12.596979,46.065531]]}},{"type":"Feature","properties":{"u":735499687,"v":471487115,"length":12.672,"highway":"unclassified"},"geometry":{"type":"LineString","coordinates":[[12.596979,46.065531],[12.59695,46.065478],[12.596942,46.065421]]}},{"type":"Feature","properties":{"u":471487115,"v":471487113,"length":35.509,"highway":"unclassified"},"geometry":{"type":"LineString","coordinates":[[12.596942,46.065421],[12.596958,46.065359],[12.596999,46.065301],[12.597062,46.065255],[12.597142,46.065223],[12.597232,46.065208]]}},{"type":"Feature","properties":{"u":471487113,"v":471487104,"length":23.387,"highway":"unclassified"},"geometry":{"type":"LineString","coordinates":[[12.597232,46.065208],[12.597333,46.065213],[12.597426,46.065239],[12.597503,46.065285]]}},{"type":"Feature","properties":{"u":471487104,"v":471487112,"length":24.627,"highway":"unclassified"},"geometry":{"type":"LineString","coordinates":[[12.597503,46.065285],[12.597557,46.065348],[12.597578,46.065421],[12.597563,46.065494]]}},{"type":"Feature","properties":{"u":471487112,"v":471484052,"length":34.412,"highway":"unclassified"},"geometry":{"type":"LineString","coordinates":[[12.597563,46.065494],[12.597525,46.06555],[12.597466,46.065596],[12.59739,46.065629],[12.597304,46.065646],[12.597215,46.065646]]}},{"type":"Feature","properties":{"u":471484052,"v":471487110,"length":15.33,"highway":"unclassified"},"geometry":{"type":"LineString","coordinates":[[12.597215,46.065646],[12.59712,46.065626],[12.597039,46.065586]]}},{"type":"Feature","properties":{"u":471487112,"v":471487166,"length":25.132,"highway":"unclassified"},"geometry":{"type":"LineString","coordinates":[[12.597563,46.065494],[12.597687,46.065703]]}},{"type":"Feature","properties":{"u":471487166,"v":471484096,"length":27.639,"highway":"unclassified"},"geometry":{"type":"LineString","coordinates":[[12.597687,46.065703],[12.597713,46.065825],[12.597702,46.06595]]}},{"type":"Feature","properties":{"u":471487108,"v":471484099,"length":94.05,"highway":"unclassified"},"geometry":{"type":"LineString","coordinates":[[12.601967,46.062458],[12.602711,46.063128]]}},{"type":"Feature","properties":{"u":471484099,"v":471487475,"length":171.895,"highway":"unclassified"},"geometry":{"type":"LineString","coordinates":[[12.602711,46.063128],[12.60407,46.064353]]}},{"type":"Feature","properties":{"u":471487475,"v":471487479,"length":181.344,"highway":"unclassified"},"geometry":{"type":"LineString","coordinates":[[12.60407,46.064353],[12.604579,46.064844],[12.604746,46.065116],[12.604885,46.06584]]}},{"type":"Feature","properties":{"u":471487481,"v":3985151860,"length":75.709,"highway":"residential"},"geometry":{"type":"LineString","coordinates":[[12.592155,46.067646],[12.592762,46.068181]]}},{"type":"Feature","properties":{"u":471487867,"v":471487869,"length":25.242,"highway":"residential","maxspeed":50},"geometry":{"type":"LineString","coordinates":[[12.58853,46.063012],[12.588387,46.062943],[12.58831,46.062926],[12.588239,46.062935]]}},{"type":"Feature","properties":{"u":471488900,"v":471489299,"length":45.596,"highway":"unclassified"},"geometry":{"type":"LineString","coordinates":[[12.588568,46.068131],[12.588156,46.067837]]}},{"type":"Feature","properties":{"u":471489299,"v":471486347,"length":80.116,"highway":"unclassified"},"geometry":{"type":"LineString","coordinates":[[12.588156,46.067837],[12.58796,46.067633],[12.587918,46.067575],[12.587903,46.067546],[12.587903,46.067531],[12.587915,46.06751],[12.587972,46.067468],[12.588142,46.067348],[12.588244,46.067256]]}},{"type":"Feature","properties":{"u":471489299,"v":478712469,"length":56.918,"highway":"residential","maxspeed":50},"geometry":{"type":"LineString","coordinates":[[12.588156,46.067837],[12.587583,46.068086],[12.587531,46.068109]]}},{"type":"Feature","properties":{"u":478712469,"v":471994313,"length":68.663,"highway":"residential","maxspeed":50},"geometry":{"type":"LineString","coordinates":[[12.587531,46.068109],[12.586986,46.068454],[12.586856,46.068509]]}},{"type":"Feature","properties":{"u":471491588,"v":471491591,"length":286.662,"highway":"residential"},"geometry":{"type":"LineString","coordinates":[[12.580428,46.065186],[12.581329,46.06651],[12.581395,46.066553],[12.582212,46.066618],[12.582311,46.066648],[12.582721,46.066937]]}},{"type":"Feature","properties":{"u":471486069,"v":2859201212,"length":140.564,"highway":"residential"},"geometry":{"type":"LineString","coordinates":[[12.584936,46.064937],[12.584686,46.065283],[12.584506,46.065469],[12.584304,46.065635],[12.583924,46.065927],[12.583907,46.065941],[12.583884,46.065959]]}},{"type":"Feature","properties":{"u":471638421,"v":471638424,"length":240.621,"highway":"unclassified"},"geometry":{"type":"LineString","coordinates":[[12.573631,46.058703],[12.573091,46.05924],[12.572826,46.059518],[12.57241,46.059954],[12.571894,46.0605]]}},{"type":"Feature","properties":{"u":471638458,"v":1341626864,"length":67.541,"highway":"residential"},"geometry":{"type":"LineString","coordinates":[[12.572067,46.070949],[12.572031,46.071014],[12.572034,46.07116],[12.572052,46.071205],[12.572259,46.071466],[12.572274,46.071512]]}},{"type":"Feature","properties":{"u":471487867,"v":471485436,"length":166.548,"highway":"residential","maxspeed":50},"geometry":{"type":"LineString","coordinates":[[12.58853,46.063012],[12.588581,46.063051],[12.589692,46.063912],[12.589958,46.064135]]}},{"type":"Feature","properties":{"u":2859205822,"v":1682911036,"length":113.619,"highway":"unclassified"},"geometry":{"type":"LineString","coordinates":[[12.588269,46.06728],[12.588877,46.066977],[12.58946,46.066679]]}},{"type":"Feature","properties":{"u":1682911036,"v":1682920410,"length":3.804,"highway":"unclassified"},"geometry":{"type":"LineString","coordinates":[[12.58946,46.066679],[12.5895,46.066659]]}},{"type":"Feature","properties":{"u":1682920410,"v":471989561,"length":105.364,"highway":"unclassified"},"geometry":{"type":"LineString","coordinates":[[12.5895,46.066659],[12.590119,46.06635],[12.590609,46.066106]]}},{"type":"Feature","properties":{"u":471488901,"v":1714185972,"length":16.921,"highway":"secondary"},"geometry":{"type":"LineString","coordinates":[[12.589279,46.068904],[12.589448,46.068807]]}},{"type":"Feature","properties":{"u":471989737,"v":471490915,"length":248.767,"highway":"residential","maxspeed":50},"geometry":{"type":"LineString","coordinates":[[12.592546,46.071049],[12.592204,46.070615],[12.591974,46.070324],[12.591455,46.069636],[12.59114,46.069226],[12.591026,46.069076]]}},{"type":"Feature","properties":{"u":471488901,"v":471992031,"length":95.657,"highway":"secondary"},"geometry":{"type":"LineString","coordinates":[[12.589279,46.068904],[12.588941,46.06907],[12.588593,46.069258],[12.588285,46.069418]]}},{"type":"Feature","properties":{"u":471992031,"v":471993408,"length":112.139,"highway":"residential","maxspeed":50},"geometry":{"type":"LineString","coordinates":[[12.588285,46.069418],[12.588467,46.069893],[12.588499,46.070157],[12.588507,46.070409]]}},{"type":"Feature","properties":{"u":471993408,"v":471992043,"length":72.576,"highway":"residential","maxspeed":50},"geometry":{"type":"LineString","coordinates":[[12.588507,46.070409],[12.58866,46.071053]]}},{"type":"Feature","properties":{"u":471992043,"v":1714184493,"length":7.641,"highway":"residential","maxspeed":50},"geometry":{"type":"LineString","coordinates":[[12.58866,46.071053],[12.588682,46.07112]]}},{"type":"Feature","properties":{"u":471992047,"v":471992043,"length":103.017,"highway":"residential"},"geometry":{"type":"LineString","coordinates":[[12.58744,46.071428],[12.588174,46.071183],[12.58866,46.071053]]}},{"type":"Feature","properties":{"u":471993408,"v":1961263326,"length":122.011,"highway":"residential"},"geometry":{"type":"LineString","coordinates":[[12.588507,46.070409],[12.587796,46.07077],[12.587236,46.071062]]}},{"type":"Feature","properties":{"u":471993429,"v":471993451,"length":102.861,"highway":"residential"},"geometry":{"type":"LineString","coordinates":[[12.586478,46.071525],[12.585768,46.070742]]}},{"type":"Feature","properties":{"u":471994270,"v":471994313,"length":148.52,"highway":"residential","maxspeed":50},"geometry":{"type":"LineString","coordinates":[[12.588149,46.069488],[12.588013,46.069422],[12.587881,46.069357],[12.587873,46.069355],[12.587685,46.069217],[12.587417,46.068974],[12.587364,46.068926],[12.58705,46.068668],[12.586856,46.068509]]}},{"type":"Feature","properties":{"u":471486342,"v":478712472,"length":101.232,"highway":"residential"},"geometry":{"type":"LineString","coordinates":[[12.587132,46.066288],[12.58682,46.066435],[12.5867,46.066491],[12.586511,46.066539],[12.586308,46.066645],[12.586205,46.06684],[12.586186,46.066861]]}},{"type":"Feature","properties":{"u":478712472,"v":471999041,"length":69.75,"highway":"residential"},"geometry":{"type":"LineString","coordinates":[[12.586186,46.066861],[12.586046,46.066952],[12.58548,46.067252]]}},{"type":"Feature","properties":{"u":471999041,"v":471999056,"length":20.728,"highway":"residential"},"geometry":{"type":"LineString","coordinates":[[12.58548,46.067252],[12.585258,46.067357]]}},{"type":"Feature","properties":{"u":471994313,"v":471999041,"length":175.514,"highway":"residential","maxspeed":50},"geometry":{"type":"LineString","coordinates":[[12.586856,46.068509],[12.586725,46.06839],[12.58548,46.067252]]}},{"type":"Feature","properties":{"u":471999041,"v":472014908,"length":38.75,"highway":"residential","maxspeed":50},"geometry":{"type":"LineString","coordinates":[[12.58548,46.067252],[12.585166,46.06698]]}},{"type":"Feature","properties":{"u":275047743,"v":472000724,"length":91.908,"highway":"tertiary"},"geometry":{"type":"LineString","coordinates":[[12.586784,46.070231],[12.586692,46.070061],[12.586366,46.069457]]}},{"type":"Feature","properties":{"u":472000724,"v":471489302,"length":69.534,"highway":"tertiary"},"geometry":{"type":"LineString","coordinates":[[12.586366,46.069457],[12.586101,46.068983],[12.58604,46.068874]]}},{"type":"Feature","properties":{"u":471489302,"v":1682900835,"length":70.827,"highway":"tertiary"},"geometry":{"type":"LineString","coordinates":[[12.58604,46.068874],[12.58574,46.068272]]}},{"type":"Feature","properties":{"u":1682900835,"v":472023432,"length":71.192,"highway":"tertiary"},"geometry":{"type":"LineString","coordinates":[[12.58574,46.068272],[12.585671,46.068143],[12.585418,46.067672]]}},{"type":"Feature","properties":{"u":472023432,"v":471999056,"length":37.138,"highway":"tertiary"},"geometry":{"type":"LineString","coordinates":[[12.585418,46.067672],[12.585258,46.067357]]}},{"type":"Feature","properties":{"u":471999056,"v":472014908,"length":42.517,"highway":"tertiary"},"geometry":{"type":"LineString","coordinates":[[12.585258,46.067357],[12.585166,46.06698]]}},{"type":"Feature","properties":{"u":472003468,"v":472003481,"length":67.194,"highway":"residential"},"geometry":{"type":"LineString","coordinates":[[12.583853,46.068354],[12.584311,46.068868]]}},{"type":"Feature","properties":{"u":472003481,"v":472005507,"length":68.41,"highway":"residential"},"geometry":{"type":"LineString","coordinates":[[12.584311,46.068868],[12.584778,46.069391]]}},{"type":"Feature","properties":{"u":472005507,"v":472006411,"length":70.901,"highway":"residential"},"geometry":{"type":"LineString","coordinates":[[12.584778,46.069391],[12.585233,46.069945]]}},{"type":"Feature","properties":{"u":472006411,"v":472003504,"length":96.376,"highway":"residential"},"geometry":{"type":"LineString","coordinates":[[12.585233,46.069945],[12.585495,46.070213],[12.585508,46.070227],[12.585564,46.070284],[12.585847,46.07057],[12.585937,46.070661]]}},{"type":"Feature","properties":{"u":472005430,"v":472005446,"length":71.065,"highway":"residential"},"geometry":{"type":"LineString","coordinates":[[12.581981,46.069866],[12.582434,46.070391],[12.582455,46.070414]]}},{"type":"Feature","properties":{"u":472005446,"v":472005481,"length":68.532,"highway":"residential"},"geometry":{"type":"LineString","coordinates":[[12.582455,46.070414],[12.582918,46.07094]]}},{"type":"Feature","properties":{"u":472005446,"v":472005507,"length":212.261,"highway":"residential"},"geometry":{"type":"LineString","coordinates":[[12.582455,46.070414],[12.584778,46.069391]]}},{"type":"Feature","properties":{"u":472005481,"v":472006411,"length":210.087,"highway":"residential"},"geometry":{"type":"LineString","coordinates":[[12.582918,46.07094],[12.583383,46.07074],[12.584177,46.0704],[12.584656,46.070198],[12.585233,46.069945]]}},{"type":"Feature","properties":{"u":472006411,"v":472000724,"length":102.88,"highway":"residential"},"geometry":{"type":"LineString","coordinates":[[12.585233,46.069945],[12.586366,46.069457]]}},{"type":"Feature","properties":{"u":1682900835,"v":472003481,"length":128.629,"highway":"residential"},"geometry":{"type":"LineString","coordinates":[[12.58574,46.068272],[12.584311,46.068868]]}},{"type":"Feature","properties":{"u":472003481,"v":3028227304,"length":95.278,"highway":"residential"},"geometry":{"type":"LineString","coordinates":[[12.584311,46.068868],[12.58326,46.069318]]}},{"type":"Feature","properties":{"u":3028227304,"v":3028227305,"length":55.668,"highway":"residential"},"geometry":{"type":"LineString","coordinates":[[12.58326,46.069318],[12.582646,46.069581]]}},{"type":"Feature","properties":{"u":3028227305,"v":472005430,"length":60.3,"highway":"residential"},"geometry":{"type":"LineString","coordinates":[[12.582646,46.069581],[12.581981,46.069866]]}},{"type":"Feature","properties":{"u":471489302,"v":472005507,"length":113.064,"highway":"residential","maxspeed":50},"geometry":{"type":"LineString","coordinates":[[12.58604,46.068874],[12.585861,46.068947],[12.584778,46.069391]]}},{"type":"Feature","properties":{"u":472010726,"v":1714288921,"length":194.831,"highway":"residential"},"geometry":{"type":"LineString","coordinates":[[12.580379,46.07067],[12.580608,46.070943],[12.580622,46.070997],[12.580574,46.071061],[12.580084,46.071616],[12.580087,46.071667],[12.580135,46.071718],[12.580632,46.072142]]}},{"type":"Feature","properties":{"u":1714288921,"v":472010842,"length":66.093,"highway":"residential"},"geometry":{"type":"LineString","coordinates":[[12.580632,46.072142],[12.580914,46.072387],[12.581162,46.072609]]}},{"type":"Feature","properties":{"u":472010855,"v":472010885,"length":107.573,"highway":"residential"},"geometry":{"type":"LineString","coordinates":[[12.583455,46.071959],[12.583361,46.071923],[12.583168,46.071891],[12.582914,46.071919],[12.582667,46.071978],[12.582137,46.072124]]}},{"type":"Feature","properties":{"u":472023432,"v":472003468,"length":142.577,"highway":"residential"},"geometry":{"type":"LineString","coordinates":[[12.585418,46.067672],[12.583853,46.068354]]}},{"type":"Feature","properties":{"u":471352944,"v":475521928,"length":61.09,"highway":"unclassified"},"geometry":{"type":"LineString","coordinates":[[12.578325,46.085619],[12.578373,46.08558],[12.578447,46.085529],[12.578629,46.085395],[12.57878,46.085291],[12.578805,46.085255],[12.5788,46.085201]]}},{"type":"Feature","properties":{"u":275047748,"v":472030059,"length":128.48,"highway":"tertiary"},"geometry":{"type":"LineString","coordinates":[[12.588261,46.072932],[12.588372,46.073187],[12.588479,46.073387],[12.588678,46.07372],[12.588786,46.073878],[12.5889,46.073994]]}},{"type":"Feature","properties":{"u":472030059,"v":472030068,"length":120.226,"highway":"tertiary"},"geometry":{"type":"LineString","coordinates":[[12.5889,46.073994],[12.589048,46.074088],[12.589233,46.074198],[12.589693,46.07444],[12.589817,46.074554],[12.589921,46.074648],[12.589988,46.074749]]}},{"type":"Feature","properties":{"u":472030068,"v":1681707012,"length":221.98,"highway":"tertiary"},"geometry":{"type":"LineString","coordinates":[[12.589988,46.074749],[12.590185,46.075129],[12.590411,46.075563],[12.59068,46.076147],[12.590752,46.076366],[12.590826,46.076592],[12.590838,46.076653]]}},{"type":"Feature","properties":{"u":1681707012,"v":472030082,"length":41.517,"highway":"tertiary"},"geometry":{"type":"LineString","coordinates":[[12.590838,46.076653],[12.590964,46.077016]]}},{"type":"Feature","properties":{"u":472030082,"v":1681707071,"length":182.885,"highway":"tertiary"},"geometry":{"type":"LineString","coordinates":[[12.590964,46.077016],[12.591068,46.077367],[12.591175,46.077797],[12.59131,46.078299],[12.591418,46.07863]]}},{"type":"Feature","properties":{"u":475521911,"v":471486064,"length":115.392,"highway":"unclassified","maxspeed":50},"geometry":{"type":"LineString","coordinates":[[12.578327,46.062148],[12.578748,46.062266],[12.578914,46.062268],[12.579079,46.062167],[12.579286,46.061977],[12.579514,46.061829]]}},{"type":"Feature","properties":{"u":478712469,"v":478712472,"length":174.199,"highway":"residential"},"geometry":{"type":"LineString","coordinates":[[12.587531,46.068109],[12.587305,46.067857],[12.587072,46.067568],[12.586966,46.067489],[12.586776,46.067338],[12.586622,46.067189],[12.586471,46.067057],[12.586186,46.066861]]}},{"type":"Feature","properties":{"u":481334496,"v":481334491,"length":20.043,"highway":"unclassified"},"geometry":{"type":"LineString","coordinates":[[12.596726,46.090243],[12.596489,46.090317]]}},{"type":"Feature","properties":{"u":481334496,"v":4352637348,"length":226.279,"highway":"unclassified"},"geometry":{"type":"LineString","coordinates":[[12.596726,46.090243],[12.596873,46.09036],[12.596973,46.090463],[12.597435,46.091255],[12.597542,46.091415],[12.59771,46.09159],[12.598193,46.091958],[12.598207,46.091972]]}},{"type":"Feature","properties":{"u":4352637348,"v":481334497,"length":31.811,"highway":"unclassified"},"geometry":{"type":"LineString","coordinates":[[12.598207,46.091972],[12.598327,46.092083],[12.598444,46.092206]]}},{"type":"Feature","properties":{"u":481334497,"v":481334500,"length":266.296,"highway":"unclassified"},"geometry":{"type":"LineString","coordinates":[[12.598444,46.092206],[12.598748,46.092632],[12.599202,46.093385],[12.599448,46.093767],[12.599674,46.094115],[12.599774,46.094302],[12.599777,46.094347],[12.59973,46.094396]]}},{"type":"Feature","properties":{"u":481334500,"v":1711490679,"length":79.312,"highway":"unclassified","maxspeed":50},"geometry":{"type":"LineString","coordinates":[[12.59973,46.094396],[12.599635,46.094472],[12.599562,46.094609],[12.599526,46.094702],[12.599517,46.094843],[12.599531,46.095072]]}},{"type":"Feature","properties":{"u":1711490679,"v":1711474181,"length":127.952,"highway":"unclassified","maxspeed":50},"geometry":{"type":"LineString","coordinates":[[12.599531,46.095072],[12.599535,46.095255],[12.599527,46.095677],[12.599509,46.095986],[12.599515,46.0961],[12.599636,46.096189]]}},{"type":"Feature","properties":{"u":481334683,"v":318694350,"length":493.081,"highway":"residential"},"geometry":{"type":"LineString","coordinates":[[12.650236,46.143799],[12.650308,46.144017],[12.650429,46.144208],[12.650561,46.144429],[12.650769,46.144649],[12.650917,46.144789],[12.651119,46.145083],[12.651265,46.145263],[12.651434,46.145417],[12.653017,46.146774],[12.65344,46.147104],[12.653787,46.147442]]}},{"type":"Feature","properties":{"u":481334605,"v":1894585929,"length":120.49,"highway":"unclassified"},"geometry":{"type":"LineString","coordinates":[[12.633612,46.11758],[12.633758,46.117563],[12.634135,46.117485],[12.63433,46.117444],[12.634516,46.11743],[12.634808,46.11744],[12.635034,46.117446],[12.635145,46.117434]]}},{"type":"Feature","properties":{"u":481334561,"v":3506974002,"length":829.169,"highway":"unclassified"},"geometry":{"type":"LineString","coordinates":[[12.614016,46.107852],[12.614227,46.107722],[12.614973,46.107369],[12.615486,46.10712],[12.615581,46.107074],[12.615684,46.107024],[12.616343,46.106732],[12.617063,46.106375],[12.617206,46.106315],[12.617438,46.106252],[12.617674,46.106229],[12.6179,46.106231],[12.618165,46.10625],[12.618298,46.106271],[12.618426,46.106299],[12.618575,46.106346],[12.618749,46.106412],[12.618889,46.106472],[12.618981,46.106526],[12.619199,46.106681],[12.619584,46.106924],[12.620133,46.107248],[12.620679,46.10758],[12.621071,46.107858],[12.621243,46.108008],[12.621416,46.108154],[12.621533,46.108255],[12.62163,46.108327],[12.621733,46.1084],[12.621849,46.108462],[12.622356,46.108733],[12.622611,46.108864]]}},{"type":"Feature","properties":{"u":491589618,"v":1714259212,"length":369.477,"highway":"unclassified"},"geometry":{"type":"LineString","coordinates":[[12.594255,46.066595],[12.593986,46.066446],[12.592686,46.065551],[12.590882,46.064239]]}},{"type":"Feature","properties":{"u":471989527,"v":1714901249,"length":185.891,"highway":"unclassified"},"geometry":{"type":"LineString","coordinates":[[12.589144,46.060582],[12.58895,46.060419],[12.588558,46.060109],[12.58834,46.060031],[12.588169,46.060022],[12.588014,46.060024],[12.587909,46.060064],[12.587492,46.06026],[12.5874,46.060331],[12.587279,46.060421]]}},{"type":"Feature","properties":{"u":318694398,"v":912310141,"length":274.14,"highway":"residential"},"geometry":{"type":"LineString","coordinates":[[12.663625,46.158029],[12.662978,46.157807],[12.662121,46.157513],[12.661731,46.157372],[12.661376,46.157301],[12.660836,46.157307],[12.660313,46.157372]]}},{"type":"Feature","properties":{"u":375694240,"v":2100239025,"length":554.734,"highway":"unclassified"},"geometry":{"type":"LineString","coordinates":[[12.651012,46.153961],[12.651058,46.154026],[12.650797,46.154345],[12.650773,46.154476],[12.650796,46.154576],[12.650873,46.154763],[12.651266,46.155437],[12.651433,46.155761],[12.651628,46.15614],[12.651865,46.156413],[12.652031,46.156498],[12.652385,46.156679],[12.652566,46.156739],[12.652759,46.156725],[12.653084,46.156647],[12.653355,46.156549],[12.654273,46.15651],[12.654422,46.156542],[12.654501,46.156568],[12.654649,46.15672],[12.654697,46.15677],[12.654818,46.156841]]}},{"type":"Feature","properties":{"u":2100239025,"v":2099773507,"length":274.292,"highway":"unclassified"},"geometry":{"type":"LineString","coordinates":[[12.654818,46.156841],[12.654912,46.156895],[12.655048,46.156993],[12.655124,46.157074],[12.655157,46.157108],[12.655244,46.15729],[12.655311,46.157441],[12.655491,46.157562],[12.655678,46.157631],[12.655841,46.157664],[12.656724,46.15833],[12.657129,46.158638]]}},{"type":"Feature","properties":{"u":2099773507,"v":2100239235,"length":373.512,"highway":"unclassified"},"geometry":{"type":"LineString","coordinates":[[12.657129,46.158638],[12.6572,46.158691],[12.657301,46.158832],[12.657397,46.158964],[12.657514,46.159181],[12.657566,46.159363],[12.657563,46.159485],[12.657518,46.15959],[12.657428,46.159698],[12.657339,46.159767],[12.657201,46.159776],[12.657057,46.159742],[12.656862,46.159666],[12.656291,46.159397],[12.656199,46.15938],[12.656121,46.159399],[12.656105,46.159457],[12.65615,46.159514],[12.656499,46.159972],[12.656534,46.160157],[12.656516,46.160328],[12.656437,46.160476]]}},{"type":"Feature","properties":{"u":498846099,"v":2847342022,"length":242.519,"highway":"unclassified"},"geometry":{"type":"LineString","coordinates":[[12.614688,46.121101],[12.614693,46.121195],[12.614746,46.121305],[12.614804,46.121406],[12.614808,46.121488],[12.614847,46.12158],[12.614942,46.121653],[12.61506,46.121724],[12.61521,46.121807],[12.615359,46.12188],[12.615505,46.121969],[12.615644,46.122076],[12.615844,46.122226],[12.616152,46.122459],[12.616414,46.122653],[12.616559,46.122769]]}},{"type":"Feature","properties":{"u":498846130,"v":498846139,"length":185.234,"highway":"unclassified"},"geometry":{"type":"LineString","coordinates":[[12.614814,46.119189],[12.614592,46.119467],[12.614449,46.119645],[12.614356,46.119773],[12.614285,46.119864],[12.614204,46.119956],[12.613903,46.120345],[12.613645,46.120644]]}},{"type":"Feature","properties":{"u":498846098,"v":498846139,"length":70.214,"highway":"unclassified","maxspeed":50},"geometry":{"type":"LineString","coordinates":[[12.614105,46.121187],[12.613884,46.12097],[12.613802,46.120861],[12.61375,46.120782],[12.613697,46.120708],[12.613645,46.120644]]}},{"type":"Feature","properties":{"u":498846139,"v":498846119,"length":120.715,"highway":"unclassified","maxspeed":50},"geometry":{"type":"LineString","coordinates":[[12.613645,46.120644],[12.613523,46.120531],[12.61326,46.120227],[12.612921,46.119823],[12.612832,46.119717]]}},{"type":"Feature","properties":{"u":498846119,"v":498846127,"length":347.523,"highway":"unclassified","maxspeed":50},"geometry":{"type":"LineString","coordinates":[[12.612832,46.119717],[12.612664,46.119593],[12.612478,46.119476],[12.612062,46.11925],[12.611429,46.118907],[12.611382,46.118882],[12.610782,46.118565],[12.610253,46.118272],[12.60992,46.118075],[12.609412,46.117691]]}},{"type":"Feature","properties":{"u":552235324,"v":552235328,"length":18.322,"highway":"residential"},"geometry":{"type":"LineString","coordinates":[[12.684456,46.163436],[12.684611,46.163311]]}},{"type":"Feature","properties":{"u":552235404,"v":1425732656,"length":147.411,"highway":"residential"},"geometry":{"type":"LineString","coordinates":[[12.684922,46.161648],[12.684954,46.161748],[12.684817,46.16198],[12.684466,46.162644],[12.684431,46.162718],[12.684456,46.162811],[12.684484,46.162902]]}},{"type":"Feature","properties":{"u":1425732656,"v":552235328,"length":46.552,"highway":"residential"},"geometry":{"type":"LineString","coordinates":[[12.684484,46.162902],[12.684508,46.162954],[12.684542,46.163073],[12.684593,46.163252],[12.684611,46.163311]]}},{"type":"Feature","properties":{"u":552235328,"v":552235338,"length":8.532,"highway":"residential"},"geometry":{"type":"LineString","coordinates":[[12.684611,46.163311],[12.684653,46.163382]]}},{"type":"Feature","properties":{"u":552235567,"v":912295859,"length":112.035,"highway":"tertiary"},"geometry":{"type":"LineString","coordinates":[[12.684482,46.160486],[12.684958,46.160331],[12.685265,46.160217],[12.685435,46.160133],[12.685654,46.160019],[12.685718,46.159968]]}},{"type":"Feature","properties":{"u":912295859,"v":2042128172,"length":112.696,"highway":"tertiary"},"geometry":{"type":"LineString","coordinates":[[12.685718,46.159968],[12.685899,46.159824],[12.686165,46.159522],[12.686334,46.159266],[12.686462,46.159101]]}},{"type":"Feature","properties":{"u":2042128172,"v":552235528,"length":127.933,"highway":"tertiary"},"geometry":{"type":"LineString","coordinates":[[12.686462,46.159101],[12.68664,46.158873],[12.687219,46.158077]]}},{"type":"Feature","properties":{"u":912292026,"v":1989494301,"length":391.274,"highway":"tertiary"},"geometry":{"type":"LineString","coordinates":[[12.690743,46.155138],[12.690436,46.155172],[12.69029,46.155216],[12.690199,46.155255],[12.690073,46.155333],[12.69,46.155396],[12.689782,46.155585],[12.689289,46.156042],[12.689213,46.15612],[12.687991,46.157245],[12.687816,46.157416],[12.687556,46.15777]]}},{"type":"Feature","properties":{"u":275047952,"v":564874429,"length":31.862,"highway":"tertiary_link"},"geometry":{"type":"LineString","coordinates":[[12.653112,46.082895],[12.653158,46.082968],[12.653221,46.083036],[12.653359,46.083118]]}},{"type":"Feature","properties":{"u":564874429,"v":564874437,"length":414.529,"highway":"tertiary"},"geometry":{"type":"LineString","coordinates":[[12.653359,46.083118],[12.653674,46.083246],[12.653981,46.083412],[12.654569,46.083766],[12.655337,46.084257],[12.655543,46.084386],[12.656355,46.084873],[12.656576,46.085007],[12.657012,46.085268],[12.657448,46.08553]]}},{"type":"Feature","properties":{"u":565077241,"v":1429391893,"length":19.751,"highway":"residential"},"geometry":{"type":"LineString","coordinates":[[12.681149,46.163838],[12.681016,46.16392],[12.68096,46.163958]]}},{"type":"Feature","properties":{"u":1429391893,"v":565077282,"length":308.351,"highway":"residential"},"geometry":{"type":"LineString","coordinates":[[12.68096,46.163958],[12.68069,46.16414],[12.680512,46.164246],[12.680174,46.164408],[12.679928,46.164484],[12.67972,46.164538],[12.679516,46.164579],[12.67939,46.164628],[12.679356,46.164671],[12.67938,46.164749],[12.679416,46.164872],[12.679436,46.164942],[12.679436,46.164971],[12.679429,46.165009],[12.679355,46.165058],[12.679193,46.165071],[12.679004,46.165102],[12.678773,46.165129],[12.678534,46.165139],[12.678071,46.165184],[12.677961,46.165189],[12.677914,46.165208]]}},{"type":"Feature","properties":{"u":565130387,"v":565130357,"length":142.076,"highway":"residential"},"geometry":{"type":"LineString","coordinates":[[12.683924,46.164479],[12.684287,46.164502],[12.684442,46.164525],[12.684566,46.164529],[12.684712,46.164487],[12.684807,46.164452],[12.684918,46.164369],[12.685038,46.164202],[12.685116,46.164024],[12.685216,46.16388]]}},{"type":"Feature","properties":{"u":565522380,"v":565439333,"length":579.985,"highway":"unclassified"},"geometry":{"type":"LineString","coordinates":[[12.700967,46.172583],[12.700929,46.172658],[12.700918,46.172736],[12.700898,46.1729],[12.700869,46.172976],[12.700831,46.173079],[12.700778,46.173181],[12.700699,46.173295],[12.700667,46.173346],[12.700598,46.173387],[12.700506,46.173381],[12.700379,46.173271],[12.700328,46.173185],[12.700257,46.173063],[12.700207,46.172954],[12.700142,46.172858],[12.700092,46.172788],[12.700027,46.17274],[12.699884,46.172683],[12.699778,46.172667],[12.699678,46.172675],[12.699416,46.172761],[12.699221,46.1728],[12.699105,46.172802],[12.698974,46.172787],[12.698864,46.172766],[12.69864,46.17273],[12.698484,46.172731],[12.698389,46.172773],[12.698315,46.172866],[12.698143,46.172993],[12.698014,46.173018],[12.697841,46.172996],[12.697699,46.172936],[12.697553,46.172819],[12.697464,46.172725],[12.697394,46.172606],[12.697352,46.172494],[12.69728,46.172436],[12.697165,46.172426],[12.697054,46.172482],[12.696926,46.172607],[12.696823,46.172637],[12.696673,46.172618],[12.696569,46.172576],[12.69622,46.172397],[12.695898,46.172243]]}},{"type":"Feature","properties":{"u":4252110490,"v":1421830034,"length":167.11,"highway":"secondary"},"geometry":{"type":"LineString","coordinates":[[12.709118,46.148908],[12.70914,46.149247],[12.709113,46.149617],[12.709031,46.150408]]}},{"type":"Feature","properties":{"u":1421830034,"v":1112363248,"length":492.0,"highway":"secondary"},"geometry":{"type":"LineString","coordinates":[[12.709031,46.150408],[12.709013,46.150542],[12.708987,46.150817],[12.708971,46.151045],[12.708991,46.151387],[12.709027,46.151901],[12.709019,46.152176],[12.708987,46.15238],[12.708628,46.153496],[12.708386,46.154205],[12.708138,46.154756]]}},{"type":"Feature","properties":{"u":1112363248,"v":1421830170,"length":216.787,"highway":"secondary"},"geometry":{"type":"LineString","coordinates":[[12.708138,46.154756],[12.70779,46.15538],[12.707152,46.156582]]}},{"type":"Feature","properties":{"u":1421830170,"v":3507181214,"length":191.739,"highway":"secondary"},"geometry":{"type":"LineString","coordinates":[[12.707152,46.156582],[12.706731,46.157397],[12.706651,46.157552],[12.706402,46.158037],[12.706339,46.158211]]}},{"type":"Feature","properties":{"u":3507181214,"v":275047825,"length":85.356,"highway":"secondary"},"geometry":{"type":"LineString","coordinates":[[12.706339,46.158211],[12.706249,46.158462],[12.706184,46.158969]]}},{"type":"Feature","properties":{"u":275047825,"v":1914045490,"length":153.246,"highway":"secondary"},"geometry":{"type":"LineString","coordinates":[[12.706184,46.158969],[12.7062,46.159802],[12.70625,46.160346]]}},{"type":"Feature","properties":{"u":568270968,"v":568270978,"length":165.373,"highway":"residential"},"geometry":{"type":"LineString","coordinates":[[12.693685,46.06022],[12.69366,46.060299],[12.693659,46.060383],[12.693703,46.060505],[12.693778,46.060607],[12.693848,46.060716],[12.693915,46.060878],[12.693946,46.061054],[12.693986,46.061288],[12.693986,46.061422],[12.693965,46.061529],[12.693938,46.061667]]}},{"type":"Feature","properties":{"u":568271368,"v":568271512,"length":1213.015,"highway":"unclassified"},"geometry":{"type":"LineString","coordinates":[[12.708659,46.087498],[12.708655,46.087543],[12.708647,46.087588],[12.708645,46.087595],[12.708464,46.088197],[12.708195,46.089113],[12.707849,46.09024],[12.707836,46.090284],[12.707823,46.090328],[12.707795,46.090429],[12.707177,46.092648],[12.706922,46.093535],[12.705603,46.098137],[12.705586,46.098196]]}},{"type":"Feature","properties":{"u":565077439,"v":565439710,"length":94.716,"highway":"unclassified"},"geometry":{"type":"LineString","coordinates":[[12.690494,46.171982],[12.69066,46.172068],[12.690711,46.172106],[12.690887,46.17223],[12.691108,46.172371],[12.691231,46.172439],[12.691373,46.172572]]}},{"type":"Feature","properties":{"u":655372436,"v":655372437,"length":27.464,"highway":"tertiary"},"geometry":{"type":"LineString","coordinates":[[12.72408,46.156466],[12.723981,46.156511],[12.723868,46.156537],[12.723749,46.15654]]}},{"type":"Feature","properties":{"u":655372437,"v":1110905487,"length":8.681,"highway":"tertiary"},"geometry":{"type":"LineString","coordinates":[[12.723749,46.15654],[12.723639,46.156523]]}},{"type":"Feature","properties":{"u":1110905487,"v":655372440,"length":30.8,"highway":"tertiary"},"geometry":{"type":"LineString","coordinates":[[12.723639,46.156523],[12.723521,46.156479],[12.723428,46.156413],[12.723368,46.156331]]}},{"type":"Feature","properties":{"u":655372440,"v":655372422,"length":55.445,"highway":"tertiary"},"geometry":{"type":"LineString","coordinates":[[12.723368,46.156331],[12.723345,46.156232],[12.723369,46.156134],[12.723437,46.156046],[12.723542,46.155978],[12.723673,46.155937]]}},{"type":"Feature","properties":{"u":655372422,"v":655372426,"length":36.114,"highway":"tertiary"},"geometry":{"type":"LineString","coordinates":[[12.723673,46.155937],[12.723789,46.155926],[12.723906,46.155937],[12.724013,46.155968],[12.724106,46.156018]]}},{"type":"Feature","properties":{"u":655372426,"v":655372425,"length":16.745,"highway":"tertiary"},"geometry":{"type":"LineString","coordinates":[[12.724106,46.156018],[12.724172,46.156078],[12.724215,46.156147]]}},{"type":"Feature","properties":{"u":655372425,"v":655372441,"length":29.74,"highway":"tertiary"},"geometry":{"type":"LineString","coordinates":[[12.724215,46.156147],[12.724233,46.156236],[12.724214,46.156324],[12.724159,46.156404]]}},{"type":"Feature","properties":{"u":655372441,"v":655372436,"length":9.195,"highway":"tertiary"},"geometry":{"type":"LineString","coordinates":[[12.724159,46.156404],[12.72408,46.156466]]}},{"type":"Feature","properties":{"u":665371476,"v":912305827,"length":22.528,"highway":"unclassified"},"geometry":{"type":"LineString","coordinates":[[12.655795,46.117739],[12.655954,46.117569]]}},{"type":"Feature","properties":{"u":1711464344,"v":1711464340,"length":63.136,"highway":"unclassified","maxspeed":50},"geometry":{"type":"LineString","coordinates":[[12.589122,46.09092],[12.589256,46.090874],[12.589535,46.090775],[12.589756,46.090678],[12.58982,46.09063]]}},{"type":"Feature","properties":{"u":1711464340,"v":1711695025,"length":304.725,"highway":"unclassified","maxspeed":50},"geometry":{"type":"LineString","coordinates":[[12.58982,46.09063],[12.589846,46.090505],[12.589951,46.090161],[12.590107,46.089996],[12.590233,46.089909],[12.590713,46.089632],[12.590991,46.08953],[12.591439,46.089424],[12.59173,46.089366],[12.592141,46.089349],[12.592357,46.089336],[12.592607,46.089275],[12.592777,46.089214]]}},{"type":"Feature","properties":{"u":735151787,"v":295257100,"length":79.893,"highway":"tertiary"},"geometry":{"type":"LineString","coordinates":[[12.652105,46.071445],[12.652074,46.071199],[12.652041,46.070728]]}},{"type":"Feature","properties":{"u":735151787,"v":735151788,"length":81.17,"highway":"unclassified"},"geometry":{"type":"LineString","coordinates":[[12.652105,46.071445],[12.651328,46.071449],[12.651053,46.071442]]}},{"type":"Feature","properties":{"u":295257093,"v":735499546,"length":208.615,"highway":"unclassified"},"geometry":{"type":"LineString","coordinates":[[12.652406,46.074277],[12.652744,46.074256],[12.652825,46.074251],[12.652909,46.074233],[12.652955,46.074213],[12.652989,46.074182],[12.653016,46.074141],[12.653049,46.074061],[12.653083,46.073976],[12.65311,46.073929],[12.653157,46.073875],[12.653214,46.073826],[12.653284,46.073785],[12.653423,46.073716],[12.653724,46.073589],[12.65409,46.073409],[12.654464,46.073229]]}},{"type":"Feature","properties":{"u":735499546,"v":735499690,"length":434.348,"highway":"unclassified"},"geometry":{"type":"LineString","coordinates":[[12.654464,46.073229],[12.654654,46.073078],[12.65489,46.072952],[12.65506,46.072872],[12.655356,46.072764],[12.655611,46.072672],[12.655699,46.07263],[12.655737,46.072601],[12.655765,46.072574],[12.655786,46.072542],[12.655814,46.072492],[12.655838,46.072421],[12.655849,46.072353],[12.655861,46.072059],[12.655884,46.071788],[12.655929,46.071156],[12.65602,46.070799],[12.656008,46.070609],[12.655905,46.070252],[12.655679,46.069848]]}},{"type":"Feature","properties":{"u":735499707,"v":471487475,"length":425.247,"highway":"unclassified"},"geometry":{"type":"LineString","coordinates":[[12.608531,46.062107],[12.60407,46.064353]]}},{"type":"Feature","properties":{"u":471487166,"v":735499716,"length":29.624,"highway":"unclassified"},"geometry":{"type":"LineString","coordinates":[[12.597687,46.065703],[12.597771,46.065745],[12.597858,46.065766],[12.59795,46.065767],[12.598045,46.065756]]}},{"type":"Feature","properties":{"u":471487115,"v":498850206,"length":25.03,"highway":"unclassified"},"geometry":{"type":"LineString","coordinates":[[12.596942,46.065421],[12.596896,46.065314],[12.59687,46.065202]]}},{"type":"Feature","properties":{"u":498850206,"v":471487113,"length":27.937,"highway":"unclassified"},"geometry":{"type":"LineString","coordinates":[[12.59687,46.065202],[12.597232,46.065208]]}},{"type":"Feature","properties":{"u":735499845,"v":735499690,"length":666.62,"highway":"unclassified"},"geometry":{"type":"LineString","coordinates":[[12.662896,46.067421],[12.66191,46.067415],[12.660954,46.067384],[12.660748,46.067404],[12.660584,46.067447],[12.66,46.067623],[12.659938,46.067649],[12.659838,46.067692],[12.659816,46.067772],[12.659784,46.067821],[12.659732,46.067885],[12.659607,46.067988],[12.659492,46.068078],[12.659432,46.068121],[12.659375,46.06816],[12.659266,46.068219],[12.659129,46.068287],[12.659005,46.068346],[12.658844,46.068411],[12.658622,46.068475],[12.658368,46.068525],[12.657835,46.068633],[12.657468,46.068703],[12.65707,46.068782],[12.65663,46.068933],[12.656296,46.069119],[12.656075,46.069315],[12.655906,46.069472],[12.655812,46.069651],[12.655793,46.069708],[12.655774,46.069762],[12.655679,46.069848]]}},{"type":"Feature","properties":{"u":735499690,"v":295257101,"length":307.239,"highway":"unclassified"},"geometry":{"type":"LineString","coordinates":[[12.655679,46.069848],[12.654772,46.070008],[12.654366,46.070046],[12.653583,46.069997],[12.653562,46.069995],[12.652945,46.069962],[12.652838,46.069981],[12.652781,46.070053],[12.652724,46.070167],[12.65267,46.07029],[12.652358,46.070382],[12.652078,46.070414]]}},{"type":"Feature","properties":{"u":735164482,"v":735499950,"length":328.945,"highway":"unclassified"},"geometry":{"type":"LineString","coordinates":[[12.649288,46.071968],[12.649236,46.071784],[12.649028,46.070765],[12.648776,46.069582],[12.648737,46.069397],[12.648781,46.069336],[12.648863,46.069283],[12.649164,46.069242]]}},{"type":"Feature","properties":{"u":735499950,"v":735499769,"length":263.593,"highway":"unclassified"},"geometry":{"type":"LineString","coordinates":[[12.649164,46.069242],[12.649471,46.069202],[12.650402,46.069058],[12.650575,46.069044],[12.650636,46.069051],[12.650767,46.069123],[12.651052,46.069379],[12.651111,46.069467],[12.651201,46.069534],[12.651325,46.069562],[12.651685,46.069575],[12.652203,46.06959]]}},{"type":"Feature","properties":{"u":498850211,"v":735499839,"length":40.211,"highway":"unclassified"},"geometry":{"type":"LineString","coordinates":[[12.598264,46.060722],[12.597801,46.060888]]}},{"type":"Feature","properties":{"u":471484051,"v":471484052,"length":50.087,"highway":"unclassified"},"geometry":{"type":"LineString","coordinates":[[12.597649,46.065981],[12.597215,46.065646]]}},{"type":"Feature","properties":{"u":498850207,"v":471487113,"length":36.187,"highway":"unclassified"},"geometry":{"type":"LineString","coordinates":[[12.597089,46.064903],[12.597127,46.065073],[12.597232,46.065208]]}},{"type":"Feature","properties":{"u":735499687,"v":735499748,"length":49.761,"highway":"unclassified"},"geometry":{"type":"LineString","coordinates":[[12.596979,46.065531],[12.596883,46.065496],[12.596807,46.065478],[12.596692,46.065478],[12.596585,46.065489],[12.596362,46.065536]]}},{"type":"Feature","properties":{"u":735499765,"v":1879094610,"length":150.416,"highway":"residential"},"geometry":{"type":"LineString","coordinates":[[12.652515,46.07758],[12.652635,46.077576],[12.653646,46.077484],[12.653731,46.077492],[12.653807,46.077513],[12.653884,46.077553],[12.653947,46.077601],[12.653996,46.077647],[12.654041,46.077704],[12.654161,46.077877]]}},{"type":"Feature","properties":{"u":295257106,"v":735499950,"length":475.127,"highway":"unclassified"},"geometry":{"type":"LineString","coordinates":[[12.6529,46.067522],[12.652181,46.067484],[12.651363,46.067492],[12.650982,46.067547],[12.65003,46.067789],[12.648637,46.068143],[12.648584,46.068174],[12.648562,46.068224],[12.64893,46.068786],[12.649099,46.06908],[12.649164,46.069242]]}},{"type":"Feature","properties":{"u":472234391,"v":491589618,"length":19.987,"highway":"secondary"},"geometry":{"type":"LineString","coordinates":[[12.594049,46.066704],[12.594255,46.066595]]}},{"type":"Feature","properties":{"u":491589618,"v":735499748,"length":200.734,"highway":"secondary"},"geometry":{"type":"LineString","coordinates":[[12.594255,46.066595],[12.594565,46.066439],[12.595171,46.066134],[12.596056,46.065683],[12.596362,46.065536]]}},{"type":"Feature","properties":{"u":735499748,"v":498850206,"length":54.042,"highway":"secondary"},"geometry":{"type":"LineString","coordinates":[[12.596362,46.065536],[12.596559,46.06542],[12.59687,46.065202]]}},{"type":"Feature","properties":{"u":498850206,"v":498850207,"length":37.294,"highway":"secondary"},"geometry":{"type":"LineString","coordinates":[[12.59687,46.065202],[12.597089,46.064903]]}},{"type":"Feature","properties":{"u":498850207,"v":1684368588,"length":441.878,"highway":"secondary"},"geometry":{"type":"LineString","coordinates":[[12.597089,46.064903],[12.597513,46.06333],[12.597864,46.061886],[12.597998,46.061273],[12.598113,46.060995]]}},{"type":"Feature","properties":{"u":1684368588,"v":498850211,"length":32.515,"highway":"secondary"},"geometry":{"type":"LineString","coordinates":[[12.598113,46.060995],[12.598264,46.060722]]}},{"type":"Feature","properties":{"u":498850211,"v":1684368557,"length":23.354,"highway":"secondary"},"geometry":{"type":"LineString","coordinates":[[12.598264,46.060722],[12.598393,46.060532]]}},{"type":"Feature","properties":{"u":1684368557,"v":1684365135,"length":1229.36,"highway":"secondary"},"geometry":{"type":"LineString","coordinates":[[12.598393,46.060532],[12.598605,46.060257],[12.599374,46.059457],[12.601532,46.05721],[12.60175,46.056959],[12.602009,46.056621],[12.60213,46.056395],[12.602172,46.056318],[12.60229,46.055986],[12.602364,46.055644],[12.602486,46.054886],[12.602571,46.054347],[12.602845,46.05258],[12.603062,46.051188],[12.603136,46.050775],[12.603263,46.050408],[12.603329,46.050298]]}},{"type":"Feature","properties":{"u":735499636,"v":735499889,"length":590.71,"highway":"unclassified"},"geometry":{"type":"LineString","coordinates":[[12.653336,46.065834],[12.651859,46.065443],[12.651627,46.065425],[12.651592,46.065422],[12.650764,46.065305],[12.65052,46.065271],[12.650241,46.06517],[12.649836,46.064999],[12.649793,46.064981],[12.649187,46.064804],[12.647861,46.064502],[12.647734,46.064443],[12.647691,46.064355],[12.647612,46.063859],[12.647534,46.063581],[12.647461,46.063464],[12.647352,46.063329]]}},{"type":"Feature","properties":{"u":375694820,"v":737610454,"length":64.098,"highway":"unclassified"},"geometry":{"type":"LineString","coordinates":[[12.641338,46.134998],[12.642016,46.134664]]}},{"type":"Feature","properties":{"u":275047782,"v":745484885,"length":33.979,"highway":"primary"},"geometry":{"type":"LineString","coordinates":[[12.652475,46.083422],[12.652426,46.083256],[12.652345,46.083132]]}},{"type":"Feature","properties":{"u":745484913,"v":552178099,"length":30.212,"highway":"primary"},"geometry":{"type":"LineString","coordinates":[[12.652948,46.082549],[12.653105,46.082537],[12.653335,46.082508]]}},{"type":"Feature","properties":{"u":745484912,"v":745484917,"length":82.452,"highway":"tertiary"},"geometry":{"type":"LineString","coordinates":[[12.655494,46.062454],[12.655367,46.062367],[12.655278,46.062186],[12.655176,46.06202],[12.655076,46.061957],[12.654974,46.061933],[12.654865,46.061916]]}},{"type":"Feature","properties":{"u":745484915,"v":295255991,"length":55.377,"highway":"tertiary"},"geometry":{"type":"LineString","coordinates":[[12.654513,46.062147],[12.654543,46.062003],[12.654635,46.061749],[12.654684,46.061665]]}},{"type":"Feature","properties":{"u":745484906,"v":735164419,"length":35.014,"highway":"tertiary"},"geometry":{"type":"LineString","coordinates":[[12.652078,46.082733],[12.652048,46.082681],[12.651966,46.082592],[12.651825,46.082474]]}},{"type":"Feature","properties":{"u":735164419,"v":745484923,"length":34.0,"highway":"tertiary"},"geometry":{"type":"LineString","coordinates":[[12.651825,46.082474],[12.652044,46.082518],[12.652256,46.082531]]}},{"type":"Feature","properties":{"u":552178099,"v":745484895,"length":32.16,"highway":"primary"},"geometry":{"type":"LineString","coordinates":[[12.653335,46.082508],[12.653188,46.082641],[12.653102,46.082747]]}},{"type":"Feature","properties":{"u":295255991,"v":3058794733,"length":47.697,"highway":"tertiary"},"geometry":{"type":"LineString","coordinates":[[12.654684,46.061665],[12.654772,46.061611],[12.654852,46.061583],[12.654984,46.061576],[12.655108,46.06159],[12.655246,46.061636]]}},{"type":"Feature","properties":{"u":295257135,"v":2872875159,"length":436.836,"highway":"tertiary"},"geometry":{"type":"LineString","coordinates":[[12.652579,46.082205],[12.652547,46.081653],[12.652539,46.080866],[12.652541,46.080072],[12.652543,46.079392],[12.65253,46.078747],[12.652522,46.078277]]}},{"type":"Feature","properties":{"u":275047782,"v":447401973,"length":297.066,"highway":"primary"},"geometry":{"type":"LineString","coordinates":[[12.652475,46.083422],[12.652451,46.083969],[12.652434,46.084841],[12.652398,46.086093]]}},{"type":"Feature","properties":{"u":3058794733,"v":745484917,"length":43.53,"highway":"tertiary"},"geometry":{"type":"LineString","coordinates":[[12.655246,46.061636],[12.655164,46.061718],[12.655065,46.061817],[12.654971,46.061873],[12.654865,46.061916]]}},{"type":"Feature","properties":{"u":757378912,"v":275047789,"length":386.045,"highway":"residential"},"geometry":{"type":"LineString","coordinates":[[12.646774,46.102014],[12.647277,46.102014],[12.647719,46.101955],[12.648013,46.101916],[12.649073,46.101788],[12.650312,46.101667],[12.651692,46.101414]]}},{"type":"Feature","properties":{"u":4361151497,"v":4361151498,"length":17.48,"highway":"primary"},"geometry":{"type":"LineString","coordinates":[[12.721363,46.174491],[12.721329,46.174538],[12.721279,46.174577],[12.721214,46.174604]]}},{"type":"Feature","properties":{"u":4361151498,"v":2269228779,"length":6.456,"highway":"primary"},"geometry":{"type":"LineString","coordinates":[[12.721214,46.174604],[12.721133,46.174619]]}},{"type":"Feature","properties":{"u":2269228779,"v":767943224,"length":15.619,"highway":"primary"},"geometry":{"type":"LineString","coordinates":[[12.721133,46.174619],[12.721065,46.174618],[12.721,46.174606],[12.720942,46.174582]]}},{"type":"Feature","properties":{"u":767943224,"v":767943346,"length":32.57,"highway":"primary"},"geometry":{"type":"LineString","coordinates":[[12.720942,46.174582],[12.720883,46.17454],[12.720846,46.174487],[12.720834,46.174429],[12.720849,46.174372],[12.720889,46.17432]]}},{"type":"Feature","properties":{"u":767943346,"v":295284356,"length":20.874,"highway":"primary"},"geometry":{"type":"LineString","coordinates":[[12.720889,46.17432],[12.720955,46.174277],[12.721037,46.174251],[12.721127,46.174246]]}},{"type":"Feature","properties":{"u":295284356,"v":6982395576,"length":8.839,"highway":"primary"},"geometry":{"type":"LineString","coordinates":[[12.721127,46.174246],[12.721184,46.174253],[12.721236,46.174269]]}},{"type":"Feature","properties":{"u":6982395576,"v":295284241,"length":22.502,"highway":"primary"},"geometry":{"type":"LineString","coordinates":[[12.721236,46.174269],[12.721295,46.174299],[12.72134,46.174339],[12.721367,46.174386],[12.721376,46.174436]]}},{"type":"Feature","properties":{"u":295284241,"v":4361151497,"length":6.21,"highway":"primary"},"geometry":{"type":"LineString","coordinates":[[12.721376,46.174436],[12.721372,46.174464],[12.721363,46.174491]]}},{"type":"Feature","properties":{"u":767943293,"v":1425732814,"length":360.419,"highway":"primary","maxspeed":70},"geometry":{"type":"LineString","coordinates":[[12.726991,46.1747],[12.727067,46.174651],[12.72715,46.174594],[12.727236,46.174543],[12.727343,46.174484],[12.72744,46.174441],[12.727621,46.174367],[12.727789,46.174308],[12.727918,46.174273],[12.728219,46.17421],[12.728514,46.174154],[12.731373,46.173687]]}},{"type":"Feature","properties":{"u":1425732814,"v":3104031443,"length":1860.859,"highway":"primary","maxspeed":70},"geometry":{"type":"LineString","coordinates":[[12.731373,46.173687],[12.738325,46.172554],[12.742971,46.171805],[12.744982,46.171481],[12.751395,46.170454],[12.754403,46.16997],[12.754909,46.16989]]}},{"type":"Feature","properties":{"u":295280671,"v":295280644,"length":43.539,"highway":"unclassified"},"geometry":{"type":"LineString","coordinates":[[12.710564,46.170935],[12.71058,46.170995],[12.710667,46.17132]]}},{"type":"Feature","properties":{"u":295280644,"v":275048700,"length":153.776,"highway":"unclassified"},"geometry":{"type":"LineString","coordinates":[[12.710667,46.17132],[12.710453,46.171521],[12.709705,46.172148],[12.709608,46.172236],[12.709426,46.172403]]}},{"type":"Feature","properties":{"u":2269228779,"v":8256064719,"length":19.423,"highway":"tertiary"},"geometry":{"type":"LineString","coordinates":[[12.721133,46.174619],[12.721085,46.174656],[12.721051,46.174693],[12.721019,46.174771]]}},{"type":"Feature","properties":{"u":1425732979,"v":965437889,"length":119.474,"highway":"secondary"},"geometry":{"type":"LineString","coordinates":[[12.72171,46.175038],[12.721865,46.175221],[12.722052,46.175415],[12.722283,46.175581],[12.722483,46.175684],[12.722763,46.1758]]}},{"type":"Feature","properties":{"u":965437889,"v":275048707,"length":39.581,"highway":"secondary"},"geometry":{"type":"LineString","coordinates":[[12.722763,46.1758],[12.723249,46.175916]]}},{"type":"Feature","properties":{"u":767943346,"v":767943301,"length":47.421,"highway":"primary"},"geometry":{"type":"LineString","coordinates":[[12.720889,46.17432],[12.720912,46.174249],[12.72091,46.174164],[12.720895,46.174118],[12.720862,46.174079],[12.720791,46.174016],[12.720682,46.173956]]}},{"type":"Feature","properties":{"u":275047843,"v":767943293,"length":37.448,"highway":"primary","maxspeed":70},"geometry":{"type":"LineString","coordinates":[[12.72667,46.174953],[12.726991,46.1747]]}},{"type":"Feature","properties":{"u":767943277,"v":4361151498,"length":39.208,"highway":"secondary"},"geometry":{"type":"LineString","coordinates":[[12.721584,46.174839],[12.721483,46.174746],[12.721403,46.174688],[12.721321,46.174644],[12.721214,46.174604]]}},{"type":"Feature","properties":{"u":6982395576,"v":275047838,"length":38.588,"highway":"primary"},"geometry":{"type":"LineString","coordinates":[[12.721236,46.174269],[12.721346,46.174253],[12.721416,46.174248],[12.721488,46.174244],[12.721607,46.17426],[12.721671,46.174276],[12.72172,46.174296]]}},{"type":"Feature","properties":{"u":778889005,"v":275047812,"length":1065.235,"highway":"primary"},"geometry":{"type":"LineString","coordinates":[[12.671207,46.147594],[12.683577,46.151876]]}},{"type":"Feature","properties":{"u":275048643,"v":778888895,"length":85.281,"highway":"secondary"},"geometry":{"type":"LineString","coordinates":[[12.661446,46.173819],[12.661155,46.173079]]}},{"type":"Feature","properties":{"u":778888895,"v":275048626,"length":877.227,"highway":"secondary"},"geometry":{"type":"LineString","coordinates":[[12.661155,46.173079],[12.661139,46.173037],[12.661129,46.173002],[12.661129,46.172971],[12.661134,46.172935],[12.661145,46.172906],[12.661162,46.172882],[12.661214,46.172834],[12.661282,46.172783],[12.661414,46.172682],[12.661522,46.172599],[12.661697,46.172462],[12.661846,46.172391],[12.662174,46.172274],[12.662274,46.172212],[12.662348,46.172118],[12.662474,46.171815],[12.662575,46.171616],[12.66261,46.171407],[12.662448,46.171147],[12.6624,46.170952],[12.662329,46.170818],[12.662183,46.170639],[12.661992,46.170432],[12.661804,46.170202],[12.661712,46.170036],[12.661629,46.169838],[12.66157,46.169641],[12.661039,46.167711],[12.660879,46.167039],[12.660804,46.166704],[12.660785,46.166623],[12.660773,46.166508],[12.660748,46.166265],[12.660763,46.166221],[12.660821,46.166046],[12.660916,46.165822]]}},{"type":"Feature","properties":{"u":275048626,"v":275048618,"length":313.242,"highway":"secondary"},"geometry":{"type":"LineString","coordinates":[[12.660916,46.165822],[12.661136,46.165313],[12.661184,46.16516],[12.661183,46.165004],[12.661171,46.16476],[12.661174,46.164525],[12.661234,46.164291],[12.661263,46.164032],[12.661255,46.16359],[12.661232,46.163312],[12.661208,46.163109],[12.661197,46.163037]]}},{"type":"Feature","properties":{"u":779130226,"v":564881418,"length":25.91,"highway":"unclassified"},"geometry":{"type":"LineString","coordinates":[[12.698933,46.141939],[12.69906,46.141845],[12.699124,46.141823],[12.6992,46.141808]]}},{"type":"Feature","properties":{"u":779130058,"v":835975115,"length":135.061,"highway":"unclassified"},"geometry":{"type":"LineString","coordinates":[[12.695492,46.145296],[12.695106,46.145094],[12.694093,46.144564]]}},{"type":"Feature","properties":{"u":835975115,"v":835975175,"length":82.139,"highway":"unclassified"},"geometry":{"type":"LineString","coordinates":[[12.694093,46.144564],[12.693696,46.144357],[12.693242,46.144119]]}},{"type":"Feature","properties":{"u":835975175,"v":835975110,"length":66.643,"highway":"unclassified"},"geometry":{"type":"LineString","coordinates":[[12.693242,46.144119],[12.692633,46.143794],[12.692557,46.143753]]}},{"type":"Feature","properties":{"u":835975110,"v":779130215,"length":58.585,"highway":"unclassified"},"geometry":{"type":"LineString","coordinates":[[12.692557,46.143753],[12.691925,46.14346]]}},{"type":"Feature","properties":{"u":779130242,"v":835756013,"length":5.546,"highway":"unclassified"},"geometry":{"type":"LineString","coordinates":[[12.698895,46.142156],[12.698852,46.142196]]}},{"type":"Feature","properties":{"u":835756013,"v":835756036,"length":53.831,"highway":"unclassified"},"geometry":{"type":"LineString","coordinates":[[12.698852,46.142196],[12.698442,46.142588]]}},{"type":"Feature","properties":{"u":835756036,"v":835756037,"length":55.332,"highway":"unclassified"},"geometry":{"type":"LineString","coordinates":[[12.698442,46.142588],[12.698009,46.142985]]}},{"type":"Feature","properties":{"u":835756037,"v":835756015,"length":56.818,"highway":"unclassified"},"geometry":{"type":"LineString","coordinates":[[12.698009,46.142985],[12.697565,46.143393]]}},{"type":"Feature","properties":{"u":835756015,"v":835756033,"length":57.676,"highway":"unclassified"},"geometry":{"type":"LineString","coordinates":[[12.697565,46.143393],[12.697114,46.143807]]}},{"type":"Feature","properties":{"u":835756033,"v":835975149,"length":58.351,"highway":"unclassified"},"geometry":{"type":"LineString","coordinates":[[12.697114,46.143807],[12.696658,46.144226]]}},{"type":"Feature","properties":{"u":835975149,"v":835975134,"length":58.127,"highway":"unclassified"},"geometry":{"type":"LineString","coordinates":[[12.696658,46.144226],[12.696203,46.144643]]}},{"type":"Feature","properties":{"u":835975134,"v":850910472,"length":55.42,"highway":"unclassified"},"geometry":{"type":"LineString","coordinates":[[12.696203,46.144643],[12.69577,46.145041]]}},{"type":"Feature","properties":{"u":850910472,"v":779130058,"length":35.534,"highway":"unclassified"},"geometry":{"type":"LineString","coordinates":[[12.69577,46.145041],[12.695492,46.145296]]}},{"type":"Feature","properties":{"u":779130238,"v":11989660929,"length":67.98,"highway":"residential"},"geometry":{"type":"LineString","coordinates":[[12.701387,46.14349],[12.700689,46.143116]]}},{"type":"Feature","properties":{"u":11989660929,"v":835756016,"length":12.231,"highway":"residential"},"geometry":{"type":"LineString","coordinates":[[12.700689,46.143116],[12.700562,46.14305]]}},{"type":"Feature","properties":{"u":835756016,"v":835756013,"length":162.435,"highway":"residential"},"geometry":{"type":"LineString","coordinates":[[12.700562,46.14305],[12.700159,46.142834],[12.699561,46.142536],[12.698852,46.142196]]}},{"type":"Feature","properties":{"u":779130061,"v":835975105,"length":128.79,"highway":"unclassified"},"geometry":{"type":"LineString","coordinates":[[12.698015,46.146617],[12.697936,46.146575],[12.697633,46.146415],[12.697342,46.146263],[12.697119,46.146146],[12.696752,46.145955],[12.696682,46.145918]]}},{"type":"Feature","properties":{"u":835975105,"v":779130058,"length":114.84,"highway":"unclassified"},"geometry":{"type":"LineString","coordinates":[[12.696682,46.145918],[12.69617,46.14565],[12.695492,46.145296]]}},{"type":"Feature","properties":{"u":779130215,"v":2252120075,"length":24.412,"highway":"unclassified"},"geometry":{"type":"LineString","coordinates":[[12.691925,46.14346],[12.691876,46.143514],[12.691759,46.143647]]}},{"type":"Feature","properties":{"u":2252120075,"v":835975160,"length":40.398,"highway":"unclassified"},"geometry":{"type":"LineString","coordinates":[[12.691759,46.143647],[12.691457,46.143944]]}},{"type":"Feature","properties":{"u":835975160,"v":835975140,"length":58.351,"highway":"unclassified"},"geometry":{"type":"LineString","coordinates":[[12.691457,46.143944],[12.691001,46.144363]]}},{"type":"Feature","properties":{"u":835975140,"v":779130059,"length":57.166,"highway":"unclassified"},"geometry":{"type":"LineString","coordinates":[[12.691001,46.144363],[12.690567,46.14478]]}},{"type":"Feature","properties":{"u":779130059,"v":2295785720,"length":139.313,"highway":"unclassified"},"geometry":{"type":"LineString","coordinates":[[12.690567,46.14478],[12.690182,46.145146],[12.689787,46.145492],[12.689585,46.145682],[12.68948,46.145781]]}},{"type":"Feature","properties":{"u":779130053,"v":779130220,"length":23.986,"highway":"unclassified"},"geometry":{"type":"LineString","coordinates":[[12.699469,46.141922],[12.699397,46.141925],[12.699312,46.141928],[12.699168,46.141966]]}},{"type":"Feature","properties":{"u":2301039892,"v":3579323822,"length":41.596,"highway":"unclassified"},"geometry":{"type":"LineString","coordinates":[[12.697242,46.141325],[12.696894,46.141611]]}},{"type":"Feature","properties":{"u":1446859005,"v":1444917334,"length":44.449,"highway":"residential"},"geometry":{"type":"LineString","coordinates":[[12.557748,46.190515],[12.557881,46.190508],[12.558006,46.190508],[12.558166,46.190524],[12.558316,46.190557]]}},{"type":"Feature","properties":{"u":835756026,"v":835756036,"length":161.197,"highway":"residential"},"geometry":{"type":"LineString","coordinates":[[12.696763,46.141723],[12.69806,46.142391],[12.698442,46.142588]]}},{"type":"Feature","properties":{"u":835756026,"v":835756029,"length":55.748,"highway":"residential"},"geometry":{"type":"LineString","coordinates":[[12.696763,46.141723],[12.696303,46.14211]]}},{"type":"Feature","properties":{"u":835756029,"v":835975141,"length":56.103,"highway":"residential"},"geometry":{"type":"LineString","coordinates":[[12.696303,46.14211],[12.695841,46.1425]]}},{"type":"Feature","properties":{"u":835975141,"v":835975103,"length":57.302,"highway":"residential"},"geometry":{"type":"LineString","coordinates":[[12.695841,46.1425],[12.695408,46.142919]]}},{"type":"Feature","properties":{"u":835975103,"v":835975085,"length":57.684,"highway":"residential"},"geometry":{"type":"LineString","coordinates":[[12.695408,46.142919],[12.695051,46.143375]]}},{"type":"Feature","properties":{"u":835975085,"v":835975170,"length":57.26,"highway":"residential"},"geometry":{"type":"LineString","coordinates":[[12.695051,46.143375],[12.694682,46.143822]]}},{"type":"Feature","properties":{"u":835975170,"v":835975169,"length":58.871,"highway":"residential"},"geometry":{"type":"LineString","coordinates":[[12.694682,46.143822],[12.694322,46.144289]]}},{"type":"Feature","properties":{"u":835975169,"v":835975115,"length":35.303,"highway":"residential"},"geometry":{"type":"LineString","coordinates":[[12.694322,46.144289],[12.694093,46.144564]]}},{"type":"Feature","properties":{"u":835756028,"v":835756033,"length":243.607,"highway":"residential"},"geometry":{"type":"LineString","coordinates":[[12.69963,46.145134],[12.698373,46.144471],[12.697789,46.144163],[12.697114,46.143807]]}},{"type":"Feature","properties":{"u":835756015,"v":835756023,"length":243.482,"highway":"residential"},"geometry":{"type":"LineString","coordinates":[[12.697565,46.143393],[12.698237,46.143752],[12.698819,46.144062],[12.700069,46.144729]]}},{"type":"Feature","properties":{"u":835756029,"v":835756022,"length":178.298,"highway":"residential"},"geometry":{"type":"LineString","coordinates":[[12.696303,46.14211],[12.694444,46.141155]]}},{"type":"Feature","properties":{"u":835756034,"v":835756026,"length":180.863,"highway":"residential"},"geometry":{"type":"LineString","coordinates":[[12.694896,46.140737],[12.696763,46.141723]]}},{"type":"Feature","properties":{"u":779130238,"v":835756018,"length":57.844,"highway":"residential"},"geometry":{"type":"LineString","coordinates":[[12.701387,46.14349],[12.700952,46.143914]]}},{"type":"Feature","properties":{"u":835756018,"v":835756012,"length":56.977,"highway":"residential"},"geometry":{"type":"LineString","coordinates":[[12.700952,46.143914],[12.700736,46.144103],[12.700613,46.144215],[12.700499,46.144319]]}},{"type":"Feature","properties":{"u":835756012,"v":835756023,"length":56.355,"highway":"residential"},"geometry":{"type":"LineString","coordinates":[[12.700499,46.144319],[12.700069,46.144729]]}},{"type":"Feature","properties":{"u":835756023,"v":835756028,"length":56.319,"highway":"residential"},"geometry":{"type":"LineString","coordinates":[[12.700069,46.144729],[12.69963,46.145134]]}},{"type":"Feature","properties":{"u":835756028,"v":835975154,"length":57.582,"highway":"residential"},"geometry":{"type":"LineString","coordinates":[[12.69963,46.145134],[12.699181,46.145548]]}},{"type":"Feature","properties":{"u":835975154,"v":835975127,"length":54.875,"highway":"residential"},"geometry":{"type":"LineString","coordinates":[[12.699181,46.145548],[12.698754,46.145943]]}},{"type":"Feature","properties":{"u":835975127,"v":779130061,"length":94.127,"highway":"residential"},"geometry":{"type":"LineString","coordinates":[[12.698754,46.145943],[12.698321,46.146328],[12.698253,46.146392],[12.698221,46.146423],[12.698015,46.146617]]}},{"type":"Feature","properties":{"u":835756013,"v":2301039892,"length":157.387,"highway":"residential"},"geometry":{"type":"LineString","coordinates":[[12.698852,46.142196],[12.698495,46.141993],[12.697242,46.141325]]}},{"type":"Feature","properties":{"u":835756036,"v":835756019,"length":165.177,"highway":"residential"},"geometry":{"type":"LineString","coordinates":[[12.698442,46.142588],[12.699117,46.142944],[12.699702,46.143253],[12.700152,46.143484]]}},{"type":"Feature","properties":{"u":835756019,"v":11989660928,"length":8.56,"highway":"residential"},"geometry":{"type":"LineString","coordinates":[[12.700152,46.143484],[12.70024,46.143531]]}},{"type":"Feature","properties":{"u":11989660928,"v":835756018,"length":69.445,"highway":"residential"},"geometry":{"type":"LineString","coordinates":[[12.70024,46.143531],[12.700952,46.143914]]}},{"type":"Feature","properties":{"u":835756037,"v":835756029,"length":163.529,"highway":"residential"},"geometry":{"type":"LineString","coordinates":[[12.698009,46.142985],[12.697626,46.142788],[12.696303,46.14211]]}},{"type":"Feature","properties":{"u":835756012,"v":11989660934,"length":38.942,"highway":"residential"},"geometry":{"type":"LineString","coordinates":[[12.700499,46.144319],[12.700379,46.144254],[12.7001,46.144104]]}},{"type":"Feature","properties":{"u":11989660934,"v":11989660927,"length":29.92,"highway":"residential"},"geometry":{"type":"LineString","coordinates":[[12.7001,46.144104],[12.699791,46.143941]]}},{"type":"Feature","properties":{"u":11989660927,"v":835756025,"length":8.113,"highway":"residential"},"geometry":{"type":"LineString","coordinates":[[12.699791,46.143941],[12.699707,46.143897]]}},{"type":"Feature","properties":{"u":835756025,"v":11989660930,"length":21.355,"highway":"residential"},"geometry":{"type":"LineString","coordinates":[[12.699707,46.143897],[12.699485,46.143782]]}},{"type":"Feature","properties":{"u":11989660930,"v":835756037,"length":144.18,"highway":"residential"},"geometry":{"type":"LineString","coordinates":[[12.699485,46.143782],[12.699253,46.143664],[12.698676,46.143349],[12.698009,46.142985]]}},{"type":"Feature","properties":{"u":835756025,"v":835756019,"length":57.32,"highway":"residential"},"geometry":{"type":"LineString","coordinates":[[12.699707,46.143897],[12.699908,46.143711],[12.69993,46.14369],[12.699965,46.143653],[12.700152,46.143484]]}},{"type":"Feature","properties":{"u":835756019,"v":835756016,"length":57.677,"highway":"residential"},"geometry":{"type":"LineString","coordinates":[[12.700152,46.143484],[12.700562,46.14305]]}},{"type":"Feature","properties":{"u":835975128,"v":835975168,"length":108.427,"highway":"residential"},"geometry":{"type":"LineString","coordinates":[[12.697943,46.148646],[12.698813,46.149101],[12.699059,46.14924]]}},{"type":"Feature","properties":{"u":835975170,"v":835975152,"length":191.982,"highway":"residential"},"geometry":{"type":"LineString","coordinates":[[12.694682,46.143822],[12.692694,46.142781]]}},{"type":"Feature","properties":{"u":835975091,"v":835975116,"length":41.243,"highway":"tertiary"},"geometry":{"type":"LineString","coordinates":[[12.703254,46.143768],[12.703049,46.14376],[12.702926,46.143775],[12.702734,46.143825]]}},{"type":"Feature","properties":{"u":835975157,"v":835975090,"length":62.666,"highway":"residential"},"geometry":{"type":"LineString","coordinates":[[12.693428,46.145656],[12.693415,46.145564],[12.693419,46.145471],[12.693514,46.145328],[12.693671,46.145136]]}},{"type":"Feature","properties":{"u":835975090,"v":835975115,"length":71.431,"highway":"residential"},"geometry":{"type":"LineString","coordinates":[[12.693671,46.145136],[12.694032,46.144646],[12.694093,46.144564]]}},{"type":"Feature","properties":{"u":282192099,"v":282192119,"length":123.919,"highway":"tertiary"},"geometry":{"type":"LineString","coordinates":[[12.70115,46.14508],[12.701704,46.144569],[12.702049,46.144243],[12.702114,46.144188]]}},{"type":"Feature","properties":{"u":850910560,"v":835975095,"length":356.2,"highway":"unclassified"},"geometry":{"type":"LineString","coordinates":[[12.70256,46.143918],[12.702108,46.144357],[12.701937,46.144521],[12.70125,46.145171],[12.699812,46.146494]]}},{"type":"Feature","properties":{"u":835975095,"v":835975114,"length":95.127,"highway":"unclassified"},"geometry":{"type":"LineString","coordinates":[[12.699812,46.146494],[12.699428,46.146861],[12.699106,46.147168],[12.699086,46.147186]]}},{"type":"Feature","properties":{"u":835975114,"v":835975148,"length":58.52,"highway":"unclassified"},"geometry":{"type":"LineString","coordinates":[[12.699086,46.147186],[12.699003,46.147259],[12.698617,46.1476]]}},{"type":"Feature","properties":{"u":835975148,"v":11946194852,"length":5.052,"highway":"unclassified"},"geometry":{"type":"LineString","coordinates":[[12.698617,46.1476],[12.698577,46.147636]]}},{"type":"Feature","properties":{"u":11946194852,"v":282192092,"length":288.211,"highway":"unclassified"},"geometry":{"type":"LineString","coordinates":[[12.698577,46.147636],[12.696849,46.14921],[12.696195,46.149625]]}},{"type":"Feature","properties":{"u":835975150,"v":835975086,"length":40.05,"highway":"tertiary"},"geometry":{"type":"LineString","coordinates":[[12.702416,46.143637],[12.702407,46.143475],[12.702376,46.143397],[12.702301,46.143292]]}},{"type":"Feature","properties":{"u":835975150,"v":282192121,"length":29.928,"highway":"tertiary"},"geometry":{"type":"LineString","coordinates":[[12.702416,46.143637],[12.702529,46.143569],[12.702633,46.14354],[12.702754,46.143514]]}},{"type":"Feature","properties":{"u":835975173,"v":835975083,"length":112.343,"highway":"residential"},"geometry":{"type":"LineString","coordinates":[[12.695244,46.147244],[12.694729,46.14697],[12.694087,46.146629]]}},{"type":"Feature","properties":{"u":282192119,"v":850910523,"length":46.542,"highway":"tertiary"},"geometry":{"type":"LineString","coordinates":[[12.702114,46.144188],[12.702337,46.143799]]}},{"type":"Feature","properties":{"u":835975096,"v":835975163,"length":104.216,"highway":"residential"},"geometry":{"type":"LineString","coordinates":[[12.699465,46.148808],[12.699257,46.148697],[12.69839,46.148239]]}},{"type":"Feature","properties":{"u":282192121,"v":835975116,"length":36.491,"highway":"tertiary"},"geometry":{"type":"LineString","coordinates":[[12.702754,46.143514],[12.702813,46.143622],[12.702793,46.143735],[12.702734,46.143825]]}},{"type":"Feature","properties":{"u":835756033,"v":835975103,"length":164.392,"highway":"residential"},"geometry":{"type":"LineString","coordinates":[[12.697114,46.143807],[12.69673,46.143607],[12.695408,46.142919]]}},{"type":"Feature","properties":{"u":835975089,"v":835975164,"length":93.28,"highway":"residential"},"geometry":{"type":"LineString","coordinates":[[12.699609,46.147445],[12.6999,46.147171],[12.700326,46.146769]]}},{"type":"Feature","properties":{"u":835975153,"v":835975090,"length":123.964,"highway":"residential"},"geometry":{"type":"LineString","coordinates":[[12.694945,46.145817],[12.694547,46.145604],[12.693671,46.145136]]}},{"type":"Feature","properties":{"u":282192092,"v":835975162,"length":293.523,"highway":"unclassified"},"geometry":{"type":"LineString","coordinates":[[12.696195,46.149625],[12.696691,46.148988],[12.698346,46.147453]]}},{"type":"Feature","properties":{"u":835975162,"v":835975121,"length":58.617,"highway":"unclassified"},"geometry":{"type":"LineString","coordinates":[[12.698346,46.147453],[12.698718,46.147109],[12.698802,46.147031]]}},{"type":"Feature","properties":{"u":835975121,"v":835975084,"length":124.209,"highway":"unclassified"},"geometry":{"type":"LineString","coordinates":[[12.698802,46.147031],[12.699108,46.146758],[12.699782,46.146144]]}},{"type":"Feature","properties":{"u":835975175,"v":835975104,"length":68.859,"highway":"residential"},"geometry":{"type":"LineString","coordinates":[[12.693242,46.144119],[12.693169,46.144193],[12.692735,46.144629]]}},{"type":"Feature","properties":{"u":835975104,"v":3835789146,"length":56.491,"highway":"residential"},"geometry":{"type":"LineString","coordinates":[[12.692735,46.144629],[12.69231,46.145043]]}},{"type":"Feature","properties":{"u":835975084,"v":2299408598,"length":180.169,"highway":"unclassified"},"geometry":{"type":"LineString","coordinates":[[12.699782,46.146144],[12.700805,46.145202],[12.701197,46.144854]]}},{"type":"Feature","properties":{"u":2299408598,"v":2299408604,"length":20.61,"highway":"unclassified"},"geometry":{"type":"LineString","coordinates":[[12.701197,46.144854],[12.701303,46.144759],[12.701358,46.144706]]}},{"type":"Feature","properties":{"u":2299408604,"v":850910523,"length":125.942,"highway":"unclassified"},"geometry":{"type":"LineString","coordinates":[[12.701358,46.144706],[12.701884,46.144227],[12.702337,46.143799]]}},{"type":"Feature","properties":{"u":3775337968,"v":835975126,"length":54.912,"highway":"residential"},"geometry":{"type":"LineString","coordinates":[[12.692034,46.145558],[12.691832,46.145751],[12.691616,46.145958]]}},{"type":"Feature","properties":{"u":835975126,"v":835975113,"length":56.933,"highway":"residential"},"geometry":{"type":"LineString","coordinates":[[12.691616,46.145958],[12.691162,46.146362]]}},{"type":"Feature","properties":{"u":835975113,"v":850910506,"length":58.418,"highway":"residential"},"geometry":{"type":"LineString","coordinates":[[12.691162,46.146362],[12.691029,46.146481],[12.690697,46.146777]]}},{"type":"Feature","properties":{"u":850910506,"v":2251276076,"length":55.554,"highway":"residential"},"geometry":{"type":"LineString","coordinates":[[12.690697,46.146777],[12.690287,46.147188]]}},{"type":"Feature","properties":{"u":2251276076,"v":850910545,"length":8.466,"highway":"residential"},"geometry":{"type":"LineString","coordinates":[[12.690287,46.147188],[12.690211,46.147243]]}},{"type":"Feature","properties":{"u":282192092,"v":282192099,"length":633.358,"highway":"tertiary"},"geometry":{"type":"LineString","coordinates":[[12.696195,46.149625],[12.696914,46.148992],[12.70115,46.14508]]}},{"type":"Feature","properties":{"u":835975126,"v":835975142,"length":194.682,"highway":"residential"},"geometry":{"type":"LineString","coordinates":[[12.691616,46.145958],[12.692239,46.146292],[12.692637,46.146505],[12.693216,46.146816],[12.693235,46.146827],[12.693492,46.146964],[12.693614,46.14703]]}},{"type":"Feature","properties":{"u":835975149,"v":835975154,"length":243.699,"highway":"residential"},"geometry":{"type":"LineString","coordinates":[[12.696658,46.144226],[12.697335,46.144581],[12.69792,46.144887],[12.699181,46.145548]]}},{"type":"Feature","properties":{"u":835975158,"v":835975144,"length":182.361,"highway":"residential"},"geometry":{"type":"LineString","coordinates":[[12.695711,46.146803],[12.696368,46.147155],[12.69696,46.147471],[12.697585,46.147805]]}},{"type":"Feature","properties":{"u":835975105,"v":835975167,"length":55.018,"highway":"residential"},"geometry":{"type":"LineString","coordinates":[[12.696682,46.145918],[12.696598,46.145995],[12.69625,46.146312]]}},{"type":"Feature","properties":{"u":835975167,"v":835975130,"length":15.379,"highway":"residential"},"geometry":{"type":"LineString","coordinates":[[12.69625,46.146312],[12.696129,46.146422]]}},{"type":"Feature","properties":{"u":835975130,"v":835975158,"length":53.214,"highway":"residential"},"geometry":{"type":"LineString","coordinates":[[12.696129,46.146422],[12.695711,46.146803]]}},{"type":"Feature","properties":{"u":835975158,"v":835975173,"length":60.819,"highway":"residential"},"geometry":{"type":"LineString","coordinates":[[12.695711,46.146803],[12.695244,46.147244]]}},{"type":"Feature","properties":{"u":835975173,"v":835975102,"length":55.124,"highway":"residential"},"geometry":{"type":"LineString","coordinates":[[12.695244,46.147244],[12.694795,46.14763]]}},{"type":"Feature","properties":{"u":835975102,"v":835975131,"length":56.947,"highway":"residential"},"geometry":{"type":"LineString","coordinates":[[12.694795,46.14763],[12.694372,46.14805]]}},{"type":"Feature","properties":{"u":835975131,"v":850910551,"length":58.022,"highway":"residential"},"geometry":{"type":"LineString","coordinates":[[12.694372,46.14805],[12.694154,46.148261],[12.693933,46.148474]]}},{"type":"Feature","properties":{"u":850910551,"v":2251276074,"length":55.651,"highway":"residential"},"geometry":{"type":"LineString","coordinates":[[12.693933,46.148474],[12.693495,46.148872]]}},{"type":"Feature","properties":{"u":835975167,"v":835975080,"length":182.004,"highway":"residential"},"geometry":{"type":"LineString","coordinates":[[12.69625,46.146312],[12.697488,46.146985],[12.698108,46.147323]]}},{"type":"Feature","properties":{"u":835975080,"v":835975162,"length":23.348,"highway":"residential"},"geometry":{"type":"LineString","coordinates":[[12.698108,46.147323],[12.698346,46.147453]]}},{"type":"Feature","properties":{"u":835975162,"v":835975148,"length":26.515,"highway":"residential"},"geometry":{"type":"LineString","coordinates":[[12.698346,46.147453],[12.698494,46.147533],[12.698617,46.1476]]}},{"type":"Feature","properties":{"u":3775337966,"v":779130059,"length":117.875,"highway":"residential"},"geometry":{"type":"LineString","coordinates":[[12.69179,46.145417],[12.691199,46.145112],[12.690567,46.14478]]}},{"type":"Feature","properties":{"u":835975141,"v":835756015,"length":165.836,"highway":"residential"},"geometry":{"type":"LineString","coordinates":[[12.695841,46.1425],[12.697182,46.143194],[12.697233,46.143221],[12.697565,46.143393]]}},{"type":"Feature","properties":{"u":3834600457,"v":835975157,"length":93.267,"highway":"residential"},"geometry":{"type":"LineString","coordinates":[[12.692485,46.14513],[12.693122,46.145485],[12.693428,46.145656]]}},{"type":"Feature","properties":{"u":835975157,"v":835975156,"length":105.691,"highway":"residential"},"geometry":{"type":"LineString","coordinates":[[12.693428,46.145656],[12.693514,46.145702],[12.694099,46.146014],[12.69437,46.146158],[12.694516,46.146235]]}},{"type":"Feature","properties":{"u":835975095,"v":835975164,"length":50.03,"highway":"residential"},"geometry":{"type":"LineString","coordinates":[[12.699812,46.146494],[12.700326,46.146769]]}},{"type":"Feature","properties":{"u":835975164,"v":835975120,"length":62.069,"highway":"residential"},"geometry":{"type":"LineString","coordinates":[[12.700326,46.146769],[12.700965,46.147109]]}},{"type":"Feature","properties":{"u":835975120,"v":835975088,"length":15.845,"highway":"residential"},"geometry":{"type":"LineString","coordinates":[[12.700965,46.147109],[12.701129,46.147195]]}},{"type":"Feature","properties":{"u":431816085,"v":540426318,"length":1537.624,"highway":"secondary"},"geometry":{"type":"LineString","coordinates":[[12.731342,46.06225],[12.72927,46.061652],[12.728399,46.061408],[12.726842,46.061016],[12.726486,46.060943],[12.725595,46.06076],[12.724785,46.06063],[12.724287,46.060581],[12.723957,46.060549],[12.722173,46.060394],[12.718942,46.060195],[12.71654,46.060047],[12.715921,46.060009],[12.715581,46.059988],[12.713499,46.05986],[12.712857,46.059775],[12.712344,46.059684],[12.711941,46.059577]]}},{"type":"Feature","properties":{"u":6414670882,"v":564881416,"length":506.615,"highway":"tertiary"},"geometry":{"type":"LineString","coordinates":[[12.692837,46.139688],[12.692986,46.139761],[12.693241,46.139856],[12.693603,46.13996],[12.693937,46.140052],[12.69451,46.140244],[12.695222,46.140454],[12.695908,46.140678],[12.696244,46.140799],[12.696935,46.141036],[12.697296,46.141165],[12.697607,46.141267],[12.698195,46.141471],[12.698757,46.141662]]}},{"type":"Feature","properties":{"u":849594104,"v":5211161835,"length":128.288,"highway":"tertiary"},"geometry":{"type":"LineString","coordinates":[[12.687012,46.133994],[12.687335,46.134105],[12.687938,46.134305],[12.688511,46.134496]]}},{"type":"Feature","properties":{"u":447181457,"v":431816085,"length":656.892,"highway":"secondary"},"geometry":{"type":"LineString","coordinates":[[12.739203,46.064519],[12.731342,46.06225]]}},{"type":"Feature","properties":{"u":835975085,"v":835975149,"length":155.827,"highway":"residential"},"geometry":{"type":"LineString","coordinates":[[12.695051,46.143375],[12.696276,46.144023],[12.696658,46.144226]]}},{"type":"Feature","properties":{"u":835975142,"v":835975102,"length":112.821,"highway":"residential"},"geometry":{"type":"LineString","coordinates":[[12.693614,46.14703],[12.694289,46.147373],[12.694795,46.14763]]}},{"type":"Feature","properties":{"u":835975169,"v":850910472,"length":139.415,"highway":"residential"},"geometry":{"type":"LineString","coordinates":[[12.694322,46.144289],[12.695383,46.14484],[12.69577,46.145041]]}},{"type":"Feature","properties":{"u":835975102,"v":835975171,"length":183.882,"highway":"residential"},"geometry":{"type":"LineString","coordinates":[[12.694795,46.14763],[12.695467,46.147984],[12.69606,46.148296],[12.696695,46.148631]]}},{"type":"Feature","properties":{"u":835975090,"v":835975104,"length":91.531,"highway":"residential"},"geometry":{"type":"LineString","coordinates":[[12.693671,46.145136],[12.692735,46.144629]]}},{"type":"Feature","properties":{"u":1429391616,"v":2251276075,"length":21.148,"highway":"residential"},"geometry":{"type":"LineString","coordinates":[[12.695208,46.150009],[12.695373,46.149857]]}},{"type":"Feature","properties":{"u":2251276075,"v":850910513,"length":56.001,"highway":"residential"},"geometry":{"type":"LineString","coordinates":[[12.695373,46.149857],[12.695809,46.149454]]}},{"type":"Feature","properties":{"u":850910513,"v":835975099,"length":56.496,"highway":"residential"},"geometry":{"type":"LineString","coordinates":[[12.695809,46.149454],[12.696248,46.149047]]}},{"type":"Feature","properties":{"u":835975099,"v":835975171,"length":57.667,"highway":"residential"},"geometry":{"type":"LineString","coordinates":[[12.696248,46.149047],[12.696695,46.148631]]}},{"type":"Feature","properties":{"u":835975171,"v":835975139,"length":58.57,"highway":"residential"},"geometry":{"type":"LineString","coordinates":[[12.696695,46.148631],[12.69715,46.148209]]}},{"type":"Feature","properties":{"u":835975139,"v":835975144,"length":56.045,"highway":"residential"},"geometry":{"type":"LineString","coordinates":[[12.69715,46.148209],[12.697585,46.147805]]}},{"type":"Feature","properties":{"u":835975144,"v":835975100,"length":53.971,"highway":"residential"},"geometry":{"type":"LineString","coordinates":[[12.697585,46.147805],[12.698004,46.147416]]}},{"type":"Feature","properties":{"u":835975100,"v":835975080,"length":13.082,"highway":"residential"},"geometry":{"type":"LineString","coordinates":[[12.698004,46.147416],[12.698108,46.147323]]}},{"type":"Feature","properties":{"u":835975111,"v":835975098,"length":115.488,"highway":"residential"},"geometry":{"type":"LineString","coordinates":[[12.698417,46.149928],[12.697224,46.149299]]}},{"type":"Feature","properties":{"u":835975103,"v":835975132,"length":176.768,"highway":"residential"},"geometry":{"type":"LineString","coordinates":[[12.695408,46.142919],[12.693588,46.141951]]}},{"type":"Feature","properties":{"u":835975131,"v":835975166,"length":114.704,"highway":"residential"},"geometry":{"type":"LineString","coordinates":[[12.694372,46.14805],[12.693835,46.147787],[12.693177,46.147435]]}},{"type":"Feature","properties":{"u":835975166,"v":835975113,"length":195.82,"highway":"residential"},"geometry":{"type":"LineString","coordinates":[[12.693177,46.147435],[12.692914,46.147307],[12.692768,46.147227],[12.692183,46.146921],[12.691788,46.146704],[12.691162,46.146362]]}},{"type":"Feature","properties":{"u":835975104,"v":835975160,"length":124.486,"highway":"residential"},"geometry":{"type":"LineString","coordinates":[[12.692735,46.144629],[12.692093,46.144291],[12.691457,46.143944]]}},{"type":"Feature","properties":{"u":835975099,"v":835975131,"length":182.141,"highway":"residential"},"geometry":{"type":"LineString","coordinates":[[12.696248,46.149047],[12.69561,46.148708],[12.69502,46.148394],[12.694372,46.14805]]}},{"type":"Feature","properties":{"u":779130152,"v":835756034,"length":18.261,"highway":"unclassified"},"geometry":{"type":"LineString","coordinates":[[12.695037,46.140605],[12.695013,46.140628],[12.694896,46.140737]]}},{"type":"Feature","properties":{"u":835756034,"v":835756022,"length":58.078,"highway":"unclassified"},"geometry":{"type":"LineString","coordinates":[[12.694896,46.140737],[12.694444,46.141155]]}},{"type":"Feature","properties":{"u":835756022,"v":2252230371,"length":12.579,"highway":"unclassified"},"geometry":{"type":"LineString","coordinates":[[12.694444,46.141155],[12.694347,46.141246]]}},{"type":"Feature","properties":{"u":2252230371,"v":2252230341,"length":30.526,"highway":"unclassified"},"geometry":{"type":"LineString","coordinates":[[12.694347,46.141246],[12.69411,46.141466]]}},{"type":"Feature","properties":{"u":2252230341,"v":835975172,"length":10.551,"highway":"unclassified"},"geometry":{"type":"LineString","coordinates":[[12.69411,46.141466],[12.694028,46.141542]]}},{"type":"Feature","properties":{"u":835975172,"v":835975132,"length":56.723,"highway":"unclassified"},"geometry":{"type":"LineString","coordinates":[[12.694028,46.141542],[12.693588,46.141951]]}},{"type":"Feature","properties":{"u":835975132,"v":835975081,"length":59.248,"highway":"unclassified"},"geometry":{"type":"LineString","coordinates":[[12.693588,46.141951],[12.693411,46.142115],[12.693128,46.142378]]}},{"type":"Feature","properties":{"u":835975081,"v":835975152,"length":55.911,"highway":"unclassified"},"geometry":{"type":"LineString","coordinates":[[12.693128,46.142378],[12.692694,46.142781]]}},{"type":"Feature","properties":{"u":835975152,"v":779130215,"length":95.971,"highway":"unclassified"},"geometry":{"type":"LineString","coordinates":[[12.692694,46.142781],[12.691925,46.14346]]}},{"type":"Feature","properties":{"u":835975172,"v":835975141,"length":175.665,"highway":"residential"},"geometry":{"type":"LineString","coordinates":[[12.694028,46.141542],[12.695841,46.1425]]}},{"type":"Feature","properties":{"u":835975119,"v":835975155,"length":22.269,"highway":"residential"},"geometry":{"type":"LineString","coordinates":[[12.700472,46.147919],[12.700245,46.147795]]}},{"type":"Feature","properties":{"u":835975155,"v":835975089,"length":62.571,"highway":"residential"},"geometry":{"type":"LineString","coordinates":[[12.700245,46.147795],[12.699991,46.147655],[12.699609,46.147445]]}},{"type":"Feature","properties":{"u":835975089,"v":835975114,"length":49.566,"highway":"residential"},"geometry":{"type":"LineString","coordinates":[[12.699609,46.147445],[12.699405,46.147333],[12.69933,46.147298],[12.699086,46.147186]]}},{"type":"Feature","properties":{"u":835975140,"v":3835789145,"length":123.651,"highway":"residential"},"geometry":{"type":"LineString","coordinates":[[12.691001,46.144363],[12.691649,46.144699],[12.692273,46.145041]]}},{"type":"Feature","properties":{"u":1429391661,"v":1429391625,"length":280.757,"highway":"residential"},"geometry":{"type":"LineString","coordinates":[[12.688142,46.15302],[12.688399,46.15271],[12.688609,46.15243],[12.688833,46.152267],[12.689115,46.152105],[12.689364,46.151917],[12.690108,46.151454],[12.69052,46.151139]]}},{"type":"Feature","properties":{"u":779130058,"v":835975153,"length":71.638,"highway":"unclassified"},"geometry":{"type":"LineString","coordinates":[[12.695492,46.145296],[12.695412,46.145372],[12.694945,46.145817]]}},{"type":"Feature","properties":{"u":835975153,"v":835975156,"length":57.032,"highway":"unclassified"},"geometry":{"type":"LineString","coordinates":[[12.694945,46.145817],[12.69479,46.145968],[12.694562,46.14619],[12.694516,46.146235]]}},{"type":"Feature","properties":{"u":835975156,"v":835975083,"length":54.879,"highway":"unclassified"},"geometry":{"type":"LineString","coordinates":[[12.694516,46.146235],[12.694412,46.14633],[12.694202,46.146524],[12.694087,46.146629]]}},{"type":"Feature","properties":{"u":835975083,"v":835975142,"length":57.584,"highway":"unclassified"},"geometry":{"type":"LineString","coordinates":[[12.694087,46.146629],[12.693614,46.14703]]}},{"type":"Feature","properties":{"u":835975142,"v":835975166,"length":56.226,"highway":"unclassified"},"geometry":{"type":"LineString","coordinates":[[12.693614,46.14703],[12.693177,46.147435]]}},{"type":"Feature","properties":{"u":835975166,"v":850910403,"length":55.311,"highway":"unclassified"},"geometry":{"type":"LineString","coordinates":[[12.693177,46.147435],[12.692735,46.147827]]}},{"type":"Feature","properties":{"u":850910403,"v":2179571371,"length":58.006,"highway":"unclassified"},"geometry":{"type":"LineString","coordinates":[[12.692735,46.147827],[12.692275,46.14824]]}},{"type":"Feature","properties":{"u":2179571371,"v":779130186,"length":84.19,"highway":"unclassified"},"geometry":{"type":"LineString","coordinates":[[12.692275,46.14824],[12.691616,46.148844]]}},{"type":"Feature","properties":{"u":835975110,"v":835975169,"length":178.579,"highway":"residential"},"geometry":{"type":"LineString","coordinates":[[12.692557,46.143753],[12.692834,46.143507],[12.694322,46.144289]]}},{"type":"Feature","properties":{"u":835975139,"v":835975173,"length":181.86,"highway":"residential"},"geometry":{"type":"LineString","coordinates":[[12.69715,46.148209],[12.696509,46.147884],[12.695906,46.147579],[12.695244,46.147244]]}},{"type":"Feature","properties":{"u":2299390560,"v":835975163,"length":55.982,"highway":"residential"},"geometry":{"type":"LineString","coordinates":[[12.698833,46.14784],[12.698799,46.147867],[12.69839,46.148239]]}},{"type":"Feature","properties":{"u":835975163,"v":835975128,"length":56.867,"highway":"residential"},"geometry":{"type":"LineString","coordinates":[[12.69839,46.148239],[12.697943,46.148646]]}},{"type":"Feature","properties":{"u":835975128,"v":835975098,"length":91.324,"highway":"residential"},"geometry":{"type":"LineString","coordinates":[[12.697943,46.148646],[12.697224,46.149299]]}},{"type":"Feature","properties":{"u":850910403,"v":850910551,"length":117.017,"highway":"residential"},"geometry":{"type":"LineString","coordinates":[[12.692735,46.147827],[12.693399,46.148185],[12.693933,46.148474]]}},{"type":"Feature","properties":{"u":835975127,"v":835975134,"length":243.965,"highway":"residential"},"geometry":{"type":"LineString","coordinates":[[12.698754,46.145943],[12.698315,46.145719],[12.697477,46.145292],[12.696888,46.144992],[12.696203,46.144643]]}},{"type":"Feature","properties":{"u":835975081,"v":835975085,"length":185.04,"highway":"residential"},"geometry":{"type":"LineString","coordinates":[[12.693128,46.142378],[12.695051,46.143375]]}},{"type":"Feature","properties":{"u":835975100,"v":835975130,"length":181.881,"highway":"residential"},"geometry":{"type":"LineString","coordinates":[[12.698004,46.147416],[12.69738,46.147086],[12.696786,46.146771],[12.696129,46.146422]]}},{"type":"Feature","properties":{"u":835975134,"v":835975170,"length":148.543,"highway":"residential"},"geometry":{"type":"LineString","coordinates":[[12.696203,46.144643],[12.695823,46.144438],[12.694682,46.143822]]}},{"type":"Feature","properties":{"u":835975083,"v":3775337968,"length":197.982,"highway":"residential"},"geometry":{"type":"LineString","coordinates":[[12.694087,46.146629],[12.693938,46.146551],[12.693683,46.146418],[12.693667,46.14641],[12.693077,46.146102],[12.692676,46.145893],[12.692034,46.145558]]}},{"type":"Feature","properties":{"u":3834359337,"v":13309595169,"length":129.621,"highway":"residential"},"geometry":{"type":"LineString","coordinates":[[12.702974,46.145055],[12.703223,46.144813],[12.703716,46.144378],[12.703939,46.144103]]}},{"type":"Feature","properties":{"u":850910551,"v":850910513,"length":180.996,"highway":"residential"},"geometry":{"type":"LineString","coordinates":[[12.693933,46.148474],[12.694571,46.148807],[12.695164,46.149117],[12.695809,46.149454]]}},{"type":"Feature","properties":{"u":852887848,"v":1421830034,"length":1301.568,"highway":"unclassified"},"geometry":{"type":"LineString","coordinates":[[12.69446,46.155058],[12.694614,46.155116],[12.694724,46.155154],[12.695433,46.154961],[12.696419,46.154651],[12.696975,46.154456],[12.697532,46.154225],[12.698606,46.153855],[12.699572,46.153587],[12.700672,46.153189],[12.701208,46.153016],[12.701696,46.152859],[12.702517,46.152594],[12.703885,46.152145],[12.704019,46.152059],[12.704121,46.151372],[12.704234,46.151241],[12.705645,46.151313],[12.706658,46.150974],[12.707211,46.150807],[12.707249,46.150799],[12.707683,46.150703],[12.709031,46.150408]]}},{"type":"Feature","properties":{"u":835975120,"v":835975155,"length":94.314,"highway":"residential"},"geometry":{"type":"LineString","coordinates":[[12.700965,46.147109],[12.700245,46.147795]]}},{"type":"Feature","properties":{"u":850910506,"v":850910403,"length":195.655,"highway":"residential"},"geometry":{"type":"LineString","coordinates":[[12.690697,46.146777],[12.691344,46.14711],[12.691748,46.147318],[12.692342,46.147624],[12.692735,46.147827]]}},{"type":"Feature","properties":{"u":13309595137,"v":2032964536,"length":598.455,"highway":"unclassified"},"geometry":{"type":"LineString","coordinates":[[12.683296,46.104416],[12.68351,46.10391],[12.683872,46.102821],[12.684234,46.101913],[12.684379,46.101426],[12.684466,46.100877],[12.684398,46.10027],[12.684252,46.099575],[12.684189,46.099341],[12.684151,46.099202],[12.684137,46.099148]]}},{"type":"Feature","properties":{"u":5064806356,"v":1110870315,"length":4890.695,"highway":"secondary"},"geometry":{"type":"LineString","coordinates":[[12.740939,46.110799],[12.740549,46.111093],[12.740153,46.11146],[12.738122,46.1135],[12.736439,46.115191],[12.732225,46.1194],[12.731523,46.120102],[12.72953,46.122093],[12.729248,46.122375],[12.727404,46.124217],[12.726078,46.125542],[12.725879,46.125741],[12.725711,46.125909],[12.725306,46.126303],[12.72482,46.126809],[12.720987,46.130679],[12.718003,46.133693],[12.717469,46.134231],[12.7138,46.137906],[12.712409,46.139298],[12.712104,46.139583],[12.712067,46.139673],[12.712027,46.139836],[12.711989,46.14012],[12.711995,46.140375],[12.712086,46.143326],[12.712096,46.143664],[12.712042,46.143949],[12.71189,46.144293],[12.711593,46.144836],[12.709932,46.147317],[12.709709,46.147693],[12.70968,46.147741],[12.709451,46.148137]]}},{"type":"Feature","properties":{"u":564874437,"v":3824639518,"length":87.991,"highway":"tertiary"},"geometry":{"type":"LineString","coordinates":[[12.657448,46.08553],[12.658189,46.085972],[12.658313,46.086046]]}},{"type":"Feature","properties":{"u":3824639518,"v":3751713975,"length":1345.226,"highway":"tertiary"},"geometry":{"type":"LineString","coordinates":[[12.658313,46.086046],[12.659069,46.086498],[12.660015,46.087067],[12.660857,46.087562],[12.661784,46.088118],[12.662684,46.088652],[12.663179,46.088931],[12.663537,46.089135],[12.664228,46.089503],[12.665177,46.089984],[12.666231,46.090533],[12.667197,46.091034],[12.668149,46.091524],[12.669252,46.092094],[12.670096,46.092538],[12.670744,46.092868],[12.671513,46.093266],[12.672023,46.093515]]}},{"type":"Feature","properties":{"u":912285352,"v":912292111,"length":17.134,"highway":"tertiary_link"},"geometry":{"type":"LineString","coordinates":[[12.658872,46.153309],[12.658653,46.153282]]}},{"type":"Feature","properties":{"u":9859784138,"v":1112363100,"length":115.651,"highway":"primary","maxspeed":70},"geometry":{"type":"LineString","coordinates":[[12.709605,46.160012],[12.71098,46.16043]]}},{"type":"Feature","properties":{"u":1112363100,"v":1914045529,"length":322.024,"highway":"primary","maxspeed":70},"geometry":{"type":"LineString","coordinates":[[12.71098,46.16043],[12.71387,46.161324],[12.714799,46.161609]]}},{"type":"Feature","properties":{"u":375694512,"v":375694362,"length":239.229,"highway":"residential"},"geometry":{"type":"LineString","coordinates":[[12.63554,46.138245],[12.637376,46.13998]]}},{"type":"Feature","properties":{"u":912303265,"v":912284550,"length":36.073,"highway":"residential"},"geometry":{"type":"LineString","coordinates":[[12.661461,46.160824],[12.661244,46.160845],[12.661132,46.160868],[12.661026,46.160923]]}},{"type":"Feature","properties":{"u":912284550,"v":912302492,"length":69.951,"highway":"residential"},"geometry":{"type":"LineString","coordinates":[[12.661026,46.160923],[12.66084,46.16093],[12.660622,46.160949],[12.660478,46.160944],[12.660289,46.160947],[12.660196,46.160946],[12.66012,46.160945]]}},{"type":"Feature","properties":{"u":912312693,"v":912298831,"length":254.393,"highway":"residential"},"geometry":{"type":"LineString","coordinates":[[12.665558,46.156872],[12.665515,46.156801],[12.66546,46.15662],[12.66544,46.156429],[12.665443,46.156015],[12.665437,46.155572],[12.665381,46.155112],[12.665305,46.154599]]}},{"type":"Feature","properties":{"u":912298831,"v":912300109,"length":128.367,"highway":"residential"},"geometry":{"type":"LineString","coordinates":[[12.665305,46.154599],[12.665098,46.154701],[12.664599,46.15479],[12.664399,46.154816],[12.664329,46.154885],[12.664445,46.155273]]}},{"type":"Feature","properties":{"u":912304467,"v":912308418,"length":106.355,"highway":"residential"},"geometry":{"type":"LineString","coordinates":[[12.630727,46.143093],[12.630608,46.143371],[12.629954,46.143416],[12.629659,46.143469]]}},{"type":"Feature","properties":{"u":912302147,"v":275047807,"length":86.212,"highway":"primary"},"geometry":{"type":"LineString","coordinates":[[12.668696,46.146858],[12.668741,46.14664],[12.668691,46.146529],[12.66865,46.146437],[12.668518,46.146304],[12.668407,46.14614]]}},{"type":"Feature","properties":{"u":665371507,"v":665371549,"length":69.647,"highway":"residential"},"geometry":{"type":"LineString","coordinates":[[12.68368,46.097028],[12.683856,46.096899],[12.684028,46.096758],[12.684232,46.096535]]}},{"type":"Feature","properties":{"u":665371549,"v":11865679318,"length":9.984,"highway":"residential"},"geometry":{"type":"LineString","coordinates":[[12.684232,46.096535],[12.684264,46.096448]]}},{"type":"Feature","properties":{"u":11865679318,"v":912301726,"length":3.895,"highway":"residential"},"geometry":{"type":"LineString","coordinates":[[12.684264,46.096448],[12.684262,46.096413]]}},{"type":"Feature","properties":{"u":912301726,"v":665371520,"length":178.002,"highway":"residential"},"geometry":{"type":"LineString","coordinates":[[12.684262,46.096413],[12.684273,46.096253],[12.68432,46.095995],[12.684358,46.095693],[12.684387,46.095407],[12.684427,46.095091],[12.684467,46.094923],[12.684504,46.094823]]}},{"type":"Feature","properties":{"u":912298122,"v":912310190,"length":26.324,"highway":"residential"},"geometry":{"type":"LineString","coordinates":[[12.644604,46.153434],[12.644534,46.153602],[12.644519,46.153663]]}},{"type":"Feature","properties":{"u":912310190,"v":912301803,"length":56.917,"highway":"residential"},"geometry":{"type":"LineString","coordinates":[[12.644519,46.153663],[12.644514,46.15368],[12.644544,46.15375],[12.644637,46.153811],[12.644705,46.153872],[12.644708,46.153956],[12.644686,46.154127]]}},{"type":"Feature","properties":{"u":665371525,"v":912310727,"length":112.16,"highway":"residential"},"geometry":{"type":"LineString","coordinates":[[12.684559,46.094592],[12.684355,46.09452],[12.684186,46.094476],[12.683827,46.094408],[12.683456,46.094361],[12.683171,46.094306]]}},{"type":"Feature","properties":{"u":912310727,"v":912297263,"length":336.437,"highway":"residential"},"geometry":{"type":"LineString","coordinates":[[12.683171,46.094306],[12.682987,46.094227],[12.682659,46.09419],[12.682234,46.094186],[12.681643,46.094166],[12.681114,46.094149],[12.680103,46.094092],[12.679815,46.094053],[12.679397,46.093949],[12.679048,46.09388],[12.678897,46.093898]]}},{"type":"Feature","properties":{"u":912297263,"v":912302974,"length":8.239,"highway":"residential"},"geometry":{"type":"LineString","coordinates":[[12.678897,46.093898],[12.678793,46.093915]]}},{"type":"Feature","properties":{"u":912309215,"v":912298174,"length":164.152,"highway":"primary"},"geometry":{"type":"LineString","coordinates":[[12.6636,46.158098],[12.663562,46.158173],[12.663465,46.1583],[12.663398,46.158401],[12.663368,46.158463],[12.663206,46.158919],[12.663026,46.159513]]}},{"type":"Feature","properties":{"u":912298174,"v":912303399,"length":60.056,"highway":"primary"},"geometry":{"type":"LineString","coordinates":[[12.663026,46.159513],[12.662994,46.159618],[12.662984,46.159652],[12.66292,46.159882],[12.662869,46.160042]]}},{"type":"Feature","properties":{"u":912303399,"v":912306899,"length":27.572,"highway":"primary"},"geometry":{"type":"LineString","coordinates":[[12.662869,46.160042],[12.662812,46.16022],[12.662791,46.160284]]}},{"type":"Feature","properties":{"u":912306899,"v":912285611,"length":33.375,"highway":"primary"},"geometry":{"type":"LineString","coordinates":[[12.662791,46.160284],[12.662674,46.160573]]}},{"type":"Feature","properties":{"u":912285611,"v":912298892,"length":76.113,"highway":"primary"},"geometry":{"type":"LineString","coordinates":[[12.662674,46.160573],[12.662511,46.160965],[12.662392,46.161229]]}},{"type":"Feature","properties":{"u":318694369,"v":912298234,"length":332.802,"highway":"primary"},"geometry":{"type":"LineString","coordinates":[[12.661824,46.152631],[12.661898,46.15275],[12.662249,46.153271],[12.662603,46.153852],[12.662833,46.154285],[12.663105,46.154993],[12.663267,46.155443]]}},{"type":"Feature","properties":{"u":912298234,"v":912289270,"length":51.931,"highway":"primary"},"geometry":{"type":"LineString","coordinates":[[12.663267,46.155443],[12.663279,46.155479],[12.663419,46.155898]]}},{"type":"Feature","properties":{"u":912289270,"v":912282520,"length":44.812,"highway":"primary"},"geometry":{"type":"LineString","coordinates":[[12.663419,46.155898],[12.663554,46.15629]]}},{"type":"Feature","properties":{"u":912282520,"v":912293595,"length":185.787,"highway":"primary"},"geometry":{"type":"LineString","coordinates":[[12.663554,46.15629],[12.663585,46.156379],[12.66365,46.156567],[12.663742,46.156955],[12.663765,46.157163],[12.663756,46.157415],[12.663744,46.157527],[12.663665,46.157855],[12.663644,46.157941]]}},{"type":"Feature","properties":{"u":912295693,"v":912304467,"length":39.779,"highway":"residential"},"geometry":{"type":"LineString","coordinates":[[12.631207,46.143221],[12.630794,46.143123],[12.630727,46.143093]]}},{"type":"Feature","properties":{"u":912304467,"v":912284530,"length":18.753,"highway":"residential"},"geometry":{"type":"LineString","coordinates":[[12.630727,46.143093],[12.630523,46.143001]]}},{"type":"Feature","properties":{"u":912303669,"v":912298311,"length":31.334,"highway":"unclassified"},"geometry":{"type":"LineString","coordinates":[[12.657943,46.136612],[12.657766,46.136569],[12.657612,46.136461]]}},{"type":"Feature","properties":{"u":912311041,"v":912283410,"length":24.875,"highway":"unclassified"},"geometry":{"type":"LineString","coordinates":[[12.683693,46.097298],[12.683575,46.097394],[12.683437,46.097413]]}},{"type":"Feature","properties":{"u":912283410,"v":912306602,"length":10.981,"highway":"unclassified"},"geometry":{"type":"LineString","coordinates":[[12.683437,46.097413],[12.683325,46.097352]]}},{"type":"Feature","properties":{"u":912306602,"v":912289982,"length":15.594,"highway":"unclassified"},"geometry":{"type":"LineString","coordinates":[[12.683325,46.097352],[12.683303,46.097282],[12.683316,46.097214]]}},{"type":"Feature","properties":{"u":912297263,"v":912293469,"length":68.73,"highway":"residential"},"geometry":{"type":"LineString","coordinates":[[12.678897,46.093898],[12.678885,46.093524],[12.678917,46.093281]]}},{"type":"Feature","properties":{"u":375694210,"v":912312864,"length":116.598,"highway":"residential"},"geometry":{"type":"LineString","coordinates":[[12.644656,46.15341],[12.644758,46.153184],[12.644726,46.152968],[12.644653,46.152674],[12.644602,46.152519],[12.64463,46.152383]]}},{"type":"Feature","properties":{"u":912312864,"v":912292487,"length":244.588,"highway":"residential"},"geometry":{"type":"LineString","coordinates":[[12.64463,46.152383],[12.644734,46.152293],[12.645003,46.152167],[12.645952,46.151907],[12.64644,46.151801],[12.646599,46.151778],[12.646825,46.151688],[12.647416,46.151545],[12.647514,46.151523]]}},{"type":"Feature","properties":{"u":912292487,"v":912303842,"length":145.377,"highway":"residential"},"geometry":{"type":"LineString","coordinates":[[12.647514,46.151523],[12.648062,46.1514],[12.648484,46.151322],[12.648666,46.151283],[12.648769,46.151234],[12.648932,46.151111],[12.649149,46.15095]]}},{"type":"Feature","properties":{"u":912310749,"v":912311675,"length":40.533,"highway":"unclassified"},"geometry":{"type":"LineString","coordinates":[[12.682873,46.132359],[12.682726,46.132709]]}},{"type":"Feature","properties":{"u":912311675,"v":912297558,"length":503.476,"highway":"unclassified"},"geometry":{"type":"LineString","coordinates":[[12.682726,46.132709],[12.682614,46.132825],[12.682419,46.133148],[12.682028,46.133517],[12.681696,46.133868],[12.681489,46.134141],[12.681242,46.134552],[12.680852,46.135064],[12.680641,46.135323],[12.680356,46.13561],[12.680063,46.135886],[12.679938,46.136014],[12.679833,46.136076],[12.679551,46.136139],[12.679124,46.136125],[12.678997,46.136125]]}},{"type":"Feature","properties":{"u":912297558,"v":1947733609,"length":1175.084,"highway":"unclassified"},"geometry":{"type":"LineString","coordinates":[[12.678997,46.136125],[12.677518,46.135604],[12.675747,46.135002],[12.674682,46.134629],[12.6743,46.134499],[12.673886,46.134376],[12.67294,46.134137],[12.671388,46.133695],[12.669893,46.13339],[12.668956,46.13325],[12.668333,46.133157],[12.667576,46.133045],[12.66678,46.132978],[12.666407,46.132983],[12.665926,46.132991],[12.665026,46.132946],[12.664747,46.133122]]}},{"type":"Feature","properties":{"u":912283763,"v":912294494,"length":79.73,"highway":"unclassified"},"geometry":{"type":"LineString","coordinates":[[12.667207,46.153762],[12.667217,46.153045]]}},{"type":"Feature","properties":{"u":912312119,"v":1821139694,"length":43.555,"highway":"residential"},"geometry":{"type":"LineString","coordinates":[[12.63849,46.144804],[12.638646,46.144747],[12.638806,46.14473],[12.638974,46.144717],[12.639032,46.144719]]}},{"type":"Feature","properties":{"u":1821139694,"v":912298612,"length":27.741,"highway":"residential"},"geometry":{"type":"LineString","coordinates":[[12.639032,46.144719],[12.639091,46.144721],[12.639222,46.144792],[12.63934,46.144837]]}},{"type":"Feature","properties":{"u":912310417,"v":912302092,"length":23.737,"highway":"unclassified"},"geometry":{"type":"LineString","coordinates":[[12.655825,46.117815],[12.655655,46.117993]]}},{"type":"Feature","properties":{"u":912299900,"v":912307653,"length":24.124,"highway":"unclassified"},"geometry":{"type":"LineString","coordinates":[[12.679728,46.098811],[12.67991,46.098835],[12.680036,46.098821]]}},{"type":"Feature","properties":{"u":912283069,"v":912310765,"length":125.257,"highway":"residential"},"geometry":{"type":"LineString","coordinates":[[12.677129,46.093618],[12.677005,46.093193],[12.676855,46.092508]]}},{"type":"Feature","properties":{"u":912306602,"v":665371506,"length":23.52,"highway":"unclassified"},"geometry":{"type":"LineString","coordinates":[[12.683325,46.097352],[12.683196,46.097267],[12.683076,46.097238]]}},{"type":"Feature","properties":{"u":912304491,"v":912312664,"length":118.977,"highway":"residential"},"geometry":{"type":"LineString","coordinates":[[12.65249,46.150825],[12.652444,46.150749],[12.652367,46.150523],[12.65229,46.150369],[12.652112,46.1501],[12.651929,46.149832]]}},{"type":"Feature","properties":{"u":912311372,"v":912298463,"length":23.622,"highway":"residential"},"geometry":{"type":"LineString","coordinates":[[12.637428,46.142863],[12.637726,46.142913]]}},{"type":"Feature","properties":{"u":912282934,"v":912289351,"length":349.691,"highway":"unclassified"},"geometry":{"type":"LineString","coordinates":[[12.671156,46.1478],[12.670875,46.148145],[12.670634,46.148469],[12.670407,46.148837],[12.670261,46.149083],[12.670135,46.149293],[12.669856,46.149698],[12.669596,46.15001],[12.669356,46.150272],[12.669116,46.150604]]}},{"type":"Feature","properties":{"u":912294539,"v":912297558,"length":977.271,"highway":"unclassified"},"geometry":{"type":"LineString","coordinates":[[12.684235,46.128133],[12.684126,46.128301],[12.684088,46.128394],[12.684033,46.128573],[12.683919,46.128864],[12.68378,46.129099],[12.683331,46.12983],[12.682313,46.131309],[12.681826,46.132011],[12.681183,46.132935],[12.680928,46.13331],[12.680406,46.134076],[12.679904,46.134814],[12.679284,46.135732],[12.678997,46.136125]]}},{"type":"Feature","properties":{"u":912297558,"v":912290685,"length":1264.211,"highway":"unclassified"},"geometry":{"type":"LineString","coordinates":[[12.678997,46.136125],[12.678815,46.136375],[12.67819,46.137344],[12.677844,46.137935],[12.67714,46.1393],[12.67676,46.139985],[12.676706,46.140096],[12.676238,46.141038],[12.676075,46.141289],[12.675828,46.141548],[12.675135,46.142613],[12.674743,46.143211],[12.67428,46.143918],[12.674128,46.144095],[12.674025,46.14421],[12.673423,46.14482],[12.673248,46.145089],[12.673031,46.145495],[12.672367,46.146492]]}},{"type":"Feature","properties":{"u":912290685,"v":912294361,"length":135.059,"highway":"unclassified"},"geometry":{"type":"LineString","coordinates":[[12.672367,46.146492],[12.672262,46.146648],[12.67142,46.147512]]}},{"type":"Feature","properties":{"u":912296532,"v":912312259,"length":25.983,"highway":"tertiary_link"},"geometry":{"type":"LineString","coordinates":[[12.658533,46.153058],[12.658818,46.153183]]}},{"type":"Feature","properties":{"u":912312259,"v":912299920,"length":20.415,"highway":"tertiary_link"},"geometry":{"type":"LineString","coordinates":[[12.658818,46.153183],[12.659083,46.153186]]}},{"type":"Feature","properties":{"u":912296123,"v":912303797,"length":59.73,"highway":"residential"},"geometry":{"type":"LineString","coordinates":[[12.682612,46.096218],[12.682243,46.096147],[12.682198,46.096139],[12.681862,46.096084]]}},{"type":"Feature","properties":{"u":912312624,"v":912293938,"length":94.309,"highway":"residential"},"geometry":{"type":"LineString","coordinates":[[12.643286,46.153099],[12.643031,46.153242],[12.642799,46.153329],[12.642631,46.153363],[12.642175,46.153338]]}},{"type":"Feature","properties":{"u":540415202,"v":11865679318,"length":120.336,"highway":"residential"},"geometry":{"type":"LineString","coordinates":[[12.685746,46.096596],[12.685508,46.09655],[12.685162,46.096526],[12.68498,46.096489],[12.684894,46.096426],[12.68477,46.09639],[12.684601,46.096389],[12.684356,46.09643],[12.684264,46.096448]]}},{"type":"Feature","properties":{"u":912300252,"v":912291846,"length":133.733,"highway":"residential"},"geometry":{"type":"LineString","coordinates":[[12.661216,46.159402],[12.660565,46.159493],[12.659962,46.159574],[12.659512,46.159633]]}},{"type":"Feature","properties":{"u":912291846,"v":912310943,"length":249.08,"highway":"residential"},"geometry":{"type":"LineString","coordinates":[[12.659512,46.159633],[12.659364,46.159668],[12.659322,46.159748],[12.659367,46.160059],[12.659388,46.160357],[12.659348,46.160747],[12.65932,46.160991],[12.65924,46.161789]]}},{"type":"Feature","properties":{"u":912310943,"v":912282687,"length":178.869,"highway":"residential"},"geometry":{"type":"LineString","coordinates":[[12.65924,46.161789],[12.659206,46.162284],[12.659173,46.16266],[12.659183,46.162756],[12.659273,46.16285],[12.659344,46.162893],[12.659599,46.162954],[12.659985,46.163019]]}},{"type":"Feature","properties":{"u":912282687,"v":1902148479,"length":94.265,"highway":"residential"},"geometry":{"type":"LineString","coordinates":[[12.659985,46.163019],[12.660136,46.163053],[12.660325,46.163072],[12.660601,46.163055],[12.660921,46.163021],[12.661149,46.163],[12.661192,46.162996]]}},{"type":"Feature","properties":{"u":275048626,"v":912294208,"length":312.276,"highway":"residential"},"geometry":{"type":"LineString","coordinates":[[12.660916,46.165822],[12.660591,46.165783],[12.660548,46.165734],[12.660466,46.165241],[12.660357,46.164613],[12.660249,46.163976],[12.660111,46.163739],[12.65987,46.163271]]}},{"type":"Feature","properties":{"u":912304459,"v":912282967,"length":400.257,"highway":"residential"},"geometry":{"type":"LineString","coordinates":[[12.629555,46.143133],[12.629492,46.143062],[12.62945,46.142935],[12.629463,46.142771],[12.629454,46.142654],[12.629418,46.142471],[12.629409,46.142408],[12.629389,46.142257],[12.629408,46.142041],[12.629465,46.141859],[12.629583,46.141616],[12.629647,46.14147],[12.629697,46.141287],[12.629734,46.141121],[12.629769,46.140813],[12.629775,46.140559],[12.629782,46.140499],[12.62984,46.140481],[12.630057,46.140471],[12.630334,46.140439],[12.630447,46.140418],[12.630552,46.140388],[12.630747,46.140307],[12.631004,46.140197]]}},{"type":"Feature","properties":{"u":912282967,"v":912311114,"length":116.755,"highway":"residential"},"geometry":{"type":"LineString","coordinates":[[12.631004,46.140197],[12.631284,46.140061],[12.631552,46.139929],[12.631784,46.139834],[12.632312,46.139676]]}},{"type":"Feature","properties":{"u":778888939,"v":912302747,"length":147.368,"highway":"primary"},"geometry":{"type":"LineString","coordinates":[[12.670956,46.147501],[12.670232,46.147291],[12.669702,46.147189],[12.669128,46.147142]]}},{"type":"Feature","properties":{"u":912312742,"v":912311677,"length":342.419,"highway":"residential"},"geometry":{"type":"LineString","coordinates":[[12.679242,46.094321],[12.679456,46.094382],[12.679743,46.09447],[12.679968,46.094531],[12.680192,46.094592],[12.680439,46.094667],[12.680629,46.094782],[12.680729,46.094932],[12.680741,46.095102],[12.680696,46.095375],[12.680671,46.095558],[12.680641,46.095777],[12.680615,46.096148],[12.680598,46.096373],[12.680631,46.096567],[12.680729,46.096754]]}},{"type":"Feature","properties":{"u":912311677,"v":912303017,"length":50.577,"highway":"residential"},"geometry":{"type":"LineString","coordinates":[[12.680729,46.096754],[12.680796,46.096811],[12.681065,46.096962],[12.681233,46.097042]]}},{"type":"Feature","properties":{"u":912303017,"v":665371492,"length":38.385,"highway":"residential"},"geometry":{"type":"LineString","coordinates":[[12.681233,46.097042],[12.681367,46.097111],[12.68153,46.097191],[12.681658,46.097211]]}},{"type":"Feature","properties":{"u":912304150,"v":912285378,"length":153.347,"highway":"residential"},"geometry":{"type":"LineString","coordinates":[[12.64967,46.153469],[12.64932,46.153036],[12.64888,46.152513],[12.648684,46.152271]]}},{"type":"Feature","properties":{"u":912285378,"v":912292487,"length":156.202,"highway":"residential"},"geometry":{"type":"LineString","coordinates":[[12.648684,46.152271],[12.648212,46.15244],[12.647794,46.151897],[12.647514,46.151523]]}},{"type":"Feature","properties":{"u":912302221,"v":912295249,"length":26.557,"highway":"unclassified"},"geometry":{"type":"LineString","coordinates":[[12.669244,46.151458],[12.6691,46.151675]]}},{"type":"Feature","properties":{"u":912300844,"v":912294603,"length":110.126,"highway":"residential"},"geometry":{"type":"LineString","coordinates":[[12.6601,46.156665],[12.661515,46.156523]]}},{"type":"Feature","properties":{"u":912294603,"v":912282520,"length":159.194,"highway":"residential"},"geometry":{"type":"LineString","coordinates":[[12.661515,46.156523],[12.662102,46.156463],[12.662781,46.156389],[12.663554,46.15629]]}},{"type":"Feature","properties":{"u":912294261,"v":1865801254,"length":4.087,"highway":"primary"},"geometry":{"type":"LineString","coordinates":[[12.661851,46.152436],[12.661887,46.152463]]}},{"type":"Feature","properties":{"u":1865801254,"v":318694369,"length":21.641,"highway":"primary"},"geometry":{"type":"LineString","coordinates":[[12.661887,46.152463],[12.661911,46.152502],[12.661914,46.152541],[12.661896,46.15258],[12.661854,46.152617],[12.661828,46.15263],[12.661824,46.152631]]}},{"type":"Feature","properties":{"u":318694369,"v":1865801228,"length":18.094,"highway":"primary"},"geometry":{"type":"LineString","coordinates":[[12.661824,46.152631],[12.661783,46.152642],[12.661737,46.152644],[12.661703,46.15264],[12.661649,46.152623],[12.661629,46.152611],[12.661615,46.152597]]}},{"type":"Feature","properties":{"u":1865801228,"v":912295039,"length":24.282,"highway":"primary"},"geometry":{"type":"LineString","coordinates":[[12.661615,46.152597],[12.661589,46.152569],[12.661578,46.152539],[12.661578,46.152519],[12.661596,46.152475],[12.661636,46.152439],[12.661655,46.152429],[12.661689,46.152417]]}},{"type":"Feature","properties":{"u":912295039,"v":912294261,"length":13.146,"highway":"primary"},"geometry":{"type":"LineString","coordinates":[[12.661689,46.152417],[12.661736,46.152411],[12.661768,46.152412],[12.661815,46.152421],[12.661841,46.152431],[12.661851,46.152436]]}},{"type":"Feature","properties":{"u":912311041,"v":912284389,"length":46.927,"highway":"unclassified"},"geometry":{"type":"LineString","coordinates":[[12.683693,46.097298],[12.683733,46.097372],[12.683812,46.097621],[12.683816,46.097709]]}},{"type":"Feature","properties":{"u":912302974,"v":912312742,"length":58.644,"highway":"unclassified"},"geometry":{"type":"LineString","coordinates":[[12.678793,46.093915],[12.678852,46.094038],[12.678952,46.094155],[12.679119,46.094265],[12.679242,46.094321]]}},{"type":"Feature","properties":{"u":912311230,"v":912302822,"length":22.724,"highway":"unclassified"},"geometry":{"type":"LineString","coordinates":[[12.637124,46.143953],[12.636954,46.14412]]}},{"type":"Feature","properties":{"u":912302822,"v":912305918,"length":68.153,"highway":"unclassified"},"geometry":{"type":"LineString","coordinates":[[12.636954,46.14412],[12.63747,46.14437],[12.637631,46.144233]]}},{"type":"Feature","properties":{"u":912308698,"v":7511316339,"length":153.118,"highway":"residential"},"geometry":{"type":"LineString","coordinates":[[12.654161,46.154223],[12.65485,46.153712],[12.655501,46.153206]]}},{"type":"Feature","properties":{"u":7511316339,"v":912296187,"length":225.331,"highway":"residential"},"geometry":{"type":"LineString","coordinates":[[12.655501,46.153206],[12.655548,46.153169],[12.655778,46.153005],[12.655943,46.152887],[12.656265,46.152673],[12.656416,46.152572],[12.656945,46.152241],[12.657595,46.151792]]}},{"type":"Feature","properties":{"u":375694262,"v":912312119,"length":582.406,"highway":"secondary"},"geometry":{"type":"LineString","coordinates":[[12.643689,46.148561],[12.642955,46.148169],[12.641483,46.14732],[12.640787,46.146827],[12.640049,46.146201],[12.640008,46.146166],[12.639397,46.145539],[12.639148,46.145291],[12.638781,46.145023],[12.63849,46.144804]]}},{"type":"Feature","properties":{"u":912312119,"v":275047667,"length":83.296,"highway":"secondary"},"geometry":{"type":"LineString","coordinates":[[12.63849,46.144804],[12.638153,46.14455],[12.637723,46.144277]]}},{"type":"Feature","properties":{"u":665371479,"v":912310417,"length":49.602,"highway":"unclassified"},"geometry":{"type":"LineString","coordinates":[[12.656197,46.117451],[12.655825,46.117815]]}},{"type":"Feature","properties":{"u":665371599,"v":912307653,"length":22.999,"highway":"unclassified"},"geometry":{"type":"LineString","coordinates":[[12.679897,46.099004],[12.680036,46.098821]]}},{"type":"Feature","properties":{"u":665371492,"v":912309073,"length":104.395,"highway":"unclassified"},"geometry":{"type":"LineString","coordinates":[[12.681658,46.097211],[12.681807,46.097191],[12.681994,46.097195],[12.682223,46.097218],[12.682281,46.097237],[12.682379,46.097244],[12.682529,46.09724],[12.68275,46.09725],[12.682873,46.097245],[12.682999,46.09724]]}},{"type":"Feature","properties":{"u":912309073,"v":665371506,"length":5.941,"highway":"unclassified"},"geometry":{"type":"LineString","coordinates":[[12.682999,46.09724],[12.683076,46.097238]]}},{"type":"Feature","properties":{"u":912302862,"v":912312664,"length":118.314,"highway":"residential"},"geometry":{"type":"LineString","coordinates":[[12.650555,46.150301],[12.65072,46.150246],[12.650984,46.150134],[12.65132,46.150006],[12.651726,46.149903],[12.651929,46.149832]]}},{"type":"Feature","properties":{"u":912312664,"v":912306334,"length":216.228,"highway":"residential"},"geometry":{"type":"LineString","coordinates":[[12.651929,46.149832],[12.652007,46.149804],[12.652381,46.149594],[12.652975,46.149191],[12.653619,46.148787],[12.653998,46.148523]]}},{"type":"Feature","properties":{"u":375694984,"v":375694362,"length":570.012,"highway":"residential"},"geometry":{"type":"LineString","coordinates":[[12.640324,46.135582],[12.640391,46.135692],[12.640376,46.136072],[12.640309,46.136231],[12.640164,46.136455],[12.640019,46.136723],[12.639852,46.136968],[12.639651,46.13727],[12.637775,46.138654],[12.637518,46.1389],[12.63735,46.139101],[12.637268,46.139444],[12.637295,46.139754],[12.637376,46.13998]]}},{"type":"Feature","properties":{"u":375694362,"v":912295190,"length":28.468,"highway":"residential"},"geometry":{"type":"LineString","coordinates":[[12.637376,46.13998],[12.637581,46.140193]]}},{"type":"Feature","properties":{"u":912295190,"v":912305927,"length":201.099,"highway":"residential"},"geometry":{"type":"LineString","coordinates":[[12.637581,46.140193],[12.638933,46.14174]]}},{"type":"Feature","properties":{"u":912304324,"v":912285611,"length":57.096,"highway":"unclassified"},"geometry":{"type":"LineString","coordinates":[[12.661965,46.160423],[12.662674,46.160573]]}},{"type":"Feature","properties":{"u":912297730,"v":912283553,"length":239.235,"highway":"residential"},"geometry":{"type":"LineString","coordinates":[[12.663975,46.157941],[12.66409,46.157678],[12.664224,46.157425],[12.664366,46.157165],[12.664405,46.156906],[12.664366,46.156712],[12.6643,46.156452],[12.664248,46.156144],[12.664163,46.155851]]}},{"type":"Feature","properties":{"u":318694413,"v":912296263,"length":412.359,"highway":"primary"},"geometry":{"type":"LineString","coordinates":[[12.668164,46.1472],[12.667532,46.147263],[12.666933,46.147371],[12.66635,46.14754],[12.665838,46.147794],[12.665372,46.148138],[12.6651,46.14842],[12.664868,46.148722],[12.664361,46.149452]]}},{"type":"Feature","properties":{"u":912296263,"v":318694403,"length":26.052,"highway":"primary"},"geometry":{"type":"LineString","coordinates":[[12.664361,46.149452],[12.66423,46.149668]]}},{"type":"Feature","properties":{"u":318694337,"v":2143843984,"length":69.203,"highway":"residential"},"geometry":{"type":"LineString","coordinates":[[12.657632,46.143239],[12.657671,46.143519],[12.657662,46.14386]]}},{"type":"Feature","properties":{"u":2143843984,"v":912306982,"length":20.474,"highway":"residential"},"geometry":{"type":"LineString","coordinates":[[12.657662,46.14386],[12.657672,46.144044]]}},{"type":"Feature","properties":{"u":912306982,"v":912283274,"length":367.297,"highway":"residential"},"geometry":{"type":"LineString","coordinates":[[12.657672,46.144044],[12.657673,46.144383],[12.657783,46.145444],[12.657738,46.145882],[12.657658,46.146259],[12.657519,46.146653],[12.657344,46.146982],[12.657182,46.147286]]}},{"type":"Feature","properties":{"u":912301726,"v":912294583,"length":121.701,"highway":"residential"},"geometry":{"type":"LineString","coordinates":[[12.684262,46.096413],[12.683984,46.096389],[12.683706,46.096377],[12.683555,46.0964],[12.683307,46.096372],[12.683024,46.096383],[12.682849,46.096381],[12.682713,46.096329]]}},{"type":"Feature","properties":{"u":912310190,"v":912286019,"length":65.379,"highway":"residential"},"geometry":{"type":"LineString","coordinates":[[12.644519,46.153663],[12.644415,46.153666],[12.644329,46.153708],[12.644243,46.153813],[12.644127,46.153965],[12.644048,46.154105]]}},{"type":"Feature","properties":{"u":912285250,"v":912296466,"length":107.96,"highway":"residential"},"geometry":{"type":"LineString","coordinates":[[12.660651,46.158175],[12.660277,46.158289],[12.659368,46.158566]]}},{"type":"Feature","properties":{"u":912296466,"v":2100262633,"length":29.449,"highway":"residential"},"geometry":{"type":"LineString","coordinates":[[12.659368,46.158566],[12.659049,46.158712]]}},{"type":"Feature","properties":{"u":275052694,"v":275052696,"length":293.137,"highway":"primary"},"geometry":{"type":"LineString","coordinates":[[12.65273,46.164841],[12.656075,46.163583]]}},{"type":"Feature","properties":{"u":912284530,"v":912304459,"length":77.751,"highway":"residential"},"geometry":{"type":"LineString","coordinates":[[12.630523,46.143001],[12.630309,46.143025],[12.630225,46.143031],[12.630005,46.143079],[12.629817,46.143146],[12.629689,46.143154],[12.629555,46.143133]]}},{"type":"Feature","properties":{"u":912305093,"v":912294645,"length":85.704,"highway":"unclassified"},"geometry":{"type":"LineString","coordinates":[[12.660827,46.133195],[12.661122,46.133511],[12.661252,46.133595],[12.661403,46.13364],[12.66163,46.133642]]}},{"type":"Feature","properties":{"u":912294645,"v":912293688,"length":103.718,"highway":"unclassified"},"geometry":{"type":"LineString","coordinates":[[12.66163,46.133642],[12.661478,46.133781],[12.661438,46.133903],[12.661456,46.134034],[12.661574,46.134262],[12.661663,46.134514]]}},{"type":"Feature","properties":{"u":592629835,"v":3391379790,"length":1464.357,"highway":"unclassified"},"geometry":{"type":"LineString","coordinates":[[12.704445,46.101704],[12.704128,46.101744],[12.703886,46.101725],[12.702936,46.101582],[12.702007,46.101445],[12.701329,46.101342],[12.700382,46.101206],[12.699541,46.101081],[12.698589,46.100941],[12.697863,46.100832],[12.697626,46.1008],[12.697016,46.100718],[12.696097,46.100566],[12.695289,46.100447],[12.694848,46.100376],[12.694653,46.100345],[12.693966,46.100254],[12.693227,46.100144],[12.692644,46.100065],[12.691841,46.099933],[12.691191,46.099835],[12.690313,46.099695],[12.689544,46.099582],[12.68922,46.099538],[12.688843,46.099487],[12.687997,46.099363],[12.687624,46.099317],[12.686951,46.09921],[12.686353,46.099128],[12.685938,46.099071],[12.685866,46.099061]]}},{"type":"Feature","properties":{"u":912296400,"v":402580123,"length":159.77,"highway":"residential"},"geometry":{"type":"LineString","coordinates":[[12.642016,46.152383],[12.641656,46.152385],[12.641464,46.152408],[12.64097,46.152371],[12.640533,46.152312],[12.640106,46.152261],[12.639966,46.152238]]}},{"type":"Feature","properties":{"u":5211161835,"v":849594116,"length":110.059,"highway":"tertiary"},"geometry":{"type":"LineString","coordinates":[[12.688511,46.134496],[12.689803,46.134918]]}},{"type":"Feature","properties":{"u":912289270,"v":912305022,"length":154.2,"highway":"residential"},"geometry":{"type":"LineString","coordinates":[[12.663419,46.155898],[12.662435,46.155996],[12.661597,46.156078],[12.661441,46.156107]]}},{"type":"Feature","properties":{"u":912305022,"v":912310817,"length":35.675,"highway":"residential"},"geometry":{"type":"LineString","coordinates":[[12.661441,46.156107],[12.661189,46.156155],[12.660994,46.156191]]}},{"type":"Feature","properties":{"u":912310141,"v":912300844,"length":80.308,"highway":"tertiary"},"geometry":{"type":"LineString","coordinates":[[12.660313,46.157372],[12.6601,46.156665]]}},{"type":"Feature","properties":{"u":912300844,"v":912298467,"length":101.003,"highway":"tertiary"},"geometry":{"type":"LineString","coordinates":[[12.6601,46.156665],[12.66009,46.156631],[12.659811,46.155779]]}},{"type":"Feature","properties":{"u":912298467,"v":1812883510,"length":45.207,"highway":"tertiary"},"geometry":{"type":"LineString","coordinates":[[12.659811,46.155779],[12.659782,46.155731],[12.659642,46.15539]]}},{"type":"Feature","properties":{"u":1812883510,"v":912301766,"length":77.937,"highway":"tertiary"},"geometry":{"type":"LineString","coordinates":[[12.659642,46.15539],[12.65938,46.154713]]}},{"type":"Feature","properties":{"u":912301766,"v":1812883475,"length":18.763,"highway":"tertiary"},"geometry":{"type":"LineString","coordinates":[[12.65938,46.154713],[12.659317,46.15455]]}},{"type":"Feature","properties":{"u":1812883475,"v":912290201,"length":63.957,"highway":"tertiary"},"geometry":{"type":"LineString","coordinates":[[12.659317,46.15455],[12.659188,46.154271],[12.659044,46.154007]]}},{"type":"Feature","properties":{"u":912290201,"v":912294908,"length":41.081,"highway":"tertiary"},"geometry":{"type":"LineString","coordinates":[[12.659044,46.154007],[12.658857,46.153661]]}},{"type":"Feature","properties":{"u":912294908,"v":318694388,"length":23.038,"highway":"tertiary"},"geometry":{"type":"LineString","coordinates":[[12.658857,46.153661],[12.658752,46.153467]]}},{"type":"Feature","properties":{"u":318694388,"v":912292111,"length":21.939,"highway":"tertiary"},"geometry":{"type":"LineString","coordinates":[[12.658752,46.153467],[12.658653,46.153282]]}},{"type":"Feature","properties":{"u":912304530,"v":912297744,"length":25.704,"highway":"unclassified"},"geometry":{"type":"LineString","coordinates":[[12.655687,46.117799],[12.65575,46.117572]]}},{"type":"Feature","properties":{"u":665371601,"v":912312226,"length":16.716,"highway":"unclassified"},"geometry":{"type":"LineString","coordinates":[[12.680174,46.098779],[12.680088,46.098917]]}},{"type":"Feature","properties":{"u":11886513226,"v":3960406621,"length":1471.133,"highway":"unclassified"},"geometry":{"type":"LineString","coordinates":[[12.688584,46.081512],[12.688584,46.081517],[12.688594,46.081718],[12.688591,46.08265],[12.68838,46.083673],[12.688127,46.084901],[12.687842,46.086282],[12.687707,46.086912],[12.687655,46.087167],[12.687453,46.088143],[12.687246,46.089159],[12.687203,46.089371],[12.68717,46.089537],[12.686903,46.090895],[12.686751,46.091616],[12.686673,46.091987],[12.686565,46.092544],[12.686471,46.093082],[12.686335,46.093686],[12.68627,46.093972],[12.686123,46.09462]]}},{"type":"Feature","properties":{"u":3960406621,"v":665371540,"length":19.783,"highway":"unclassified"},"geometry":{"type":"LineString","coordinates":[[12.686123,46.09462],[12.686097,46.094797]]}},{"type":"Feature","properties":{"u":665371540,"v":912302996,"length":11.657,"highway":"unclassified"},"geometry":{"type":"LineString","coordinates":[[12.686097,46.094797],[12.686078,46.094901]]}},{"type":"Feature","properties":{"u":912302996,"v":540415202,"length":190.558,"highway":"unclassified"},"geometry":{"type":"LineString","coordinates":[[12.686078,46.094901],[12.685829,46.095917],[12.685814,46.096322],[12.685746,46.096596]]}},{"type":"Feature","properties":{"u":540415202,"v":540415207,"length":266.471,"highway":"unclassified"},"geometry":{"type":"LineString","coordinates":[[12.685746,46.096596],[12.685518,46.09718],[12.685239,46.097833],[12.684993,46.098423],[12.684797,46.098843],[12.684784,46.098897]]}},{"type":"Feature","properties":{"u":912302862,"v":912282884,"length":108.251,"highway":"unclassified"},"geometry":{"type":"LineString","coordinates":[[12.650555,46.150301],[12.65103,46.150764],[12.651287,46.150672],[12.651583,46.150676]]}},{"type":"Feature","properties":{"u":912296850,"v":912298892,"length":74.794,"highway":"residential"},"geometry":{"type":"LineString","coordinates":[[12.661456,46.16106],[12.661538,46.161093],[12.662053,46.161177],[12.662236,46.161205],[12.662392,46.161229]]}},{"type":"Feature","properties":{"u":912297744,"v":912305827,"length":15.727,"highway":"unclassified"},"geometry":{"type":"LineString","coordinates":[[12.65575,46.117572],[12.655954,46.117569]]}},{"type":"Feature","properties":{"u":912285327,"v":912297395,"length":20.087,"highway":"unclassified"},"geometry":{"type":"LineString","coordinates":[[12.679975,46.09909],[12.679832,46.099241]]}},{"type":"Feature","properties":{"u":912290201,"v":912288350,"length":193.802,"highway":"residential"},"geometry":{"type":"LineString","coordinates":[[12.659044,46.154007],[12.657812,46.154539],[12.6569,46.154919]]}},{"type":"Feature","properties":{"u":912303842,"v":912292632,"length":155.711,"highway":"secondary"},"geometry":{"type":"LineString","coordinates":[[12.649149,46.15095],[12.648929,46.150829],[12.648616,46.150704],[12.648458,46.150638],[12.648071,46.150477],[12.647693,46.150321],[12.647432,46.150214]]}},{"type":"Feature","properties":{"u":375694484,"v":912310593,"length":83.093,"highway":"residential"},"geometry":{"type":"LineString","coordinates":[[12.634469,46.139442],[12.635129,46.140033]]}},{"type":"Feature","properties":{"u":912310593,"v":912286567,"length":134.988,"highway":"residential"},"geometry":{"type":"LineString","coordinates":[[12.635129,46.140033],[12.636165,46.141012]]}},{"type":"Feature","properties":{"u":912294808,"v":6532857567,"length":4.337,"highway":"secondary"},"geometry":{"type":"LineString","coordinates":[[12.661552,46.160132],[12.661551,46.160093]]}},{"type":"Feature","properties":{"u":6532857567,"v":912298815,"length":21.664,"highway":"secondary"},"geometry":{"type":"LineString","coordinates":[[12.661551,46.160093],[12.661543,46.160028],[12.661535,46.159984],[12.661514,46.1599]]}},{"type":"Feature","properties":{"u":912298815,"v":912300252,"length":60.117,"highway":"secondary"},"geometry":{"type":"LineString","coordinates":[[12.661514,46.1599],[12.661429,46.159717],[12.66139,46.159644],[12.661344,46.15957],[12.661264,46.159469],[12.661216,46.159402]]}},{"type":"Feature","properties":{"u":912300252,"v":912285250,"length":143.818,"highway":"secondary"},"geometry":{"type":"LineString","coordinates":[[12.661216,46.159402],[12.660976,46.159038],[12.660891,46.158719],[12.66084,46.158603],[12.660727,46.158347],[12.660651,46.158175]]}},{"type":"Feature","properties":{"u":912285250,"v":3493141395,"length":21.794,"highway":"secondary"},"geometry":{"type":"LineString","coordinates":[[12.660651,46.158175],[12.660546,46.157993]]}},{"type":"Feature","properties":{"u":3493141395,"v":275047646,"length":41.32,"highway":"secondary"},"geometry":{"type":"LineString","coordinates":[[12.660546,46.157993],[12.660504,46.157919],[12.660449,46.15782],[12.660358,46.157645]]}},{"type":"Feature","properties":{"u":275047641,"v":912303407,"length":20.265,"highway":"unclassified"},"geometry":{"type":"LineString","coordinates":[[12.661543,46.160374],[12.661803,46.160402]]}},{"type":"Feature","properties":{"u":912298224,"v":912302747,"length":56.839,"highway":"primary"},"geometry":{"type":"LineString","coordinates":[[12.66937,46.146711],[12.66941,46.146839],[12.669387,46.146959],[12.66927,46.147069],[12.669128,46.147142]]}},{"type":"Feature","properties":{"u":912302747,"v":318694413,"length":74.543,"highway":"primary"},"geometry":{"type":"LineString","coordinates":[[12.669128,46.147142],[12.668164,46.1472]]}},{"type":"Feature","properties":{"u":912306120,"v":2980754256,"length":69.475,"highway":"unclassified"},"geometry":{"type":"LineString","coordinates":[[12.65756,46.139733],[12.657566,46.139875],[12.657547,46.140048],[12.657556,46.140142],[12.657601,46.140219],[12.657704,46.14033]]}},{"type":"Feature","properties":{"u":912310727,"v":912296123,"length":220.129,"highway":"residential"},"geometry":{"type":"LineString","coordinates":[[12.683171,46.094306],[12.683044,46.094903],[12.682972,46.095509],[12.682932,46.095814],[12.682758,46.096064],[12.682612,46.096218]]}},{"type":"Feature","properties":{"u":912296123,"v":912294583,"length":14.594,"highway":"residential"},"geometry":{"type":"LineString","coordinates":[[12.682612,46.096218],[12.682713,46.096329]]}},{"type":"Feature","properties":{"u":912294583,"v":912297273,"length":44.734,"highway":"residential"},"geometry":{"type":"LineString","coordinates":[[12.682713,46.096329],[12.682765,46.096457],[12.682807,46.096535],[12.682814,46.096721]]}},{"type":"Feature","properties":{"u":912307782,"v":912285378,"length":124.41,"highway":"residential"},"geometry":{"type":"LineString","coordinates":[[12.650083,46.151712],[12.649309,46.152026],[12.648684,46.152271]]}},{"type":"Feature","properties":{"u":665371520,"v":665371525,"length":26.071,"highway":"residential"},"geometry":{"type":"LineString","coordinates":[[12.684504,46.094823],[12.684529,46.094752],[12.684539,46.094687],[12.684559,46.094592]]}},{"type":"Feature","properties":{"u":912293595,"v":318694398,"length":9.894,"highway":"primary"},"geometry":{"type":"LineString","coordinates":[[12.663644,46.157941],[12.663625,46.158029]]}},{"type":"Feature","properties":{"u":912297492,"v":275052691,"length":623.067,"highway":"primary"},"geometry":{"type":"LineString","coordinates":[[12.640133,46.164962],[12.640724,46.16498],[12.643852,46.165064],[12.645473,46.165096],[12.646299,46.165112],[12.646603,46.165112],[12.646843,46.1651],[12.647036,46.165082],[12.647232,46.16506],[12.648198,46.164935]]}},{"type":"Feature","properties":{"u":375693969,"v":912301287,"length":225.34,"highway":"residential"},"geometry":{"type":"LineString","coordinates":[[12.633924,46.141444],[12.633953,46.141935],[12.633905,46.142104],[12.633826,46.14226],[12.633644,46.142531],[12.633521,46.14284],[12.633479,46.143122],[12.633404,46.143412]]}},{"type":"Feature","properties":{"u":912301287,"v":912296928,"length":179.213,"highway":"residential"},"geometry":{"type":"LineString","coordinates":[[12.633404,46.143412],[12.633372,46.143503],[12.633382,46.143622],[12.633441,46.143792],[12.633572,46.144032],[12.634026,46.14461],[12.634236,46.144883]]}},{"type":"Feature","properties":{"u":912296928,"v":375694058,"length":271.179,"highway":"residential"},"geometry":{"type":"LineString","coordinates":[[12.634236,46.144883],[12.634538,46.145342],[12.63474,46.145701],[12.63495,46.146174],[12.635031,46.14645],[12.63507,46.146993],[12.635078,46.147098],[12.635098,46.147176],[12.635126,46.147216]]}},{"type":"Feature","properties":{"u":318694403,"v":912307345,"length":38.811,"highway":"primary"},"geometry":{"type":"LineString","coordinates":[[12.66423,46.149668],[12.664013,46.149983]]}},{"type":"Feature","properties":{"u":912308520,"v":912299158,"length":167.387,"highway":"residential"},"geometry":{"type":"LineString","coordinates":[[12.678531,46.094367],[12.678403,46.094733],[12.678299,46.09502],[12.678266,46.095277],[12.678236,46.095598],[12.67815,46.095844]]}},{"type":"Feature","properties":{"u":912299158,"v":912297042,"length":98.532,"highway":"residential"},"geometry":{"type":"LineString","coordinates":[[12.67815,46.095844],[12.677954,46.096156],[12.677816,46.096359],[12.677672,46.096589],[12.677616,46.096648]]}},{"type":"Feature","properties":{"u":912297042,"v":912312036,"length":117.06,"highway":"residential"},"geometry":{"type":"LineString","coordinates":[[12.677616,46.096648],[12.677509,46.096798],[12.677372,46.097015],[12.677291,46.097261],[12.67726,46.097472],[12.677198,46.097651]]}},{"type":"Feature","properties":{"u":375694058,"v":912296400,"length":800.441,"highway":"residential"},"geometry":{"type":"LineString","coordinates":[[12.635126,46.147216],[12.635205,46.147295],[12.635597,46.147571],[12.636306,46.148041],[12.636353,46.148072],[12.636651,46.148254],[12.637032,46.148453],[12.638146,46.148932],[12.638487,46.149079],[12.638731,46.149217],[12.638915,46.149373],[12.639068,46.149561],[12.639251,46.149794],[12.639415,46.149991],[12.639609,46.150138],[12.639726,46.150198],[12.639831,46.150268],[12.639906,46.150338],[12.639944,46.150414],[12.639997,46.150528],[12.64002,46.15078],[12.640149,46.15092],[12.640353,46.151072],[12.640531,46.151214],[12.640777,46.151384],[12.641154,46.151605],[12.64125,46.151661],[12.641466,46.151834],[12.64167,46.152029],[12.641909,46.15229],[12.642016,46.152383]]}},{"type":"Feature","properties":{"u":912296400,"v":912312624,"length":128.218,"highway":"residential"},"geometry":{"type":"LineString","coordinates":[[12.642016,46.152383],[12.642073,46.152432],[12.64231,46.152482],[12.642612,46.152634],[12.642919,46.152829],[12.643249,46.15308],[12.643286,46.153099]]}},{"type":"Feature","properties":{"u":912312624,"v":375694199,"length":50.783,"highway":"residential"},"geometry":{"type":"LineString","coordinates":[[12.643286,46.153099],[12.643604,46.153267],[12.643839,46.153343]]}},{"type":"Feature","properties":{"u":375694199,"v":912298122,"length":59.795,"highway":"residential"},"geometry":{"type":"LineString","coordinates":[[12.643839,46.153343],[12.644363,46.153409],[12.644604,46.153434]]}},{"type":"Feature","properties":{"u":912298122,"v":375694210,"length":4.813,"highway":"residential"},"geometry":{"type":"LineString","coordinates":[[12.644604,46.153434],[12.644656,46.15341]]}},{"type":"Feature","properties":{"u":375694210,"v":912301268,"length":386.286,"highway":"residential"},"geometry":{"type":"LineString","coordinates":[[12.644656,46.15341],[12.64502,46.153506],[12.645697,46.153688],[12.646439,46.153806],[12.646831,46.153839],[12.647284,46.153886],[12.648325,46.15404],[12.649135,46.154137],[12.649532,46.154161]]}},{"type":"Feature","properties":{"u":912301268,"v":375694240,"length":119.961,"highway":"residential"},"geometry":{"type":"LineString","coordinates":[[12.649532,46.154161],[12.649943,46.154182],[12.650355,46.154183],[12.650645,46.154107],[12.651012,46.153961]]}},{"type":"Feature","properties":{"u":375694240,"v":912285522,"length":70.646,"highway":"residential"},"geometry":{"type":"LineString","coordinates":[[12.651012,46.153961],[12.651185,46.153835],[12.651396,46.153613],[12.651584,46.153467]]}},{"type":"Feature","properties":{"u":912311207,"v":912294390,"length":313.375,"highway":"residential"},"geometry":{"type":"LineString","coordinates":[[12.654568,46.145983],[12.654184,46.145392],[12.653783,46.144776],[12.653712,46.144642],[12.6537,46.144518],[12.653768,46.144209],[12.653802,46.143914],[12.653808,46.143781],[12.653791,46.143469],[12.653771,46.143296]]}},{"type":"Feature","properties":{"u":912291320,"v":912285118,"length":32.016,"highway":"unclassified"},"geometry":{"type":"LineString","coordinates":[[12.664503,46.149797],[12.66431,46.150052]]}},{"type":"Feature","properties":{"u":912283315,"v":912301287,"length":208.688,"highway":"residential"},"geometry":{"type":"LineString","coordinates":[[12.635945,46.142782],[12.635879,46.142805],[12.635184,46.142991],[12.63466,46.143156],[12.634229,46.143277],[12.63415,46.143299],[12.633701,46.143376],[12.633404,46.143412]]}},{"type":"Feature","properties":{"u":912293044,"v":912304693,"length":44.823,"highway":"residential"},"geometry":{"type":"LineString","coordinates":[[12.657892,46.16348],[12.65795,46.163329],[12.657992,46.163158],[12.658003,46.163085]]}},{"type":"Feature","properties":{"u":912304693,"v":912307025,"length":40.94,"highway":"residential"},"geometry":{"type":"LineString","coordinates":[[12.658003,46.163085],[12.65801,46.163039],[12.658003,46.162958],[12.658005,46.16292],[12.658014,46.162875],[12.658033,46.162839],[12.658066,46.162802],[12.658105,46.162773],[12.658148,46.162753]]}},{"type":"Feature","properties":{"u":912282927,"v":912302092,"length":17.909,"highway":"unclassified"},"geometry":{"type":"LineString","coordinates":[[12.655883,46.118024],[12.655655,46.117993]]}},{"type":"Feature","properties":{"u":912312226,"v":912304058,"length":31.584,"highway":"unclassified"},"geometry":{"type":"LineString","coordinates":[[12.680088,46.098917],[12.680081,46.099201]]}},{"type":"Feature","properties":{"u":275048680,"v":912305041,"length":51.049,"highway":"tertiary_link"},"geometry":{"type":"LineString","coordinates":[[12.685943,46.160457],[12.685792,46.160343],[12.685715,46.160234],[12.68571,46.160051]]}},{"type":"Feature","properties":{"u":912289982,"v":912294850,"length":22.953,"highway":"unclassified"},"geometry":{"type":"LineString","coordinates":[[12.683316,46.097214],[12.683398,46.097179],[12.683577,46.097115]]}},{"type":"Feature","properties":{"u":912282884,"v":912304491,"length":73.09,"highway":"residential"},"geometry":{"type":"LineString","coordinates":[[12.651583,46.150676],[12.651775,46.150746],[12.651962,46.15077],[12.652154,46.150821],[12.65249,46.150825]]}},{"type":"Feature","properties":{"u":912304491,"v":912292990,"length":153.53,"highway":"residential"},"geometry":{"type":"LineString","coordinates":[[12.65249,46.150825],[12.65255,46.150915],[12.652526,46.151106],[12.652522,46.151243],[12.65256,46.151289],[12.652808,46.151459],[12.652949,46.151573],[12.653187,46.151804],[12.65338,46.151984]]}},{"type":"Feature","properties":{"u":912307214,"v":912303037,"length":49.193,"highway":"residential"},"geometry":{"type":"LineString","coordinates":[[12.637372,46.143057],[12.637765,46.143225],[12.637867,46.143325]]}},{"type":"Feature","properties":{"u":275047641,"v":912294808,"length":27.028,"highway":"secondary"},"geometry":{"type":"LineString","coordinates":[[12.661543,46.160374],[12.66156,46.160302],[12.661559,46.160242],[12.661552,46.160132]]}},{"type":"Feature","properties":{"u":912287469,"v":912294675,"length":97.978,"highway":"residential"},"geometry":{"type":"LineString","coordinates":[[12.677295,46.102601],[12.677321,46.10219],[12.677417,46.101725]]}},{"type":"Feature","properties":{"u":295279410,"v":912294506,"length":298.457,"highway":"primary"},"geometry":{"type":"LineString","coordinates":[[12.658036,46.128778],[12.658141,46.129161],[12.658266,46.129497],[12.658321,46.129628],[12.658412,46.129822],[12.658577,46.130148],[12.658736,46.130418],[12.658885,46.13064],[12.65912,46.130967],[12.659348,46.13129]]}},{"type":"Feature","properties":{"u":492115024,"v":375694255,"length":33.073,"highway":"secondary"},"geometry":{"type":"LineString","coordinates":[[12.65232,46.153263],[12.652118,46.153233],[12.651934,46.153146]]}},{"type":"Feature","properties":{"u":912295190,"v":912286567,"length":142.111,"highway":"residential"},"geometry":{"type":"LineString","coordinates":[[12.637581,46.140193],[12.636165,46.141012]]}},{"type":"Feature","properties":{"u":912286567,"v":912302191,"length":138.978,"highway":"residential"},"geometry":{"type":"LineString","coordinates":[[12.636165,46.141012],[12.634766,46.141801]]}},{"type":"Feature","properties":{"u":912284550,"v":912310983,"length":47.962,"highway":"residential"},"geometry":{"type":"LineString","coordinates":[[12.661026,46.160923],[12.660973,46.1611],[12.660927,46.161236],[12.660885,46.161343]]}},{"type":"Feature","properties":{"u":912310983,"v":912295544,"length":86.505,"highway":"residential"},"geometry":{"type":"LineString","coordinates":[[12.660885,46.161343],[12.660864,46.161398],[12.6608,46.161549],[12.660771,46.161757],[12.660825,46.161853],[12.660888,46.161897],[12.660993,46.161942],[12.661125,46.161992]]}},{"type":"Feature","properties":{"u":275052696,"v":912295241,"length":228.339,"highway":"primary"},"geometry":{"type":"LineString","coordinates":[[12.656075,46.163583],[12.65627,46.163499],[12.656357,46.163451],[12.656419,46.163408],[12.656472,46.163354],[12.656509,46.163294],[12.65653,46.163233],[12.656538,46.163211],[12.656549,46.163088],[12.656542,46.162992],[12.656519,46.162879],[12.656483,46.162771],[12.656471,46.162717],[12.656475,46.162673],[12.656488,46.162648],[12.656506,46.162625],[12.656538,46.162604],[12.656592,46.16259],[12.656654,46.162591],[12.656711,46.162601],[12.656776,46.162619],[12.656842,46.162658],[12.656921,46.162725],[12.657033,46.162841],[12.657377,46.16323]]}},{"type":"Feature","properties":{"u":912295241,"v":912293044,"length":50.117,"highway":"primary"},"geometry":{"type":"LineString","coordinates":[[12.657377,46.16323],[12.657456,46.163308],[12.657512,46.163352],[12.657607,46.163405],[12.657693,46.163438],[12.657783,46.16346],[12.657892,46.16348]]}},{"type":"Feature","properties":{"u":912290685,"v":2143813908,"length":575.864,"highway":"unclassified"},"geometry":{"type":"LineString","coordinates":[[12.672367,46.146492],[12.672239,46.146502],[12.672056,46.146657],[12.671634,46.147098],[12.671387,46.147346],[12.671281,46.147395],[12.671179,46.147381],[12.671056,46.147334],[12.670509,46.14712],[12.670165,46.14694],[12.669741,46.146717],[12.66926,46.146444],[12.668599,46.14598],[12.668269,46.145745],[12.668188,46.145684],[12.667981,46.145483],[12.667927,46.145401],[12.66788,46.145249],[12.66776,46.145047],[12.667625,46.144883],[12.667483,46.144726],[12.667326,46.144675]]}},{"type":"Feature","properties":{"u":912291173,"v":13309530318,"length":21.553,"highway":"tertiary"},"geometry":{"type":"LineString","coordinates":[[12.67213,46.093561],[12.672355,46.093676]]}},{"type":"Feature","properties":{"u":13309530318,"v":13309530322,"length":12.055,"highway":"tertiary"},"geometry":{"type":"LineString","coordinates":[[12.672355,46.093676],[12.672421,46.09371],[12.672479,46.093742]]}},{"type":"Feature","properties":{"u":13309530322,"v":912297042,"length":512.115,"highway":"tertiary"},"geometry":{"type":"LineString","coordinates":[[12.672479,46.093742],[12.672759,46.093899],[12.673222,46.094141],[12.673913,46.0945],[12.674278,46.094689],[12.67514,46.095137],[12.675985,46.095578],[12.676662,46.095981],[12.677212,46.096342],[12.677451,46.096521],[12.677616,46.096648]]}},{"type":"Feature","properties":{"u":912297042,"v":564874472,"length":111.638,"highway":"tertiary"},"geometry":{"type":"LineString","coordinates":[[12.677616,46.096648],[12.678007,46.096987],[12.678498,46.097444]]}},{"type":"Feature","properties":{"u":564874472,"v":912299900,"length":179.192,"highway":"tertiary"},"geometry":{"type":"LineString","coordinates":[[12.678498,46.097444],[12.679021,46.098004],[12.679271,46.098299],[12.679332,46.09837],[12.67951,46.098573],[12.679728,46.098811]]}},{"type":"Feature","properties":{"u":912301268,"v":912297452,"length":109.668,"highway":"residential"},"geometry":{"type":"LineString","coordinates":[[12.649532,46.154161],[12.649203,46.153635],[12.648941,46.153264]]}},{"type":"Feature","properties":{"u":912297966,"v":912305022,"length":51.578,"highway":"residential"},"geometry":{"type":"LineString","coordinates":[[12.661335,46.155649],[12.661441,46.156107]]}},{"type":"Feature","properties":{"u":912305022,"v":912294603,"length":46.607,"highway":"residential"},"geometry":{"type":"LineString","coordinates":[[12.661441,46.156107],[12.661515,46.156523]]}},{"type":"Feature","properties":{"u":912299394,"v":912305041,"length":81.521,"highway":"tertiary_link"},"geometry":{"type":"LineString","coordinates":[[12.686318,46.159455],[12.686193,46.159603],[12.685983,46.159841],[12.685757,46.16002],[12.68571,46.160051]]}},{"type":"Feature","properties":{"u":912303399,"v":912290833,"length":392.617,"highway":"residential"},"geometry":{"type":"LineString","coordinates":[[12.662869,46.160042],[12.663132,46.160154],[12.663509,46.160314],[12.663597,46.160355],[12.663716,46.16042],[12.663781,46.160469],[12.663838,46.160528],[12.663895,46.160598],[12.66392,46.160676],[12.663922,46.160765],[12.663833,46.161215],[12.663794,46.162263],[12.663787,46.163206]]}},{"type":"Feature","properties":{"u":492115024,"v":912292990,"length":164.683,"highway":"residential","maxspeed":50},"geometry":{"type":"LineString","coordinates":[[12.65232,46.153263],[12.652454,46.153127],[12.652698,46.152889],[12.652856,46.152635],[12.653182,46.15227],[12.653331,46.152028],[12.65338,46.151984]]}},{"type":"Feature","properties":{"u":912292990,"v":318694358,"length":311.341,"highway":"residential","maxspeed":50},"geometry":{"type":"LineString","coordinates":[[12.65338,46.151984],[12.65353,46.151847],[12.653821,46.151554],[12.654222,46.151212],[12.654379,46.151033],[12.654564,46.150764],[12.655208,46.149996],[12.655481,46.149603]]}},{"type":"Feature","properties":{"u":912288978,"v":912295279,"length":33.721,"highway":"unclassified"},"geometry":{"type":"LineString","coordinates":[[12.657613,46.136208],[12.657727,46.136316],[12.657941,46.136398]]}},{"type":"Feature","properties":{"u":912290778,"v":540415202,"length":123.608,"highway":"residential"},"geometry":{"type":"LineString","coordinates":[[12.687334,46.096748],[12.685746,46.096596]]}},{"type":"Feature","properties":{"u":912312864,"v":912311845,"length":96.351,"highway":"residential"},"geometry":{"type":"LineString","coordinates":[[12.64463,46.152383],[12.64448,46.152133],[12.644333,46.151938],[12.644139,46.151787],[12.643906,46.151723]]}},{"type":"Feature","properties":{"u":912311845,"v":912295356,"length":179.518,"highway":"residential"},"geometry":{"type":"LineString","coordinates":[[12.643906,46.151723],[12.643591,46.151537],[12.643618,46.151445],[12.644782,46.151105],[12.644871,46.151117],[12.645025,46.151393]]}},{"type":"Feature","properties":{"u":912289351,"v":912302221,"length":98.837,"highway":"unclassified"},"geometry":{"type":"LineString","coordinates":[[12.669116,46.150604],[12.669067,46.15069],[12.669172,46.151064],[12.669254,46.151167],[12.66929,46.151301],[12.669282,46.151379],[12.669244,46.151458]]}},{"type":"Feature","properties":{"u":375693963,"v":912311114,"length":230.765,"highway":"secondary"},"geometry":{"type":"LineString","coordinates":[[12.63412,46.141328],[12.633838,46.141105],[12.632913,46.14029],[12.632387,46.13976],[12.632312,46.139676]]}},{"type":"Feature","properties":{"u":912311114,"v":1812883484,"length":125.001,"highway":"secondary"},"geometry":{"type":"LineString","coordinates":[[12.632312,46.139676],[12.631475,46.138713]]}},{"type":"Feature","properties":{"u":1812883484,"v":3190278552,"length":111.972,"highway":"secondary"},"geometry":{"type":"LineString","coordinates":[[12.631475,46.138713],[12.631029,46.1382],[12.63091,46.13806],[12.630731,46.137848]]}},{"type":"Feature","properties":{"u":6532857567,"v":912296990,"length":24.782,"highway":"residential"},"geometry":{"type":"LineString","coordinates":[[12.661551,46.160093],[12.661869,46.160127]]}},{"type":"Feature","properties":{"u":665371479,"v":912287469,"length":2352.322,"highway":"unclassified"},"geometry":{"type":"LineString","coordinates":[[12.656197,46.117451],[12.65655,46.117249],[12.657241,46.116873],[12.657908,46.116553],[12.658256,46.116371],[12.658703,46.116137],[12.659095,46.115795],[12.659842,46.115048],[12.660486,46.114363],[12.661087,46.113834],[12.661165,46.113782],[12.66139,46.113634],[12.661663,46.113454],[12.662881,46.112731],[12.664072,46.112032],[12.665076,46.111412],[12.665957,46.110898],[12.66699,46.110277],[12.667468,46.110001],[12.667877,46.10971],[12.668288,46.109299],[12.669079,46.108545],[12.669373,46.108269],[12.669922,46.107753],[12.670753,46.106964],[12.671416,46.106324],[12.672252,46.105551],[12.672961,46.104893],[12.673519,46.104335],[12.673683,46.104171],[12.674055,46.10383],[12.67418,46.103736],[12.67439,46.103578],[12.674696,46.103462],[12.675303,46.103292],[12.676459,46.102998],[12.676886,46.102857],[12.677165,46.102702],[12.677295,46.102601]]}},{"type":"Feature","properties":{"u":912287469,"v":665371608,"length":193.593,"highway":"unclassified"},"geometry":{"type":"LineString","coordinates":[[12.677295,46.102601],[12.677637,46.102286],[12.678124,46.101757],[12.678577,46.10127],[12.678675,46.101148]]}},{"type":"Feature","properties":{"u":665371608,"v":665371605,"length":143.49,"highway":"unclassified"},"geometry":{"type":"LineString","coordinates":[[12.678675,46.101148],[12.678776,46.101031],[12.678927,46.100792],[12.67934,46.099946]]}},{"type":"Feature","properties":{"u":665371605,"v":912282605,"length":82.487,"highway":"unclassified"},"geometry":{"type":"LineString","coordinates":[[12.67934,46.099946],[12.679607,46.099505],[12.679764,46.099265]]}},{"type":"Feature","properties":{"u":912309632,"v":912297395,"length":28.324,"highway":"unclassified"},"geometry":{"type":"LineString","coordinates":[[12.680169,46.099314],[12.680062,46.099257],[12.679966,46.099242],[12.679832,46.099241]]}},{"type":"Feature","properties":{"u":912305599,"v":912301766,"length":147.592,"highway":"residential"},"geometry":{"type":"LineString","coordinates":[[12.657763,46.155425],[12.658663,46.155037],[12.65938,46.154713]]}},{"type":"Feature","properties":{"u":665371510,"v":665371492,"length":30.402,"highway":"unclassified"},"geometry":{"type":"LineString","coordinates":[[12.68158,46.097479],[12.681633,46.097302],[12.681658,46.097211]]}},{"type":"Feature","properties":{"u":912292632,"v":912303282,"length":103.004,"highway":"residential"},"geometry":{"type":"LineString","coordinates":[[12.647432,46.150214],[12.647338,46.150435],[12.646893,46.150534],[12.646402,46.150685]]}},{"type":"Feature","properties":{"u":912304642,"v":912310593,"length":87.347,"highway":"residential"},"geometry":{"type":"LineString","coordinates":[[12.634278,46.140552],[12.635129,46.140033]]}},{"type":"Feature","properties":{"u":912301623,"v":275047641,"length":31.991,"highway":"secondary"},"geometry":{"type":"LineString","coordinates":[[12.661472,46.160657],[12.661513,46.160451],[12.661543,46.160374]]}},{"type":"Feature","properties":{"u":912303712,"v":275047789,"length":149.023,"highway":"primary"},"geometry":{"type":"LineString","coordinates":[[12.651609,46.100076],[12.651624,46.100894],[12.651692,46.101414]]}},{"type":"Feature","properties":{"u":275047789,"v":1812888011,"length":108.409,"highway":"primary"},"geometry":{"type":"LineString","coordinates":[[12.651692,46.101414],[12.651847,46.102383]]}},{"type":"Feature","properties":{"u":1812888011,"v":1875944435,"length":436.868,"highway":"primary"},"geometry":{"type":"LineString","coordinates":[[12.651847,46.102383],[12.65193,46.10291],[12.652071,46.103338],[12.652173,46.103564],[12.652367,46.103994],[12.652458,46.1042],[12.652816,46.105011],[12.653005,46.1055],[12.653106,46.106199]]}},{"type":"Feature","properties":{"u":1875944435,"v":2853275099,"length":24.358,"highway":"primary"},"geometry":{"type":"LineString","coordinates":[[12.653106,46.106199],[12.653133,46.106385],[12.653137,46.106417]]}},{"type":"Feature","properties":{"u":2853275099,"v":912297744,"length":1259.48,"highway":"primary"},"geometry":{"type":"LineString","coordinates":[[12.653137,46.106417],[12.653399,46.108449],[12.653531,46.109489],[12.653553,46.109652],[12.653665,46.110501],[12.653829,46.111744],[12.654259,46.113065],[12.654312,46.113227],[12.654935,46.115109],[12.655355,46.116377],[12.65575,46.117572]]}},{"type":"Feature","properties":{"u":912292111,"v":912312259,"length":16.814,"highway":"tertiary_link"},"geometry":{"type":"LineString","coordinates":[[12.658653,46.153282],[12.658818,46.153183]]}},{"type":"Feature","properties":{"u":665371549,"v":912298591,"length":86.98,"highway":"residential"},"geometry":{"type":"LineString","coordinates":[[12.684232,46.096535],[12.684309,46.096577],[12.684424,46.096762],[12.684455,46.096836],[12.684481,46.09711],[12.684513,46.097142],[12.684689,46.097149]]}},{"type":"Feature","properties":{"u":912285522,"v":375694255,"length":44.731,"highway":"residential"},"geometry":{"type":"LineString","coordinates":[[12.651584,46.153467],[12.651934,46.153146]]}},{"type":"Feature","properties":{"u":912306982,"v":912298271,"length":236.488,"highway":"residential"},"geometry":{"type":"LineString","coordinates":[[12.657672,46.144044],[12.658514,46.143817],[12.659202,46.143605],[12.660059,46.143374],[12.660506,46.143229]]}},{"type":"Feature","properties":{"u":912304459,"v":912286075,"length":118.201,"highway":"residential"},"geometry":{"type":"LineString","coordinates":[[12.629555,46.143133],[12.629502,46.143209],[12.629484,46.143287],[12.629414,46.143383],[12.629304,46.143444],[12.629245,46.143518],[12.629198,46.143682],[12.629181,46.143912],[12.629146,46.144123]]}},{"type":"Feature","properties":{"u":912294645,"v":912309569,"length":120.392,"highway":"unclassified"},"geometry":{"type":"LineString","coordinates":[[12.66163,46.133642],[12.661799,46.133601],[12.661936,46.133597],[12.662101,46.133628],[12.662231,46.133674],[12.662341,46.13374],[12.66248,46.133868],[12.66277,46.134194]]}},{"type":"Feature","properties":{"u":912307345,"v":1865801254,"length":323.171,"highway":"primary"},"geometry":{"type":"LineString","coordinates":[[12.664013,46.149983],[12.663328,46.150904],[12.662729,46.151719],[12.662323,46.152163],[12.661995,46.152423],[12.661887,46.152463]]}},{"type":"Feature","properties":{"u":869340474,"v":2142857636,"length":1184.02,"highway":"tertiary"},"geometry":{"type":"LineString","coordinates":[[12.683129,46.104736],[12.683074,46.104959],[12.68291,46.105486],[12.682813,46.105754],[12.682601,46.106355],[12.682346,46.107077],[12.682211,46.10745],[12.682054,46.107909],[12.681719,46.108848],[12.681462,46.109576],[12.681173,46.11038],[12.680894,46.111167],[12.680789,46.111536],[12.680725,46.111793],[12.680657,46.112218],[12.680615,46.112673],[12.680598,46.113128],[12.680608,46.113364],[12.680622,46.113527],[12.68071,46.114112],[12.680955,46.115035],[12.680993,46.115163]]}},{"type":"Feature","properties":{"u":2142857636,"v":912305868,"length":1373.245,"highway":"tertiary"},"geometry":{"type":"LineString","coordinates":[[12.680993,46.115163],[12.681062,46.115437],[12.681182,46.115896],[12.681285,46.116341],[12.681427,46.116955],[12.681599,46.117607],[12.681765,46.118278],[12.681925,46.1189],[12.682068,46.119483],[12.682133,46.119719],[12.682134,46.119727],[12.682156,46.119817],[12.682172,46.119868],[12.68231,46.120405],[12.682456,46.121011],[12.682623,46.12168],[12.682764,46.122231],[12.682971,46.12304],[12.683178,46.123869],[12.683398,46.124778],[12.683579,46.125521],[12.683718,46.12606],[12.683788,46.126302],[12.683928,46.126862],[12.684036,46.127331]]}},{"type":"Feature","properties":{"u":912305868,"v":912294539,"length":90.522,"highway":"tertiary"},"geometry":{"type":"LineString","coordinates":[[12.684036,46.127331],[12.684083,46.12748],[12.684157,46.127758],[12.684235,46.128133]]}},{"type":"Feature","properties":{"u":850910518,"v":282192092,"length":131.062,"highway":"tertiary"},"geometry":{"type":"LineString","coordinates":[[12.695184,46.150573],[12.696195,46.149625]]}},{"type":"Feature","properties":{"u":912298467,"v":912297966,"length":118.276,"highway":"residential"},"geometry":{"type":"LineString","coordinates":[[12.659811,46.155779],[12.661068,46.155675],[12.661335,46.155649]]}},{"type":"Feature","properties":{"u":912297966,"v":912298234,"length":150.573,"highway":"residential"},"geometry":{"type":"LineString","coordinates":[[12.661335,46.155649],[12.661801,46.155604],[12.662513,46.155522],[12.663267,46.155443]]}},{"type":"Feature","properties":{"u":1865801228,"v":912299920,"length":207.476,"highway":"tertiary"},"geometry":{"type":"LineString","coordinates":[[12.661615,46.152597],[12.6614,46.152714],[12.661058,46.152822],[12.660757,46.152889],[12.660126,46.153005],[12.659083,46.153186]]}},{"type":"Feature","properties":{"u":912301287,"v":912295693,"length":171.712,"highway":"residential"},"geometry":{"type":"LineString","coordinates":[[12.633404,46.143412],[12.633127,46.143446],[12.63274,46.143408],[12.632145,46.143332],[12.631483,46.143252],[12.631207,46.143221]]}},{"type":"Feature","properties":{"u":912295241,"v":912304693,"length":122.799,"highway":"living_street"},"geometry":{"type":"LineString","coordinates":[[12.657377,46.16323],[12.657329,46.163098],[12.657317,46.163067],[12.657265,46.162918],[12.657263,46.162879],[12.657275,46.162841],[12.657314,46.162793],[12.657365,46.162754],[12.657391,46.162735],[12.657425,46.162725],[12.657462,46.162728],[12.657513,46.162751],[12.657638,46.162857],[12.657792,46.16296],[12.657828,46.162984],[12.658003,46.163085]]}},{"type":"Feature","properties":{"u":912284389,"v":912283410,"length":44.544,"highway":"unclassified"},"geometry":{"type":"LineString","coordinates":[[12.683816,46.097709],[12.683752,46.097619],[12.683571,46.097501],[12.683437,46.097413]]}},{"type":"Feature","properties":{"u":13309530315,"v":912283069,"length":347.188,"highway":"residential"},"geometry":{"type":"LineString","coordinates":[[12.672631,46.093662],[12.673177,46.093697],[12.674669,46.093658],[12.675707,46.093647],[12.677004,46.093615],[12.677129,46.093618]]}},{"type":"Feature","properties":{"u":912283069,"v":912302974,"length":133.946,"highway":"residential"},"geometry":{"type":"LineString","coordinates":[[12.677129,46.093618],[12.677592,46.093629],[12.678215,46.093743],[12.678554,46.093853],[12.678793,46.093915]]}},{"type":"Feature","properties":{"u":912311230,"v":912291287,"length":59.134,"highway":"secondary"},"geometry":{"type":"LineString","coordinates":[[12.637124,46.143953],[12.636882,46.143747],[12.636785,46.143632],[12.636712,46.143509]]}},{"type":"Feature","properties":{"u":912291287,"v":912283315,"length":100.257,"highway":"secondary"},"geometry":{"type":"LineString","coordinates":[[12.636712,46.143509],[12.636673,46.143454],[12.636437,46.143233],[12.636357,46.143158],[12.636088,46.142905],[12.635945,46.142782]]}},{"type":"Feature","properties":{"u":912283315,"v":912302191,"length":142.031,"highway":"secondary"},"geometry":{"type":"LineString","coordinates":[[12.635945,46.142782],[12.635448,46.142335],[12.634766,46.141801]]}},{"type":"Feature","properties":{"u":912302191,"v":375693963,"length":72.411,"highway":"secondary"},"geometry":{"type":"LineString","coordinates":[[12.634766,46.141801],[12.63412,46.141328]]}},{"type":"Feature","properties":{"u":275047646,"v":1812883495,"length":24.105,"highway":"secondary"},"geometry":{"type":"LineString","coordinates":[[12.660358,46.157645],[12.660162,46.157476]]}},{"type":"Feature","properties":{"u":1812883495,"v":1812883498,"length":61.838,"highway":"secondary"},"geometry":{"type":"LineString","coordinates":[[12.660162,46.157476],[12.659809,46.157171],[12.65966,46.157042]]}},{"type":"Feature","properties":{"u":1812883498,"v":2913968363,"length":145.886,"highway":"secondary"},"geometry":{"type":"LineString","coordinates":[[12.65966,46.157042],[12.659509,46.156911],[12.658485,46.156013]]}},{"type":"Feature","properties":{"u":2913968363,"v":912305599,"length":85.954,"highway":"secondary"},"geometry":{"type":"LineString","coordinates":[[12.658485,46.156013],[12.65801,46.155597],[12.657763,46.155425]]}},{"type":"Feature","properties":{"u":912305599,"v":912288350,"length":87.259,"highway":"secondary"},"geometry":{"type":"LineString","coordinates":[[12.657763,46.155425],[12.657655,46.155349],[12.657593,46.15531],[12.65726,46.1551],[12.657074,46.155006],[12.6569,46.154919]]}},{"type":"Feature","properties":{"u":912288350,"v":912298106,"length":38.975,"highway":"secondary"},"geometry":{"type":"LineString","coordinates":[[12.6569,46.154919],[12.656482,46.154783],[12.656442,46.15477]]}},{"type":"Feature","properties":{"u":912298106,"v":912308698,"length":189.509,"highway":"secondary"},"geometry":{"type":"LineString","coordinates":[[12.656442,46.15477],[12.655952,46.154621],[12.655703,46.154563],[12.655096,46.154506],[12.65483,46.154472],[12.654706,46.154457],[12.654491,46.154409],[12.654401,46.15436],[12.654311,46.154324],[12.654237,46.154277],[12.654161,46.154223]]}},{"type":"Feature","properties":{"u":912308698,"v":1812883474,"length":70.949,"highway":"secondary"},"geometry":{"type":"LineString","coordinates":[[12.654161,46.154223],[12.654021,46.154114],[12.653673,46.153859],[12.653529,46.153759]]}},{"type":"Feature","properties":{"u":1812883474,"v":492115024,"length":108.819,"highway":"secondary"},"geometry":{"type":"LineString","coordinates":[[12.653529,46.153759],[12.653095,46.153526],[12.652688,46.153375],[12.65232,46.153263]]}},{"type":"Feature","properties":{"u":275047667,"v":912305918,"length":8.612,"highway":"secondary"},"geometry":{"type":"LineString","coordinates":[[12.637723,46.144277],[12.637631,46.144233]]}},{"type":"Feature","properties":{"u":912305918,"v":912311230,"length":50.221,"highway":"secondary"},"geometry":{"type":"LineString","coordinates":[[12.637631,46.144233],[12.637209,46.144024],[12.637124,46.143953]]}},{"type":"Feature","properties":{"u":912282605,"v":665371599,"length":31.23,"highway":"unclassified"},"geometry":{"type":"LineString","coordinates":[[12.679764,46.099265],[12.679766,46.099202],[12.679897,46.099004]]}},{"type":"Feature","properties":{"u":912298106,"v":912294908,"length":223.187,"highway":"residential"},"geometry":{"type":"LineString","coordinates":[[12.656442,46.15477],[12.657332,46.154353],[12.658857,46.153661]]}},{"type":"Feature","properties":{"u":275047957,"v":282192085,"length":107.646,"highway":"tertiary_link"},"geometry":{"type":"LineString","coordinates":[[12.691413,46.153416],[12.691652,46.153414],[12.691783,46.153396],[12.691931,46.153364],[12.692043,46.153327],[12.692158,46.153277],[12.692571,46.152966]]}},{"type":"Feature","properties":{"u":375694255,"v":3840670259,"length":17.4,"highway":"secondary"},"geometry":{"type":"LineString","coordinates":[[12.651934,46.153146],[12.651784,46.153029]]}},{"type":"Feature","properties":{"u":912312708,"v":375694470,"length":217.721,"highway":"residential"},"geometry":{"type":"LineString","coordinates":[[12.633892,46.137763],[12.633906,46.138168],[12.633967,46.138554],[12.634217,46.139562],[12.634284,46.139696]]}},{"type":"Feature","properties":{"u":912310983,"v":912305423,"length":53.544,"highway":"residential"},"geometry":{"type":"LineString","coordinates":[[12.660885,46.161343],[12.660604,46.161339],[12.66019,46.161347]]}},{"type":"Feature","properties":{"u":912295249,"v":912283763,"length":277.169,"highway":"unclassified"},"geometry":{"type":"LineString","coordinates":[[12.6691,46.151675],[12.66904,46.151759],[12.668256,46.152855],[12.668088,46.153121],[12.667881,46.153285],[12.667392,46.153637],[12.667207,46.153762]]}},{"type":"Feature","properties":{"u":912283763,"v":912312693,"length":370.289,"highway":"unclassified"},"geometry":{"type":"LineString","coordinates":[[12.667207,46.153762],[12.667096,46.153926],[12.666994,46.154143],[12.666908,46.154396],[12.666767,46.154757],[12.66658,46.155073],[12.66638,46.155365],[12.666271,46.155736],[12.666182,46.155976],[12.666038,46.156183],[12.66591,46.156341],[12.665814,46.156462],[12.665558,46.156872]]}},{"type":"Feature","properties":{"u":912312693,"v":912282926,"length":142.923,"highway":"unclassified"},"geometry":{"type":"LineString","coordinates":[[12.665558,46.156872],[12.665339,46.157167],[12.665104,46.15743],[12.664881,46.157638],[12.664704,46.157753],[12.664425,46.157852]]}},{"type":"Feature","properties":{"u":912294361,"v":912282934,"length":37.936,"highway":"unclassified"},"geometry":{"type":"LineString","coordinates":[[12.67142,46.147512],[12.671156,46.1478]]}},{"type":"Feature","properties":{"u":912299920,"v":912285352,"length":21.242,"highway":"tertiary_link"},"geometry":{"type":"LineString","coordinates":[[12.659083,46.153186],[12.658872,46.153309]]}},{"type":"Feature","properties":{"u":912285352,"v":318694388,"length":19.852,"highway":"tertiary_link"},"geometry":{"type":"LineString","coordinates":[[12.658872,46.153309],[12.658752,46.153467]]}},{"type":"Feature","properties":{"u":912303017,"v":912297273,"length":132.158,"highway":"residential"},"geometry":{"type":"LineString","coordinates":[[12.681233,46.097042],[12.681399,46.096927],[12.681707,46.096833],[12.681992,46.096761],[12.682199,46.096761],[12.68236,46.096765],[12.682536,46.096775],[12.682736,46.096756],[12.682814,46.096721]]}},{"type":"Feature","properties":{"u":375694199,"v":912296895,"length":64.222,"highway":"residential"},"geometry":{"type":"LineString","coordinates":[[12.643839,46.153343],[12.6432,46.153714]]}},{"type":"Feature","properties":{"u":912296466,"v":912291846,"length":119.165,"highway":"residential"},"geometry":{"type":"LineString","coordinates":[[12.659368,46.158566],[12.659447,46.159111],[12.659512,46.159633]]}},{"type":"Feature","properties":{"u":912282967,"v":912305730,"length":126.674,"highway":"residential"},"geometry":{"type":"LineString","coordinates":[[12.631004,46.140197],[12.631591,46.140734],[12.631912,46.141143]]}},{"type":"Feature","properties":{"u":1947733609,"v":912309569,"length":194.737,"highway":"unclassified"},"geometry":{"type":"LineString","coordinates":[[12.664747,46.133122],[12.664527,46.133287],[12.664298,46.133456],[12.664039,46.13362],[12.663735,46.133786],[12.663522,46.13388],[12.663266,46.133993],[12.66277,46.134194]]}},{"type":"Feature","properties":{"u":912309569,"v":1947733638,"length":60.866,"highway":"unclassified"},"geometry":{"type":"LineString","coordinates":[[12.66277,46.134194],[12.662124,46.134509]]}},{"type":"Feature","properties":{"u":912311677,"v":13048672812,"length":30.815,"highway":"residential"},"geometry":{"type":"LineString","coordinates":[[12.680729,46.096754],[12.680496,46.096781],[12.680333,46.096789]]}},{"type":"Feature","properties":{"u":13048672812,"v":564874472,"length":164.982,"highway":"residential"},"geometry":{"type":"LineString","coordinates":[[12.680333,46.096789],[12.680109,46.096801],[12.67958,46.09686],[12.679242,46.097105],[12.678498,46.097444]]}},{"type":"Feature","properties":{"u":564874472,"v":912312036,"length":105.176,"highway":"residential"},"geometry":{"type":"LineString","coordinates":[[12.678498,46.097444],[12.678286,46.097536],[12.678057,46.097587],[12.677758,46.097651],[12.677548,46.097659],[12.677198,46.097651]]}},{"type":"Feature","properties":{"u":912295356,"v":3094201148,"length":86.375,"highway":"residential"},"geometry":{"type":"LineString","coordinates":[[12.645025,46.151393],[12.645727,46.151196],[12.645776,46.151141],[12.645679,46.150966]]}},{"type":"Feature","properties":{"u":912302776,"v":912306922,"length":40.534,"highway":"residential"},"geometry":{"type":"LineString","coordinates":[[12.658268,46.14734],[12.657918,46.147501],[12.657812,46.147503]]}},{"type":"Feature","properties":{"u":912306922,"v":912283274,"length":54.307,"highway":"residential"},"geometry":{"type":"LineString","coordinates":[[12.657812,46.147503],[12.657647,46.147452],[12.657482,46.147406],[12.657182,46.147286]]}},{"type":"Feature","properties":{"u":912283274,"v":912287486,"length":248.726,"highway":"residential"},"geometry":{"type":"LineString","coordinates":[[12.657182,46.147286],[12.656136,46.14695],[12.654664,46.146454],[12.654273,46.146316]]}},{"type":"Feature","properties":{"u":912285118,"v":912298831,"length":516.439,"highway":"residential"},"geometry":{"type":"LineString","coordinates":[[12.66431,46.150052],[12.664241,46.150223],[12.664218,46.150535],[12.664297,46.151245],[12.664369,46.151974],[12.664763,46.15293],[12.664976,46.153351],[12.665029,46.153456],[12.665154,46.153821],[12.665305,46.154599]]}},{"type":"Feature","properties":{"u":912289610,"v":1769457393,"length":333.646,"highway":"secondary"},"geometry":{"type":"LineString","coordinates":[[12.622651,46.126311],[12.622616,46.126253],[12.622261,46.125659],[12.621504,46.124395],[12.62098,46.123543]]}},{"type":"Feature","properties":{"u":1769457393,"v":1769453999,"length":1.102,"highway":"secondary"},"geometry":{"type":"LineString","coordinates":[[12.62098,46.123543],[12.620974,46.123534]]}},{"type":"Feature","properties":{"u":275048618,"v":1902148479,"length":4.575,"highway":"secondary"},"geometry":{"type":"LineString","coordinates":[[12.661197,46.163037],[12.661192,46.162996]]}},{"type":"Feature","properties":{"u":1902148479,"v":912295544,"length":112.919,"highway":"secondary"},"geometry":{"type":"LineString","coordinates":[[12.661192,46.162996],[12.661165,46.162866],[12.661085,46.162635],[12.661072,46.162486],[12.66107,46.16228],[12.66111,46.16202],[12.661125,46.161992]]}},{"type":"Feature","properties":{"u":912295544,"v":912296850,"length":107.19,"highway":"secondary"},"geometry":{"type":"LineString","coordinates":[[12.661125,46.161992],[12.661196,46.161865],[12.661378,46.16146],[12.661456,46.16106]]}},{"type":"Feature","properties":{"u":737610451,"v":912304530,"length":23.919,"highway":"unclassified"},"geometry":{"type":"LineString","coordinates":[[12.655593,46.118004],[12.655687,46.117799]]}},{"type":"Feature","properties":{"u":665371601,"v":2032964496,"length":6.494,"highway":"unclassified"},"geometry":{"type":"LineString","coordinates":[[12.680174,46.098779],[12.680224,46.098732]]}},{"type":"Feature","properties":{"u":665371536,"v":665371525,"length":87.113,"highway":"residential"},"geometry":{"type":"LineString","coordinates":[[12.685662,46.094753],[12.684951,46.094675],[12.684838,46.094652],[12.684559,46.094592]]}},{"type":"Feature","properties":{"u":912298815,"v":912305785,"length":69.048,"highway":"residential"},"geometry":{"type":"LineString","coordinates":[[12.661514,46.1599],[12.661749,46.159811],[12.661932,46.159746],[12.662016,46.15972],[12.662115,46.159696],[12.662186,46.159681],[12.662232,46.159675],[12.662284,46.159673],[12.662337,46.159673]]}},{"type":"Feature","properties":{"u":912305785,"v":912298174,"length":56.981,"highway":"residential"},"geometry":{"type":"LineString","coordinates":[[12.662337,46.159673],[12.662393,46.159673],[12.662455,46.159674],[12.66251,46.15967],[12.662547,46.159665],[12.662586,46.159657],[12.662648,46.159639],[12.662731,46.159609],[12.66285,46.159565],[12.662904,46.159544],[12.66297,46.159523],[12.663026,46.159513]]}},{"type":"Feature","properties":{"u":912291491,"v":912291320,"length":11.213,"highway":"residential"},"geometry":{"type":"LineString","coordinates":[[12.664579,46.149711],[12.664503,46.149797]]}},{"type":"Feature","properties":{"u":778888939,"v":778889005,"length":21.928,"highway":"primary"},"geometry":{"type":"LineString","coordinates":[[12.670956,46.147501],[12.671207,46.147594]]}},{"type":"Feature","properties":{"u":965436774,"v":965437262,"length":109.259,"highway":"residential"},"geometry":{"type":"LineString","coordinates":[[12.725272,46.176945],[12.72662,46.177252]]}},{"type":"Feature","properties":{"u":1914045621,"v":275047835,"length":29.613,"highway":"primary","maxspeed":70},"geometry":{"type":"LineString","coordinates":[[12.717946,46.17244],[12.717874,46.172574],[12.717806,46.172688]]}},{"type":"Feature","properties":{"u":295284364,"v":295284366,"length":42.983,"highway":"tertiary"},"geometry":{"type":"LineString","coordinates":[[12.719686,46.177946],[12.719742,46.178088],[12.719772,46.178165],[12.719779,46.178216],[12.719792,46.178324]]}},{"type":"Feature","properties":{"u":965438403,"v":965436774,"length":84.338,"highway":"residential"},"geometry":{"type":"LineString","coordinates":[[12.724939,46.176347],[12.724908,46.176449],[12.724988,46.176547],[12.725188,46.176587],[12.725304,46.176658],[12.725317,46.176784],[12.725272,46.176945]]}},{"type":"Feature","properties":{"u":965436774,"v":965436283,"length":187.802,"highway":"residential"},"geometry":{"type":"LineString","coordinates":[[12.725272,46.176945],[12.725101,46.177347],[12.724999,46.177588],[12.725062,46.177664],[12.726344,46.177945]]}},{"type":"Feature","properties":{"u":965438050,"v":1425733083,"length":63.301,"highway":"residential"},"geometry":{"type":"LineString","coordinates":[[12.721425,46.177571],[12.720876,46.177532],[12.720609,46.177503]]}},{"type":"Feature","properties":{"u":1425733083,"v":965437793,"length":10.098,"highway":"residential"},"geometry":{"type":"LineString","coordinates":[[12.720609,46.177503],[12.720479,46.177491]]}},{"type":"Feature","properties":{"u":965437793,"v":965438284,"length":42.346,"highway":"residential"},"geometry":{"type":"LineString","coordinates":[[12.720479,46.177491],[12.719958,46.177369]]}},{"type":"Feature","properties":{"u":965436998,"v":965436114,"length":230.809,"highway":"residential"},"geometry":{"type":"LineString","coordinates":[[12.725997,46.178698],[12.723142,46.178065]]}},{"type":"Feature","properties":{"u":295284366,"v":1425733111,"length":26.332,"highway":"residential"},"geometry":{"type":"LineString","coordinates":[[12.719792,46.178324],[12.720125,46.178378]]}},{"type":"Feature","properties":{"u":1425733111,"v":965436032,"length":123.563,"highway":"residential"},"geometry":{"type":"LineString","coordinates":[[12.720125,46.178378],[12.720316,46.17841],[12.720824,46.178509],[12.721668,46.178683]]}},{"type":"Feature","properties":{"u":965436032,"v":965437134,"length":98.77,"highway":"residential"},"geometry":{"type":"LineString","coordinates":[[12.721668,46.178683],[12.721999,46.178755],[12.722249,46.178802],[12.722567,46.178827],[12.722743,46.178819],[12.722905,46.178764]]}},{"type":"Feature","properties":{"u":965437134,"v":965436114,"length":79.838,"highway":"residential"},"geometry":{"type":"LineString","coordinates":[[12.722905,46.178764],[12.723142,46.178065]]}},{"type":"Feature","properties":{"u":965436114,"v":8256065490,"length":28.13,"highway":"residential"},"geometry":{"type":"LineString","coordinates":[[12.723142,46.178065],[12.723208,46.177887],[12.723229,46.177832],[12.723233,46.17782]]}},{"type":"Feature","properties":{"u":8256065490,"v":965437889,"length":237.152,"highway":"residential"},"geometry":{"type":"LineString","coordinates":[[12.723233,46.17782],[12.723279,46.1777],[12.723389,46.177474],[12.723419,46.177335],[12.72341,46.177213],[12.723331,46.176992],[12.723287,46.176823],[12.723228,46.176595],[12.723114,46.176413],[12.722953,46.176248],[12.722816,46.17609],[12.722766,46.175961],[12.722763,46.1758]]}},{"type":"Feature","properties":{"u":295284361,"v":965438050,"length":182.783,"highway":"residential"},"geometry":{"type":"LineString","coordinates":[[12.720373,46.176447],[12.721236,46.176621],[12.721363,46.176679],[12.721441,46.176738],[12.721466,46.176821],[12.721471,46.177176],[12.721425,46.177571]]}},{"type":"Feature","properties":{"u":965438050,"v":965436032,"length":125.339,"highway":"residential"},"geometry":{"type":"LineString","coordinates":[[12.721425,46.177571],[12.721559,46.178036],[12.721627,46.178251],[12.721641,46.178415],[12.721668,46.178683]]}},{"type":"Feature","properties":{"u":295284367,"v":295284364,"length":43.773,"highway":"tertiary"},"geometry":{"type":"LineString","coordinates":[[12.719474,46.178311],[12.719549,46.178173],[12.71962,46.178043],[12.719686,46.177946]]}},{"type":"Feature","properties":{"u":1110870288,"v":1889582016,"length":3.581,"highway":"secondary"},"geometry":{"type":"LineString","coordinates":[[12.709384,46.148387],[12.709415,46.148411]]}},{"type":"Feature","properties":{"u":1889582016,"v":1110870297,"length":6.851,"highway":"secondary"},"geometry":{"type":"LineString","coordinates":[[12.709415,46.148411],[12.709445,46.148469]]}},{"type":"Feature","properties":{"u":1110870297,"v":1110870293,"length":21.809,"highway":"secondary"},"geometry":{"type":"LineString","coordinates":[[12.709445,46.148469],[12.709447,46.148511],[12.70943,46.148548],[12.709414,46.14858],[12.709354,46.14865]]}},{"type":"Feature","properties":{"u":1110870293,"v":564881459,"length":4.339,"highway":"secondary"},"geometry":{"type":"LineString","coordinates":[[12.709354,46.14865],[12.709302,46.148665]]}},{"type":"Feature","properties":{"u":564881459,"v":1889582069,"length":21.353,"highway":"secondary"},"geometry":{"type":"LineString","coordinates":[[12.709302,46.148665],[12.709212,46.148681],[12.709135,46.14868],[12.709034,46.148655]]}},{"type":"Feature","properties":{"u":1889582069,"v":564881457,"length":30.998,"highway":"secondary"},"geometry":{"type":"LineString","coordinates":[[12.709034,46.148655],[12.708992,46.148623],[12.708944,46.148555],[12.708932,46.14849],[12.708937,46.148436],[12.708951,46.148397]]}},{"type":"Feature","properties":{"u":564881457,"v":1110870280,"length":15.815,"highway":"secondary"},"geometry":{"type":"LineString","coordinates":[[12.708951,46.148397],[12.709051,46.148333],[12.70911,46.148308]]}},{"type":"Feature","properties":{"u":1110870280,"v":1110870267,"length":9.446,"highway":"secondary"},"geometry":{"type":"LineString","coordinates":[[12.70911,46.148308],[12.709205,46.148307],[12.709232,46.148311]]}},{"type":"Feature","properties":{"u":1110870267,"v":1110870288,"length":14.751,"highway":"secondary"},"geometry":{"type":"LineString","coordinates":[[12.709232,46.148311],[12.709331,46.148344],[12.709384,46.148387]]}},{"type":"Feature","properties":{"u":655372425,"v":655372419,"length":46.69,"highway":"tertiary"},"geometry":{"type":"LineString","coordinates":[[12.724215,46.156147],[12.724283,46.156185],[12.72446,46.156255],[12.724772,46.156285]]}},{"type":"Feature","properties":{"u":655372422,"v":655372423,"length":44.834,"highway":"unclassified"},"geometry":{"type":"LineString","coordinates":[[12.723673,46.155937],[12.723857,46.15586],[12.723967,46.155782],[12.724083,46.155661]]}},{"type":"Feature","properties":{"u":655372423,"v":655372426,"length":41.138,"highway":"unclassified"},"geometry":{"type":"LineString","coordinates":[[12.724083,46.155661],[12.724039,46.155803],[12.724035,46.155898],[12.724106,46.156018]]}},{"type":"Feature","properties":{"u":655372419,"v":655372441,"length":49.062,"highway":"tertiary"},"geometry":{"type":"LineString","coordinates":[[12.724772,46.156285],[12.724404,46.156349],[12.724159,46.156404]]}},{"type":"Feature","properties":{"u":275047830,"v":1110905539,"length":67.109,"highway":"unclassified"},"geometry":{"type":"LineString","coordinates":[[12.720617,46.163464],[12.720904,46.163519],[12.720984,46.163541],[12.721061,46.163554],[12.721133,46.163555],[12.721207,46.163545],[12.721268,46.16353],[12.721314,46.163512],[12.721417,46.163443]]}},{"type":"Feature","properties":{"u":655372441,"v":1110905520,"length":38.394,"highway":"unclassified"},"geometry":{"type":"LineString","coordinates":[[12.724159,46.156404],[12.724111,46.156508],[12.724101,46.156744]]}},{"type":"Feature","properties":{"u":1110905520,"v":655372437,"length":35.382,"highway":"unclassified"},"geometry":{"type":"LineString","coordinates":[[12.724101,46.156744],[12.723881,46.156608],[12.723749,46.15654]]}},{"type":"Feature","properties":{"u":1110905630,"v":1110905539,"length":43.41,"highway":"unclassified"},"geometry":{"type":"LineString","coordinates":[[12.721164,46.163783],[12.721191,46.163685],[12.721213,46.163642],[12.721241,46.163601],[12.72128,46.163568],[12.721338,46.163519],[12.721417,46.163443]]}},{"type":"Feature","properties":{"u":1110905520,"v":1421830207,"length":103.374,"highway":"unclassified"},"geometry":{"type":"LineString","coordinates":[[12.724101,46.156744],[12.724211,46.156899],[12.724309,46.157026],[12.724405,46.157123],[12.724497,46.157237],[12.724736,46.157562]]}},{"type":"Feature","properties":{"u":1421830207,"v":1421830265,"length":207.451,"highway":"unclassified"},"geometry":{"type":"LineString","coordinates":[[12.724736,46.157562],[12.724727,46.15764],[12.724649,46.157961],[12.724326,46.159084],[12.724225,46.159393]]}},{"type":"Feature","properties":{"u":1421830265,"v":1110905670,"length":380.541,"highway":"unclassified"},"geometry":{"type":"LineString","coordinates":[[12.724225,46.159393],[12.724092,46.159803],[12.724026,46.160007],[12.723601,46.161376],[12.723587,46.161422],[12.723331,46.162239],[12.723261,46.162464],[12.723168,46.162736]]}},{"type":"Feature","properties":{"u":1110905670,"v":1110905474,"length":145.1,"highway":"unclassified"},"geometry":{"type":"LineString","coordinates":[[12.723168,46.162736],[12.723009,46.162783],[12.722602,46.162742],[12.722343,46.162759],[12.722193,46.162804],[12.721998,46.162919],[12.72191,46.162968],[12.721806,46.163039],[12.721741,46.163082],[12.721688,46.163123],[12.721647,46.163164],[12.721622,46.16319],[12.721585,46.163235]]}},{"type":"Feature","properties":{"u":1110905474,"v":1110905544,"length":46.261,"highway":"unclassified"},"geometry":{"type":"LineString","coordinates":[[12.721585,46.163235],[12.721558,46.163355],[12.72155,46.163415],[12.721568,46.163649]]}},{"type":"Feature","properties":{"u":655372423,"v":655372424,"length":140.655,"highway":"unclassified"},"geometry":{"type":"LineString","coordinates":[[12.724083,46.155661],[12.724087,46.155655],[12.724895,46.154528]]}},{"type":"Feature","properties":{"u":8195823261,"v":655372404,"length":374.658,"highway":"unclassified"},"geometry":{"type":"LineString","coordinates":[[12.724787,46.15405],[12.724706,46.154019],[12.724578,46.153976],[12.724336,46.153896],[12.722006,46.153089],[12.721801,46.153021],[12.721574,46.152956],[12.721304,46.152895],[12.721058,46.152822],[12.720854,46.15274],[12.720624,46.152635],[12.720434,46.152558]]}},{"type":"Feature","properties":{"u":655372404,"v":7248261075,"length":247.967,"highway":"unclassified"},"geometry":{"type":"LineString","coordinates":[[12.720434,46.152558],[12.719205,46.152136],[12.718021,46.151732],[12.717903,46.151681],[12.717803,46.151627],[12.717778,46.151615],[12.717702,46.151581],[12.717568,46.151551]]}},{"type":"Feature","properties":{"u":1110905544,"v":1110905600,"length":35.227,"highway":"unclassified"},"geometry":{"type":"LineString","coordinates":[[12.721568,46.163649],[12.721535,46.163689],[12.721506,46.163733],[12.721458,46.163766],[12.721406,46.163794],[12.72136,46.16381],[12.721232,46.163842]]}},{"type":"Feature","properties":{"u":1110905541,"v":1111421318,"length":491.853,"highway":"tertiary"},"geometry":{"type":"LineString","coordinates":[[12.723071,46.156666],[12.722891,46.156759],[12.722635,46.156874],[12.721852,46.15727],[12.721392,46.157474],[12.72065,46.157784],[12.719534,46.158256],[12.719027,46.158465],[12.718292,46.158785],[12.717946,46.158938],[12.717695,46.159049]]}},{"type":"Feature","properties":{"u":1111421318,"v":1112363161,"length":138.101,"highway":"tertiary"},"geometry":{"type":"LineString","coordinates":[[12.717695,46.159049],[12.717488,46.159141],[12.71711,46.159305],[12.716749,46.159495],[12.716391,46.159737],[12.716285,46.159808]]}},{"type":"Feature","properties":{"u":1112363161,"v":5780883175,"length":220.798,"highway":"tertiary"},"geometry":{"type":"LineString","coordinates":[[12.716285,46.159808],[12.716162,46.159912],[12.71586,46.160182],[12.715692,46.160377],[12.715507,46.160677],[12.715214,46.161203],[12.715063,46.161487],[12.71503,46.161574]]}},{"type":"Feature","properties":{"u":1111421352,"v":1111421347,"length":48.049,"highway":"unclassified"},"geometry":{"type":"LineString","coordinates":[[12.71648,46.162174],[12.716572,46.162116],[12.716961,46.161899]]}},{"type":"Feature","properties":{"u":1111421347,"v":1111421364,"length":279.321,"highway":"unclassified"},"geometry":{"type":"LineString","coordinates":[[12.716961,46.161899],[12.717329,46.161783],[12.717608,46.161701],[12.71793,46.161634],[12.718059,46.161567],[12.718166,46.161411],[12.718262,46.161151],[12.718316,46.16101],[12.718391,46.160921],[12.718488,46.160869],[12.718863,46.160847],[12.719378,46.16078],[12.719485,46.160728],[12.719528,46.160542]]}},{"type":"Feature","properties":{"u":1111421347,"v":1111421318,"length":326.838,"highway":"unclassified"},"geometry":{"type":"LineString","coordinates":[[12.716961,46.161899],[12.717154,46.161503],[12.717426,46.160899],[12.717576,46.160661],[12.717619,46.160453],[12.717554,46.160111],[12.717511,46.159829],[12.717695,46.159049]]}},{"type":"Feature","properties":{"u":1112362972,"v":1112363353,"length":91.948,"highway":"residential"},"geometry":{"type":"LineString","coordinates":[[12.715229,46.168475],[12.714605,46.16918]]}},{"type":"Feature","properties":{"u":1112363353,"v":7710406136,"length":46.791,"highway":"residential"},"geometry":{"type":"LineString","coordinates":[[12.714605,46.16918],[12.714372,46.169428],[12.714247,46.169456],[12.714198,46.169455]]}},{"type":"Feature","properties":{"u":7710406136,"v":1112363068,"length":277.264,"highway":"residential"},"geometry":{"type":"LineString","coordinates":[[12.714198,46.169455],[12.714075,46.169451],[12.713974,46.169426],[12.713335,46.168916],[12.713114,46.168741],[12.712507,46.168232],[12.711812,46.167636]]}},{"type":"Feature","properties":{"u":1112363192,"v":1112362947,"length":211.382,"highway":"residential"},"geometry":{"type":"LineString","coordinates":[[12.718545,46.166833],[12.718552,46.164932]]}},{"type":"Feature","properties":{"u":1112362947,"v":1112363303,"length":59.887,"highway":"residential"},"geometry":{"type":"LineString","coordinates":[[12.718552,46.164932],[12.718588,46.164394]]}},{"type":"Feature","properties":{"u":1112363303,"v":6580019407,"length":58.114,"highway":"residential"},"geometry":{"type":"LineString","coordinates":[[12.718588,46.164394],[12.718625,46.163872]]}},{"type":"Feature","properties":{"u":6580019407,"v":1112363195,"length":57.846,"highway":"residential"},"geometry":{"type":"LineString","coordinates":[[12.718625,46.163872],[12.718647,46.163352]]}},{"type":"Feature","properties":{"u":1112363000,"v":1112362929,"length":60.46,"highway":"residential"},"geometry":{"type":"LineString","coordinates":[[12.717158,46.16717],[12.717196,46.167372],[12.717288,46.167706]]}},{"type":"Feature","properties":{"u":1112362929,"v":1112363063,"length":105.057,"highway":"residential"},"geometry":{"type":"LineString","coordinates":[[12.717288,46.167706],[12.717423,46.16799],[12.717634,46.168307],[12.717818,46.168575]]}},{"type":"Feature","properties":{"u":1112363063,"v":1112363240,"length":105.684,"highway":"residential"},"geometry":{"type":"LineString","coordinates":[[12.717818,46.168575],[12.717922,46.168757],[12.718019,46.168966],[12.718058,46.16909],[12.718043,46.169243],[12.717952,46.16949]]}},{"type":"Feature","properties":{"u":1112363352,"v":1112363062,"length":51.793,"highway":"residential"},"geometry":{"type":"LineString","coordinates":[[12.7154,46.165753],[12.716064,46.165827]]}},{"type":"Feature","properties":{"u":1112363062,"v":1112363429,"length":82.965,"highway":"residential"},"geometry":{"type":"LineString","coordinates":[[12.716064,46.165827],[12.717131,46.16593]]}},{"type":"Feature","properties":{"u":1112363457,"v":1112363373,"length":91.588,"highway":"residential"},"geometry":{"type":"LineString","coordinates":[[12.706539,46.163347],[12.706813,46.163274],[12.707133,46.163219],[12.707696,46.163259]]}},{"type":"Feature","properties":{"u":1112363373,"v":9634993807,"length":60.114,"highway":"residential"},"geometry":{"type":"LineString","coordinates":[[12.707696,46.163259],[12.708459,46.163373]]}},{"type":"Feature","properties":{"u":9634993807,"v":1418745337,"length":69.32,"highway":"residential"},"geometry":{"type":"LineString","coordinates":[[12.708459,46.163373],[12.709339,46.163504]]}},{"type":"Feature","properties":{"u":1418745337,"v":1112363515,"length":5.754,"highway":"residential"},"geometry":{"type":"LineString","coordinates":[[12.709339,46.163504],[12.709412,46.163515]]}},{"type":"Feature","properties":{"u":1112363515,"v":1112363089,"length":114.772,"highway":"residential"},"geometry":{"type":"LineString","coordinates":[[12.709412,46.163515],[12.71085,46.163786]]}},{"type":"Feature","properties":{"u":1112363089,"v":1112363117,"length":143.871,"highway":"residential"},"geometry":{"type":"LineString","coordinates":[[12.71085,46.163786],[12.712117,46.164113],[12.712593,46.164251]]}},{"type":"Feature","properties":{"u":1112363117,"v":295280035,"length":65.406,"highway":"residential"},"geometry":{"type":"LineString","coordinates":[[12.712593,46.164251],[12.71301,46.164306],[12.71337,46.164329],[12.713433,46.164333]]}},{"type":"Feature","properties":{"u":1112363040,"v":1112362943,"length":110.875,"highway":"residential"},"geometry":{"type":"LineString","coordinates":[[12.710864,46.161449],[12.709433,46.161558]]}},{"type":"Feature","properties":{"u":1112362943,"v":1112363314,"length":91.993,"highway":"residential"},"geometry":{"type":"LineString","coordinates":[[12.709433,46.161558],[12.708244,46.161637]]}},{"type":"Feature","properties":{"u":1112363314,"v":1112363297,"length":54.392,"highway":"residential"},"geometry":{"type":"LineString","coordinates":[[12.708244,46.161637],[12.707539,46.161666]]}},{"type":"Feature","properties":{"u":1112363297,"v":1112363048,"length":89.196,"highway":"residential"},"geometry":{"type":"LineString","coordinates":[[12.707539,46.161666],[12.706384,46.161725]]}},{"type":"Feature","properties":{"u":1112363297,"v":1112363373,"length":177.546,"highway":"residential"},"geometry":{"type":"LineString","coordinates":[[12.707539,46.161666],[12.707542,46.161699],[12.707694,46.163236],[12.707696,46.163259]]}},{"type":"Feature","properties":{"u":1112363062,"v":1112363307,"length":169.648,"highway":"residential"},"geometry":{"type":"LineString","coordinates":[[12.716064,46.165827],[12.715749,46.167337]]}},{"type":"Feature","properties":{"u":1112363063,"v":1112363253,"length":80.928,"highway":"residential"},"geometry":{"type":"LineString","coordinates":[[12.717818,46.168575],[12.717247,46.169186]]}},{"type":"Feature","properties":{"u":1112363253,"v":1112363172,"length":105.3,"highway":"residential"},"geometry":{"type":"LineString","coordinates":[[12.717247,46.169186],[12.716504,46.169981]]}},{"type":"Feature","properties":{"u":1112363121,"v":1112363307,"length":39.741,"highway":"residential"},"geometry":{"type":"LineString","coordinates":[[12.716233,46.167461],[12.715749,46.167337]]}},{"type":"Feature","properties":{"u":1112363307,"v":1112363488,"length":61.272,"highway":"residential"},"geometry":{"type":"LineString","coordinates":[[12.715749,46.167337],[12.714998,46.167155]]}},{"type":"Feature","properties":{"u":1112363488,"v":1112362993,"length":215.828,"highway":"residential"},"geometry":{"type":"LineString","coordinates":[[12.714998,46.167155],[12.713852,46.166912],[12.713529,46.166944],[12.712914,46.166795],[12.712417,46.166652],[12.712336,46.166628]]}},{"type":"Feature","properties":{"u":1112363149,"v":1112363211,"length":39.03,"highway":"residential"},"geometry":{"type":"LineString","coordinates":[[12.717144,46.164965],[12.717141,46.165316]]}},{"type":"Feature","properties":{"u":1112363211,"v":1112363429,"length":68.278,"highway":"residential"},"geometry":{"type":"LineString","coordinates":[[12.717141,46.165316],[12.717131,46.16593]]}},{"type":"Feature","properties":{"u":1112363429,"v":1112363399,"length":99.631,"highway":"residential"},"geometry":{"type":"LineString","coordinates":[[12.717131,46.16593],[12.717127,46.166826]]}},{"type":"Feature","properties":{"u":1112363399,"v":1112363000,"length":38.325,"highway":"residential"},"geometry":{"type":"LineString","coordinates":[[12.717127,46.166826],[12.717158,46.16717]]}},{"type":"Feature","properties":{"u":1112363142,"v":1112363187,"length":109.683,"highway":"residential"},"geometry":{"type":"LineString","coordinates":[[12.709468,46.162445],[12.710827,46.162459],[12.710892,46.16246]]}},{"type":"Feature","properties":{"u":1112362929,"v":1112362952,"length":140.103,"highway":"residential"},"geometry":{"type":"LineString","coordinates":[[12.717288,46.167706],[12.7163,46.168764]]}},{"type":"Feature","properties":{"u":1112362952,"v":1112363406,"length":109.678,"highway":"residential"},"geometry":{"type":"LineString","coordinates":[[12.7163,46.168764],[12.715526,46.169592]]}},{"type":"Feature","properties":{"u":1112362976,"v":1112363211,"length":127.173,"highway":"residential"},"geometry":{"type":"LineString","coordinates":[[12.71551,46.165137],[12.717141,46.165316]]}},{"type":"Feature","properties":{"u":1112362978,"v":1112363115,"length":144.352,"highway":"residential"},"geometry":{"type":"LineString","coordinates":[[12.714163,46.164373],[12.714827,46.163159]]}},{"type":"Feature","properties":{"u":1112363115,"v":1112362917,"length":246.326,"highway":"residential"},"geometry":{"type":"LineString","coordinates":[[12.714827,46.163159],[12.715193,46.162427],[12.715291,46.162363],[12.715371,46.162349],[12.715463,46.162371],[12.716412,46.16261],[12.717082,46.162852]]}},{"type":"Feature","properties":{"u":1112362917,"v":1112363195,"length":132.736,"highway":"residential"},"geometry":{"type":"LineString","coordinates":[[12.717082,46.162852],[12.717954,46.163134],[12.718275,46.163233],[12.718647,46.163352]]}},{"type":"Feature","properties":{"u":1112363195,"v":13753540057,"length":2.82,"highway":"residential"},"geometry":{"type":"LineString","coordinates":[[12.718647,46.163352],[12.71868,46.163363]]}},{"type":"Feature","properties":{"u":1112363401,"v":1112363448,"length":7.241,"highway":"tertiary"},"geometry":{"type":"LineString","coordinates":[[12.713648,46.164285],[12.713666,46.1643],[12.713679,46.164318],[12.713684,46.164333],[12.713686,46.164343]]}},{"type":"Feature","properties":{"u":1112363448,"v":295280036,"length":19.413,"highway":"tertiary"},"geometry":{"type":"LineString","coordinates":[[12.713686,46.164343],[12.713685,46.164362],[12.713679,46.164378],[12.713669,46.164393],[12.713655,46.164406],[12.713644,46.164414],[12.713629,46.164422],[12.713609,46.164429],[12.713587,46.164434],[12.713565,46.164436],[12.713545,46.164436],[12.713515,46.164431]]}},{"type":"Feature","properties":{"u":295280036,"v":295280035,"length":13.708,"highway":"tertiary"},"geometry":{"type":"LineString","coordinates":[[12.713515,46.164431],[12.713508,46.164429],[12.713492,46.164424],[12.713478,46.164417],[12.713467,46.16441],[12.713451,46.164396],[12.713441,46.164382],[12.713434,46.164369],[12.713433,46.164366],[12.713431,46.164342],[12.713433,46.164333]]}},{"type":"Feature","properties":{"u":295280035,"v":1112363035,"length":18.839,"highway":"tertiary"},"geometry":{"type":"LineString","coordinates":[[12.713433,46.164333],[12.713437,46.164321],[12.713446,46.164307],[12.713456,46.164295],[12.713475,46.164281],[12.713493,46.164272],[12.713519,46.164264],[12.71354,46.16426],[12.713564,46.16426],[12.713585,46.164262],[12.713602,46.164265],[12.713622,46.164271]]}},{"type":"Feature","properties":{"u":1112363035,"v":1112363401,"length":2.536,"highway":"tertiary"},"geometry":{"type":"LineString","coordinates":[[12.713622,46.164271],[12.713648,46.164285]]}},{"type":"Feature","properties":{"u":295280036,"v":295280041,"length":111.319,"highway":"tertiary"},"geometry":{"type":"LineString","coordinates":[[12.713515,46.164431],[12.71335,46.164755],[12.713068,46.165273],[12.713014,46.16537]]}},{"type":"Feature","properties":{"u":295280041,"v":295280042,"length":90.838,"highway":"tertiary"},"geometry":{"type":"LineString","coordinates":[[12.713014,46.16537],[12.71262,46.16614]]}},{"type":"Feature","properties":{"u":295280042,"v":1112362993,"length":58.519,"highway":"tertiary"},"geometry":{"type":"LineString","coordinates":[[12.71262,46.16614],[12.712398,46.166508],[12.712336,46.166628]]}},{"type":"Feature","properties":{"u":1112363240,"v":1112363253,"length":63.953,"highway":"residential"},"geometry":{"type":"LineString","coordinates":[[12.717952,46.16949],[12.717247,46.169186]]}},{"type":"Feature","properties":{"u":1112363253,"v":1112362952,"length":86.718,"highway":"residential"},"geometry":{"type":"LineString","coordinates":[[12.717247,46.169186],[12.7163,46.168764]]}},{"type":"Feature","properties":{"u":1112362952,"v":1112363378,"length":86.444,"highway":"residential"},"geometry":{"type":"LineString","coordinates":[[12.7163,46.168764],[12.715361,46.168338]]}},{"type":"Feature","properties":{"u":1112363423,"v":1112363115,"length":278.238,"highway":"residential"},"geometry":{"type":"LineString","coordinates":[[12.716545,46.164676],[12.716412,46.163874],[12.716373,46.163539],[12.716336,46.163248],[12.715461,46.163288],[12.715162,46.163248],[12.714827,46.163159]]}},{"type":"Feature","properties":{"u":1112363203,"v":1112362973,"length":111.607,"highway":"residential"},"geometry":{"type":"LineString","coordinates":[[12.706275,46.160516],[12.706398,46.160512],[12.706585,46.160438],[12.706785,46.160399],[12.707162,46.160389],[12.707437,46.160382],[12.707686,46.160364]]}},{"type":"Feature","properties":{"u":1112363399,"v":1112363192,"length":109.202,"highway":"residential"},"geometry":{"type":"LineString","coordinates":[[12.717127,46.166826],[12.718545,46.166833]]}},{"type":"Feature","properties":{"u":1112363192,"v":1112363169,"length":85.557,"highway":"residential"},"geometry":{"type":"LineString","coordinates":[[12.718545,46.166833],[12.719656,46.166832]]}},{"type":"Feature","properties":{"u":1112363169,"v":1112363418,"length":47.537,"highway":"residential"},"geometry":{"type":"LineString","coordinates":[[12.719656,46.166832],[12.720065,46.166821],[12.720272,46.166835]]}},{"type":"Feature","properties":{"u":1112363100,"v":1112363459,"length":47.934,"highway":"residential"},"geometry":{"type":"LineString","coordinates":[[12.71098,46.16043],[12.710992,46.159999]]}},{"type":"Feature","properties":{"u":1112363459,"v":1112363238,"length":220.432,"highway":"residential"},"geometry":{"type":"LineString","coordinates":[[12.710992,46.159999],[12.711049,46.158017]]}},{"type":"Feature","properties":{"u":1112363169,"v":1112363326,"length":208.274,"highway":"residential"},"geometry":{"type":"LineString","coordinates":[[12.719656,46.166832],[12.71966,46.166578],[12.71967,46.165863],[12.719669,46.164959]]}},{"type":"Feature","properties":{"u":1112363448,"v":1112362978,"length":36.913,"highway":"unclassified"},"geometry":{"type":"LineString","coordinates":[[12.713686,46.164343],[12.713825,46.164346],[12.714163,46.164373]]}},{"type":"Feature","properties":{"u":1112362978,"v":1112363472,"length":115.498,"highway":"unclassified"},"geometry":{"type":"LineString","coordinates":[[12.714163,46.164373],[12.714903,46.164446],[12.715647,46.164523]]}},{"type":"Feature","properties":{"u":1112363472,"v":1112363423,"length":71.629,"highway":"unclassified"},"geometry":{"type":"LineString","coordinates":[[12.715647,46.164523],[12.716368,46.164617],[12.716545,46.164676]]}},{"type":"Feature","properties":{"u":1112363423,"v":1112363149,"length":56.624,"highway":"unclassified"},"geometry":{"type":"LineString","coordinates":[[12.716545,46.164676],[12.716645,46.164733],[12.716934,46.164898],[12.717144,46.164965]]}},{"type":"Feature","properties":{"u":1112363149,"v":1112362947,"length":109.143,"highway":"unclassified"},"geometry":{"type":"LineString","coordinates":[[12.717144,46.164965],[12.717385,46.164999],[12.717586,46.164993],[12.718253,46.164947],[12.718552,46.164932]]}},{"type":"Feature","properties":{"u":1112362947,"v":1112363326,"length":86.116,"highway":"unclassified"},"geometry":{"type":"LineString","coordinates":[[12.718552,46.164932],[12.719131,46.164934],[12.719669,46.164959]]}},{"type":"Feature","properties":{"u":1112363326,"v":1112363229,"length":99.673,"highway":"unclassified"},"geometry":{"type":"LineString","coordinates":[[12.719669,46.164959],[12.720016,46.165003],[12.720938,46.165135]]}},{"type":"Feature","properties":{"u":1112363229,"v":1112363105,"length":52.644,"highway":"unclassified"},"geometry":{"type":"LineString","coordinates":[[12.720938,46.165135],[12.721612,46.165214]]}},{"type":"Feature","properties":{"u":1112362943,"v":1112363142,"length":98.667,"highway":"residential"},"geometry":{"type":"LineString","coordinates":[[12.709433,46.161558],[12.709434,46.161585],[12.709468,46.162445]]}},{"type":"Feature","properties":{"u":1112363142,"v":1112363515,"length":119.057,"highway":"residential"},"geometry":{"type":"LineString","coordinates":[[12.709468,46.162445],[12.709413,46.163486],[12.709412,46.163515]]}},{"type":"Feature","properties":{"u":1112363313,"v":1112363265,"length":214.096,"highway":"residential"},"geometry":{"type":"LineString","coordinates":[[12.711993,46.167355],[12.712823,46.167573],[12.713508,46.167827],[12.714531,46.168135]]}},{"type":"Feature","properties":{"u":1112363265,"v":1112362972,"length":65.756,"highway":"residential"},"geometry":{"type":"LineString","coordinates":[[12.714531,46.168135],[12.714807,46.168257],[12.715229,46.168475]]}},{"type":"Feature","properties":{"u":295280041,"v":1112363286,"length":461.369,"highway":"residential"},"geometry":{"type":"LineString","coordinates":[[12.713014,46.16537],[12.71333,46.165454],[12.713604,46.165526],[12.713299,46.166108],[12.714151,46.166334],[12.714352,46.165919],[12.714404,46.165723],[12.714444,46.165571],[12.714577,46.165003],[12.713942,46.164923],[12.713604,46.165526]]}},{"type":"Feature","properties":{"u":1423281570,"v":1112363459,"length":54.167,"highway":"residential"},"geometry":{"type":"LineString","coordinates":[[12.710296,46.160069],[12.710992,46.159999]]}},{"type":"Feature","properties":{"u":1112363459,"v":2042128143,"length":248.907,"highway":"residential"},"geometry":{"type":"LineString","coordinates":[[12.710992,46.159999],[12.71196,46.15993],[12.712886,46.159768],[12.713505,46.159684],[12.714103,46.15963],[12.714172,46.159637]]}},{"type":"Feature","properties":{"u":2042128143,"v":1112363161,"length":163.855,"highway":"residential"},"geometry":{"type":"LineString","coordinates":[[12.714172,46.159637],[12.714395,46.159659],[12.716206,46.159802],[12.716285,46.159808]]}},{"type":"Feature","properties":{"u":1112363117,"v":1112363208,"length":128.716,"highway":"residential"},"geometry":{"type":"LineString","coordinates":[[12.712593,46.164251],[12.712586,46.164211],[12.71239,46.163102]]}},{"type":"Feature","properties":{"u":1112363208,"v":1112362955,"length":104.64,"highway":"residential"},"geometry":{"type":"LineString","coordinates":[[12.71239,46.163102],[12.712224,46.162168]]}},{"type":"Feature","properties":{"u":1112363485,"v":1112363518,"length":347.355,"highway":"residential"},"geometry":{"type":"LineString","coordinates":[[12.706324,46.161094],[12.708206,46.161005],[12.710686,46.160823],[12.710814,46.160838]]}},{"type":"Feature","properties":{"u":1112362917,"v":1112363303,"length":272.773,"highway":"residential"},"geometry":{"type":"LineString","coordinates":[[12.717082,46.162852],[12.717162,46.163654],[12.717238,46.164363],[12.717318,46.164382],[12.718588,46.164394]]}},{"type":"Feature","properties":{"u":1112363303,"v":1112363012,"length":104.687,"highway":"residential"},"geometry":{"type":"LineString","coordinates":[[12.718588,46.164394],[12.719946,46.164436]]}},{"type":"Feature","properties":{"u":1117723891,"v":1117723913,"length":593.715,"highway":"unclassified"},"geometry":{"type":"LineString","coordinates":[[12.736503,46.146579],[12.736114,46.146631],[12.734431,46.146808],[12.730815,46.147261],[12.730478,46.147284],[12.729066,46.1473],[12.728891,46.147337]]}},{"type":"Feature","properties":{"u":1421830197,"v":1117723954,"length":300.566,"highway":"residential"},"geometry":{"type":"LineString","coordinates":[[12.732178,46.15708],[12.732487,46.156992],[12.73281,46.156878],[12.732954,46.156756],[12.732969,46.156723],[12.73302,46.156606],[12.733059,46.156229],[12.733073,46.155825],[12.733073,46.155237],[12.733083,46.154701]]}},{"type":"Feature","properties":{"u":472005487,"v":472005481,"length":115.201,"highway":"residential"},"geometry":{"type":"LineString","coordinates":[[12.58368,46.071831],[12.583621,46.071761],[12.583202,46.071272],[12.582918,46.07094]]}},{"type":"Feature","properties":{"u":1269918513,"v":1961333452,"length":129.413,"highway":"unclassified"},"geometry":{"type":"LineString","coordinates":[[12.57354,46.069887],[12.573393,46.069817],[12.573235,46.069736],[12.573036,46.069631],[12.57284,46.06955],[12.57266,46.069519],[12.57243,46.069516],[12.5722,46.069506],[12.572087,46.069527],[12.572043,46.069557]]}},{"type":"Feature","properties":{"u":1269918630,"v":1269918513,"length":176.132,"highway":"unclassified"},"geometry":{"type":"LineString","coordinates":[[12.572163,46.070873],[12.572292,46.070791],[12.572448,46.070716],[12.572638,46.070651],[12.572863,46.070611],[12.573099,46.070571],[12.573289,46.070504],[12.573448,46.070417],[12.573545,46.070318],[12.573603,46.070172],[12.573599,46.069968],[12.57354,46.069887]]}},{"type":"Feature","properties":{"u":1272075027,"v":1423492497,"length":89.128,"highway":"residential"},"geometry":{"type":"LineString","coordinates":[[12.706853,46.166579],[12.706821,46.166573],[12.706803,46.16657],[12.706021,46.166472],[12.70571,46.166472]]}},{"type":"Feature","properties":{"u":1272075068,"v":1421830280,"length":117.3,"highway":"residential"},"geometry":{"type":"LineString","coordinates":[[12.702585,46.160706],[12.702698,46.161758]]}},{"type":"Feature","properties":{"u":1421830280,"v":1272075018,"length":155.788,"highway":"residential"},"geometry":{"type":"LineString","coordinates":[[12.702698,46.161758],[12.702807,46.163157]]}},{"type":"Feature","properties":{"u":1272075108,"v":1272075065,"length":208.921,"highway":"residential"},"geometry":{"type":"LineString","coordinates":[[12.70468,46.161397],[12.704755,46.162356],[12.704595,46.162675],[12.704552,46.163255]]}},{"type":"Feature","properties":{"u":1272075040,"v":1272075042,"length":114.332,"highway":"unclassified"},"geometry":{"type":"LineString","coordinates":[[12.698763,46.161094],[12.700243,46.161014]]}},{"type":"Feature","properties":{"u":1272075042,"v":2306158446,"length":6.887,"highway":"unclassified"},"geometry":{"type":"LineString","coordinates":[[12.700243,46.161014],[12.700332,46.161008]]}},{"type":"Feature","properties":{"u":2306158446,"v":1812847621,"length":81.169,"highway":"unclassified"},"geometry":{"type":"LineString","coordinates":[[12.700332,46.161008],[12.701368,46.160874]]}},{"type":"Feature","properties":{"u":1812847621,"v":1272075068,"length":95.574,"highway":"unclassified"},"geometry":{"type":"LineString","coordinates":[[12.701368,46.160874],[12.702585,46.160706]]}},{"type":"Feature","properties":{"u":1272075068,"v":1272075044,"length":83.707,"highway":"unclassified"},"geometry":{"type":"LineString","coordinates":[[12.702585,46.160706],[12.703666,46.160628]]}},{"type":"Feature","properties":{"u":1272075044,"v":1272075033,"length":153.924,"highway":"unclassified"},"geometry":{"type":"LineString","coordinates":[[12.703666,46.160628],[12.704337,46.160589],[12.705646,46.160446]]}},{"type":"Feature","properties":{"u":1272075033,"v":1112363203,"length":50.165,"highway":"unclassified"},"geometry":{"type":"LineString","coordinates":[[12.705646,46.160446],[12.705936,46.160431],[12.706233,46.160506],[12.706275,46.160516]]}},{"type":"Feature","properties":{"u":1272075116,"v":1272075108,"length":79.181,"highway":"residential"},"geometry":{"type":"LineString","coordinates":[[12.705707,46.161364],[12.70468,46.161397]]}},{"type":"Feature","properties":{"u":1272075108,"v":1272075072,"length":72.745,"highway":"residential"},"geometry":{"type":"LineString","coordinates":[[12.70468,46.161397],[12.703736,46.161419]]}},{"type":"Feature","properties":{"u":1272075033,"v":1272075116,"length":102.185,"highway":"residential"},"geometry":{"type":"LineString","coordinates":[[12.705646,46.160446],[12.705707,46.161364]]}},{"type":"Feature","properties":{"u":1272075116,"v":1272075023,"length":150.18,"highway":"residential"},"geometry":{"type":"LineString","coordinates":[[12.705707,46.161364],[12.705828,46.162712]]}},{"type":"Feature","properties":{"u":1112363457,"v":1272075065,"length":153.369,"highway":"unclassified"},"geometry":{"type":"LineString","coordinates":[[12.706539,46.163347],[12.706475,46.163344],[12.704552,46.163255]]}},{"type":"Feature","properties":{"u":1272075044,"v":1272075072,"length":88.12,"highway":"residential"},"geometry":{"type":"LineString","coordinates":[[12.703666,46.160628],[12.703736,46.161419]]}},{"type":"Feature","properties":{"u":1272075072,"v":1272075133,"length":206.101,"highway":"residential"},"geometry":{"type":"LineString","coordinates":[[12.703736,46.161419],[12.703799,46.163272]]}},{"type":"Feature","properties":{"u":2329489782,"v":1339677500,"length":294.042,"highway":"residential"},"geometry":{"type":"LineString","coordinates":[[12.615731,46.2008],[12.61574,46.200845],[12.615999,46.200916],[12.61632,46.20098],[12.616481,46.201035],[12.616598,46.2011],[12.616734,46.201167],[12.6168,46.2012],[12.616825,46.201212],[12.617118,46.201298],[12.617425,46.201383],[12.617519,46.201433],[12.617562,46.20149],[12.617594,46.201564],[12.617606,46.201658],[12.617602,46.201726],[12.617577,46.201787],[12.617529,46.201917],[12.617505,46.201976],[12.617352,46.202039],[12.617207,46.202055],[12.616927,46.20205],[12.616768,46.202047],[12.616583,46.202019]]}},{"type":"Feature","properties":{"u":1339677532,"v":1339677430,"length":49.498,"highway":"residential"},"geometry":{"type":"LineString","coordinates":[[12.613728,46.200603],[12.613564,46.200679],[12.613335,46.20076],[12.613162,46.200812]]}},{"type":"Feature","properties":{"u":1339677516,"v":1339677500,"length":250.41,"highway":"residential"},"geometry":{"type":"LineString","coordinates":[[12.614103,46.200638],[12.614205,46.200726],[12.614305,46.200799],[12.61439,46.200842],[12.614614,46.200921],[12.614866,46.200994],[12.614885,46.201016],[12.615366,46.201187],[12.615761,46.201354],[12.615881,46.201461],[12.61597,46.201572],[12.616032,46.201611],[12.616074,46.201659],[12.616127,46.201717],[12.6162,46.201769],[12.616262,46.201818],[12.616583,46.202019]]}},{"type":"Feature","properties":{"u":1339677500,"v":1444348242,"length":379.241,"highway":"residential"},"geometry":{"type":"LineString","coordinates":[[12.616583,46.202019],[12.616895,46.202181],[12.617041,46.202246],[12.617088,46.202289],[12.617166,46.202412],[12.617216,46.202443],[12.617296,46.202459],[12.617478,46.202464],[12.617804,46.202478],[12.618176,46.202508],[12.618262,46.202511],[12.618503,46.202494],[12.618666,46.202518],[12.618777,46.202572],[12.618925,46.202656],[12.619159,46.202725],[12.619511,46.202819],[12.619867,46.202969],[12.620149,46.203068],[12.620476,46.203164],[12.620576,46.203247],[12.620766,46.203459]]}},{"type":"Feature","properties":{"u":481334561,"v":2851869384,"length":890.194,"highway":"unclassified"},"geometry":{"type":"LineString","coordinates":[[12.614016,46.107852],[12.613947,46.107932],[12.61391,46.107987],[12.61386,46.10806],[12.613792,46.108181],[12.613747,46.108249],[12.61368,46.1083],[12.613574,46.108361],[12.613452,46.108358],[12.613292,46.108285],[12.613135,46.108151],[12.613078,46.108083],[12.612958,46.107996],[12.612877,46.107937],[12.612753,46.107851],[12.612619,46.107807],[12.612442,46.107786],[12.612243,46.107789],[12.612088,46.107793],[12.61196,46.107795],[12.611778,46.107805],[12.611667,46.107816],[12.611562,46.107834],[12.611433,46.107862],[12.611337,46.107892],[12.611156,46.107963],[12.611014,46.108015],[12.610833,46.108133],[12.610653,46.10825],[12.610523,46.10834],[12.610471,46.108388],[12.610389,46.108427],[12.61029,46.108435],[12.610223,46.108437],[12.610185,46.108438],[12.610091,46.108432],[12.609904,46.108406],[12.609732,46.108372],[12.609462,46.108306],[12.609033,46.108197],[12.608551,46.108072],[12.608302,46.108034],[12.608045,46.108035],[12.607921,46.108064],[12.607813,46.10815],[12.607684,46.108446],[12.60756,46.108645],[12.607375,46.108813],[12.607156,46.108954],[12.606967,46.109075],[12.606844,46.109166],[12.606651,46.109285],[12.606528,46.109357],[12.606416,46.109419],[12.606246,46.109506],[12.606012,46.109622],[12.605853,46.109702],[12.605509,46.109887],[12.605424,46.109939],[12.60516,46.110102],[12.605056,46.11018]]}},{"type":"Feature","properties":{"u":1112363172,"v":1112363406,"length":88.628,"highway":"residential"},"geometry":{"type":"LineString","coordinates":[[12.716504,46.169981],[12.71645,46.169996],[12.715526,46.169592]]}},{"type":"Feature","properties":{"u":1112363406,"v":1112363353,"length":84.432,"highway":"residential"},"geometry":{"type":"LineString","coordinates":[[12.715526,46.169592],[12.714605,46.16918]]}},{"type":"Feature","properties":{"u":1112363208,"v":1417932322,"length":61.907,"highway":"residential"},"geometry":{"type":"LineString","coordinates":[[12.71239,46.163102],[12.713189,46.163041]]}},{"type":"Feature","properties":{"u":1112363265,"v":1112363488,"length":114.752,"highway":"residential"},"geometry":{"type":"LineString","coordinates":[[12.714531,46.168135],[12.714998,46.167155]]}},{"type":"Feature","properties":{"u":1112363488,"v":1112363352,"length":159.185,"highway":"residential"},"geometry":{"type":"LineString","coordinates":[[12.714998,46.167155],[12.715167,46.166751],[12.715243,46.16644],[12.7154,46.165753]]}},{"type":"Feature","properties":{"u":1112363352,"v":1112362976,"length":69.018,"highway":"residential"},"geometry":{"type":"LineString","coordinates":[[12.7154,46.165753],[12.71551,46.165137]]}},{"type":"Feature","properties":{"u":1112362976,"v":1112363472,"length":69.084,"highway":"residential"},"geometry":{"type":"LineString","coordinates":[[12.71551,46.165137],[12.715647,46.164523]]}},{"type":"Feature","properties":{"u":1112363314,"v":1417932321,"length":72.153,"highway":"residential"},"geometry":{"type":"LineString","coordinates":[[12.708244,46.161637],[12.708246,46.161668],[12.708293,46.162285]]}},{"type":"Feature","properties":{"u":13622761981,"v":1421830306,"length":73.461,"highway":"unclassified"},"geometry":{"type":"LineString","coordinates":[[12.733615,46.164632],[12.733941,46.164555],[12.734288,46.164208]]}},{"type":"Feature","properties":{"u":1421830306,"v":1423039752,"length":1813.125,"highway":"unclassified"},"geometry":{"type":"LineString","coordinates":[[12.734288,46.164208],[12.734409,46.163962],[12.734601,46.163622],[12.734751,46.163346],[12.734921,46.163007],[12.735028,46.162829],[12.735312,46.162578],[12.73556,46.162352],[12.73576,46.162169],[12.736301,46.161691],[12.736806,46.161194],[12.737168,46.160933],[12.737688,46.160716],[12.73815,46.160504],[12.738555,46.160199],[12.738698,46.160036],[12.739113,46.159663],[12.739382,46.15946],[12.739881,46.159134],[12.740403,46.158789],[12.740685,46.158598],[12.740862,46.158487],[12.741,46.15822],[12.741218,46.157724],[12.741402,46.157334],[12.741589,46.156888],[12.742033,46.156396],[12.742411,46.155943],[12.742578,46.15576],[12.742824,46.15557],[12.743456,46.155089],[12.74427,46.154525],[12.745005,46.153988],[12.745601,46.153424],[12.745853,46.153175],[12.746043,46.152974],[12.746191,46.152785],[12.746392,46.152608],[12.74689,46.152271],[12.748028,46.151473],[12.748182,46.151402]]}},{"type":"Feature","properties":{"u":275052691,"v":275052694,"length":353.777,"highway":"primary"},"geometry":{"type":"LineString","coordinates":[[12.648198,46.164935],[12.64857,46.164889],[12.64976,46.164755],[12.650153,46.164728],[12.650606,46.164715],[12.650792,46.164716],[12.650942,46.164724],[12.651108,46.16474],[12.651504,46.164788],[12.652183,46.164886],[12.65232,46.164897],[12.652456,46.164898],[12.652546,46.164891],[12.652634,46.16487],[12.65273,46.164841]]}},{"type":"Feature","properties":{"u":1112363068,"v":1112363313,"length":34.214,"highway":"residential"},"geometry":{"type":"LineString","coordinates":[[12.711812,46.167636],[12.711993,46.167355]]}},{"type":"Feature","properties":{"u":1112363313,"v":1418745496,"length":33.651,"highway":"residential"},"geometry":{"type":"LineString","coordinates":[[12.711993,46.167355],[12.712169,46.167078]]}},{"type":"Feature","properties":{"u":1418745560,"v":295280664,"length":143.591,"highway":"unclassified"},"geometry":{"type":"LineString","coordinates":[[12.706272,46.168587],[12.706093,46.168687],[12.705918,46.168771],[12.705615,46.168966],[12.705245,46.169252],[12.705018,46.169407],[12.704958,46.169434],[12.704906,46.169459]]}},{"type":"Feature","properties":{"u":1418745530,"v":1423492556,"length":117.733,"highway":"unclassified"},"geometry":{"type":"LineString","coordinates":[[12.704326,46.168207],[12.704458,46.168164],[12.704651,46.168102],[12.704838,46.168047],[12.704937,46.168038],[12.705083,46.16806],[12.705288,46.16814],[12.705519,46.16826],[12.705686,46.168328]]}},{"type":"Feature","properties":{"u":1423492556,"v":1418745556,"length":49.873,"highway":"unclassified"},"geometry":{"type":"LineString","coordinates":[[12.705686,46.168328],[12.705789,46.168372],[12.705983,46.168438],[12.706096,46.168483],[12.706264,46.168528]]}},{"type":"Feature","properties":{"u":1418745380,"v":1418745337,"length":201.003,"highway":"residential"},"geometry":{"type":"LineString","coordinates":[[12.708809,46.165274],[12.709332,46.163529],[12.709339,46.163504]]}},{"type":"Feature","properties":{"u":295280042,"v":1418745380,"length":313.958,"highway":"residential"},"geometry":{"type":"LineString","coordinates":[[12.71262,46.16614],[12.712499,46.16609],[12.712315,46.166014],[12.712028,46.165895],[12.711435,46.165632],[12.711213,46.165565],[12.710798,46.16551],[12.710504,46.165467],[12.709819,46.165391],[12.709502,46.165357],[12.709018,46.1653],[12.708809,46.165274]]}},{"type":"Feature","properties":{"u":1418745380,"v":1418745365,"length":176.494,"highway":"residential"},"geometry":{"type":"LineString","coordinates":[[12.708809,46.165274],[12.70864,46.165252],[12.708341,46.165112],[12.708011,46.16495],[12.706942,46.164374]]}},{"type":"Feature","properties":{"u":1418745365,"v":1418745361,"length":26.389,"highway":"residential"},"geometry":{"type":"LineString","coordinates":[[12.706942,46.164374],[12.706628,46.164279]]}},{"type":"Feature","properties":{"u":1418745365,"v":1418745363,"length":115.044,"highway":"residential"},"geometry":{"type":"LineString","coordinates":[[12.706942,46.164374],[12.706987,46.164206],[12.708221,46.164331]]}},{"type":"Feature","properties":{"u":1272075065,"v":1272075133,"length":58.023,"highway":"unclassified"},"geometry":{"type":"LineString","coordinates":[[12.704552,46.163255],[12.703799,46.163272]]}},{"type":"Feature","properties":{"u":1272075133,"v":1272075018,"length":78.546,"highway":"unclassified"},"geometry":{"type":"LineString","coordinates":[[12.703799,46.163272],[12.703057,46.163237],[12.702923,46.163202],[12.702807,46.163157]]}},{"type":"Feature","properties":{"u":1272075018,"v":1272075055,"length":345.073,"highway":"unclassified"},"geometry":{"type":"LineString","coordinates":[[12.702807,46.163157],[12.698809,46.161756]]}},{"type":"Feature","properties":{"u":326015151,"v":1418745331,"length":228.455,"highway":"residential"},"geometry":{"type":"LineString","coordinates":[[12.698578,46.163033],[12.699103,46.162963],[12.699464,46.162942],[12.699663,46.162964],[12.700057,46.163018],[12.700651,46.163052],[12.701263,46.163102],[12.701516,46.163086]]}},{"type":"Feature","properties":{"u":1418745459,"v":1423281703,"length":67.628,"highway":"residential"},"geometry":{"type":"LineString","coordinates":[[12.703235,46.166778],[12.703322,46.166627],[12.703524,46.166314],[12.703584,46.16622]]}},{"type":"Feature","properties":{"u":1423281703,"v":1423492472,"length":64.418,"highway":"residential"},"geometry":{"type":"LineString","coordinates":[[12.703584,46.16622],[12.703925,46.165691]]}},{"type":"Feature","properties":{"u":1423492472,"v":309428712,"length":90.08,"highway":"residential"},"geometry":{"type":"LineString","coordinates":[[12.703925,46.165691],[12.704401,46.164951]]}},{"type":"Feature","properties":{"u":309428712,"v":309428704,"length":103.745,"highway":"residential"},"geometry":{"type":"LineString","coordinates":[[12.704401,46.164951],[12.704926,46.164135],[12.70495,46.164099]]}},{"type":"Feature","properties":{"u":1272075081,"v":1272075055,"length":9.388,"highway":"unclassified"},"geometry":{"type":"LineString","coordinates":[[12.698759,46.161833],[12.698809,46.161756]]}},{"type":"Feature","properties":{"u":1272075055,"v":1272075040,"length":74.757,"highway":"unclassified"},"geometry":{"type":"LineString","coordinates":[[12.698809,46.161756],[12.698835,46.161253],[12.698813,46.161158],[12.698763,46.161094]]}},{"type":"Feature","properties":{"u":1272075040,"v":1418745276,"length":578.305,"highway":"unclassified"},"geometry":{"type":"LineString","coordinates":[[12.698763,46.161094],[12.698696,46.161018],[12.698678,46.160952],[12.698643,46.160017],[12.698671,46.1596],[12.698726,46.159196],[12.698755,46.159099],[12.698948,46.158955],[12.699159,46.158868],[12.699405,46.158817],[12.700003,46.158777],[12.701006,46.15871],[12.701562,46.158616],[12.701853,46.158559],[12.701952,46.158505],[12.701901,46.158205],[12.701886,46.157744],[12.701891,46.157672]]}},{"type":"Feature","properties":{"u":295280094,"v":295280096,"length":76.554,"highway":"unclassified"},"geometry":{"type":"LineString","coordinates":[[12.706445,46.168596],[12.70655,46.16863],[12.706796,46.168676],[12.707016,46.168696],[12.707417,46.16871]]}},{"type":"Feature","properties":{"u":295280096,"v":1423492580,"length":22.53,"highway":"unclassified"},"geometry":{"type":"LineString","coordinates":[[12.707417,46.16871],[12.707708,46.168689]]}},{"type":"Feature","properties":{"u":1423492580,"v":295280100,"length":191.797,"highway":"unclassified"},"geometry":{"type":"LineString","coordinates":[[12.707708,46.168689],[12.708293,46.168638],[12.708479,46.168612],[12.70883,46.168581],[12.708939,46.168572],[12.709324,46.168549],[12.709471,46.168542],[12.709931,46.168565],[12.710183,46.168578]]}},{"type":"Feature","properties":{"u":295280100,"v":295280103,"length":94.095,"highway":"unclassified"},"geometry":{"type":"LineString","coordinates":[[12.710183,46.168578],[12.71049,46.168605],[12.710922,46.168643],[12.711226,46.168696],[12.711268,46.168708],[12.711376,46.168741]]}},{"type":"Feature","properties":{"u":1418745555,"v":295280094,"length":10.456,"highway":"unclassified"},"geometry":{"type":"LineString","coordinates":[[12.706448,46.168508],[12.706463,46.168529],[12.706468,46.168552],[12.706461,46.168576],[12.706445,46.168596]]}},{"type":"Feature","properties":{"u":295280094,"v":1418745560,"length":15.634,"highway":"unclassified"},"geometry":{"type":"LineString","coordinates":[[12.706445,46.168596],[12.70642,46.168612],[12.706388,46.168621],[12.706355,46.168623],[12.706322,46.168617],[12.706293,46.168605],[12.706272,46.168587]]}},{"type":"Feature","properties":{"u":1418745560,"v":1418745556,"length":6.762,"highway":"unclassified"},"geometry":{"type":"LineString","coordinates":[[12.706272,46.168587],[12.706261,46.168568],[12.706259,46.168548],[12.706264,46.168528]]}},{"type":"Feature","properties":{"u":1418745556,"v":295280093,"length":14.962,"highway":"unclassified"},"geometry":{"type":"LineString","coordinates":[[12.706264,46.168528],[12.706278,46.168508],[12.706301,46.168492],[12.70633,46.168482],[12.706362,46.168478],[12.706394,46.168481],[12.706423,46.168491]]}},{"type":"Feature","properties":{"u":295280093,"v":1418745555,"length":2.698,"highway":"unclassified"},"geometry":{"type":"LineString","coordinates":[[12.706423,46.168491],[12.706448,46.168508]]}},{"type":"Feature","properties":{"u":5780883177,"v":1112363035,"length":299.331,"highway":"tertiary"},"geometry":{"type":"LineString","coordinates":[[12.714943,46.16174],[12.714578,46.162443],[12.7142,46.163097],[12.713928,46.163662],[12.713747,46.164028],[12.713664,46.164191],[12.713622,46.164271]]}},{"type":"Feature","properties":{"u":1421830120,"v":1421830097,"length":77.231,"highway":"residential"},"geometry":{"type":"LineString","coordinates":[[12.709361,46.154577],[12.709137,46.1539]]}},{"type":"Feature","properties":{"u":1112363248,"v":1421830120,"length":96.882,"highway":"residential"},"geometry":{"type":"LineString","coordinates":[[12.708138,46.154756],[12.708267,46.154755],[12.708468,46.154748],[12.708936,46.154674],[12.709361,46.154577]]}},{"type":"Feature","properties":{"u":1421830120,"v":1421830118,"length":15.072,"highway":"residential"},"geometry":{"type":"LineString","coordinates":[[12.709361,46.154577],[12.709544,46.154529]]}},{"type":"Feature","properties":{"u":1421830169,"v":1421830185,"length":43.869,"highway":"residential"},"geometry":{"type":"LineString","coordinates":[[12.708865,46.156446],[12.708632,46.156806]]}},{"type":"Feature","properties":{"u":1110905670,"v":1421830261,"length":554.103,"highway":"unclassified"},"geometry":{"type":"LineString","coordinates":[[12.723168,46.162736],[12.723423,46.162858],[12.724198,46.162961],[12.724467,46.162961],[12.724632,46.162885],[12.72472,46.162626],[12.725676,46.159405],[12.725639,46.159062]]}},{"type":"Feature","properties":{"u":1421830227,"v":1421830254,"length":273.796,"highway":"residential"},"geometry":{"type":"LineString","coordinates":[[12.72728,46.158407],[12.727451,46.158442],[12.727622,46.158404],[12.727794,46.158317],[12.72799,46.158232],[12.728124,46.1582],[12.728282,46.15821],[12.728464,46.158253],[12.729072,46.158372],[12.729699,46.158465],[12.730156,46.158517],[12.730306,46.158561],[12.730391,46.158631],[12.730432,46.158787]]}},{"type":"Feature","properties":{"u":1421830207,"v":1421830186,"length":309.923,"highway":"unclassified"},"geometry":{"type":"LineString","coordinates":[[12.724736,46.157562],[12.727974,46.156683],[12.728192,46.156665],[12.728435,46.156816]]}},{"type":"Feature","properties":{"u":1421830265,"v":1421830261,"length":115.039,"highway":"unclassified"},"geometry":{"type":"LineString","coordinates":[[12.724225,46.159393],[12.724928,46.159249],[12.725639,46.159062]]}},{"type":"Feature","properties":{"u":1421830261,"v":1421830227,"length":147.509,"highway":"unclassified"},"geometry":{"type":"LineString","coordinates":[[12.725639,46.159062],[12.725872,46.159],[12.726453,46.158817],[12.727006,46.158603],[12.72728,46.158407]]}},{"type":"Feature","properties":{"u":1421830227,"v":1421830186,"length":199.151,"highway":"unclassified"},"geometry":{"type":"LineString","coordinates":[[12.72728,46.158407],[12.727402,46.158321],[12.727649,46.158046],[12.727818,46.157758],[12.728041,46.157358],[12.728259,46.157067],[12.728435,46.156816]]}},{"type":"Feature","properties":{"u":1421830186,"v":1421830141,"length":171.272,"highway":"unclassified"},"geometry":{"type":"LineString","coordinates":[[12.728435,46.156816],[12.728651,46.156621],[12.728997,46.156359],[12.729232,46.156141],[12.729438,46.155913],[12.72971,46.155562]]}},{"type":"Feature","properties":{"u":1117723954,"v":1421830141,"length":280.538,"highway":"tertiary"},"geometry":{"type":"LineString","coordinates":[[12.733083,46.154701],[12.732799,46.154887],[12.732319,46.155067],[12.731729,46.155189],[12.730779,46.155371],[12.729846,46.155534],[12.72971,46.155562]]}},{"type":"Feature","properties":{"u":1421830141,"v":655372419,"length":389.335,"highway":"tertiary"},"geometry":{"type":"LineString","coordinates":[[12.72971,46.155562],[12.728938,46.155719],[12.728205,46.15587],[12.727729,46.155942],[12.724772,46.156285]]}},{"type":"Feature","properties":{"u":1421829996,"v":7257416973,"length":561.169,"highway":"unclassified"},"geometry":{"type":"LineString","coordinates":[[12.72868,46.147301],[12.727674,46.146455],[12.725215,46.145611],[12.724925,46.145552],[12.724668,46.145574],[12.722444,46.146193]]}},{"type":"Feature","properties":{"u":1117723913,"v":1846908306,"length":12.695,"highway":"unclassified"},"geometry":{"type":"LineString","coordinates":[[12.728891,46.147337],[12.728896,46.147355],[12.728894,46.147371],[12.728881,46.147399],[12.728854,46.147423],[12.72883,46.147434]]}},{"type":"Feature","properties":{"u":1846908306,"v":1421829996,"length":26.588,"highway":"unclassified"},"geometry":{"type":"LineString","coordinates":[[12.72883,46.147434],[12.728789,46.147444],[12.728757,46.147444],[12.728708,46.147433],[12.728676,46.147413],[12.728654,46.147385],[12.728648,46.147356],[12.728659,46.147324],[12.72868,46.147301]]}},{"type":"Feature","properties":{"u":1421829996,"v":1117723913,"length":20.357,"highway":"unclassified"},"geometry":{"type":"LineString","coordinates":[[12.72868,46.147301],[12.728717,46.147282],[12.728758,46.147273],[12.728811,46.147277],[12.728849,46.147292],[12.728883,46.147322],[12.728891,46.147337]]}},{"type":"Feature","properties":{"u":1421830158,"v":1421830135,"length":102.549,"highway":"residential"},"geometry":{"type":"LineString","coordinates":[[12.711228,46.156167],[12.710957,46.155548],[12.711337,46.155467]]}},{"type":"Feature","properties":{"u":1421830170,"v":1421830169,"length":132.805,"highway":"residential"},"geometry":{"type":"LineString","coordinates":[[12.707152,46.156582],[12.708865,46.156446]]}},{"type":"Feature","properties":{"u":1421830169,"v":1421830158,"length":184.938,"highway":"residential"},"geometry":{"type":"LineString","coordinates":[[12.708865,46.156446],[12.709633,46.156399],[12.71049,46.156264],[12.711228,46.156167]]}},{"type":"Feature","properties":{"u":1421830158,"v":1421830157,"length":45.538,"highway":"residential"},"geometry":{"type":"LineString","coordinates":[[12.711228,46.156167],[12.711819,46.156156]]}},{"type":"Feature","properties":{"u":1117723954,"v":1117723917,"length":217.32,"highway":"tertiary"},"geometry":{"type":"LineString","coordinates":[[12.733083,46.154701],[12.73318,46.154581],[12.734356,46.152957]]}},{"type":"Feature","properties":{"u":1117723917,"v":1117723891,"length":746.073,"highway":"tertiary"},"geometry":{"type":"LineString","coordinates":[[12.734356,46.152957],[12.734624,46.152628],[12.734795,46.15239],[12.735021,46.151996],[12.735461,46.151037],[12.735782,46.150398],[12.735857,46.150153],[12.735857,46.149729],[12.735825,46.149365],[12.73589,46.149246],[12.736351,46.148726],[12.736512,46.148517],[12.736587,46.148309],[12.736544,46.147834],[12.736503,46.146579]]}},{"type":"Feature","properties":{"u":1117723891,"v":662248898,"length":1147.978,"highway":"tertiary"},"geometry":{"type":"LineString","coordinates":[[12.736503,46.146579],[12.736533,46.146459],[12.737435,46.14463],[12.737456,46.144444],[12.737488,46.144162],[12.73692,46.142675],[12.736533,46.141753],[12.73648,46.14159],[12.736501,46.141493],[12.736651,46.141404],[12.737628,46.141077],[12.738593,46.140757],[12.739156,46.140504],[12.739654,46.140254],[12.740922,46.139605],[12.741585,46.139271],[12.742022,46.13896],[12.742394,46.138627]]}},{"type":"Feature","properties":{"u":1421830280,"v":1421830282,"length":128.769,"highway":"residential"},"geometry":{"type":"LineString","coordinates":[[12.702698,46.161758],[12.701029,46.161827]]}},{"type":"Feature","properties":{"u":1889582049,"v":4252110506,"length":92.552,"highway":"unclassified"},"geometry":{"type":"LineString","coordinates":[[12.717382,46.15148],[12.717331,46.151454],[12.717261,46.15143],[12.717211,46.151419],[12.717174,46.151411],[12.717024,46.151377],[12.716805,46.151314],[12.716289,46.15114]]}},{"type":"Feature","properties":{"u":4252110506,"v":1421830032,"length":182.299,"highway":"unclassified"},"geometry":{"type":"LineString","coordinates":[[12.716289,46.15114],[12.71417,46.15041]]}},{"type":"Feature","properties":{"u":1421830032,"v":655372397,"length":180.547,"highway":"unclassified"},"geometry":{"type":"LineString","coordinates":[[12.71417,46.15041],[12.712065,46.149696]]}},{"type":"Feature","properties":{"u":655372397,"v":1110870293,"length":242.409,"highway":"unclassified"},"geometry":{"type":"LineString","coordinates":[[12.712065,46.149696],[12.711374,46.149471],[12.711349,46.149462],[12.710703,46.149234],[12.710523,46.149167],[12.710378,46.149101],[12.710159,46.148989],[12.709902,46.148842],[12.709694,46.148715],[12.709569,46.148654],[12.709459,46.148643],[12.709354,46.14865]]}},{"type":"Feature","properties":{"u":11946296903,"v":1110905495,"length":9.573,"highway":"unclassified"},"geometry":{"type":"LineString","coordinates":[[12.725236,46.153916],[12.725265,46.153954],[12.725279,46.153996]]}},{"type":"Feature","properties":{"u":1110905495,"v":1421830110,"length":19.335,"highway":"unclassified"},"geometry":{"type":"LineString","coordinates":[[12.725279,46.153996],[12.725278,46.15404],[12.725261,46.154082],[12.72523,46.154119],[12.725186,46.15415]]}},{"type":"Feature","properties":{"u":1421830110,"v":1889582026,"length":21.648,"highway":"unclassified"},"geometry":{"type":"LineString","coordinates":[[12.725186,46.15415],[12.725138,46.154171],[12.725086,46.154184],[12.72503,46.154188],[12.724974,46.154183],[12.724921,46.15417]]}},{"type":"Feature","properties":{"u":1889582026,"v":8195823261,"length":17.453,"highway":"unclassified"},"geometry":{"type":"LineString","coordinates":[[12.724921,46.15417],[12.724882,46.154154],[12.724849,46.154133],[12.724821,46.154108],[12.7248,46.15408],[12.724787,46.15405]]}},{"type":"Feature","properties":{"u":8195823261,"v":1421830091,"length":15.857,"highway":"unclassified"},"geometry":{"type":"LineString","coordinates":[[12.724787,46.15405],[12.724782,46.154003],[12.724796,46.153956],[12.724828,46.153914]]}},{"type":"Feature","properties":{"u":1421830091,"v":1421830087,"length":17.344,"highway":"unclassified"},"geometry":{"type":"LineString","coordinates":[[12.724828,46.153914],[12.72488,46.153877],[12.724946,46.153852],[12.72502,46.153842]]}},{"type":"Feature","properties":{"u":1421830087,"v":11946296903,"length":19.299,"highway":"unclassified"},"geometry":{"type":"LineString","coordinates":[[12.72502,46.153842],[12.725083,46.153846],[12.725142,46.15386],[12.725194,46.153884],[12.725236,46.153916]]}},{"type":"Feature","properties":{"u":1110905515,"v":1423039797,"length":39.083,"highway":"unclassified"},"geometry":{"type":"LineString","coordinates":[[12.725741,46.153331],[12.725969,46.153017]]}},{"type":"Feature","properties":{"u":1423039787,"v":9461732956,"length":271.861,"highway":"unclassified"},"geometry":{"type":"LineString","coordinates":[[12.727108,46.152854],[12.729032,46.153475],[12.730293,46.153907]]}},{"type":"Feature","properties":{"u":1423039787,"v":1423039788,"length":46.29,"highway":"unclassified"},"geometry":{"type":"LineString","coordinates":[[12.727108,46.152854],[12.726919,46.15282],[12.726767,46.152807],[12.726625,46.152802],[12.726515,46.152808]]}},{"type":"Feature","properties":{"u":662248984,"v":13622761985,"length":1155.377,"highway":"tertiary"},"geometry":{"type":"LineString","coordinates":[[12.746841,46.150276],[12.746693,46.150345],[12.746565,46.150418],[12.745985,46.150718],[12.745486,46.150999],[12.744767,46.151391],[12.744079,46.151762],[12.743245,46.152207],[12.742415,46.15266],[12.741663,46.153033],[12.741282,46.153204],[12.740141,46.153621],[12.739422,46.15382],[12.738417,46.154033],[12.73748,46.154167],[12.736819,46.15425],[12.736106,46.154333],[12.735119,46.154437],[12.734228,46.154539],[12.733593,46.154617]]}},{"type":"Feature","properties":{"u":1117723917,"v":1423039749,"length":491.58,"highway":"unclassified"},"geometry":{"type":"LineString","coordinates":[[12.734356,46.152957],[12.731812,46.152097],[12.728628,46.151008]]}},{"type":"Feature","properties":{"u":1423039731,"v":1423039721,"length":32.094,"highway":"unclassified"},"geometry":{"type":"LineString","coordinates":[[12.727909,46.150998],[12.727722,46.150897],[12.727633,46.150789]]}},{"type":"Feature","properties":{"u":1423039713,"v":1423039717,"length":38.771,"highway":"unclassified"},"geometry":{"type":"LineString","coordinates":[[12.727895,46.150415],[12.727915,46.150546],[12.728004,46.150754]]}},{"type":"Feature","properties":{"u":1423039715,"v":1423039717,"length":25.721,"highway":"unclassified"},"geometry":{"type":"LineString","coordinates":[[12.727671,46.150737],[12.728004,46.150754]]}},{"type":"Feature","properties":{"u":1423039717,"v":1423039749,"length":55.751,"highway":"unclassified"},"geometry":{"type":"LineString","coordinates":[[12.728004,46.150754],[12.728628,46.151008]]}},{"type":"Feature","properties":{"u":1423039749,"v":1423039731,"length":55.763,"highway":"unclassified"},"geometry":{"type":"LineString","coordinates":[[12.728628,46.151008],[12.72824,46.150974],[12.727909,46.150998]]}},{"type":"Feature","properties":{"u":1423039731,"v":1423039751,"length":51.38,"highway":"unclassified"},"geometry":{"type":"LineString","coordinates":[[12.727909,46.150998],[12.727333,46.151231]]}},{"type":"Feature","properties":{"u":1423039770,"v":1423039773,"length":24.952,"highway":"unclassified"},"geometry":{"type":"LineString","coordinates":[[12.726222,46.152646],[12.726335,46.152629],[12.726439,46.152623],[12.72654,46.15264]]}},{"type":"Feature","properties":{"u":1423039788,"v":1423039770,"length":29.887,"highway":"unclassified"},"geometry":{"type":"LineString","coordinates":[[12.726515,46.152808],[12.726438,46.152796],[12.726362,46.152763],[12.726222,46.152646]]}},{"type":"Feature","properties":{"u":1110905581,"v":1423039773,"length":33.679,"highway":"unclassified"},"geometry":{"type":"LineString","coordinates":[[12.726422,46.152361],[12.726417,46.15243],[12.726428,46.152499],[12.726454,46.152559],[12.726489,46.152605],[12.72654,46.15264]]}},{"type":"Feature","properties":{"u":1423281762,"v":1423281783,"length":47.372,"highway":"residential"},"geometry":{"type":"LineString","coordinates":[[12.700327,46.167212],[12.700591,46.167366],[12.700805,46.16748]]}},{"type":"Feature","properties":{"u":1423281783,"v":1423492578,"length":224.513,"highway":"residential"},"geometry":{"type":"LineString","coordinates":[[12.700805,46.16748],[12.701135,46.167667],[12.701505,46.167844],[12.701912,46.168067],[12.702598,46.168453],[12.703092,46.168731]]}},{"type":"Feature","properties":{"u":1423492578,"v":1423281858,"length":85.35,"highway":"residential"},"geometry":{"type":"LineString","coordinates":[[12.703092,46.168731],[12.703468,46.168943],[12.703992,46.169177]]}},{"type":"Feature","properties":{"u":1423281858,"v":1423281866,"length":41.822,"highway":"residential"},"geometry":{"type":"LineString","coordinates":[[12.703992,46.169177],[12.704397,46.169308],[12.704493,46.169311]]}},{"type":"Feature","properties":{"u":1423281699,"v":1423281745,"length":135.727,"highway":"residential"},"geometry":{"type":"LineString","coordinates":[[12.694394,46.166086],[12.694549,46.166185],[12.694735,46.166339],[12.694757,46.166415],[12.694755,46.16662],[12.694866,46.166716],[12.695002,46.166803],[12.695141,46.166959],[12.69524,46.1671]]}},{"type":"Feature","properties":{"u":318680016,"v":1423281656,"length":242.159,"highway":"residential"},"geometry":{"type":"LineString","coordinates":[[12.694609,46.16579],[12.69485,46.165456],[12.69509,46.165206],[12.695324,46.16497],[12.695493,46.164813],[12.695719,46.164602],[12.695875,46.164479],[12.696042,46.164295],[12.696293,46.163959]]}},{"type":"Feature","properties":{"u":1423281656,"v":1423281634,"length":76.404,"highway":"residential"},"geometry":{"type":"LineString","coordinates":[[12.696293,46.163959],[12.696357,46.163857],[12.696518,46.163292]]}},{"type":"Feature","properties":{"u":1423281634,"v":1423281601,"length":117.676,"highway":"residential"},"geometry":{"type":"LineString","coordinates":[[12.696518,46.163292],[12.696589,46.162757],[12.696625,46.162431],[12.696629,46.16234],[12.696633,46.162237]]}},{"type":"Feature","properties":{"u":1423281626,"v":1423281602,"length":84.056,"highway":"residential"},"geometry":{"type":"LineString","coordinates":[[12.694059,46.163017],[12.69432,46.162283]]}},{"type":"Feature","properties":{"u":1423281621,"v":1423281598,"length":83.509,"highway":"residential"},"geometry":{"type":"LineString","coordinates":[[12.69299,46.162825],[12.693262,46.162098]]}},{"type":"Feature","properties":{"u":318680014,"v":1423281757,"length":79.971,"highway":"residential"},"geometry":{"type":"LineString","coordinates":[[12.696959,46.166576],[12.696906,46.166655],[12.696791,46.16671],[12.696627,46.166813],[12.696482,46.166922],[12.696356,46.167056],[12.696318,46.167125]]}},{"type":"Feature","properties":{"u":1423281703,"v":1423281690,"length":93.084,"highway":"residential"},"geometry":{"type":"LineString","coordinates":[[12.703584,46.16622],[12.702488,46.165867]]}},{"type":"Feature","properties":{"u":1423281656,"v":1429391875,"length":333.339,"highway":"residential"},"geometry":{"type":"LineString","coordinates":[[12.696293,46.163959],[12.695391,46.163768],[12.695052,46.163724],[12.69452,46.163716],[12.693914,46.163755],[12.693712,46.163731],[12.693379,46.163621],[12.692996,46.16349],[12.692732,46.163472],[12.692099,46.163463]]}},{"type":"Feature","properties":{"u":1429391875,"v":1423281600,"length":422.138,"highway":"residential"},"geometry":{"type":"LineString","coordinates":[[12.692099,46.163463],[12.691921,46.163461],[12.690869,46.163178],[12.690036,46.162994],[12.68952,46.162858],[12.689281,46.162796],[12.688597,46.162612],[12.687934,46.162436],[12.686964,46.162159]]}},{"type":"Feature","properties":{"u":1423281581,"v":1423281579,"length":242.847,"highway":"residential"},"geometry":{"type":"LineString","coordinates":[[12.693638,46.160959],[12.693747,46.160454],[12.692543,46.160056],[12.692479,46.160804]]}},{"type":"Feature","properties":{"u":1423281662,"v":13754512230,"length":95.562,"highway":"residential"},"geometry":{"type":"LineString","coordinates":[[12.69787,46.164111],[12.69767,46.164091],[12.69747,46.164064],[12.697098,46.164029],[12.697039,46.164028],[12.696642,46.163991]]}},{"type":"Feature","properties":{"u":13754512230,"v":1423281656,"length":27.112,"highway":"residential"},"geometry":{"type":"LineString","coordinates":[[12.696642,46.163991],[12.696293,46.163959]]}},{"type":"Feature","properties":{"u":1423281811,"v":1423281838,"length":88.898,"highway":"residential"},"geometry":{"type":"LineString","coordinates":[[12.697826,46.167713],[12.697933,46.167785],[12.698105,46.167881],[12.698233,46.167921],[12.698619,46.168007],[12.698729,46.168015],[12.698852,46.167991]]}},{"type":"Feature","properties":{"u":1423281838,"v":1423281762,"length":143.604,"highway":"residential"},"geometry":{"type":"LineString","coordinates":[[12.698852,46.167991],[12.699159,46.167876],[12.699824,46.167547],[12.70015,46.167344],[12.700327,46.167212]]}},{"type":"Feature","properties":{"u":1423281811,"v":1423281849,"length":132.666,"highway":"residential"},"geometry":{"type":"LineString","coordinates":[[12.697826,46.167713],[12.697552,46.167752],[12.697245,46.167803],[12.697096,46.16789],[12.696924,46.168051],[12.696731,46.168146],[12.696434,46.168231],[12.696349,46.168228]]}},{"type":"Feature","properties":{"u":275048684,"v":1423281583,"length":104.945,"highway":"residential"},"geometry":{"type":"LineString","coordinates":[[12.695246,46.161996],[12.695371,46.161676],[12.695125,46.161414],[12.694937,46.161144]]}},{"type":"Feature","properties":{"u":326015267,"v":326015193,"length":135.021,"highway":"residential"},"geometry":{"type":"LineString","coordinates":[[12.698599,46.164922],[12.69869,46.164908],[12.698771,46.164897],[12.69884,46.164889],[12.698892,46.164882],[12.698929,46.164867],[12.69894,46.164839],[12.698943,46.164815],[12.698948,46.164772],[12.698951,46.164735],[12.698951,46.164698],[12.698946,46.164646],[12.698982,46.164537],[12.699043,46.164407],[12.699131,46.164295],[12.699161,46.16419],[12.699189,46.163981],[12.699222,46.163923]]}},{"type":"Feature","properties":{"u":1423281634,"v":1423281630,"length":107.39,"highway":"residential"},"geometry":{"type":"LineString","coordinates":[[12.696518,46.163292],[12.695163,46.163064]]}},{"type":"Feature","properties":{"u":1423281630,"v":1423281626,"length":86.341,"highway":"residential"},"geometry":{"type":"LineString","coordinates":[[12.695163,46.163064],[12.69485,46.163019],[12.694285,46.163058],[12.694059,46.163017]]}},{"type":"Feature","properties":{"u":1423281626,"v":1423281621,"length":85.054,"highway":"residential"},"geometry":{"type":"LineString","coordinates":[[12.694059,46.163017],[12.693483,46.162911],[12.69299,46.162825]]}},{"type":"Feature","properties":{"u":1423281621,"v":1429391850,"length":51.239,"highway":"residential"},"geometry":{"type":"LineString","coordinates":[[12.69299,46.162825],[12.692345,46.162712]]}},{"type":"Feature","properties":{"u":1429391850,"v":11348136924,"length":97.839,"highway":"residential"},"geometry":{"type":"LineString","coordinates":[[12.692345,46.162712],[12.691976,46.162647],[12.691916,46.162596],[12.691914,46.162549],[12.691947,46.162465],[12.69208,46.162059]]}},{"type":"Feature","properties":{"u":11348136924,"v":1423281595,"length":66.555,"highway":"residential"},"geometry":{"type":"LineString","coordinates":[[12.69208,46.162059],[12.69227,46.161557],[12.692299,46.16148]]}},{"type":"Feature","properties":{"u":1425732632,"v":1423281587,"length":314.231,"highway":"residential"},"geometry":{"type":"LineString","coordinates":[[12.687243,46.161733],[12.688302,46.161555],[12.689191,46.161496],[12.689822,46.161453],[12.690746,46.161386],[12.691153,46.161361],[12.69118,46.161338],[12.691233,46.161294]]}},{"type":"Feature","properties":{"u":295280096,"v":1423281875,"length":143.782,"highway":"residential"},"geometry":{"type":"LineString","coordinates":[[12.707417,46.16871],[12.707078,46.169289],[12.706803,46.169362],[12.706606,46.169379],[12.706302,46.169629]]}},{"type":"Feature","properties":{"u":1423281575,"v":1423281565,"length":99.95,"highway":"residential"},"geometry":{"type":"LineString","coordinates":[[12.690977,46.160589],[12.691034,46.159691]]}},{"type":"Feature","properties":{"u":1423281578,"v":1423281568,"length":108.076,"highway":"residential"},"geometry":{"type":"LineString","coordinates":[[12.691703,46.1607],[12.691765,46.159729]]}},{"type":"Feature","properties":{"u":318680016,"v":1425732685,"length":241.863,"highway":"unclassified"},"geometry":{"type":"LineString","coordinates":[[12.694609,46.16579],[12.692673,46.165322],[12.691632,46.165098]]}},{"type":"Feature","properties":{"u":1425732685,"v":318680017,"length":70.285,"highway":"unclassified"},"geometry":{"type":"LineString","coordinates":[[12.691632,46.165098],[12.690758,46.164916]]}},{"type":"Feature","properties":{"u":318680017,"v":1429391914,"length":177.764,"highway":"unclassified"},"geometry":{"type":"LineString","coordinates":[[12.690758,46.164916],[12.689673,46.164707],[12.688517,46.164536]]}},{"type":"Feature","properties":{"u":1429391914,"v":1425732671,"length":34.572,"highway":"unclassified"},"geometry":{"type":"LineString","coordinates":[[12.688517,46.164536],[12.688078,46.164471]]}},{"type":"Feature","properties":{"u":1425732671,"v":318680019,"length":107.294,"highway":"unclassified"},"geometry":{"type":"LineString","coordinates":[[12.688078,46.164471],[12.68758,46.164428],[12.687264,46.164425],[12.686991,46.164446],[12.686704,46.164508]]}},{"type":"Feature","properties":{"u":1423281699,"v":1425732705,"length":261.653,"highway":"unclassified"},"geometry":{"type":"LineString","coordinates":[[12.694394,46.166086],[12.694044,46.166069],[12.693499,46.166018],[12.693111,46.166003],[12.692821,46.166005],[12.692534,46.166046],[12.692231,46.16608],[12.692052,46.166086],[12.691798,46.166064],[12.691494,46.166047],[12.691016,46.166043]]}},{"type":"Feature","properties":{"u":1423492472,"v":1423492460,"length":105.395,"highway":"residential"},"geometry":{"type":"LineString","coordinates":[[12.703925,46.165691],[12.702677,46.165302]]}},{"type":"Feature","properties":{"u":1423492616,"v":1423492648,"length":79.242,"highway":"unclassified"},"geometry":{"type":"LineString","coordinates":[[12.709848,46.169883],[12.710302,46.16995],[12.710854,46.170033]]}},{"type":"Feature","properties":{"u":1423492578,"v":1423492627,"length":156.097,"highway":"residential"},"geometry":{"type":"LineString","coordinates":[[12.703092,46.168731],[12.702443,46.169461],[12.702057,46.169899],[12.702022,46.169922]]}},{"type":"Feature","properties":{"u":1423492741,"v":1425732730,"length":80.857,"highway":"residential"},"geometry":{"type":"LineString","coordinates":[[12.70741,46.171577],[12.707392,46.171586],[12.706733,46.171909],[12.706547,46.171991]]}},{"type":"Feature","properties":{"u":1425732730,"v":1423492764,"length":182.978,"highway":"residential"},"geometry":{"type":"LineString","coordinates":[[12.706547,46.171991],[12.70629,46.172103],[12.7061,46.172189],[12.705893,46.172282],[12.705329,46.172495],[12.704926,46.172645],[12.70449,46.172813]]}},{"type":"Feature","properties":{"u":1423492476,"v":1423492480,"length":41.975,"highway":"residential"},"geometry":{"type":"LineString","coordinates":[[12.706799,46.166042],[12.706843,46.166041],[12.7069,46.166041],[12.707181,46.166043],[12.707251,46.166044],[12.707344,46.166044]]}},{"type":"Feature","properties":{"u":1423492480,"v":1423492463,"length":77.551,"highway":"residential"},"geometry":{"type":"LineString","coordinates":[[12.707344,46.166044],[12.707503,46.165999],[12.707601,46.16588],[12.707776,46.165688],[12.707942,46.165507]]}},{"type":"Feature","properties":{"u":1423492764,"v":1423492786,"length":367.434,"highway":"residential"},"geometry":{"type":"LineString","coordinates":[[12.70449,46.172813],[12.704527,46.173002],[12.704657,46.17332],[12.704868,46.173798],[12.705106,46.174289],[12.705253,46.174646],[12.705493,46.174969],[12.705616,46.175149],[12.705909,46.175367],[12.706415,46.17577]]}},{"type":"Feature","properties":{"u":1423492786,"v":1423492804,"length":187.722,"highway":"residential"},"geometry":{"type":"LineString","coordinates":[[12.706415,46.17577],[12.706936,46.176258],[12.707443,46.176722],[12.707711,46.176966],[12.707873,46.177123]]}},{"type":"Feature","properties":{"u":1423492580,"v":1423492503,"length":187.558,"highway":"residential"},"geometry":{"type":"LineString","coordinates":[[12.707708,46.168689],[12.70823,46.167319],[12.708255,46.16711],[12.708261,46.16705]]}},{"type":"Feature","properties":{"u":1423281838,"v":1423492591,"length":109.833,"highway":"residential"},"geometry":{"type":"LineString","coordinates":[[12.698852,46.167991],[12.69884,46.168184],[12.698787,46.168526],[12.698782,46.168675],[12.698787,46.168898],[12.698825,46.168972]]}},{"type":"Feature","properties":{"u":1423492497,"v":1423492556,"length":217.312,"highway":"residential"},"geometry":{"type":"LineString","coordinates":[[12.70571,46.166472],[12.705541,46.16705],[12.705556,46.167158],[12.705611,46.167233],[12.705693,46.1673],[12.705794,46.167372],[12.705855,46.167417],[12.70587,46.167475],[12.705834,46.167646],[12.705698,46.168192],[12.705686,46.168328]]}},{"type":"Feature","properties":{"u":1423281866,"v":1423492651,"length":316.326,"highway":"residential"},"geometry":{"type":"LineString","coordinates":[[12.704493,46.169311],[12.704494,46.169354],[12.70449,46.169385],[12.704377,46.169655],[12.704328,46.169923],[12.704174,46.170516],[12.704129,46.170524],[12.703606,46.170523],[12.70331,46.170536],[12.702882,46.170573],[12.70273,46.170485],[12.702607,46.170389],[12.702349,46.170184],[12.702156,46.170062]]}},{"type":"Feature","properties":{"u":1423492651,"v":1423492627,"length":18.677,"highway":"residential"},"geometry":{"type":"LineString","coordinates":[[12.702156,46.170062],[12.702022,46.169922]]}},{"type":"Feature","properties":{"u":1423492627,"v":1423492606,"length":49.568,"highway":"residential"},"geometry":{"type":"LineString","coordinates":[[12.702022,46.169922],[12.701874,46.169819],[12.701531,46.169635]]}},{"type":"Feature","properties":{"u":1423492651,"v":1423492729,"length":88.771,"highway":"residential"},"geometry":{"type":"LineString","coordinates":[[12.702156,46.170062],[12.701997,46.170147],[12.70174,46.170341],[12.701424,46.170671]]}},{"type":"Feature","properties":{"u":1423492729,"v":1423492739,"length":34.683,"highway":"residential"},"geometry":{"type":"LineString","coordinates":[[12.701424,46.170671],[12.701201,46.170942]]}},{"type":"Feature","properties":{"u":295280474,"v":9890662012,"length":39.523,"highway":"unclassified"},"geometry":{"type":"LineString","coordinates":[[12.708378,46.171043],[12.708328,46.171049],[12.708313,46.171053],[12.708279,46.171061],[12.708251,46.171068],[12.708012,46.171164],[12.707924,46.171203]]}},{"type":"Feature","properties":{"u":1423492497,"v":309428679,"length":103.523,"highway":"residential"},"geometry":{"type":"LineString","coordinates":[[12.70571,46.166472],[12.705378,46.166472],[12.704691,46.166509],[12.704372,46.166473]]}},{"type":"Feature","properties":{"u":1423492696,"v":1423492610,"length":76.613,"highway":"residential"},"geometry":{"type":"LineString","coordinates":[[12.706013,46.170362],[12.70604,46.170339],[12.706131,46.170259],[12.706216,46.170164],[12.706291,46.170077],[12.706362,46.169915],[12.706393,46.169884],[12.706508,46.169772]]}},{"type":"Feature","properties":{"u":1423492729,"v":1423492595,"length":174.788,"highway":"residential"},"geometry":{"type":"LineString","coordinates":[[12.701424,46.170671],[12.699946,46.169478]]}},{"type":"Feature","properties":{"u":1423492764,"v":565522275,"length":70.359,"highway":"unclassified"},"geometry":{"type":"LineString","coordinates":[[12.70449,46.172813],[12.704466,46.172731],[12.704412,46.172708],[12.704292,46.172723],[12.704219,46.172731],[12.70386,46.172792],[12.7037,46.172817]]}},{"type":"Feature","properties":{"u":7952540809,"v":1423492696,"length":35.122,"highway":"unclassified"},"geometry":{"type":"LineString","coordinates":[[12.706336,46.170585],[12.706197,46.17049],[12.706062,46.170397],[12.706013,46.170362]]}},{"type":"Feature","properties":{"u":1423492696,"v":295280664,"length":132.28,"highway":"unclassified"},"geometry":{"type":"LineString","coordinates":[[12.706013,46.170362],[12.705595,46.170074],[12.70555,46.170043],[12.705239,46.169788],[12.705061,46.169639],[12.705001,46.169582],[12.704988,46.169567],[12.704945,46.169516],[12.704906,46.169459]]}},{"type":"Feature","properties":{"u":275052132,"v":275052139,"length":52.599,"highway":"primary_link"},"geometry":{"type":"LineString","coordinates":[[12.603662,46.195525],[12.604128,46.195179]]}},{"type":"Feature","properties":{"u":275052139,"v":13314529804,"length":177.682,"highway":"primary_link","maxspeed":50},"geometry":{"type":"LineString","coordinates":[[12.604128,46.195179],[12.604215,46.195121],[12.604291,46.195088],[12.60435,46.195075],[12.60443,46.195068],[12.604528,46.19507],[12.6049,46.19508],[12.605021,46.195087],[12.605171,46.195107],[12.605462,46.195163],[12.605622,46.195184],[12.605776,46.195193],[12.605906,46.195191],[12.606048,46.195184],[12.606217,46.195183],[12.606259,46.195186],[12.606298,46.195197],[12.606324,46.195211],[12.606344,46.195229]]}},{"type":"Feature","properties":{"u":295281002,"v":295281005,"length":44.018,"highway":"unclassified"},"geometry":{"type":"LineString","coordinates":[[12.709172,46.172967],[12.709162,46.172955],[12.70911,46.172891],[12.708889,46.172731],[12.708802,46.172668]]}},{"type":"Feature","properties":{"u":1424198019,"v":965436962,"length":18.232,"highway":"residential"},"geometry":{"type":"LineString","coordinates":[[12.70964,46.173361],[12.709409,46.173397]]}},{"type":"Feature","properties":{"u":1424198019,"v":1424198024,"length":12.301,"highway":"residential"},"geometry":{"type":"LineString","coordinates":[[12.70964,46.173361],[12.70963,46.173399],[12.70963,46.173471]]}},{"type":"Feature","properties":{"u":1424198001,"v":1424198019,"length":54.354,"highway":"residential"},"geometry":{"type":"LineString","coordinates":[[12.710219,46.173084],[12.709933,46.173244],[12.70964,46.173361]]}},{"type":"Feature","properties":{"u":1424198054,"v":1424198075,"length":136.385,"highway":"residential"},"geometry":{"type":"LineString","coordinates":[[12.712799,46.173916],[12.713163,46.173923],[12.713758,46.173923],[12.714039,46.173936],[12.714129,46.173955],[12.714264,46.174053],[12.714437,46.174169]]}},{"type":"Feature","properties":{"u":1424198075,"v":1424198116,"length":156.229,"highway":"residential"},"geometry":{"type":"LineString","coordinates":[[12.714437,46.174169],[12.714384,46.174274],[12.714382,46.174432],[12.714367,46.174627],[12.714388,46.174677],[12.714485,46.174788],[12.714622,46.174892],[12.71482,46.175006],[12.715068,46.175123],[12.715328,46.175269]]}},{"type":"Feature","properties":{"u":275048700,"v":3839082071,"length":27.528,"highway":"unclassified"},"geometry":{"type":"LineString","coordinates":[[12.709426,46.172403],[12.709619,46.172534],[12.709672,46.172582]]}},{"type":"Feature","properties":{"u":3839082071,"v":1424197995,"length":51.284,"highway":"unclassified"},"geometry":{"type":"LineString","coordinates":[[12.709672,46.172582],[12.709778,46.172677],[12.710081,46.172946]]}},{"type":"Feature","properties":{"u":1424197995,"v":1424198001,"length":18.665,"highway":"unclassified"},"geometry":{"type":"LineString","coordinates":[[12.710081,46.172946],[12.710219,46.173084]]}},{"type":"Feature","properties":{"u":1424198001,"v":1424198049,"length":186.361,"highway":"unclassified"},"geometry":{"type":"LineString","coordinates":[[12.710219,46.173084],[12.710382,46.173199],[12.710677,46.173354],[12.71103,46.173482],[12.711442,46.173588],[12.711773,46.17368],[12.712354,46.173835]]}},{"type":"Feature","properties":{"u":1424198049,"v":1424198054,"length":35.593,"highway":"unclassified"},"geometry":{"type":"LineString","coordinates":[[12.712354,46.173835],[12.71258,46.173892],[12.712799,46.173916]]}},{"type":"Feature","properties":{"u":1424198054,"v":1424198119,"length":226.165,"highway":"unclassified"},"geometry":{"type":"LineString","coordinates":[[12.712799,46.173916],[12.712936,46.174014],[12.713107,46.174152],[12.713231,46.174284],[12.713277,46.174359],[12.713284,46.174456],[12.713284,46.174567],[12.713314,46.174683],[12.713374,46.174874],[12.713403,46.175081],[12.713452,46.175268],[12.713506,46.175464],[12.713576,46.175608],[12.713697,46.175796]]}},{"type":"Feature","properties":{"u":295280964,"v":295280975,"length":136.719,"highway":"unclassified"},"geometry":{"type":"LineString","coordinates":[[12.710563,46.177753],[12.71067,46.177531],[12.710728,46.177401],[12.710796,46.177248],[12.710844,46.177036],[12.710836,46.176792],[12.710793,46.176595],[12.710784,46.176554]]}},{"type":"Feature","properties":{"u":965436962,"v":1424198024,"length":18.902,"highway":"residential"},"geometry":{"type":"LineString","coordinates":[[12.709409,46.173397],[12.70963,46.173471]]}},{"type":"Feature","properties":{"u":1424198024,"v":1425733007,"length":293.175,"highway":"residential"},"geometry":{"type":"LineString","coordinates":[[12.70963,46.173471],[12.709765,46.173529],[12.710211,46.173731],[12.710574,46.173903],[12.710994,46.174088],[12.711241,46.174238],[12.71146,46.174418],[12.711617,46.174576],[12.711763,46.174756],[12.711853,46.174926],[12.711923,46.175106],[12.711965,46.175223],[12.711956,46.175382]]}},{"type":"Feature","properties":{"u":1424198049,"v":1424198017,"length":66.634,"highway":"residential"},"geometry":{"type":"LineString","coordinates":[[12.712354,46.173835],[12.712874,46.173356]]}},{"type":"Feature","properties":{"u":1424198075,"v":1425732811,"length":65.96,"highway":"unclassified"},"geometry":{"type":"LineString","coordinates":[[12.714437,46.174169],[12.714609,46.173995],[12.714764,46.173799],[12.714851,46.173652]]}},{"type":"Feature","properties":{"u":1425732811,"v":1425732733,"length":166.64,"highway":"unclassified"},"geometry":{"type":"LineString","coordinates":[[12.714851,46.173652],[12.714935,46.173511],[12.715061,46.173272],[12.715166,46.173122],[12.71531,46.172986],[12.715513,46.172848],[12.715748,46.172676],[12.71609,46.172457]]}},{"type":"Feature","properties":{"u":1425732733,"v":1424197972,"length":11.428,"highway":"unclassified"},"geometry":{"type":"LineString","coordinates":[[12.71609,46.172457],[12.716193,46.172383]]}},{"type":"Feature","properties":{"u":1423492741,"v":1425732732,"length":126.292,"highway":"unclassified"},"geometry":{"type":"LineString","coordinates":[[12.70741,46.171577],[12.707811,46.171938],[12.708039,46.172128],[12.708339,46.17238],[12.708454,46.172451]]}},{"type":"Feature","properties":{"u":1425732732,"v":295281005,"length":36.059,"highway":"unclassified"},"geometry":{"type":"LineString","coordinates":[[12.708454,46.172451],[12.708729,46.172622],[12.708802,46.172668]]}},{"type":"Feature","properties":{"u":1424197995,"v":3839082069,"length":51.678,"highway":"residential"},"geometry":{"type":"LineString","coordinates":[[12.710081,46.172946],[12.710305,46.172774],[12.71047,46.172609],[12.710498,46.172583]]}},{"type":"Feature","properties":{"u":3839082069,"v":1424197963,"length":136.107,"highway":"residential"},"geometry":{"type":"LineString","coordinates":[[12.710498,46.172583],[12.710719,46.172383],[12.711059,46.1721],[12.711341,46.171858],[12.711592,46.171622]]}},{"type":"Feature","properties":{"u":1424197962,"v":1424197963,"length":69.172,"highway":"residential"},"geometry":{"type":"LineString","coordinates":[[12.710836,46.171286],[12.710892,46.171311],[12.711592,46.171622]]}},{"type":"Feature","properties":{"u":1424197963,"v":1424197965,"length":41.165,"highway":"residential"},"geometry":{"type":"LineString","coordinates":[[12.711592,46.171622],[12.71204,46.171824]]}},{"type":"Feature","properties":{"u":295280657,"v":275048700,"length":37.002,"highway":"unclassified"},"geometry":{"type":"LineString","coordinates":[[12.70902,46.172581],[12.709318,46.172451],[12.709426,46.172403]]}},{"type":"Feature","properties":{"u":3282034260,"v":1424197962,"length":73.343,"highway":"unclassified"},"geometry":{"type":"LineString","coordinates":[[12.711562,46.17086],[12.711422,46.170928],[12.711336,46.170979],[12.711265,46.171022],[12.711233,46.171042],[12.710836,46.171286]]}},{"type":"Feature","properties":{"u":1424197962,"v":295280644,"length":13.552,"highway":"unclassified"},"geometry":{"type":"LineString","coordinates":[[12.710836,46.171286],[12.710667,46.17132]]}},{"type":"Feature","properties":{"u":1425733085,"v":1425733118,"length":145.063,"highway":"residential"},"geometry":{"type":"LineString","coordinates":[[12.711092,46.177697],[12.71114,46.177793],[12.711174,46.177855],[12.711228,46.177914],[12.711286,46.177954],[12.711371,46.178006],[12.711437,46.178022],[12.711502,46.178032],[12.711558,46.178055],[12.711718,46.178136],[12.711809,46.178184],[12.711878,46.178234],[12.711928,46.178273],[12.712061,46.178392],[12.712211,46.178505],[12.712314,46.178574],[12.712386,46.178585]]}},{"type":"Feature","properties":{"u":275047838,"v":1425732950,"length":163.623,"highway":"primary","maxspeed":50},"geometry":{"type":"LineString","coordinates":[[12.72172,46.174296],[12.723453,46.174734],[12.723717,46.174799]]}},{"type":"Feature","properties":{"u":1425732950,"v":13754339408,"length":43.293,"highway":"primary","maxspeed":50},"geometry":{"type":"LineString","coordinates":[[12.723717,46.174799],[12.724247,46.174929]]}},{"type":"Feature","properties":{"u":1425732811,"v":1425732755,"length":118.19,"highway":"residential"},"geometry":{"type":"LineString","coordinates":[[12.714851,46.173652],[12.713584,46.173052]]}},{"type":"Feature","properties":{"u":1425732632,"v":552235404,"length":180.021,"highway":"residential"},"geometry":{"type":"LineString","coordinates":[[12.687243,46.161733],[12.686951,46.161744],[12.686552,46.161776],[12.686238,46.161765],[12.686016,46.161742],[12.685621,46.161701],[12.685158,46.161649],[12.684922,46.161648]]}},{"type":"Feature","properties":{"u":552235404,"v":552235423,"length":82.813,"highway":"residential"},"geometry":{"type":"LineString","coordinates":[[12.684922,46.161648],[12.684791,46.161647],[12.68447,46.161578],[12.684294,46.161528],[12.684053,46.161467],[12.683898,46.161436]]}},{"type":"Feature","properties":{"u":1425732857,"v":1425732844,"length":13.363,"highway":"residential"},"geometry":{"type":"LineString","coordinates":[[12.721286,46.173986],[12.721365,46.173879]]}},{"type":"Feature","properties":{"u":1425732842,"v":1425732857,"length":81.621,"highway":"residential"},"geometry":{"type":"LineString","coordinates":[[12.720409,46.173864],[12.72046,46.173798],[12.720527,46.17381],[12.721225,46.174046],[12.721286,46.173986]]}},{"type":"Feature","properties":{"u":1425732844,"v":1425732814,"length":1218.209,"highway":"residential"},"geometry":{"type":"LineString","coordinates":[[12.721365,46.173879],[12.721418,46.173784],[12.721381,46.173737],[12.721201,46.173627],[12.721066,46.173542],[12.721018,46.173488],[12.721011,46.173425],[12.721044,46.173367],[12.721115,46.173324],[12.721383,46.173207],[12.72163,46.173071],[12.721787,46.172994],[12.721921,46.17295],[12.72208,46.172905],[12.72221,46.172852],[12.722379,46.172756],[12.722474,46.172716],[12.722573,46.17269],[12.722722,46.172675],[12.723077,46.172658],[12.723422,46.172648],[12.723414,46.17277],[12.723297,46.173121],[12.723245,46.173283],[12.723115,46.173409],[12.722966,46.173507],[12.722831,46.173581],[12.722685,46.173649],[12.722547,46.173721],[12.722452,46.173773],[12.722361,46.173828],[12.722319,46.173887],[12.722343,46.174049],[12.72242,46.17421],[12.722471,46.174283],[12.722769,46.174365],[12.723212,46.174479],[12.723674,46.174533],[12.724055,46.174598],[12.72431,46.174627],[12.724868,46.174684],[12.7254,46.174711],[12.725524,46.174689],[12.725574,46.17465],[12.725606,46.174568],[12.725637,46.174515],[12.725692,46.174481],[12.725749,46.174472],[12.726003,46.174464],[12.726799,46.174432],[12.726933,46.174424],[12.727153,46.174377],[12.727353,46.174314],[12.727629,46.174211],[12.727879,46.174133],[12.728227,46.174073],[12.728819,46.173983],[12.730051,46.173799],[12.730922,46.173656],[12.731248,46.173617],[12.731322,46.173625],[12.731373,46.173687]]}},{"type":"Feature","properties":{"u":295280986,"v":1425732962,"length":96.011,"highway":"unclassified"},"geometry":{"type":"LineString","coordinates":[[12.710687,46.175679],[12.710642,46.175543],[12.710252,46.174997],[12.710192,46.17489]]}},{"type":"Feature","properties":{"u":1425732962,"v":965436962,"length":179.812,"highway":"unclassified"},"geometry":{"type":"LineString","coordinates":[[12.710192,46.17489],[12.709874,46.174319],[12.709549,46.173988],[12.709476,46.173881],[12.709462,46.173794],[12.709457,46.173736],[12.709443,46.173573],[12.709409,46.173397]]}},{"type":"Feature","properties":{"u":965436962,"v":295281002,"length":51.399,"highway":"unclassified"},"geometry":{"type":"LineString","coordinates":[[12.709409,46.173397],[12.70939,46.173317],[12.709172,46.172967]]}},{"type":"Feature","properties":{"u":1423281600,"v":1425732661,"length":147.626,"highway":"residential"},"geometry":{"type":"LineString","coordinates":[[12.686964,46.162159],[12.686824,46.162282],[12.686706,46.162445],[12.686593,46.162749],[12.686456,46.163132],[12.686359,46.163404]]}},{"type":"Feature","properties":{"u":1425732661,"v":1425732665,"length":29.338,"highway":"residential"},"geometry":{"type":"LineString","coordinates":[[12.686359,46.163404],[12.686229,46.163652]]}},{"type":"Feature","properties":{"u":1425732665,"v":318680021,"length":55.062,"highway":"residential"},"geometry":{"type":"LineString","coordinates":[[12.686229,46.163652],[12.68603,46.163958],[12.685937,46.164104]]}},{"type":"Feature","properties":{"u":1425732705,"v":1425732685,"length":115.801,"highway":"residential"},"geometry":{"type":"LineString","coordinates":[[12.691016,46.166043],[12.691103,46.165816],[12.691333,46.165473],[12.691632,46.165098]]}},{"type":"Feature","properties":{"u":1425732726,"v":1425732729,"length":219.865,"highway":"residential"},"geometry":{"type":"LineString","coordinates":[[12.712897,46.170537],[12.712943,46.170554],[12.713849,46.170884],[12.715374,46.171519]]}},{"type":"Feature","properties":{"u":318680019,"v":432818968,"length":53.619,"highway":"unclassified"},"geometry":{"type":"LineString","coordinates":[[12.686704,46.164508],[12.686434,46.164374],[12.686155,46.164212]]}},{"type":"Feature","properties":{"u":432818968,"v":318680021,"length":20.642,"highway":"unclassified"},"geometry":{"type":"LineString","coordinates":[[12.686155,46.164212],[12.685937,46.164104]]}},{"type":"Feature","properties":{"u":318680021,"v":565130357,"length":60.857,"highway":"unclassified"},"geometry":{"type":"LineString","coordinates":[[12.685937,46.164104],[12.685548,46.163983],[12.685216,46.16388]]}},{"type":"Feature","properties":{"u":318680019,"v":1425732682,"length":80.668,"highway":"unclassified"},"geometry":{"type":"LineString","coordinates":[[12.686704,46.164508],[12.686708,46.16456],[12.686786,46.164633],[12.686879,46.164713],[12.686992,46.164778],[12.687128,46.164812],[12.687302,46.164847],[12.687511,46.164895]]}},{"type":"Feature","properties":{"u":1425732682,"v":1425732705,"length":318.21,"highway":"unclassified"},"geometry":{"type":"LineString","coordinates":[[12.687511,46.164895],[12.687611,46.164972],[12.687814,46.165078],[12.688102,46.165204],[12.688349,46.165292],[12.688767,46.165401],[12.689311,46.165567],[12.689517,46.165639],[12.689628,46.165696],[12.689634,46.165732],[12.689631,46.165777],[12.689668,46.165833],[12.689754,46.165924],[12.689874,46.166007],[12.690026,46.166065],[12.69018,46.16608],[12.690648,46.166064],[12.691016,46.166043]]}},{"type":"Feature","properties":{"u":1429391926,"v":1425732682,"length":64.306,"highway":"residential"},"geometry":{"type":"LineString","coordinates":[[12.687556,46.165318],[12.687272,46.165187],[12.687346,46.165045],[12.687414,46.164958],[12.687511,46.164895]]}},{"type":"Feature","properties":{"u":1425732666,"v":1425732647,"length":163.389,"highway":"residential"},"geometry":{"type":"LineString","coordinates":[[12.682013,46.163831],[12.682268,46.16365],[12.682415,46.163555],[12.682517,46.163457],[12.682673,46.163302],[12.682834,46.163134],[12.682987,46.162938],[12.683181,46.162664],[12.683198,46.162628]]}},{"type":"Feature","properties":{"u":1425732647,"v":1425732619,"length":134.688,"highway":"residential"},"geometry":{"type":"LineString","coordinates":[[12.683198,46.162628],[12.683273,46.162469],[12.683436,46.162148],[12.683542,46.161954],[12.683683,46.16168],[12.683743,46.161555],[12.683784,46.161487]]}},{"type":"Feature","properties":{"u":1425733005,"v":1425733029,"length":48.925,"highway":"residential"},"geometry":{"type":"LineString","coordinates":[[12.707326,46.175347],[12.707394,46.175462],[12.707527,46.175764]]}},{"type":"Feature","properties":{"u":1425733029,"v":1425733039,"length":55.001,"highway":"residential"},"geometry":{"type":"LineString","coordinates":[[12.707527,46.175764],[12.708217,46.175892]]}},{"type":"Feature","properties":{"u":1425733039,"v":1425733059,"length":164.03,"highway":"residential"},"geometry":{"type":"LineString","coordinates":[[12.708217,46.175892],[12.708681,46.175991],[12.708915,46.176006],[12.709203,46.176008],[12.709502,46.176054],[12.709695,46.1761],[12.709793,46.176156],[12.709873,46.176246],[12.709927,46.176294],[12.710047,46.176441]]}},{"type":"Feature","properties":{"u":295280986,"v":1425733007,"length":105.951,"highway":"unclassified"},"geometry":{"type":"LineString","coordinates":[[12.710687,46.175679],[12.710959,46.175594],[12.711283,46.175456],[12.711407,46.175409],[12.711467,46.175389],[12.711625,46.175391],[12.711956,46.175382]]}},{"type":"Feature","properties":{"u":1425733007,"v":1424198119,"length":143.286,"highway":"unclassified"},"geometry":{"type":"LineString","coordinates":[[12.711956,46.175382],[12.712184,46.175423],[12.712352,46.175468],[12.712578,46.175546],[12.712809,46.175632],[12.713025,46.175704],[12.713259,46.175761],[12.71353,46.175796],[12.713697,46.175796]]}},{"type":"Feature","properties":{"u":1424198119,"v":1425733042,"length":74.305,"highway":"unclassified"},"geometry":{"type":"LineString","coordinates":[[12.713697,46.175796],[12.71406,46.175845],[12.714426,46.175903],[12.714642,46.175931]]}},{"type":"Feature","properties":{"u":1425733042,"v":1424198116,"length":91.887,"highway":"unclassified"},"geometry":{"type":"LineString","coordinates":[[12.714642,46.175931],[12.714777,46.175867],[12.714898,46.175776],[12.715059,46.175612],[12.715209,46.175396],[12.715328,46.175269]]}},{"type":"Feature","properties":{"u":1424198116,"v":1425732931,"length":190.735,"highway":"unclassified"},"geometry":{"type":"LineString","coordinates":[[12.715328,46.175269],[12.71548,46.175189],[12.715676,46.175107],[12.715797,46.175085],[12.715996,46.175077],[12.716218,46.175053],[12.716442,46.175004],[12.716855,46.174905],[12.717313,46.174733],[12.717586,46.174624]]}},{"type":"Feature","properties":{"u":1425732953,"v":1425733039,"length":174.809,"highway":"residential"},"geometry":{"type":"LineString","coordinates":[[12.707528,46.174867],[12.708119,46.174985],[12.708469,46.175058],[12.708517,46.175072],[12.708542,46.175101],[12.708538,46.175139],[12.708327,46.175631],[12.708217,46.175892]]}},{"type":"Feature","properties":{"u":1425732647,"v":1425732656,"length":105.709,"highway":"residential"},"geometry":{"type":"LineString","coordinates":[[12.683198,46.162628],[12.683504,46.162665],[12.683683,46.162663],[12.683848,46.162712],[12.684002,46.162788],[12.684107,46.162835],[12.684278,46.162868],[12.684484,46.162902]]}},{"type":"Feature","properties":{"u":1425732860,"v":1425732953,"length":91.893,"highway":"unclassified"},"geometry":{"type":"LineString","coordinates":[[12.707665,46.174054],[12.707622,46.174191],[12.7076,46.174325],[12.707628,46.174428],[12.707623,46.174581],[12.707587,46.174699],[12.707528,46.174867]]}},{"type":"Feature","properties":{"u":1425732953,"v":1425733005,"length":55.607,"highway":"unclassified"},"geometry":{"type":"LineString","coordinates":[[12.707528,46.174867],[12.707422,46.175138],[12.707326,46.175347]]}},{"type":"Feature","properties":{"u":1425733005,"v":1423492786,"length":84.454,"highway":"unclassified"},"geometry":{"type":"LineString","coordinates":[[12.707326,46.175347],[12.706415,46.17577]]}},{"type":"Feature","properties":{"u":1425733083,"v":1425733080,"length":37.425,"highway":"residential"},"geometry":{"type":"LineString","coordinates":[[12.720609,46.177503],[12.720718,46.177175]]}},{"type":"Feature","properties":{"u":965437793,"v":1425733090,"length":36.408,"highway":"residential"},"geometry":{"type":"LineString","coordinates":[[12.720479,46.177491],[12.720345,46.177805]]}},{"type":"Feature","properties":{"u":1425733086,"v":1425733059,"length":150.65,"highway":"residential"},"geometry":{"type":"LineString","coordinates":[[12.709928,46.177729],[12.709913,46.177524],[12.70989,46.177356],[12.709842,46.177175],[12.709789,46.177062],[12.709748,46.176962],[12.709742,46.176896],[12.709765,46.176819],[12.709807,46.176738],[12.709875,46.176617],[12.709922,46.176556],[12.70999,46.176501],[12.710047,46.176441]]}},{"type":"Feature","properties":{"u":1425733059,"v":295280979,"length":46.316,"highway":"residential"},"geometry":{"type":"LineString","coordinates":[[12.710047,46.176441],[12.710209,46.176367],[12.710434,46.176301],[12.710562,46.176231]]}},{"type":"Feature","properties":{"u":5780948844,"v":1425733097,"length":121.098,"highway":"residential"},"geometry":{"type":"LineString","coordinates":[[12.708505,46.17853],[12.708528,46.17856],[12.708604,46.178587],[12.708656,46.17859],[12.708767,46.178574],[12.708918,46.17855],[12.709126,46.178497],[12.709171,46.178475],[12.709312,46.178382],[12.709447,46.178277],[12.709588,46.178158],[12.7097,46.178026]]}},{"type":"Feature","properties":{"u":1425733097,"v":1425733099,"length":41.372,"highway":"residential"},"geometry":{"type":"LineString","coordinates":[[12.7097,46.178026],[12.709552,46.178084],[12.70933,46.178114],[12.709247,46.178035]]}},{"type":"Feature","properties":{"u":1425733089,"v":1425733086,"length":46.747,"highway":"residential"},"geometry":{"type":"LineString","coordinates":[[12.710529,46.17778],[12.710182,46.177766],[12.709928,46.177729]]}},{"type":"Feature","properties":{"u":1425733086,"v":1425733097,"length":37.41,"highway":"residential"},"geometry":{"type":"LineString","coordinates":[[12.709928,46.177729],[12.709863,46.177821],[12.7097,46.178026]]}},{"type":"Feature","properties":{"u":1425733097,"v":1425733109,"length":34.193,"highway":"residential"},"geometry":{"type":"LineString","coordinates":[[12.7097,46.178026],[12.70962,46.178162],[12.709662,46.17832]]}},{"type":"Feature","properties":{"u":1425732730,"v":1425732731,"length":122.194,"highway":"residential"},"geometry":{"type":"LineString","coordinates":[[12.706547,46.171991],[12.706932,46.172486],[12.707015,46.172522],[12.70716,46.172469],[12.707576,46.172261]]}},{"type":"Feature","properties":{"u":1425733111,"v":1425733138,"length":202.138,"highway":"residential"},"geometry":{"type":"LineString","coordinates":[[12.720125,46.178378],[12.720062,46.178611],[12.719926,46.179039],[12.719802,46.179376],[12.719762,46.179578],[12.719814,46.179634],[12.720019,46.179748],[12.72017,46.179758],[12.720512,46.179773]]}},{"type":"Feature","properties":{"u":295284259,"v":1425733140,"length":277.847,"highway":"residential"},"geometry":{"type":"LineString","coordinates":[[12.718771,46.178456],[12.718783,46.178866],[12.718834,46.179311],[12.718896,46.179569],[12.718789,46.179694],[12.718886,46.179873],[12.718927,46.179926],[12.718977,46.179993],[12.719098,46.180031],[12.719703,46.180015],[12.719906,46.179972],[12.720265,46.179941]]}},{"type":"Feature","properties":{"u":1423281587,"v":1423281577,"length":73.182,"highway":"residential"},"geometry":{"type":"LineString","coordinates":[[12.691233,46.161294],[12.691289,46.160637]]}},{"type":"Feature","properties":{"u":1425732860,"v":1425732907,"length":68.861,"highway":"residential"},"geometry":{"type":"LineString","coordinates":[[12.707665,46.174054],[12.707471,46.174124],[12.70727,46.174183],[12.707185,46.174224],[12.707152,46.174268],[12.707136,46.174463]]}},{"type":"Feature","properties":{"u":1425732714,"v":1423281858,"length":54.609,"highway":"residential"},"geometry":{"type":"LineString","coordinates":[[12.704502,46.168843],[12.70427,46.168948],[12.703992,46.169177]]}},{"type":"Feature","properties":{"u":1425733029,"v":1425733078,"length":155.318,"highway":"residential"},"geometry":{"type":"LineString","coordinates":[[12.707527,46.175764],[12.707502,46.175882],[12.707521,46.176125],[12.707654,46.176243],[12.707786,46.176355],[12.708044,46.176612],[12.708253,46.176818],[12.708342,46.176982]]}},{"type":"Feature","properties":{"u":1425732950,"v":1425732979,"length":158.674,"highway":"residential"},"geometry":{"type":"LineString","coordinates":[[12.723717,46.174799],[12.723274,46.174823],[12.722675,46.174837],[12.722263,46.174889],[12.722017,46.174932],[12.721868,46.174971],[12.72171,46.175038]]}},{"type":"Feature","properties":{"u":1425732931,"v":1425732767,"length":230.728,"highway":"residential"},"geometry":{"type":"LineString","coordinates":[[12.717586,46.174624],[12.717903,46.174399],[12.718269,46.174137],[12.71857,46.173928],[12.718693,46.173837],[12.718771,46.17372],[12.718766,46.173616],[12.71872,46.173534],[12.718601,46.17345],[12.717915,46.173198]]}},{"type":"Feature","properties":{"u":1425732767,"v":1425732733,"length":163.183,"highway":"residential"},"geometry":{"type":"LineString","coordinates":[[12.717915,46.173198],[12.717368,46.172961],[12.716808,46.172757],[12.716325,46.172581],[12.71609,46.172457]]}},{"type":"Feature","properties":{"u":1425733042,"v":1425732931,"length":450.153,"highway":"residential"},"geometry":{"type":"LineString","coordinates":[[12.714642,46.175931],[12.714802,46.176071],[12.715024,46.176266],[12.715258,46.1765],[12.715519,46.176789],[12.715638,46.176869],[12.715811,46.176919],[12.716006,46.176923],[12.71617,46.176892],[12.716334,46.176793],[12.716434,46.176652],[12.716797,46.176132],[12.717037,46.175786],[12.717146,46.175593],[12.717234,46.17534],[12.717368,46.174968],[12.717446,46.174787],[12.717586,46.174624]]}},{"type":"Feature","properties":{"u":1425732767,"v":13753553180,"length":129.171,"highway":"residential"},"geometry":{"type":"LineString","coordinates":[[12.717915,46.173198],[12.717562,46.173689],[12.717435,46.173848],[12.716831,46.173742]]}},{"type":"Feature","properties":{"u":965437134,"v":965436313,"length":493.186,"highway":"residential"},"geometry":{"type":"LineString","coordinates":[[12.722905,46.178764],[12.722954,46.178768],[12.723099,46.178791],[12.723226,46.178819],[12.72335,46.178869],[12.723671,46.178964],[12.723873,46.179038],[12.724031,46.179111],[12.724308,46.179176],[12.724652,46.179242],[12.724938,46.179313],[12.725084,46.179358],[12.725248,46.179475],[12.725379,46.17958],[12.725663,46.179689],[12.725816,46.179724],[12.725972,46.17973],[12.72625,46.179738],[12.726428,46.179808],[12.726622,46.179972],[12.726791,46.180132],[12.727013,46.180244],[12.727247,46.180293],[12.72738,46.180331],[12.727452,46.1804],[12.727429,46.18045],[12.727369,46.180462],[12.727244,46.180483],[12.726978,46.180514],[12.726714,46.180551],[12.726601,46.180588],[12.726441,46.180531]]}},{"type":"Feature","properties":{"u":295280466,"v":1425732726,"length":90.185,"highway":"unclassified"},"geometry":{"type":"LineString","coordinates":[[12.711858,46.170878],[12.711952,46.170792],[12.712118,46.170733],[12.712412,46.170657],[12.712897,46.170537]]}},{"type":"Feature","properties":{"u":295280103,"v":1425732715,"length":44.931,"highway":"unclassified"},"geometry":{"type":"LineString","coordinates":[[12.711376,46.168741],[12.711648,46.168821],[12.711926,46.168873]]}},{"type":"Feature","properties":{"u":1425732715,"v":2179620175,"length":135.098,"highway":"unclassified"},"geometry":{"type":"LineString","coordinates":[[12.711926,46.168873],[12.712062,46.168914],[12.712242,46.169004],[12.712448,46.169153],[12.712746,46.169396],[12.712932,46.169549],[12.71315,46.169727]]}},{"type":"Feature","properties":{"u":2179620175,"v":11329185507,"length":85.793,"highway":"unclassified"},"geometry":{"type":"LineString","coordinates":[[12.71315,46.169727],[12.713341,46.169878],[12.713761,46.170212],[12.71386,46.17032]]}},{"type":"Feature","properties":{"u":318680017,"v":1425732693,"length":82.488,"highway":"residential"},"geometry":{"type":"LineString","coordinates":[[12.690758,46.164916],[12.690614,46.16511],[12.690488,46.165274],[12.690327,46.165593]]}},{"type":"Feature","properties":{"u":1425732637,"v":1425732643,"length":151.824,"highway":"residential"},"geometry":{"type":"LineString","coordinates":[[12.687134,46.161921],[12.687749,46.162087],[12.688106,46.162156],[12.68903,46.162278]]}},{"type":"Feature","properties":{"u":1425732732,"v":1425732799,"length":171.031,"highway":"residential"},"geometry":{"type":"LineString","coordinates":[[12.708454,46.172451],[12.708403,46.172481],[12.708236,46.172576],[12.708038,46.172756],[12.707963,46.172836],[12.707805,46.172975],[12.707625,46.173123],[12.707393,46.173304],[12.706992,46.173603]]}},{"type":"Feature","properties":{"u":1425733026,"v":1425733041,"length":93.338,"highway":"residential"},"geometry":{"type":"LineString","coordinates":[[12.710676,46.175746],[12.710404,46.175744],[12.710173,46.175753],[12.710044,46.175776],[12.709822,46.175795],[12.709596,46.175843],[12.70954,46.175913]]}},{"type":"Feature","properties":{"u":1425732962,"v":1425733024,"length":138.819,"highway":"residential"},"geometry":{"type":"LineString","coordinates":[[12.710192,46.17489],[12.70998,46.174972],[12.709848,46.175025],[12.709705,46.17504],[12.709567,46.175089],[12.709263,46.175379],[12.709125,46.175526],[12.708984,46.175738]]}},{"type":"Feature","properties":{"u":295284263,"v":1425733127,"length":36.892,"highway":"residential"},"geometry":{"type":"LineString","coordinates":[[12.716648,46.178705],[12.716502,46.179021]]}},{"type":"Feature","properties":{"u":1425733126,"v":1425733127,"length":38.637,"highway":"residential"},"geometry":{"type":"LineString","coordinates":[[12.716012,46.178946],[12.716502,46.179021]]}},{"type":"Feature","properties":{"u":1425733127,"v":1425733129,"length":39.46,"highway":"residential"},"geometry":{"type":"LineString","coordinates":[[12.716502,46.179021],[12.716997,46.179113]]}},{"type":"Feature","properties":{"u":1425733110,"v":1425733108,"length":17.173,"highway":"residential"},"geometry":{"type":"LineString","coordinates":[[12.716332,46.17834],[12.71612,46.178292]]}},{"type":"Feature","properties":{"u":1425733120,"v":1425733110,"length":32.179,"highway":"residential"},"geometry":{"type":"LineString","coordinates":[[12.716221,46.178619],[12.716332,46.17834]]}},{"type":"Feature","properties":{"u":1425733110,"v":1425733113,"length":23.241,"highway":"residential"},"geometry":{"type":"LineString","coordinates":[[12.716332,46.17834],[12.716622,46.178398]]}},{"type":"Feature","properties":{"u":1425733114,"v":1425733124,"length":81.105,"highway":"residential"},"geometry":{"type":"LineString","coordinates":[[12.715293,46.178407],[12.715182,46.178543],[12.715059,46.178691],[12.715109,46.178728],[12.71543,46.178791],[12.715594,46.178832]]}},{"type":"Feature","properties":{"u":1425732625,"v":1428188049,"length":263.646,"highway":"residential"},"geometry":{"type":"LineString","coordinates":[[12.681617,46.161553],[12.681656,46.161675],[12.681665,46.161781],[12.681654,46.161916],[12.681603,46.162039],[12.681084,46.162801],[12.680977,46.162981],[12.680814,46.16321],[12.680726,46.163297],[12.680621,46.163367],[12.680582,46.163413],[12.680537,46.163484],[12.680497,46.163536],[12.680517,46.163561],[12.680532,46.163586],[12.680587,46.163629],[12.680641,46.163693]]}},{"type":"Feature","properties":{"u":1425732616,"v":1428188017,"length":110.171,"highway":"residential"},"geometry":{"type":"LineString","coordinates":[[12.681013,46.161352],[12.6812,46.161264],[12.681453,46.161172],[12.681702,46.161102],[12.682322,46.160967]]}},{"type":"Feature","properties":{"u":565130357,"v":318680022,"length":17.313,"highway":"unclassified"},"geometry":{"type":"LineString","coordinates":[[12.685216,46.16388],[12.685019,46.163805]]}},{"type":"Feature","properties":{"u":318680022,"v":1429391891,"length":40.233,"highway":"unclassified"},"geometry":{"type":"LineString","coordinates":[[12.685019,46.163805],[12.684675,46.163883],[12.684547,46.16395]]}},{"type":"Feature","properties":{"u":552235338,"v":318680022,"length":64.689,"highway":"residential"},"geometry":{"type":"LineString","coordinates":[[12.684653,46.163382],[12.684722,46.163436],[12.684834,46.163501],[12.684954,46.163567],[12.685057,46.163626],[12.685108,46.16365],[12.685057,46.163727],[12.685019,46.163805]]}},{"type":"Feature","properties":{"u":1429391832,"v":2195445824,"length":39.068,"highway":"unclassified"},"geometry":{"type":"LineString","coordinates":[[12.679404,46.160724],[12.679667,46.160848],[12.679832,46.160912]]}},{"type":"Feature","properties":{"u":565077345,"v":1154605928,"length":609.297,"highway":"unclassified"},"geometry":{"type":"LineString","coordinates":[[12.68081,46.168327],[12.680918,46.16825],[12.680995,46.168245],[12.681096,46.168279],[12.681229,46.168357],[12.681356,46.168445],[12.681454,46.168492],[12.681634,46.168543],[12.681862,46.168631],[12.682138,46.168738],[12.682441,46.168842],[12.682553,46.16886],[12.682897,46.168919],[12.683248,46.168954],[12.683532,46.168985],[12.683603,46.168997],[12.683766,46.169031],[12.683883,46.169056],[12.683996,46.169089],[12.68407,46.169147],[12.684073,46.169189],[12.684045,46.169226],[12.683952,46.169252],[12.683842,46.169269],[12.683625,46.169276],[12.683342,46.169258],[12.682989,46.169195],[12.682853,46.169198],[12.682781,46.169248],[12.682802,46.169303],[12.682889,46.169337],[12.683222,46.16946],[12.683687,46.169624],[12.684271,46.169812],[12.684375,46.169856],[12.684454,46.169934],[12.684441,46.170037],[12.684419,46.170079],[12.684315,46.170124],[12.684174,46.170136],[12.683867,46.17011],[12.683811,46.170129]]}},{"type":"Feature","properties":{"u":1429391850,"v":1429391875,"length":85.63,"highway":"residential"},"geometry":{"type":"LineString","coordinates":[[12.692345,46.162712],[12.692099,46.163463]]}},{"type":"Feature","properties":{"u":1429391891,"v":318680028,"length":117.463,"highway":"unclassified"},"geometry":{"type":"LineString","coordinates":[[12.684547,46.16395],[12.684064,46.164011],[12.683704,46.164138],[12.683101,46.164265]]}},{"type":"Feature","properties":{"u":318680028,"v":1425732666,"length":98.016,"highway":"unclassified"},"geometry":{"type":"LineString","coordinates":[[12.683101,46.164265],[12.683023,46.164261],[12.682621,46.164134],[12.682295,46.164003],[12.682013,46.163831]]}},{"type":"Feature","properties":{"u":1425732666,"v":1429391888,"length":20.386,"highway":"unclassified"},"geometry":{"type":"LineString","coordinates":[[12.682013,46.163831],[12.681943,46.163789],[12.681771,46.163793]]}},{"type":"Feature","properties":{"u":1429391888,"v":565077241,"length":48.299,"highway":"unclassified"},"geometry":{"type":"LineString","coordinates":[[12.681771,46.163793],[12.681651,46.163796],[12.681338,46.163835],[12.681149,46.163838]]}},{"type":"Feature","properties":{"u":318680028,"v":1429391912,"length":34.988,"highway":"residential"},"geometry":{"type":"LineString","coordinates":[[12.683101,46.164265],[12.683146,46.16434],[12.683261,46.164414],[12.683424,46.164467]]}},{"type":"Feature","properties":{"u":1425732614,"v":1425732616,"length":44.315,"highway":"residential"},"geometry":{"type":"LineString","coordinates":[[12.680508,46.161161],[12.681013,46.161352]]}},{"type":"Feature","properties":{"u":1425732616,"v":1425732625,"length":51.826,"highway":"residential"},"geometry":{"type":"LineString","coordinates":[[12.681013,46.161352],[12.681333,46.161482],[12.681617,46.161553]]}},{"type":"Feature","properties":{"u":1425732625,"v":1425732619,"length":167.085,"highway":"residential"},"geometry":{"type":"LineString","coordinates":[[12.681617,46.161553],[12.681922,46.161543],[12.682344,46.161523],[12.683311,46.161491],[12.683784,46.161487]]}},{"type":"Feature","properties":{"u":1429391874,"v":1429391866,"length":49.524,"highway":"residential"},"geometry":{"type":"LineString","coordinates":[[12.688244,46.163459],[12.687645,46.163297]]}},{"type":"Feature","properties":{"u":1429391899,"v":1429391882,"length":134.457,"highway":"residential"},"geometry":{"type":"LineString","coordinates":[[12.690246,46.164036],[12.688638,46.163565]]}},{"type":"Feature","properties":{"u":1429391882,"v":1429391874,"length":32.552,"highway":"residential"},"geometry":{"type":"LineString","coordinates":[[12.688638,46.163565],[12.688244,46.163459]]}},{"type":"Feature","properties":{"u":1425732661,"v":1429391881,"length":70.585,"highway":"residential"},"geometry":{"type":"LineString","coordinates":[[12.686359,46.163404],[12.6869,46.163523],[12.687245,46.163559]]}},{"type":"Feature","properties":{"u":1425732682,"v":1429391914,"length":101.846,"highway":"residential"},"geometry":{"type":"LineString","coordinates":[[12.687511,46.164895],[12.687661,46.164878],[12.688097,46.164884],[12.688322,46.164849],[12.688407,46.164789],[12.688489,46.164631],[12.688517,46.164536]]}},{"type":"Feature","properties":{"u":1429391856,"v":1429391877,"length":61.82,"highway":"residential"},"geometry":{"type":"LineString","coordinates":[[12.678233,46.162974],[12.677949,46.163494]]}},{"type":"Feature","properties":{"u":1429391888,"v":1429391908,"length":72.338,"highway":"residential"},"geometry":{"type":"LineString","coordinates":[[12.681771,46.163793],[12.681686,46.163952],[12.68161,46.164038],[12.681262,46.164332]]}},{"type":"Feature","properties":{"u":1429391893,"v":1429391908,"length":47.735,"highway":"residential"},"geometry":{"type":"LineString","coordinates":[[12.68096,46.163958],[12.681026,46.164057],[12.681076,46.164126],[12.681178,46.164245],[12.681262,46.164332]]}},{"type":"Feature","properties":{"u":1429391908,"v":1429391919,"length":50.014,"highway":"residential"},"geometry":{"type":"LineString","coordinates":[[12.681262,46.164332],[12.681287,46.164466],[12.681279,46.164549],[12.681082,46.164736]]}},{"type":"Feature","properties":{"u":1425732671,"v":7574982782,"length":55.16,"highway":"residential"},"geometry":{"type":"LineString","coordinates":[[12.688078,46.164471],[12.68836,46.164015]]}},{"type":"Feature","properties":{"u":7574982782,"v":1429391882,"length":54.426,"highway":"residential"},"geometry":{"type":"LineString","coordinates":[[12.68836,46.164015],[12.688638,46.163565]]}},{"type":"Feature","properties":{"u":1429391882,"v":1429391858,"length":62.529,"highway":"residential"},"geometry":{"type":"LineString","coordinates":[[12.688638,46.163565],[12.688954,46.163047]]}},{"type":"Feature","properties":{"u":432818965,"v":432818968,"length":37.308,"highway":"residential"},"geometry":{"type":"LineString","coordinates":[[12.685855,46.164469],[12.686021,46.16437],[12.686088,46.164305],[12.686155,46.164212]]}},{"type":"Feature","properties":{"u":1425732665,"v":7574982782,"length":175.353,"highway":"residential"},"geometry":{"type":"LineString","coordinates":[[12.686229,46.163652],[12.686671,46.163779],[12.686906,46.163824],[12.687286,46.163879],[12.687819,46.163966],[12.687942,46.164002],[12.688002,46.163938],[12.688273,46.164],[12.68836,46.164015]]}},{"type":"Feature","properties":{"u":1429391822,"v":1429391768,"length":241.197,"highway":"residential"},"geometry":{"type":"LineString","coordinates":[[12.678338,46.160333],[12.678473,46.160233],[12.67863,46.160035],[12.678743,46.159889],[12.678833,46.159735],[12.678916,46.159514],[12.679019,46.159203],[12.679098,46.158959],[12.679138,46.158783],[12.679173,46.158553],[12.679182,46.158461],[12.679236,46.158354],[12.679287,46.158303]]}},{"type":"Feature","properties":{"u":1429391669,"v":1429391664,"length":16.567,"highway":"residential"},"geometry":{"type":"LineString","coordinates":[[12.691231,46.153399],[12.691214,46.153325],[12.691128,46.153281]]}},{"type":"Feature","properties":{"u":1429391664,"v":1429391661,"length":245.225,"highway":"residential"},"geometry":{"type":"LineString","coordinates":[[12.691128,46.153281],[12.690791,46.153293],[12.690474,46.153375],[12.690178,46.153476],[12.690059,46.153498],[12.689895,46.153498],[12.689738,46.153486],[12.689578,46.15345],[12.688456,46.153117],[12.688142,46.15302]]}},{"type":"Feature","properties":{"u":426208463,"v":1339677417,"length":107.201,"highway":"tertiary","maxspeed":30},"geometry":{"type":"LineString","coordinates":[[12.617617,46.201186],[12.617009,46.201062],[12.616279,46.200918]]}},{"type":"Feature","properties":{"u":1444347506,"v":1444347564,"length":696.217,"highway":"unclassified"},"geometry":{"type":"LineString","coordinates":[[12.603512,46.196095],[12.603305,46.196075],[12.60313,46.196061],[12.602857,46.196006],[12.60262,46.195972],[12.60207,46.195904],[12.601877,46.195882],[12.601683,46.195886],[12.601486,46.195908],[12.601279,46.195971],[12.600997,46.196076],[12.600887,46.196145],[12.60084,46.196182],[12.600786,46.196219],[12.600746,46.196238],[12.600692,46.196248],[12.600633,46.196246],[12.600563,46.19623],[12.600437,46.196178],[12.600207,46.196088],[12.599946,46.196015],[12.599732,46.195946],[12.599531,46.195904],[12.599431,46.195903],[12.59936,46.195931],[12.599239,46.196037],[12.599178,46.196082],[12.59913,46.196106],[12.599085,46.19612],[12.599046,46.196121],[12.599011,46.196112],[12.598953,46.196084],[12.598879,46.196032],[12.598806,46.195981],[12.598698,46.195917],[12.59862,46.195887],[12.598554,46.195873],[12.598459,46.195866],[12.598393,46.195884],[12.598335,46.195909],[12.598256,46.195947],[12.598159,46.195999],[12.598061,46.196029],[12.597977,46.196035],[12.597869,46.196031],[12.597787,46.196005],[12.597684,46.195965],[12.597606,46.195906],[12.597341,46.195693],[12.597133,46.195541],[12.59696,46.195499],[12.596888,46.195492],[12.596818,46.195495],[12.596779,46.195513],[12.596739,46.195553],[12.596708,46.1956],[12.59667,46.195693],[12.596629,46.195898],[12.596613,46.196448]]}},{"type":"Feature","properties":{"u":1444347545,"v":1444347506,"length":55.331,"highway":"residential"},"geometry":{"type":"LineString","coordinates":[[12.604138,46.196325],[12.60408,46.196322],[12.603997,46.1963],[12.603873,46.196241],[12.603634,46.196125],[12.603512,46.196095]]}},{"type":"Feature","properties":{"u":9628898115,"v":1444385314,"length":65.806,"highway":"residential"},"geometry":{"type":"LineString","coordinates":[[12.591252,46.196306],[12.591314,46.196139],[12.59138,46.196041],[12.591661,46.195798]]}},{"type":"Feature","properties":{"u":275051922,"v":374195758,"length":34.276,"highway":"tertiary"},"geometry":{"type":"LineString","coordinates":[[12.608892,46.198201],[12.609103,46.198257],[12.609315,46.198296]]}},{"type":"Feature","properties":{"u":374195758,"v":1339677545,"length":1074.667,"highway":"tertiary"},"geometry":{"type":"LineString","coordinates":[[12.609315,46.198296],[12.609572,46.198334],[12.609825,46.198348],[12.61029,46.198371],[12.610374,46.198389],[12.610596,46.198457],[12.611142,46.198661],[12.611561,46.198814],[12.611631,46.198839],[12.611804,46.198898],[12.611986,46.198954],[12.612693,46.199093],[12.613067,46.199174],[12.61357,46.199311],[12.614479,46.199574],[12.614649,46.199654],[12.614799,46.199746],[12.614999,46.199862],[12.6152,46.19994],[12.615385,46.20002],[12.615581,46.200082],[12.615823,46.200137],[12.616051,46.200173],[12.616388,46.200218],[12.616616,46.200235],[12.616804,46.200241],[12.617173,46.20025],[12.617411,46.200271],[12.61769,46.200308],[12.617933,46.200344],[12.61826,46.200392],[12.618426,46.200433],[12.618611,46.2005],[12.618759,46.200584],[12.618899,46.200668],[12.61942,46.201058],[12.619556,46.201149],[12.619694,46.201216],[12.619848,46.201292],[12.620061,46.201377],[12.620292,46.201449],[12.620476,46.201487],[12.620697,46.201512],[12.62109,46.201534],[12.621316,46.201533],[12.621494,46.201516],[12.621749,46.201477],[12.621864,46.201463],[12.621935,46.201479],[12.62198,46.201508],[12.622008,46.201553]]}},{"type":"Feature","properties":{"u":1444385532,"v":432815439,"length":1917.548,"highway":"tertiary"},"geometry":{"type":"LineString","coordinates":[[12.655939,46.196476],[12.655975,46.196433],[12.656029,46.196355],[12.656146,46.19627],[12.65635,46.196112],[12.65636,46.196053],[12.656332,46.196013],[12.656261,46.195968],[12.656011,46.195857],[12.655899,46.195787],[12.65581,46.195716],[12.655782,46.195646],[12.655802,46.195569],[12.655897,46.195531],[12.656058,46.195519],[12.656233,46.195564],[12.656583,46.195682],[12.656925,46.195834],[12.657121,46.195951],[12.657323,46.1961],[12.657433,46.196216],[12.657462,46.196271],[12.657476,46.196339],[12.657458,46.196532],[12.657472,46.196579],[12.657514,46.196614],[12.657542,46.19663],[12.657585,46.196638],[12.657671,46.196642],[12.657712,46.196635],[12.657759,46.19662],[12.657787,46.196601],[12.657798,46.196579],[12.657844,46.196397],[12.657851,46.19622],[12.657899,46.19603],[12.657924,46.195977],[12.657985,46.195923],[12.6581,46.195869],[12.658255,46.195815],[12.65847,46.195763],[12.658563,46.195762],[12.65864,46.195775],[12.658766,46.195825],[12.658877,46.195893],[12.659081,46.196014],[12.659451,46.196271],[12.660699,46.197185],[12.660752,46.19723],[12.660779,46.197278],[12.660772,46.197391],[12.660768,46.197502],[12.660733,46.197652],[12.660726,46.197692],[12.660739,46.197738],[12.660761,46.197764],[12.660792,46.197781],[12.660832,46.197788],[12.66088,46.197778],[12.660917,46.197762],[12.660961,46.197718],[12.661127,46.197317],[12.661152,46.197238],[12.661154,46.197196],[12.661143,46.197159],[12.661077,46.197042],[12.660963,46.1969],[12.660955,46.196794],[12.661012,46.196626],[12.661145,46.196334],[12.661188,46.196268],[12.66128,46.196213],[12.661462,46.196174],[12.661716,46.196159],[12.662037,46.196201],[12.662247,46.196249],[12.662326,46.196263],[12.662411,46.196266],[12.662828,46.196269],[12.662903,46.196265],[12.66295,46.196269],[12.662983,46.19629],[12.662994,46.196326],[12.662983,46.196349],[12.662958,46.196369],[12.662916,46.196377],[12.662842,46.196377],[12.662654,46.196379],[12.662591,46.196389],[12.662443,46.196413],[12.662329,46.196446],[12.662226,46.196487],[12.662087,46.196573],[12.662028,46.196638],[12.66202,46.196663],[12.66202,46.196686],[12.662036,46.196707],[12.662052,46.196727],[12.662088,46.196741],[12.662124,46.196747],[12.662171,46.196746],[12.662519,46.19672],[12.662715,46.196734],[12.662853,46.19676],[12.662921,46.196782],[12.662987,46.196815],[12.663048,46.196854],[12.663078,46.196902],[12.663092,46.196966],[12.663071,46.197033],[12.662964,46.197137],[12.662885,46.197186],[12.66286,46.197216],[12.66285,46.197253],[12.662859,46.197281],[12.662887,46.197306],[12.662956,46.19732],[12.66304,46.197317],[12.663157,46.197306],[12.663231,46.197319],[12.663296,46.197341],[12.663364,46.197372],[12.663429,46.197423],[12.663464,46.197519],[12.663478,46.19759],[12.663505,46.197632],[12.663556,46.197661],[12.663634,46.197674],[12.663706,46.197657],[12.663742,46.197632],[12.663817,46.197499],[12.663875,46.197317],[12.663896,46.197287],[12.663924,46.197271],[12.663971,46.197248],[12.664017,46.197243],[12.664053,46.19725],[12.664087,46.197269],[12.664118,46.197305],[12.664151,46.197352],[12.664286,46.197535],[12.664863,46.19818],[12.665005,46.19838],[12.665027,46.198433],[12.665029,46.198482],[12.665031,46.198516],[12.665017,46.198554],[12.665016,46.198584],[12.66502,46.198596],[12.665027,46.198605],[12.665042,46.198616],[12.665062,46.198623],[12.665082,46.198628],[12.665102,46.19863],[12.665125,46.198627],[12.665143,46.19862],[12.665158,46.198612],[12.665173,46.198601],[12.665206,46.198549],[12.665221,46.198515],[12.665239,46.198465],[12.665242,46.198211],[12.665253,46.198028],[12.66529,46.19797],[12.665351,46.197924],[12.665481,46.197846],[12.66553,46.197806],[12.665558,46.19776],[12.665566,46.197697],[12.665572,46.197622],[12.665577,46.197557],[12.665585,46.197545],[12.665612,46.197529],[12.66566,46.197523],[12.665711,46.197531],[12.665749,46.19755],[12.665774,46.197574],[12.665792,46.197605],[12.665802,46.19764],[12.665817,46.19773],[12.665806,46.197791],[12.665781,46.197859],[12.665718,46.19798],[12.665708,46.198006],[12.66571,46.198029],[12.665717,46.198042],[12.665734,46.198055],[12.665767,46.198068],[12.666144,46.198171]]}},{"type":"Feature","properties":{"u":1444385415,"v":1444385297,"length":254.209,"highway":"tertiary"},"geometry":{"type":"LineString","coordinates":[[12.630655,46.196183],[12.630663,46.196165],[12.630684,46.196143],[12.630714,46.19612],[12.631022,46.19603],[12.631747,46.195885],[12.632483,46.195756],[12.632595,46.19573],[12.632695,46.195695],[12.633146,46.195532],[12.633269,46.195503],[12.633497,46.195449],[12.633724,46.195408]]}},{"type":"Feature","properties":{"u":1444385297,"v":275052031,"length":250.155,"highway":"tertiary"},"geometry":{"type":"LineString","coordinates":[[12.633724,46.195408],[12.633786,46.195409],[12.633881,46.195421],[12.633955,46.195445],[12.634867,46.195708],[12.634993,46.195736],[12.635152,46.195768],[12.63533,46.195803],[12.635414,46.195829],[12.635491,46.195867],[12.635554,46.195906],[12.635617,46.195962],[12.635787,46.196185],[12.635847,46.196269],[12.635867,46.196327],[12.63588,46.196413],[12.635879,46.196494],[12.635855,46.196727]]}},{"type":"Feature","properties":{"u":432815439,"v":432815440,"length":17.642,"highway":"tertiary"},"geometry":{"type":"LineString","coordinates":[[12.666144,46.198171],[12.666355,46.198233]]}},{"type":"Feature","properties":{"u":1444385530,"v":1444385579,"length":211.434,"highway":"residential"},"geometry":{"type":"LineString","coordinates":[[12.629176,46.196466],[12.629169,46.196542],[12.629189,46.196618],[12.629292,46.19665],[12.629435,46.196653],[12.629497,46.196691],[12.629549,46.196776],[12.629551,46.196855],[12.629522,46.196928],[12.62947,46.196997],[12.629499,46.197065],[12.629541,46.197121],[12.629665,46.19714],[12.629852,46.197118],[12.630107,46.197055],[12.630454,46.196956],[12.63062,46.196896],[12.63075,46.196836],[12.630869,46.19671]]}},{"type":"Feature","properties":{"u":1444386030,"v":1339677494,"length":32.696,"highway":"residential"},"geometry":{"type":"LineString","coordinates":[[12.613933,46.200393],[12.614084,46.200461],[12.614133,46.200524],[12.614162,46.200568],[12.614204,46.200608]]}},{"type":"Feature","properties":{"u":1444386053,"v":1339677498,"length":57.813,"highway":"residential"},"geometry":{"type":"LineString","coordinates":[[12.613644,46.200476],[12.613377,46.20043],[12.613105,46.200394],[12.612974,46.200407],[12.612934,46.200444]]}},{"type":"Feature","properties":{"u":1339677498,"v":1339677518,"length":7.659,"highway":"residential"},"geometry":{"type":"LineString","coordinates":[[12.612934,46.200444],[12.612851,46.200406]]}},{"type":"Feature","properties":{"u":1339677494,"v":1339677516,"length":8.459,"highway":"residential"},"geometry":{"type":"LineString","coordinates":[[12.614204,46.200608],[12.614103,46.200638]]}},{"type":"Feature","properties":{"u":1339677516,"v":1339677532,"length":29.94,"highway":"residential"},"geometry":{"type":"LineString","coordinates":[[12.614103,46.200638],[12.614025,46.200645],[12.613859,46.200645],[12.613728,46.200603]]}},{"type":"Feature","properties":{"u":1339677518,"v":1339677536,"length":220.217,"highway":"residential"},"geometry":{"type":"LineString","coordinates":[[12.612851,46.200406],[12.612622,46.200311],[12.61236,46.200214],[12.612083,46.200116],[12.611706,46.199939],[12.611551,46.199871],[12.611461,46.199844],[12.611277,46.19979],[12.611226,46.199776],[12.611162,46.19976],[12.611052,46.199712],[12.610894,46.199625],[12.610756,46.199538],[12.610456,46.199347]]}},{"type":"Feature","properties":{"u":1444385695,"v":1444385748,"length":101.848,"highway":"residential"},"geometry":{"type":"LineString","coordinates":[[12.604501,46.1975],[12.604569,46.197574],[12.604706,46.197653],[12.604823,46.197708],[12.604902,46.197742],[12.604994,46.197734],[12.605074,46.197726],[12.605156,46.197755],[12.605248,46.197816],[12.605616,46.197907]]}},{"type":"Feature","properties":{"u":1444385114,"v":1444347545,"length":36.962,"highway":"residential"},"geometry":{"type":"LineString","coordinates":[[12.604539,46.19642],[12.604456,46.196365],[12.604371,46.196309],[12.604331,46.196294],[12.604281,46.19629],[12.604232,46.196299],[12.604187,46.196314],[12.604138,46.196325]]}},{"type":"Feature","properties":{"u":1444347545,"v":1444385695,"length":149.074,"highway":"residential"},"geometry":{"type":"LineString","coordinates":[[12.604138,46.196325],[12.604092,46.196435],[12.603955,46.196655],[12.60388,46.19678],[12.603872,46.196841],[12.603943,46.196909],[12.604186,46.197161],[12.604444,46.197442],[12.604501,46.1975]]}},{"type":"Feature","properties":{"u":1444385695,"v":1444385791,"length":233.537,"highway":"residential"},"geometry":{"type":"LineString","coordinates":[[12.604501,46.1975],[12.604488,46.197556],[12.604439,46.197624],[12.604302,46.197727],[12.604194,46.197786],[12.603999,46.19781],[12.603695,46.197837],[12.603341,46.197857],[12.603233,46.197898],[12.603227,46.197962],[12.603287,46.198001],[12.603405,46.198037],[12.603707,46.198196],[12.603861,46.198293],[12.603896,46.198352],[12.603871,46.198427],[12.603836,46.198474],[12.603703,46.198517],[12.603506,46.198547]]}},{"type":"Feature","properties":{"u":1444385314,"v":302033469,"length":334.859,"highway":"unclassified"},"geometry":{"type":"LineString","coordinates":[[12.591661,46.195798],[12.591885,46.19561],[12.591948,46.19552],[12.592013,46.195369],[12.592097,46.195111],[12.592261,46.194783],[12.592387,46.194483],[12.59247,46.194375],[12.592615,46.194301],[12.59284,46.194282],[12.593481,46.194269],[12.594226,46.194269],[12.594387,46.194271],[12.594546,46.194255]]}},{"type":"Feature","properties":{"u":2437193929,"v":1444385594,"length":202.902,"highway":"unclassified"},"geometry":{"type":"LineString","coordinates":[[12.606712,46.197249],[12.606654,46.197191],[12.606504,46.197029],[12.606398,46.196947],[12.606292,46.196888],[12.606119,46.1968],[12.605949,46.196695],[12.605712,46.196558],[12.605491,46.196447],[12.605399,46.196415],[12.605346,46.196402],[12.605287,46.1964],[12.605247,46.196408],[12.605218,46.196429],[12.605202,46.196454],[12.605198,46.19648],[12.605213,46.196503],[12.605239,46.196529],[12.605403,46.19665],[12.60554,46.196783]]}},{"type":"Feature","properties":{"u":1444385791,"v":1444385108,"length":811.487,"highway":"unclassified"},"geometry":{"type":"LineString","coordinates":[[12.603506,46.198547],[12.603426,46.198577],[12.603289,46.198682],[12.602728,46.199098],[12.602694,46.199148],[12.602703,46.199241],[12.602723,46.199432],[12.602699,46.199489],[12.602643,46.199522],[12.602552,46.199542],[12.602469,46.199532],[12.6024,46.199495],[12.602213,46.199261],[12.602137,46.199215],[12.601829,46.199098],[12.601735,46.199106],[12.601684,46.199154],[12.601331,46.199569],[12.601286,46.199605],[12.601178,46.199635],[12.600946,46.199672],[12.600817,46.199701],[12.600726,46.199731],[12.600659,46.199764],[12.600628,46.199818],[12.600642,46.199854],[12.600657,46.199883],[12.600723,46.199901],[12.600762,46.199906],[12.600824,46.199908],[12.600881,46.199892],[12.601102,46.199813],[12.601167,46.199797],[12.601234,46.199794],[12.601309,46.199803],[12.601365,46.199822],[12.601407,46.199852],[12.601429,46.199883],[12.60144,46.199934],[12.601413,46.199982],[12.601329,46.200021],[12.601243,46.200046],[12.601188,46.200074],[12.601174,46.200118],[12.601211,46.200237],[12.601261,46.200348],[12.601284,46.200415],[12.60127,46.200475],[12.60121,46.200475],[12.601121,46.200447],[12.600994,46.200369],[12.600907,46.200318],[12.60081,46.200313],[12.60072,46.200325],[12.600589,46.200362],[12.600442,46.200375],[12.600369,46.200399],[12.600363,46.200439],[12.600389,46.200474],[12.600469,46.200484],[12.6006,46.20048],[12.600713,46.200487],[12.600823,46.200514],[12.600927,46.200565],[12.600971,46.200602],[12.600987,46.200637],[12.600982,46.200699],[12.600945,46.200742],[12.600907,46.20076],[12.60076,46.200794],[12.600673,46.20084],[12.600641,46.200875],[12.600626,46.200926],[12.600637,46.201056],[12.600646,46.201211],[12.60063,46.201246],[12.600593,46.201264],[12.60046,46.201295],[12.600388,46.201315],[12.600345,46.201349],[12.6003,46.201391],[12.600272,46.20144],[12.600237,46.201497],[12.600212,46.201555],[12.600186,46.201608],[12.600185,46.201672],[12.600196,46.201765],[12.600225,46.201865]]}},{"type":"Feature","properties":{"u":1444917651,"v":1444917830,"length":179.035,"highway":"residential"},"geometry":{"type":"LineString","coordinates":[[12.571221,46.191151],[12.571133,46.19113],[12.57108,46.191105],[12.570996,46.191102],[12.570877,46.191114],[12.570704,46.191156],[12.570581,46.191186],[12.570548,46.191236],[12.570605,46.191272],[12.570748,46.191268],[12.570939,46.19127],[12.57099,46.191297],[12.571029,46.191336],[12.571032,46.191395],[12.571005,46.191467],[12.570927,46.191557],[12.570843,46.191611],[12.570751,46.191628],[12.570623,46.191617],[12.570535,46.191613],[12.570467,46.191633],[12.570329,46.191715]]}},{"type":"Feature","properties":{"u":1444917575,"v":1444917651,"length":26.798,"highway":"unclassified"},"geometry":{"type":"LineString","coordinates":[[12.571384,46.191021],[12.571389,46.191072],[12.571367,46.191148],[12.571295,46.191174],[12.571221,46.191151]]}},{"type":"Feature","properties":{"u":275052590,"v":1444917449,"length":21.672,"highway":"primary"},"geometry":{"type":"LineString","coordinates":[[12.559947,46.190829],[12.560108,46.190838],[12.560169,46.190838],[12.560228,46.190837]]}},{"type":"Feature","properties":{"u":1444917449,"v":1444917480,"length":173.672,"highway":"primary"},"geometry":{"type":"LineString","coordinates":[[12.560228,46.190837],[12.560259,46.190838],[12.560542,46.190844],[12.561558,46.190826],[12.561821,46.190825],[12.562026,46.190842],[12.562161,46.190862],[12.562389,46.190905],[12.562469,46.190917]]}},{"type":"Feature","properties":{"u":1444917480,"v":810477555,"length":45.786,"highway":"primary"},"geometry":{"type":"LineString","coordinates":[[12.562469,46.190917],[12.563046,46.191017]]}},{"type":"Feature","properties":{"u":810477555,"v":833149573,"length":691.171,"highway":"primary"},"geometry":{"type":"LineString","coordinates":[[12.563046,46.191017],[12.563802,46.191156],[12.563951,46.191183],[12.564152,46.191221],[12.564454,46.191276],[12.564721,46.191321],[12.565089,46.191385],[12.565251,46.191408],[12.565361,46.19142],[12.565437,46.191423],[12.565527,46.19142],[12.565826,46.191392],[12.566621,46.191296],[12.566752,46.191281],[12.566843,46.191274],[12.566931,46.191277],[12.567001,46.191284],[12.567069,46.191299],[12.567131,46.191316],[12.567187,46.191347],[12.567241,46.191381],[12.567288,46.191418],[12.567351,46.191472],[12.567416,46.191523],[12.567471,46.191555],[12.567532,46.191581],[12.567604,46.191603],[12.567668,46.191612],[12.56811,46.191645],[12.568192,46.191645],[12.568248,46.191642],[12.568317,46.191629],[12.568379,46.191612],[12.568448,46.191581],[12.568493,46.191555],[12.568536,46.19152],[12.568587,46.191469],[12.568713,46.191291],[12.568761,46.191236],[12.568805,46.19119],[12.568864,46.191151],[12.568912,46.191129],[12.568968,46.191112],[12.569031,46.191099],[12.56911,46.19109],[12.569183,46.191086],[12.569268,46.191084],[12.569389,46.191074],[12.569488,46.191067],[12.569601,46.191051],[12.569726,46.191037],[12.569897,46.191013],[12.570171,46.190961],[12.570321,46.190938],[12.570428,46.190928],[12.570533,46.190926],[12.570623,46.190922],[12.570752,46.190937],[12.571042,46.190971],[12.571117,46.190976],[12.571195,46.190977],[12.57127,46.190972],[12.571349,46.190964]]}},{"type":"Feature","properties":{"u":833149573,"v":275052651,"length":567.233,"highway":"primary"},"geometry":{"type":"LineString","coordinates":[[12.571349,46.190964],[12.571482,46.190928],[12.571602,46.190897],[12.571713,46.190872],[12.571816,46.190857],[12.571899,46.190852],[12.571979,46.190856],[12.572097,46.190867],[12.572189,46.190875],[12.572283,46.190901],[12.572382,46.190929],[12.572467,46.190959],[12.572569,46.191011],[12.572642,46.191054],[12.57271,46.191108],[12.572741,46.191147],[12.572916,46.191333],[12.57299,46.191401],[12.573081,46.191505],[12.573186,46.191615],[12.573261,46.191685],[12.573359,46.191742],[12.573408,46.19177],[12.573491,46.1918],[12.573554,46.191815],[12.573638,46.191825],[12.573717,46.191825],[12.573815,46.191816],[12.573881,46.191804],[12.573965,46.191784],[12.574038,46.191761],[12.574091,46.191731],[12.574146,46.191694],[12.574182,46.191656],[12.574208,46.191617],[12.574258,46.191525],[12.574276,46.191384],[12.574288,46.191251],[12.57431,46.191143],[12.574342,46.191082],[12.574372,46.191036],[12.574414,46.19099],[12.574476,46.19093],[12.574558,46.190872],[12.574656,46.190829],[12.574744,46.190797],[12.57493,46.190739],[12.574973,46.190726],[12.575331,46.190623],[12.575741,46.190526],[12.575859,46.190497],[12.576007,46.190481],[12.57612,46.190481],[12.576226,46.190489],[12.576336,46.190508],[12.576475,46.190542],[12.576635,46.19058],[12.576692,46.190599],[12.576962,46.190698]]}},{"type":"Feature","properties":{"u":1444917254,"v":810477592,"length":293.441,"highway":"residential"},"geometry":{"type":"LineString","coordinates":[[12.554965,46.190376],[12.555082,46.190311],[12.555166,46.190298],[12.555285,46.190304],[12.555551,46.190328],[12.555702,46.19035],[12.555957,46.190373],[12.556206,46.190396],[12.556433,46.190416],[12.556717,46.190404],[12.556919,46.190384],[12.556951,46.190381],[12.556973,46.190378],[12.55726,46.190344],[12.557434,46.190302],[12.557498,46.190274],[12.557624,46.190209],[12.557661,46.190168],[12.557766,46.190107],[12.557868,46.190083],[12.557954,46.190069],[12.558019,46.190069],[12.558099,46.190102],[12.558185,46.190143],[12.558333,46.190178],[12.558421,46.190183],[12.558541,46.19014]]}},{"type":"Feature","properties":{"u":1444917643,"v":1444918026,"length":415.981,"highway":"residential"},"geometry":{"type":"LineString","coordinates":[[12.560238,46.191141],[12.560543,46.191197],[12.560615,46.191252],[12.560628,46.191342],[12.56065,46.191424],[12.560702,46.191528],[12.56078,46.191612],[12.560829,46.191665],[12.56113,46.191772],[12.561371,46.191853],[12.561565,46.191882],[12.561884,46.191913],[12.562145,46.191946],[12.562351,46.191989],[12.56259,46.192053],[12.562975,46.192177],[12.563109,46.192247],[12.563299,46.192383],[12.563555,46.192585],[12.563788,46.192758],[12.56392,46.192881],[12.564102,46.193047],[12.564233,46.193275]]}},{"type":"Feature","properties":{"u":275052586,"v":810477577,"length":18.225,"highway":"residential"},"geometry":{"type":"LineString","coordinates":[[12.558533,46.1907],[12.558603,46.190628],[12.558609,46.190551]]}},{"type":"Feature","properties":{"u":833149573,"v":1444917575,"length":6.887,"highway":"unclassified"},"geometry":{"type":"LineString","coordinates":[[12.571349,46.190964],[12.571384,46.191021]]}},{"type":"Feature","properties":{"u":1444917575,"v":1444917577,"length":8.654,"highway":"unclassified"},"geometry":{"type":"LineString","coordinates":[[12.571384,46.191021],[12.571444,46.191029],[12.571495,46.191025]]}},{"type":"Feature","properties":{"u":3887381439,"v":1444917609,"length":943.085,"highway":"residential"},"geometry":{"type":"LineString","coordinates":[[12.572862,46.193781],[12.572716,46.193702],[12.572473,46.193622],[12.572185,46.193533],[12.571994,46.193496],[12.571912,46.193481],[12.571735,46.193465],[12.571514,46.193477],[12.571315,46.193485],[12.571184,46.193482],[12.571073,46.19344],[12.571001,46.193369],[12.570946,46.193253],[12.570901,46.193143],[12.570849,46.193083],[12.57078,46.193041],[12.570528,46.19299],[12.570391,46.192962],[12.570246,46.192957],[12.570054,46.192973],[12.569945,46.192989],[12.569845,46.192978],[12.569775,46.192922],[12.569622,46.192807],[12.569396,46.19275],[12.569214,46.192676],[12.569086,46.192656],[12.568968,46.19264],[12.568826,46.19258],[12.568509,46.192479],[12.56822,46.192359],[12.568052,46.192285],[12.567941,46.192266],[12.567846,46.192269],[12.567728,46.192301],[12.5673,46.192335],[12.567161,46.192288],[12.566942,46.192158],[12.566847,46.192092],[12.566636,46.192001],[12.566237,46.191898],[12.566106,46.191857],[12.565976,46.191849],[12.565765,46.191896],[12.565443,46.192001],[12.565166,46.192144],[12.565074,46.192185],[12.564992,46.192182],[12.564948,46.192135],[12.564951,46.191989],[12.564932,46.191934],[12.564845,46.1919],[12.564696,46.191891],[12.564502,46.191852],[12.564384,46.191772],[12.564276,46.191663],[12.564142,46.191596],[12.563883,46.191508],[12.563741,46.191459],[12.563201,46.191301],[12.562689,46.191156],[12.562404,46.191098]]}},{"type":"Feature","properties":{"u":1444918026,"v":1444918066,"length":1425.652,"highway":"unclassified"},"geometry":{"type":"LineString","coordinates":[[12.564233,46.193275],[12.56397,46.19327],[12.56373,46.193276],[12.563468,46.193253],[12.56322,46.193173],[12.563007,46.193109],[12.562398,46.192906],[12.562204,46.192846],[12.562017,46.192839],[12.561823,46.192887],[12.561357,46.193078],[12.561041,46.193201],[12.56089,46.193255],[12.560519,46.193296],[12.56003,46.193322],[12.559629,46.193328],[12.55934,46.19335],[12.558995,46.193317],[12.558771,46.193281],[12.558566,46.193289],[12.558213,46.193347],[12.557976,46.193362],[12.557712,46.193292],[12.557469,46.193207],[12.557232,46.193132],[12.557011,46.193132],[12.556695,46.193158],[12.556423,46.193154],[12.555808,46.193039],[12.555539,46.192936],[12.55521,46.192839],[12.554854,46.192742],[12.554641,46.192647],[12.554449,46.192583],[12.554266,46.192568],[12.553959,46.192574],[12.553746,46.192572],[12.553651,46.192604],[12.553489,46.19272],[12.553357,46.192882],[12.553287,46.192996],[12.553112,46.192996],[12.552859,46.192934],[12.551807,46.192704],[12.551554,46.192678],[12.551211,46.192712],[12.550842,46.192807],[12.550421,46.192914],[12.550104,46.193067],[12.54975,46.19326],[12.54959,46.193382],[12.549548,46.193511],[12.549624,46.193607],[12.549818,46.193645],[12.550433,46.193657],[12.550921,46.193677],[12.551094,46.193799],[12.551315,46.193977],[12.551437,46.194025],[12.551671,46.194018]]}},{"type":"Feature","properties":{"u":1444917193,"v":1444917494,"length":203.891,"highway":"unclassified"},"geometry":{"type":"LineString","coordinates":[[12.55402,46.190286],[12.554026,46.190349],[12.55412,46.190403],[12.554292,46.190467],[12.554588,46.190574],[12.554849,46.190671],[12.555163,46.190781],[12.555343,46.190853],[12.555499,46.190885],[12.555706,46.190899],[12.555942,46.190917],[12.556217,46.190929],[12.556383,46.190938]]}},{"type":"Feature","properties":{"u":810477577,"v":810477592,"length":51.959,"highway":"residential"},"geometry":{"type":"LineString","coordinates":[[12.558609,46.190551],[12.558471,46.190444],[12.558428,46.190366],[12.558462,46.190277],[12.55849,46.190208],[12.558541,46.19014]]}},{"type":"Feature","properties":{"u":1444917680,"v":1444917609,"length":55.37,"highway":"residential"},"geometry":{"type":"LineString","coordinates":[[12.561799,46.191217],[12.561868,46.191156],[12.562083,46.191168],[12.562205,46.191182],[12.562315,46.19118],[12.562369,46.19116],[12.562396,46.191122],[12.562404,46.191098]]}},{"type":"Feature","properties":{"u":1446858970,"v":1447462518,"length":36.613,"highway":"residential"},"geometry":{"type":"LineString","coordinates":[[12.560071,46.190301],[12.559954,46.190297],[12.559951,46.190196],[12.55993,46.190159],[12.559905,46.190053]]}},{"type":"Feature","properties":{"u":1446859004,"v":810477577,"length":20.116,"highway":"residential"},"geometry":{"type":"LineString","coordinates":[[12.558858,46.190514],[12.558789,46.190508],[12.558722,46.190516],[12.558609,46.190551]]}},{"type":"Feature","properties":{"u":1444918211,"v":1447462711,"length":84.988,"highway":"unclassified"},"geometry":{"type":"LineString","coordinates":[[12.577308,46.198394],[12.577528,46.198407],[12.57765,46.198428],[12.577957,46.198521],[12.578272,46.198627],[12.578337,46.198649]]}},{"type":"Feature","properties":{"u":275052239,"v":12538786975,"length":60.949,"highway":"unclassified"},"geometry":{"type":"LineString","coordinates":[[12.577194,46.189426],[12.577364,46.189613],[12.577407,46.189709],[12.577418,46.189733],[12.577434,46.189863],[12.577436,46.189934]]}},{"type":"Feature","properties":{"u":12538786975,"v":275052651,"length":93.321,"highway":"unclassified"},"geometry":{"type":"LineString","coordinates":[[12.577436,46.189934],[12.577391,46.190089],[12.577344,46.190192],[12.5773,46.190288],[12.577223,46.190392],[12.577165,46.19047],[12.576962,46.190698]]}},{"type":"Feature","properties":{"u":1447462482,"v":1447462439,"length":632.268,"highway":"residential"},"geometry":{"type":"LineString","coordinates":[[12.572557,46.187411],[12.572542,46.187352],[12.572437,46.187332],[12.572034,46.187303],[12.57175,46.187282],[12.571631,46.187236],[12.571642,46.187189],[12.571706,46.187172],[12.572131,46.187149],[12.572643,46.187111],[12.57295,46.187062],[12.573308,46.187007],[12.573555,46.186955],[12.57385,46.186942],[12.574213,46.186939],[12.57446,46.186911],[12.574687,46.186829],[12.574803,46.186774],[12.574973,46.186731],[12.575195,46.18671],[12.575347,46.186664],[12.575349,46.18662],[12.575294,46.186597],[12.57516,46.186587],[12.574966,46.18658],[12.574739,46.186559],[12.574475,46.186532],[12.574229,46.186492],[12.573905,46.186381],[12.573696,46.186299],[12.573419,46.186181],[12.573143,46.186082],[12.572978,46.186062],[12.572795,46.186111],[12.572542,46.186161],[12.572318,46.18618]]}},{"type":"Feature","properties":{"u":1444918074,"v":1444918085,"length":301.921,"highway":"unclassified"},"geometry":{"type":"LineString","coordinates":[[12.565584,46.194306],[12.565803,46.194347],[12.566138,46.194376],[12.566295,46.194368],[12.5673,46.194342],[12.567979,46.194355],[12.568929,46.194422],[12.569244,46.194451],[12.569471,46.194511]]}},{"type":"Feature","properties":{"u":1444918085,"v":1444918211,"length":857.975,"highway":"unclassified"},"geometry":{"type":"LineString","coordinates":[[12.569471,46.194511],[12.569586,46.194557],[12.569657,46.19462],[12.569744,46.194753],[12.570005,46.195204],[12.570094,46.195305],[12.570235,46.195381],[12.570452,46.195464],[12.571497,46.195862],[12.57155,46.195913],[12.571556,46.195978],[12.571517,46.196037],[12.571387,46.196208],[12.571356,46.196288],[12.571384,46.19633],[12.571443,46.196366],[12.57152,46.19636],[12.571601,46.196341],[12.571701,46.196274],[12.571824,46.196185],[12.571954,46.196056],[12.572043,46.19603],[12.572105,46.196049],[12.572115,46.196127],[12.572133,46.196256],[12.572187,46.196328],[12.572455,46.196493],[12.572654,46.196633],[12.572864,46.196723],[12.573109,46.196822],[12.573242,46.196894],[12.573385,46.197015],[12.573533,46.197121],[12.573696,46.197176],[12.573972,46.197239],[12.57422,46.197273],[12.574424,46.197287],[12.574611,46.19737],[12.574716,46.197435],[12.574859,46.19757],[12.574999,46.197674],[12.575198,46.197771],[12.57561,46.1979],[12.576052,46.198008],[12.576294,46.19809],[12.576685,46.198254],[12.576864,46.198339],[12.577038,46.198381],[12.577308,46.198394]]}},{"type":"Feature","properties":{"u":833148996,"v":1447462192,"length":623.422,"highway":"unclassified"},"geometry":{"type":"LineString","coordinates":[[12.555385,46.184293],[12.555375,46.184174],[12.555417,46.183971],[12.555419,46.183867],[12.555449,46.183594],[12.555421,46.183425],[12.555373,46.183353],[12.555329,46.183277],[12.555357,46.183222],[12.55546,46.183212],[12.555573,46.18326],[12.555642,46.183312],[12.555727,46.183307],[12.555741,46.183248],[12.555711,46.183179],[12.555651,46.183106],[12.555609,46.182986],[12.555621,46.182824],[12.555602,46.182684],[12.555554,46.182586],[12.555542,46.182507],[12.555592,46.182475],[12.555701,46.182466],[12.555898,46.182498],[12.556354,46.182573],[12.556558,46.182593],[12.556598,46.182568],[12.55661,46.182521],[12.556589,46.182496],[12.556539,46.18247],[12.556433,46.182439],[12.556321,46.182391],[12.556144,46.182275],[12.555947,46.182099],[12.555827,46.181968],[12.555708,46.18185],[12.555531,46.181704],[12.555483,46.181644],[12.555502,46.181586],[12.555554,46.18158],[12.555621,46.181585],[12.555739,46.181622],[12.556248,46.181842],[12.556731,46.181991],[12.556878,46.182016],[12.557022,46.181978],[12.557216,46.181886]]}},{"type":"Feature","properties":{"u":275052588,"v":1447462671,"length":26.398,"highway":"residential"},"geometry":{"type":"LineString","coordinates":[[12.559244,46.190772],[12.559222,46.190829],[12.559172,46.190955],[12.559149,46.191]]}},{"type":"Feature","properties":{"u":8318838733,"v":810477587,"length":24.652,"highway":"residential"},"geometry":{"type":"LineString","coordinates":[[12.558761,46.189859],[12.559076,46.189819]]}},{"type":"Feature","properties":{"u":810477587,"v":810477548,"length":119.063,"highway":"residential"},"geometry":{"type":"LineString","coordinates":[[12.559076,46.189819],[12.559318,46.189788],[12.55939,46.189773],[12.559708,46.189684],[12.559931,46.189631],[12.560021,46.189629],[12.560303,46.189662],[12.560547,46.189743]]}},{"type":"Feature","properties":{"u":1444917397,"v":275052586,"length":31.806,"highway":"primary"},"geometry":{"type":"LineString","coordinates":[[12.558123,46.190669],[12.558289,46.190673],[12.558533,46.1907]]}},{"type":"Feature","properties":{"u":275052586,"v":810477546,"length":43.206,"highway":"primary"},"geometry":{"type":"LineString","coordinates":[[12.558533,46.1907],[12.55883,46.190756],[12.559008,46.19078],[12.55908,46.190783]]}},{"type":"Feature","properties":{"u":810477546,"v":275052588,"length":12.683,"highway":"primary"},"geometry":{"type":"LineString","coordinates":[[12.55908,46.190783],[12.559244,46.190772]]}},{"type":"Feature","properties":{"u":275052588,"v":275052590,"length":54.752,"highway":"primary"},"geometry":{"type":"LineString","coordinates":[[12.559244,46.190772],[12.559527,46.190771],[12.559698,46.190795],[12.559773,46.190806],[12.559947,46.190829]]}},{"type":"Feature","properties":{"u":275052585,"v":1444917397,"length":39.2,"highway":"primary"},"geometry":{"type":"LineString","coordinates":[[12.557614,46.19068],[12.557794,46.190677],[12.558123,46.190669]]}},{"type":"Feature","properties":{"u":1446858933,"v":1444917254,"length":17.588,"highway":"primary"},"geometry":{"type":"LineString","coordinates":[[12.554738,46.190358],[12.554965,46.190376]]}},{"type":"Feature","properties":{"u":1444917254,"v":275052585,"length":206.874,"highway":"primary"},"geometry":{"type":"LineString","coordinates":[[12.554965,46.190376],[12.555172,46.190395],[12.555563,46.19043],[12.556059,46.190478],[12.556799,46.190557],[12.5569,46.190567],[12.557198,46.190611],[12.557509,46.190668],[12.557614,46.19068]]}},{"type":"Feature","properties":{"u":833148794,"v":833148989,"length":11.462,"highway":"unclassified"},"geometry":{"type":"LineString","coordinates":[[12.570549,46.186891],[12.57068,46.18694]]}},{"type":"Feature","properties":{"u":8391390867,"v":833149580,"length":12.945,"highway":"unclassified"},"geometry":{"type":"LineString","coordinates":[[12.573536,46.187677],[12.573405,46.187604]]}},{"type":"Feature","properties":{"u":810477546,"v":1446859004,"length":35.261,"highway":"residential"},"geometry":{"type":"LineString","coordinates":[[12.55908,46.190783],[12.559038,46.190666],[12.558858,46.190514]]}},{"type":"Feature","properties":{"u":1446859004,"v":1447462531,"length":31.994,"highway":"residential"},"geometry":{"type":"LineString","coordinates":[[12.558858,46.190514],[12.558832,46.190451],[12.558723,46.190242]]}},{"type":"Feature","properties":{"u":1444917609,"v":1444917480,"length":20.739,"highway":"residential"},"geometry":{"type":"LineString","coordinates":[[12.562404,46.191098],[12.562415,46.191067],[12.562469,46.190917]]}},{"type":"Feature","properties":{"u":564874429,"v":564874425,"length":31.638,"highway":"tertiary_link"},"geometry":{"type":"LineString","coordinates":[[12.653359,46.083118],[12.653184,46.083089],[12.653064,46.083085],[12.652954,46.083089]]}},{"type":"Feature","properties":{"u":1341626864,"v":1541538768,"length":68.283,"highway":"residential"},"geometry":{"type":"LineString","coordinates":[[12.572274,46.071512],[12.573055,46.071801]]}},{"type":"Feature","properties":{"u":912295693,"v":912296928,"length":362.328,"highway":"residential"},"geometry":{"type":"LineString","coordinates":[[12.631207,46.143221],[12.631115,46.143577],[12.631109,46.143732],[12.631211,46.143881],[12.631504,46.144164],[12.631568,46.144233],[12.631811,46.144494],[12.632348,46.144679],[12.632822,46.144913],[12.633192,46.145013],[12.633532,46.144994],[12.633659,46.144987],[12.634111,46.144932],[12.634236,46.144883]]}},{"type":"Feature","properties":{"u":912296928,"v":1644872647,"length":58.615,"highway":"residential"},"geometry":{"type":"LineString","coordinates":[[12.634236,46.144883],[12.634463,46.144788],[12.634799,46.144721],[12.634892,46.144695],[12.634933,46.144681]]}},{"type":"Feature","properties":{"u":1644872647,"v":912302822,"length":168.328,"highway":"residential"},"geometry":{"type":"LineString","coordinates":[[12.634933,46.144681],[12.635269,46.144553],[12.635629,46.144445],[12.635863,46.144373],[12.6361,46.144315],[12.636484,46.144223],[12.636694,46.144195],[12.636954,46.14412]]}},{"type":"Feature","properties":{"u":1644872691,"v":1644872647,"length":242.065,"highway":"residential"},"geometry":{"type":"LineString","coordinates":[[12.636517,46.146557],[12.635586,46.145575],[12.635133,46.144941],[12.634933,46.144681]]}},{"type":"Feature","properties":{"u":735499862,"v":1652567011,"length":768.659,"highway":"unclassified","maxspeed":50},"geometry":{"type":"LineString","coordinates":[[12.604326,46.061095],[12.604554,46.060962],[12.606239,46.059966],[12.608193,46.058815],[12.608874,46.058374],[12.609074,46.058263],[12.609535,46.058041],[12.60978,46.057921],[12.610183,46.057724],[12.610773,46.057427],[12.611334,46.057135],[12.611529,46.057021],[12.611637,46.056947],[12.611687,46.056912],[12.611764,46.056822],[12.611821,46.056742],[12.611893,46.056644]]}},{"type":"Feature","properties":{"u":471486347,"v":2859205822,"length":3.293,"highway":"unclassified"},"geometry":{"type":"LineString","coordinates":[[12.588244,46.067256],[12.588269,46.06728]]}},{"type":"Feature","properties":{"u":2859205822,"v":1658845934,"length":90.903,"highway":"unclassified"},"geometry":{"type":"LineString","coordinates":[[12.588269,46.06728],[12.58843,46.067433],[12.588918,46.067962]]}},{"type":"Feature","properties":{"u":1658845941,"v":1658845937,"length":86.375,"highway":"unclassified"},"geometry":{"type":"LineString","coordinates":[[12.589595,46.068736],[12.589563,46.068707],[12.58907,46.068276],[12.5889,46.068127]]}},{"type":"Feature","properties":{"u":12765991669,"v":3783403159,"length":290.309,"highway":"unclassified","maxspeed":50},"geometry":{"type":"LineString","coordinates":[[12.587651,46.081352],[12.587566,46.081334],[12.587317,46.081277],[12.587117,46.081214],[12.586916,46.081188],[12.586658,46.081165],[12.586369,46.081159],[12.585968,46.081172],[12.585735,46.081181],[12.585536,46.081193],[12.585446,46.081188],[12.585392,46.081156],[12.585364,46.081107],[12.585333,46.080992],[12.585302,46.080797],[12.585278,46.080756],[12.585211,46.080688],[12.585042,46.080551],[12.584827,46.080342],[12.584766,46.080284]]}},{"type":"Feature","properties":{"u":3783403159,"v":472030007,"length":122.926,"highway":"unclassified","maxspeed":50},"geometry":{"type":"LineString","coordinates":[[12.584766,46.080284],[12.584714,46.080236],[12.584076,46.079618],[12.583922,46.079455],[12.583845,46.079382]]}},{"type":"Feature","properties":{"u":1681695341,"v":1681695330,"length":475.207,"highway":"residential","maxspeed":50},"geometry":{"type":"LineString","coordinates":[[12.584082,46.079156],[12.584903,46.079501],[12.584993,46.07951],[12.585124,46.079482],[12.585407,46.079417],[12.585473,46.079393],[12.585528,46.079333],[12.58716,46.077588],[12.587202,46.077531],[12.587215,46.077477],[12.587198,46.077421],[12.587145,46.077368],[12.587054,46.077321],[12.586182,46.076929]]}},{"type":"Feature","properties":{"u":1681707034,"v":1681707012,"length":111.088,"highway":"residential"},"geometry":{"type":"LineString","coordinates":[[12.589619,46.077185],[12.590838,46.076653]]}},{"type":"Feature","properties":{"u":1681707012,"v":1681707023,"length":44.425,"highway":"residential"},"geometry":{"type":"LineString","coordinates":[[12.590838,46.076653],[12.590975,46.076754],[12.59119,46.076968]]}},{"type":"Feature","properties":{"u":472030082,"v":1681707023,"length":18.269,"highway":"residential"},"geometry":{"type":"LineString","coordinates":[[12.590964,46.077016],[12.591089,46.076984],[12.59119,46.076968]]}},{"type":"Feature","properties":{"u":1681723380,"v":1681723284,"length":316.431,"highway":"unclassified","maxspeed":50},"geometry":{"type":"LineString","coordinates":[[12.594078,46.075743],[12.594218,46.07571],[12.594655,46.075456],[12.594812,46.07539],[12.595012,46.075199],[12.595091,46.075066],[12.595293,46.07482],[12.595428,46.0747],[12.595578,46.074612],[12.595744,46.074542],[12.595851,46.074498],[12.596188,46.074413],[12.596397,46.074367],[12.596683,46.074352],[12.59688,46.074364],[12.597301,46.07447]]}},{"type":"Feature","properties":{"u":1681707052,"v":1681728619,"length":141.833,"highway":"residential","maxspeed":50},"geometry":{"type":"LineString","coordinates":[[12.592135,46.077866],[12.592273,46.077821],[12.592381,46.077747],[12.592544,46.07757],[12.592693,46.077372],[12.59282,46.077232],[12.59303,46.077091],[12.593233,46.076957],[12.593299,46.076906]]}},{"type":"Feature","properties":{"u":1681728619,"v":1681723411,"length":47.759,"highway":"residential","maxspeed":50},"geometry":{"type":"LineString","coordinates":[[12.593299,46.076906],[12.593441,46.076642],[12.593517,46.076504]]}},{"type":"Feature","properties":{"u":1681723366,"v":1681723367,"length":6.373,"highway":"residential","maxspeed":50},"geometry":{"type":"LineString","coordinates":[[12.597935,46.075567],[12.598017,46.07556]]}},{"type":"Feature","properties":{"u":1681723367,"v":1681723370,"length":11.211,"highway":"residential","maxspeed":50},"geometry":{"type":"LineString","coordinates":[[12.598017,46.07556],[12.59816,46.075542]]}},{"type":"Feature","properties":{"u":1681723370,"v":1681723343,"length":105.222,"highway":"residential","maxspeed":50},"geometry":{"type":"LineString","coordinates":[[12.59816,46.075542],[12.598503,46.075487],[12.598818,46.075492],[12.599132,46.075506],[12.599513,46.075528]]}},{"type":"Feature","properties":{"u":1681728619,"v":1681728626,"length":24.281,"highway":"unclassified","maxspeed":50},"geometry":{"type":"LineString","coordinates":[[12.593299,46.076906],[12.593444,46.076944],[12.593603,46.076933]]}},{"type":"Feature","properties":{"u":1681666494,"v":1682129971,"length":176.022,"highway":"unclassified","maxspeed":50},"geometry":{"type":"LineString","coordinates":[[12.590938,46.081814],[12.591105,46.081868],[12.591269,46.081937],[12.591422,46.081978],[12.591631,46.082019],[12.591844,46.082033],[12.592245,46.082071],[12.5928,46.082102],[12.593083,46.082129],[12.593143,46.082144]]}},{"type":"Feature","properties":{"u":1681723380,"v":1712494311,"length":241.601,"highway":"residential","maxspeed":50},"geometry":{"type":"LineString","coordinates":[[12.594078,46.075743],[12.594105,46.075673],[12.594078,46.075587],[12.594001,46.075455],[12.593651,46.075032],[12.593409,46.074743],[12.59323,46.074583],[12.593122,46.074347],[12.592911,46.074004],[12.592781,46.073798]]}},{"type":"Feature","properties":{"u":1712494311,"v":1682137606,"length":33.556,"highway":"residential","maxspeed":50},"geometry":{"type":"LineString","coordinates":[[12.592781,46.073798],[12.592722,46.073705],[12.592513,46.073567]]}},{"type":"Feature","properties":{"u":1682137606,"v":1902433126,"length":85.61,"highway":"residential","maxspeed":50},"geometry":{"type":"LineString","coordinates":[[12.592513,46.073567],[12.592357,46.073406],[12.592056,46.073082],[12.591924,46.072915]]}},{"type":"Feature","properties":{"u":1902433126,"v":1902433193,"length":48.829,"highway":"residential","maxspeed":50},"geometry":{"type":"LineString","coordinates":[[12.591924,46.072915],[12.591888,46.072868],[12.591821,46.072698],[12.591783,46.07249]]}},{"type":"Feature","properties":{"u":1902433193,"v":1892315369,"length":84.31,"highway":"residential","maxspeed":50},"geometry":{"type":"LineString","coordinates":[[12.591783,46.07249],[12.5918,46.072122],[12.591742,46.071891],[12.591673,46.071743]]}},{"type":"Feature","properties":{"u":1682911032,"v":1682911031,"length":11.564,"highway":"unclassified"},"geometry":{"type":"LineString","coordinates":[[12.58919,46.066415],[12.589307,46.06635]]}},{"type":"Feature","properties":{"u":1682911036,"v":1682911032,"length":35.995,"highway":"unclassified"},"geometry":{"type":"LineString","coordinates":[[12.58946,46.066679],[12.58919,46.066415]]}},{"type":"Feature","properties":{"u":1682911032,"v":1682911019,"length":101.21,"highway":"unclassified"},"geometry":{"type":"LineString","coordinates":[[12.58919,46.066415],[12.588362,46.065709]]}},{"type":"Feature","properties":{"u":1682920443,"v":1682920412,"length":61.433,"highway":"unclassified"},"geometry":{"type":"LineString","coordinates":[[12.591015,46.067419],[12.591728,46.067173]]}},{"type":"Feature","properties":{"u":1682920410,"v":1682920434,"length":71.503,"highway":"unclassified"},"geometry":{"type":"LineString","coordinates":[[12.5895,46.066659],[12.589953,46.06722]]}},{"type":"Feature","properties":{"u":471989548,"v":1682927459,"length":8.877,"highway":"unclassified"},"geometry":{"type":"LineString","coordinates":[[12.58871,46.062895],[12.588628,46.062951]]}},{"type":"Feature","properties":{"u":1682927459,"v":471487867,"length":10.158,"highway":"unclassified"},"geometry":{"type":"LineString","coordinates":[[12.588628,46.062951],[12.58853,46.063012]]}},{"type":"Feature","properties":{"u":472029981,"v":1712606995,"length":73.828,"highway":"tertiary"},"geometry":{"type":"LineString","coordinates":[[12.578129,46.082385],[12.578347,46.082269],[12.578594,46.082132],[12.578883,46.081976]]}},{"type":"Feature","properties":{"u":1712606995,"v":2155862657,"length":239.528,"highway":"tertiary"},"geometry":{"type":"LineString","coordinates":[[12.578883,46.081976],[12.578933,46.081949],[12.579148,46.081846],[12.579298,46.081775],[12.579567,46.081641],[12.579755,46.081536],[12.580208,46.081308],[12.581379,46.080695]]}},{"type":"Feature","properties":{"u":2155862657,"v":2155862661,"length":179.933,"highway":"tertiary"},"geometry":{"type":"LineString","coordinates":[[12.581379,46.080695],[12.582376,46.080173],[12.583232,46.079712]]}},{"type":"Feature","properties":{"u":2155862661,"v":1700604490,"length":52.424,"highway":"tertiary"},"geometry":{"type":"LineString","coordinates":[[12.583232,46.079712],[12.583513,46.079561],[12.583769,46.079423]]}},{"type":"Feature","properties":{"u":1700604490,"v":472030007,"length":7.426,"highway":"tertiary"},"geometry":{"type":"LineString","coordinates":[[12.583769,46.079423],[12.583845,46.079382]]}},{"type":"Feature","properties":{"u":472030007,"v":1681695341,"length":31.075,"highway":"tertiary"},"geometry":{"type":"LineString","coordinates":[[12.583845,46.079382],[12.584082,46.079156]]}},{"type":"Feature","properties":{"u":1681695341,"v":472023735,"length":26.48,"highway":"tertiary"},"geometry":{"type":"LineString","coordinates":[[12.584082,46.079156],[12.584174,46.079068],[12.584211,46.079023],[12.584265,46.078955]]}},{"type":"Feature","properties":{"u":472023735,"v":2155862663,"length":97.569,"highway":"tertiary"},"geometry":{"type":"LineString","coordinates":[[12.584265,46.078955],[12.584947,46.078216]]}},{"type":"Feature","properties":{"u":2155862663,"v":1681695330,"length":171.914,"highway":"tertiary"},"geometry":{"type":"LineString","coordinates":[[12.584947,46.078216],[12.586063,46.077052],[12.586182,46.076929]]}},{"type":"Feature","properties":{"u":1681695330,"v":1712610826,"length":30.773,"highway":"tertiary"},"geometry":{"type":"LineString","coordinates":[[12.586182,46.076929],[12.586395,46.076695]]}},{"type":"Feature","properties":{"u":1712610826,"v":12766049437,"length":110.02,"highway":"tertiary"},"geometry":{"type":"LineString","coordinates":[[12.586395,46.076695],[12.586958,46.076079],[12.587171,46.075865]]}},{"type":"Feature","properties":{"u":1684368588,"v":735499839,"length":30.655,"highway":"unclassified"},"geometry":{"type":"LineString","coordinates":[[12.598113,46.060995],[12.598069,46.060938],[12.598012,46.060892],[12.597933,46.060874],[12.597801,46.060888]]}},{"type":"Feature","properties":{"u":735499839,"v":2859192545,"length":28.023,"highway":"unclassified"},"geometry":{"type":"LineString","coordinates":[[12.597801,46.060888],[12.597857,46.060826],[12.598034,46.060696]]}},{"type":"Feature","properties":{"u":2859192545,"v":1684368557,"length":33.225,"highway":"unclassified"},"geometry":{"type":"LineString","coordinates":[[12.598034,46.060696],[12.598053,46.060682],[12.598393,46.060532]]}},{"type":"Feature","properties":{"u":9952607157,"v":9952607156,"length":303.349,"highway":"unclassified"},"geometry":{"type":"LineString","coordinates":[[12.594797,46.062532],[12.592628,46.063355],[12.592022,46.063583],[12.591306,46.06378]]}},{"type":"Feature","properties":{"u":1684655467,"v":1712580106,"length":172.671,"highway":"tertiary"},"geometry":{"type":"LineString","coordinates":[[12.593815,46.099021],[12.595582,46.098067]]}},{"type":"Feature","properties":{"u":1684672611,"v":5053228237,"length":5.73,"highway":"tertiary"},"geometry":{"type":"LineString","coordinates":[[12.60521,46.066033],[12.605233,46.066082]]}},{"type":"Feature","properties":{"u":5053228237,"v":5053228223,"length":9.235,"highway":"tertiary"},"geometry":{"type":"LineString","coordinates":[[12.605233,46.066082],[12.605232,46.06613],[12.605215,46.066163]]}},{"type":"Feature","properties":{"u":5053228223,"v":5053228233,"length":22.272,"highway":"tertiary"},"geometry":{"type":"LineString","coordinates":[[12.605215,46.066163],[12.60521,46.066174],[12.605178,46.066204],[12.605124,46.066234],[12.605061,46.06625],[12.604979,46.06625]]}},{"type":"Feature","properties":{"u":5053228233,"v":471487480,"length":5.399,"highway":"tertiary"},"geometry":{"type":"LineString","coordinates":[[12.604979,46.06625],[12.604914,46.066232]]}},{"type":"Feature","properties":{"u":1684672603,"v":5053228226,"length":5.546,"highway":"tertiary"},"geometry":{"type":"LineString","coordinates":[[12.605109,46.06597],[12.605147,46.065982],[12.605168,46.065997]]}},{"type":"Feature","properties":{"u":5053228226,"v":1684672611,"length":5.182,"highway":"tertiary"},"geometry":{"type":"LineString","coordinates":[[12.605168,46.065997],[12.605196,46.066017],[12.60521,46.066033]]}},{"type":"Feature","properties":{"u":1684672630,"v":9881862503,"length":1807.049,"highway":"tertiary"},"geometry":{"type":"LineString","coordinates":[[12.605212,46.066363],[12.60564,46.066844],[12.605918,46.067129],[12.606121,46.067273],[12.606368,46.067401],[12.60665,46.067513],[12.607077,46.067621],[12.615103,46.069238],[12.619506,46.07013],[12.620421,46.07032],[12.623001,46.070786],[12.623294,46.070849],[12.623565,46.07092],[12.623753,46.070989],[12.623931,46.071067],[12.624097,46.07116],[12.624256,46.071256],[12.624411,46.071359],[12.624592,46.071498],[12.624734,46.071649],[12.624867,46.071819],[12.625411,46.072812],[12.625461,46.07288],[12.625491,46.072917]]}},{"type":"Feature","properties":{"u":9881862503,"v":727760781,"length":53.914,"highway":"tertiary"},"geometry":{"type":"LineString","coordinates":[[12.625491,46.072917],[12.625512,46.072944],[12.625582,46.073009],[12.625658,46.073064],[12.625734,46.073111],[12.625806,46.073149],[12.625859,46.07317],[12.625912,46.073191],[12.626017,46.073221]]}},{"type":"Feature","properties":{"u":727760781,"v":9881911766,"length":15.58,"highway":"tertiary"},"geometry":{"type":"LineString","coordinates":[[12.626017,46.073221],[12.62611,46.073238],[12.626215,46.073247]]}},{"type":"Feature","properties":{"u":9881911766,"v":2872329191,"length":9.724,"highway":"tertiary"},"geometry":{"type":"LineString","coordinates":[[12.626215,46.073247],[12.626232,46.073248],[12.626341,46.073248]]}},{"type":"Feature","properties":{"u":5053228223,"v":1684672630,"length":22.242,"highway":"tertiary"},"geometry":{"type":"LineString","coordinates":[[12.605215,46.066163],[12.605216,46.066222],[12.605212,46.066363]]}},{"type":"Feature","properties":{"u":1684672620,"v":5053228232,"length":6.951,"highway":"tertiary"},"geometry":{"type":"LineString","coordinates":[[12.604846,46.066192],[12.604809,46.066135]]}},{"type":"Feature","properties":{"u":5053228232,"v":5053228231,"length":11.73,"highway":"tertiary"},"geometry":{"type":"LineString","coordinates":[[12.604809,46.066135],[12.604804,46.066095],[12.604823,46.066031]]}},{"type":"Feature","properties":{"u":735499581,"v":1684676069,"length":34.783,"highway":"tertiary"},"geometry":{"type":"LineString","coordinates":[[12.610375,46.064094],[12.610805,46.064]]}},{"type":"Feature","properties":{"u":1684676069,"v":1768758421,"length":2419.462,"highway":"tertiary"},"geometry":{"type":"LineString","coordinates":[[12.610805,46.064],[12.611359,46.063877],[12.612249,46.063701],[12.613334,46.063458],[12.61376,46.063325],[12.614095,46.063221],[12.615135,46.062824],[12.615574,46.062577],[12.616221,46.062066],[12.616842,46.061575],[12.617163,46.06141],[12.617793,46.061144],[12.618584,46.060818],[12.619507,46.060485],[12.620355,46.060205],[12.621296,46.059908],[12.622312,46.059599],[12.622694,46.059492],[12.623381,46.05925],[12.624234,46.058859],[12.625119,46.058394],[12.625936,46.057932],[12.627061,46.05736],[12.628113,46.056882],[12.628635,46.056717],[12.629067,46.056572],[12.629626,46.056384],[12.630591,46.056074],[12.631757,46.055709],[12.632957,46.055326],[12.633635,46.055039],[12.63454,46.054566],[12.635837,46.05391],[12.636291,46.05378],[12.636912,46.053742],[12.63774,46.053704],[12.637852,46.0537],[12.637926,46.053697]]}},{"type":"Feature","properties":{"u":1684676071,"v":1684676062,"length":32.001,"highway":"unclassified"},"geometry":{"type":"LineString","coordinates":[[12.60998,46.064184],[12.610075,46.064077],[12.610123,46.064002],[12.610149,46.063924]]}},{"type":"Feature","properties":{"u":1684676056,"v":1684676063,"length":114.282,"highway":"unclassified"},"geometry":{"type":"LineString","coordinates":[[12.609498,46.063106],[12.609841,46.063407],[12.610246,46.063797],[12.610416,46.06391]]}},{"type":"Feature","properties":{"u":1684676063,"v":1684676069,"length":31.665,"highway":"unclassified"},"geometry":{"type":"LineString","coordinates":[[12.610416,46.06391],[12.610575,46.063952],[12.610687,46.063978],[12.610805,46.064]]}},{"type":"Feature","properties":{"u":1684676063,"v":735499581,"length":20.715,"highway":"unclassified"},"geometry":{"type":"LineString","coordinates":[[12.610416,46.06391],[12.610399,46.063967],[12.610375,46.064094]]}},{"type":"Feature","properties":{"u":735499581,"v":1684676062,"length":25.877,"highway":"unclassified"},"geometry":{"type":"LineString","coordinates":[[12.610375,46.064094],[12.610274,46.063999],[12.610149,46.063924]]}},{"type":"Feature","properties":{"u":1684676062,"v":1684676056,"length":104.237,"highway":"unclassified"},"geometry":{"type":"LineString","coordinates":[[12.610149,46.063924],[12.610044,46.063782],[12.609842,46.063525],[12.609561,46.06323],[12.609498,46.063106]]}},{"type":"Feature","properties":{"u":1684677980,"v":1684677973,"length":519.626,"highway":"unclassified"},"geometry":{"type":"LineString","coordinates":[[12.609368,46.062976],[12.611562,46.061982],[12.612962,46.061348],[12.613172,46.061532],[12.61324,46.061654],[12.613193,46.061749],[12.613057,46.061824],[12.612357,46.062069],[12.612234,46.062083],[12.612017,46.06206],[12.611793,46.062013],[12.611562,46.061982]]}},{"type":"Feature","properties":{"u":1685570388,"v":1685570371,"length":166.63,"highway":"residential","maxspeed":50},"geometry":{"type":"LineString","coordinates":[[12.59047,46.068511],[12.59053,46.068412],[12.590569,46.068348],[12.590826,46.068179],[12.591171,46.068012],[12.591726,46.067778],[12.592034,46.067627],[12.592135,46.067611]]}},{"type":"Feature","properties":{"u":1700604490,"v":1700604491,"length":225.949,"highway":"unclassified"},"geometry":{"type":"LineString","coordinates":[[12.583769,46.079423],[12.583759,46.081455]]}},{"type":"Feature","properties":{"u":471485436,"v":471989554,"length":59.839,"highway":"residential"},"geometry":{"type":"LineString","coordinates":[[12.589958,46.064135],[12.590018,46.064184],[12.590312,46.064427],[12.590321,46.064503],[12.590276,46.064577]]}},{"type":"Feature","properties":{"u":1341626624,"v":1341626619,"length":24.793,"highway":"secondary"},"geometry":{"type":"LineString","coordinates":[[12.56764,46.065145],[12.567532,46.064935]]}},{"type":"Feature","properties":{"u":939143364,"v":1961341590,"length":3.008,"highway":"secondary"},"geometry":{"type":"LineString","coordinates":[[12.577981,46.074289],[12.577963,46.074265]]}},{"type":"Feature","properties":{"u":1706412234,"v":2882994271,"length":149.545,"highway":"secondary","maxspeed":70},"geometry":{"type":"LineString","coordinates":[[12.567488,46.064758],[12.567461,46.064651],[12.567379,46.064056],[12.567285,46.063637],[12.567181,46.063435]]}},{"type":"Feature","properties":{"u":1706412249,"v":1706412253,"length":95.96,"highway":"residential"},"geometry":{"type":"LineString","coordinates":[[12.587711,46.072779],[12.586687,46.073269]]}},{"type":"Feature","properties":{"u":1706412253,"v":1706412269,"length":121.188,"highway":"residential"},"geometry":{"type":"LineString","coordinates":[[12.586687,46.073269],[12.586416,46.073399],[12.585401,46.073895]]}},{"type":"Feature","properties":{"u":275047735,"v":275047734,"length":43.72,"highway":"secondary","maxspeed":50},"geometry":{"type":"LineString","coordinates":[[12.57833,46.074674],[12.5782,46.074809],[12.57811,46.0749],[12.578009,46.074998]]}},{"type":"Feature","properties":{"u":1706412313,"v":1706412297,"length":34.77,"highway":"secondary","maxspeed":50},"geometry":{"type":"LineString","coordinates":[[12.578082,46.074644],[12.578204,46.074609],[12.578321,46.074574],[12.578502,46.074531]]}},{"type":"Feature","properties":{"u":939143364,"v":1706412297,"length":50.707,"highway":"secondary","maxspeed":50},"geometry":{"type":"LineString","coordinates":[[12.577981,46.074289],[12.578094,46.074398],[12.578154,46.074441],[12.578245,46.074487],[12.578356,46.07451],[12.578502,46.074531]]}},{"type":"Feature","properties":{"u":1706412297,"v":1714288582,"length":72.215,"highway":"secondary","maxspeed":50},"geometry":{"type":"LineString","coordinates":[[12.578502,46.074531],[12.579257,46.074147]]}},{"type":"Feature","properties":{"u":1714288582,"v":1961286841,"length":190.215,"highway":"secondary","maxspeed":50},"geometry":{"type":"LineString","coordinates":[[12.579257,46.074147],[12.579336,46.074111],[12.580554,46.073481],[12.581232,46.073123]]}},{"type":"Feature","properties":{"u":1961286841,"v":1961286817,"length":103.862,"highway":"secondary","maxspeed":50},"geometry":{"type":"LineString","coordinates":[[12.581232,46.073123],[12.581307,46.073083],[12.581902,46.072773],[12.582303,46.072557]]}},{"type":"Feature","properties":{"u":1706412249,"v":472030042,"length":44.759,"highway":"residential"},"geometry":{"type":"LineString","coordinates":[[12.587711,46.072779],[12.58818,46.073016]]}},{"type":"Feature","properties":{"u":1706412249,"v":1706412240,"length":171.337,"highway":"residential"},"geometry":{"type":"LineString","coordinates":[[12.587711,46.072779],[12.585903,46.071884]]}},{"type":"Feature","properties":{"u":1706412245,"v":1706412249,"length":35.051,"highway":"residential"},"geometry":{"type":"LineString","coordinates":[[12.588086,46.072601],[12.587711,46.072779]]}},{"type":"Feature","properties":{"u":471993429,"v":1706412240,"length":59.675,"highway":"residential"},"geometry":{"type":"LineString","coordinates":[[12.586478,46.071525],[12.585903,46.071884]]}},{"type":"Feature","properties":{"u":472030059,"v":1706412317,"length":113.957,"highway":"unclassified"},"geometry":{"type":"LineString","coordinates":[[12.5889,46.073994],[12.588674,46.074129],[12.588608,46.074224],[12.588622,46.074317],[12.58866,46.074436],[12.588101,46.074747]]}},{"type":"Feature","properties":{"u":1707957608,"v":1707957595,"length":72.394,"highway":"residential"},"geometry":{"type":"LineString","coordinates":[[12.595693,46.072615],[12.595765,46.072567],[12.59601,46.072466],[12.596051,46.07241],[12.596041,46.07234],[12.595944,46.072229],[12.595857,46.072124]]}},{"type":"Feature","properties":{"u":1707957595,"v":1707957581,"length":117.79,"highway":"residential"},"geometry":{"type":"LineString","coordinates":[[12.595857,46.072124],[12.595153,46.071184]]}},{"type":"Feature","properties":{"u":1707957581,"v":1707957588,"length":41.195,"highway":"residential"},"geometry":{"type":"LineString","coordinates":[[12.595153,46.071184],[12.594666,46.071336]]}},{"type":"Feature","properties":{"u":1707957588,"v":1712494285,"length":37.5,"highway":"residential"},"geometry":{"type":"LineString","coordinates":[[12.594666,46.071336],[12.594321,46.071452],[12.594238,46.071494]]}},{"type":"Feature","properties":{"u":1681723374,"v":1681723284,"length":131.413,"highway":"residential","maxspeed":50},"geometry":{"type":"LineString","coordinates":[[12.59784,46.075572],[12.597798,46.075418],[12.597713,46.075041],[12.597608,46.074809],[12.597301,46.07447]]}},{"type":"Feature","properties":{"u":1681723284,"v":1707957608,"length":240.884,"highway":"residential","maxspeed":50},"geometry":{"type":"LineString","coordinates":[[12.597301,46.07447],[12.597247,46.074405],[12.59697,46.07405],[12.595913,46.072819],[12.595693,46.072615]]}},{"type":"Feature","properties":{"u":1707957608,"v":1712494292,"length":62.62,"highway":"residential","maxspeed":50},"geometry":{"type":"LineString","coordinates":[[12.595693,46.072615],[12.595247,46.07273],[12.59503,46.072739],[12.594915,46.072719]]}},{"type":"Feature","properties":{"u":1712494292,"v":12281773734,"length":19.328,"highway":"residential","maxspeed":50},"geometry":{"type":"LineString","coordinates":[[12.594915,46.072719],[12.594817,46.072702],[12.594694,46.072643]]}},{"type":"Feature","properties":{"u":12281773734,"v":12281773733,"length":73.703,"highway":"residential","maxspeed":50},"geometry":{"type":"LineString","coordinates":[[12.594694,46.072643],[12.594657,46.072621],[12.594484,46.072432],[12.5942,46.072078]]}},{"type":"Feature","properties":{"u":12281773733,"v":1707957569,"length":167.718,"highway":"residential","maxspeed":50},"geometry":{"type":"LineString","coordinates":[[12.5942,46.072078],[12.593863,46.071657],[12.593803,46.071582],[12.593363,46.071064],[12.593033,46.070813]]}},{"type":"Feature","properties":{"u":1707957588,"v":1707957578,"length":32.345,"highway":"residential"},"geometry":{"type":"LineString","coordinates":[[12.594666,46.071336],[12.594503,46.071068]]}},{"type":"Feature","properties":{"u":1711461606,"v":1711461617,"length":36.588,"highway":"residential","maxspeed":50},"geometry":{"type":"LineString","coordinates":[[12.590661,46.08481],[12.590766,46.08497],[12.590865,46.085107]]}},{"type":"Feature","properties":{"u":1711461617,"v":1712515210,"length":143.715,"highway":"residential","maxspeed":50},"geometry":{"type":"LineString","coordinates":[[12.590865,46.085107],[12.591213,46.085583],[12.591468,46.085934],[12.591707,46.08626]]}},{"type":"Feature","properties":{"u":1712515210,"v":1711461644,"length":142.653,"highway":"residential","maxspeed":50},"geometry":{"type":"LineString","coordinates":[[12.591707,46.08626],[12.592011,46.086686],[12.592103,46.086735],[12.592218,46.086753],[12.59234,46.086732],[12.592674,46.08662],[12.592997,46.086518],[12.593072,46.086501]]}},{"type":"Feature","properties":{"u":1711461606,"v":2868849726,"length":90.468,"highway":"unclassified","maxspeed":50},"geometry":{"type":"LineString","coordinates":[[12.590661,46.08481],[12.590472,46.084898],[12.590325,46.084986],[12.590186,46.085078],[12.59003,46.085211],[12.58996,46.085304],[12.589881,46.085401]]}},{"type":"Feature","properties":{"u":481334478,"v":727760739,"length":407.36,"highway":"unclassified"},"geometry":{"type":"LineString","coordinates":[[12.594878,46.088038],[12.595056,46.087947],[12.59532,46.087818],[12.595661,46.087674],[12.595892,46.08756],[12.596043,46.087511],[12.59613,46.087481],[12.596217,46.087466],[12.596445,46.087409],[12.59687,46.087218],[12.597053,46.087092],[12.59734,46.086892],[12.597928,46.086561],[12.598388,46.086326],[12.598749,46.086146],[12.599198,46.085971]]}},{"type":"Feature","properties":{"u":1711467217,"v":1711467204,"length":341.387,"highway":"unclassified"},"geometry":{"type":"LineString","coordinates":[[12.594372,46.094589],[12.594378,46.094229],[12.59443,46.093924],[12.594446,46.093728],[12.594432,46.09365],[12.594393,46.093563],[12.594241,46.09332],[12.594074,46.093166],[12.593682,46.09264],[12.593382,46.092203],[12.593318,46.092066],[12.593349,46.091939],[12.593415,46.091848],[12.593501,46.091734]]}},{"type":"Feature","properties":{"u":1711467204,"v":1711467199,"length":67.572,"highway":"unclassified"},"geometry":{"type":"LineString","coordinates":[[12.593501,46.091734],[12.593614,46.091596],[12.593739,46.091385],[12.593803,46.091309],[12.593838,46.091267],[12.593939,46.09122]]}},{"type":"Feature","properties":{"u":1711467204,"v":1711464340,"length":369.648,"highway":"unclassified"},"geometry":{"type":"LineString","coordinates":[[12.593501,46.091734],[12.592457,46.091392],[12.592601,46.091184],[12.592585,46.091138],[12.592511,46.091101],[12.591533,46.090802],[12.591373,46.090697],[12.591159,46.09056],[12.590945,46.090426],[12.59081,46.090369],[12.590658,46.090355],[12.590502,46.090349],[12.59035,46.090392],[12.590193,46.090466],[12.590021,46.090565],[12.589935,46.09062],[12.58982,46.09063]]}},{"type":"Feature","properties":{"u":481334500,"v":1711474154,"length":169.792,"highway":"unclassified","maxspeed":50},"geometry":{"type":"LineString","coordinates":[[12.59973,46.094396],[12.599544,46.094321],[12.599236,46.094213],[12.599103,46.094197],[12.598418,46.094164],[12.598197,46.094137],[12.598081,46.094097],[12.597939,46.094016],[12.597715,46.093897]]}},{"type":"Feature","properties":{"u":1711474154,"v":2074573390,"length":90.046,"highway":"unclassified","maxspeed":50},"geometry":{"type":"LineString","coordinates":[[12.597715,46.093897],[12.597669,46.093827],[12.597561,46.093746],[12.597465,46.093676],[12.596968,46.093515],[12.596784,46.093445]]}},{"type":"Feature","properties":{"u":2074573390,"v":1711474128,"length":57.092,"highway":"unclassified","maxspeed":50},"geometry":{"type":"LineString","coordinates":[[12.596784,46.093445],[12.596721,46.093422],[12.596103,46.093244]]}},{"type":"Feature","properties":{"u":481334500,"v":1712534924,"length":45.062,"highway":"unclassified","maxspeed":50},"geometry":{"type":"LineString","coordinates":[[12.59973,46.094396],[12.599956,46.094437],[12.600189,46.094461],[12.600304,46.094456]]}},{"type":"Feature","properties":{"u":1711474154,"v":1711475457,"length":96.697,"highway":"unclassified"},"geometry":{"type":"LineString","coordinates":[[12.597715,46.093897],[12.597613,46.093925],[12.597301,46.093958],[12.596968,46.094021],[12.596718,46.094033],[12.59649,46.094066]]}},{"type":"Feature","properties":{"u":1711475457,"v":1711475461,"length":152.759,"highway":"unclassified"},"geometry":{"type":"LineString","coordinates":[[12.59649,46.094066],[12.597056,46.094791],[12.597303,46.095109],[12.597347,46.09521],[12.597332,46.095292]]}},{"type":"Feature","properties":{"u":1711477417,"v":1712570498,"length":97.417,"highway":"unclassified"},"geometry":{"type":"LineString","coordinates":[[12.595614,46.094293],[12.595391,46.094361],[12.595143,46.094461],[12.594894,46.094533],[12.594687,46.094573],[12.594491,46.094593],[12.594441,46.094591]]}},{"type":"Feature","properties":{"u":1712570498,"v":1711467217,"length":5.325,"highway":"unclassified"},"geometry":{"type":"LineString","coordinates":[[12.594441,46.094591],[12.594372,46.094589]]}},{"type":"Feature","properties":{"u":1711467217,"v":402609945,"length":226.339,"highway":"unclassified"},"geometry":{"type":"LineString","coordinates":[[12.594372,46.094589],[12.594078,46.094595],[12.593886,46.094575],[12.593668,46.09449],[12.593323,46.094333],[12.592957,46.094191],[12.592793,46.094131],[12.592707,46.094119],[12.592629,46.094131],[12.592563,46.094171],[12.592436,46.09429],[12.592271,46.094382],[12.592033,46.094456],[12.591809,46.094512]]}},{"type":"Feature","properties":{"u":1711490678,"v":1711490677,"length":59.101,"highway":"unclassified"},"geometry":{"type":"LineString","coordinates":[[12.595713,46.09408],[12.595887,46.094061],[12.596158,46.094035],[12.59638,46.094041],[12.596474,46.094048]]}},{"type":"Feature","properties":{"u":1711475457,"v":1711490677,"length":2.351,"highway":"unclassified"},"geometry":{"type":"LineString","coordinates":[[12.59649,46.094066],[12.596474,46.094048]]}},{"type":"Feature","properties":{"u":1711490677,"v":1711475452,"length":72.496,"highway":"unclassified"},"geometry":{"type":"LineString","coordinates":[[12.596474,46.094048],[12.595995,46.093487]]}},{"type":"Feature","properties":{"u":1711475461,"v":1711490694,"length":62.419,"highway":"unclassified"},"geometry":{"type":"LineString","coordinates":[[12.597332,46.095292],[12.597462,46.095401],[12.597606,46.095523],[12.597777,46.095725],[12.597778,46.095753]]}},{"type":"Feature","properties":{"u":1711490679,"v":1711490694,"length":156.605,"highway":"unclassified"},"geometry":{"type":"LineString","coordinates":[[12.599531,46.095072],[12.599312,46.095129],[12.598783,46.095282],[12.598448,46.095407],[12.598376,46.095425],[12.598251,46.095503],[12.598032,46.0956],[12.59791,46.095663],[12.597874,46.095699],[12.597778,46.095753]]}},{"type":"Feature","properties":{"u":1711490694,"v":1711490708,"length":68.025,"highway":"unclassified"},"geometry":{"type":"LineString","coordinates":[[12.597778,46.095753],[12.597543,46.095782],[12.59742,46.095785],[12.59731,46.095841],[12.597168,46.095922],[12.59707,46.095997],[12.597047,46.096031]]}},{"type":"Feature","properties":{"u":1711490721,"v":1711490728,"length":62.458,"highway":"unclassified"},"geometry":{"type":"LineString","coordinates":[[12.598565,46.096707],[12.598406,46.096813],[12.598145,46.096963],[12.598012,46.097039],[12.597946,46.097068]]}},{"type":"Feature","properties":{"u":1711490728,"v":1712576186,"length":103.69,"highway":"unclassified"},"geometry":{"type":"LineString","coordinates":[[12.597946,46.097068],[12.597865,46.097056],[12.597723,46.097062],[12.597519,46.097095],[12.59737,46.09718],[12.597231,46.09729],[12.597085,46.097361],[12.596802,46.097476]]}},{"type":"Feature","properties":{"u":1712576186,"v":1712576190,"length":43.748,"highway":"unclassified"},"geometry":{"type":"LineString","coordinates":[[12.596802,46.097476],[12.596777,46.097486],[12.59648,46.097618],[12.596329,46.097693]]}},{"type":"Feature","properties":{"u":1712576190,"v":1684655465,"length":45.888,"highway":"unclassified"},"geometry":{"type":"LineString","coordinates":[[12.596329,46.097693],[12.596158,46.097779],[12.595823,46.097909]]}},{"type":"Feature","properties":{"u":1711490715,"v":1711490708,"length":68.554,"highway":"unclassified"},"geometry":{"type":"LineString","coordinates":[[12.597844,46.096295],[12.597732,46.096256],[12.59743,46.096133],[12.597287,46.096077],[12.597168,46.09605],[12.597047,46.096031]]}},{"type":"Feature","properties":{"u":1711490708,"v":1711490683,"length":178.909,"highway":"unclassified"},"geometry":{"type":"LineString","coordinates":[[12.597047,46.096031],[12.59702,46.096026],[12.596381,46.096012],[12.59618,46.096004],[12.595985,46.095991],[12.595882,46.095971],[12.5958,46.095948],[12.59575,46.09593],[12.595708,46.095909],[12.595649,46.095871],[12.595328,46.095628],[12.595123,46.095441],[12.595073,46.095421]]}},{"type":"Feature","properties":{"u":1711490715,"v":1711490721,"length":72.145,"highway":"unclassified"},"geometry":{"type":"LineString","coordinates":[[12.597844,46.096295],[12.598133,46.096473],[12.598436,46.096624],[12.598565,46.096707]]}},{"type":"Feature","properties":{"u":1684655442,"v":1711490734,"length":137.04,"highway":"unclassified","maxspeed":50},"geometry":{"type":"LineString","coordinates":[[12.594496,46.096767],[12.594354,46.096827],[12.593157,46.097416],[12.59302,46.097445]]}},{"type":"Feature","properties":{"u":1711490694,"v":1711490715,"length":62.013,"highway":"unclassified"},"geometry":{"type":"LineString","coordinates":[[12.597778,46.095753],[12.597788,46.095777],[12.597836,46.095861],[12.5979,46.09604],[12.597844,46.096295]]}},{"type":"Feature","properties":{"u":1712524101,"v":1712524095,"length":94.705,"highway":"unclassified"},"geometry":{"type":"LineString","coordinates":[[12.595091,46.091084],[12.595004,46.090985],[12.594948,46.090874],[12.594918,46.090735],[12.594831,46.090623],[12.594718,46.090406],[12.59465,46.090296]]}},{"type":"Feature","properties":{"u":1712524095,"v":1711695029,"length":126.145,"highway":"unclassified"},"geometry":{"type":"LineString","coordinates":[[12.59465,46.090296],[12.594616,46.090251],[12.594565,46.090214],[12.594344,46.090075],[12.593871,46.089751],[12.593742,46.089675],[12.593639,46.089633],[12.593413,46.089584]]}},{"type":"Feature","properties":{"u":1711695027,"v":1711695025,"length":27.388,"highway":"unclassified"},"geometry":{"type":"LineString","coordinates":[[12.593041,46.089367],[12.592923,46.089259],[12.592867,46.089242],[12.592777,46.089214]]}},{"type":"Feature","properties":{"u":1711695029,"v":1711695703,"length":97.075,"highway":"unclassified"},"geometry":{"type":"LineString","coordinates":[[12.593413,46.089584],[12.593313,46.089809],[12.593113,46.090194],[12.593092,46.09024],[12.593088,46.090283],[12.5931,46.09032],[12.593118,46.090351],[12.593165,46.090408]]}},{"type":"Feature","properties":{"u":3985151860,"v":471487485,"length":71.176,"highway":"residential"},"geometry":{"type":"LineString","coordinates":[[12.592762,46.068181],[12.593298,46.068702]]}},{"type":"Feature","properties":{"u":1712490245,"v":1712490241,"length":144.187,"highway":"residential","maxspeed":50},"geometry":{"type":"LineString","coordinates":[[12.594287,46.069673],[12.595794,46.068906]]}},{"type":"Feature","properties":{"u":1712490243,"v":1712490239,"length":144.203,"highway":"residential","maxspeed":50},"geometry":{"type":"LineString","coordinates":[[12.593816,46.06918],[12.595319,46.068409]]}},{"type":"Feature","properties":{"u":1712494292,"v":1712494311,"length":205.433,"highway":"unclassified","maxspeed":50},"geometry":{"type":"LineString","coordinates":[[12.594915,46.072719],[12.594782,46.07282],[12.594349,46.073099],[12.593837,46.073397],[12.593665,46.073485],[12.593112,46.073692],[12.592781,46.073798]]}},{"type":"Feature","properties":{"u":1681707052,"v":1681707071,"length":102.711,"highway":"residential","maxspeed":50},"geometry":{"type":"LineString","coordinates":[[12.592135,46.077866],[12.592059,46.077926],[12.591942,46.078031],[12.59178,46.078175],[12.591645,46.078321],[12.591572,46.078458],[12.591503,46.078582],[12.591418,46.07863]]}},{"type":"Feature","properties":{"u":1681660213,"v":472030099,"length":175.824,"highway":"unclassified","maxspeed":50},"geometry":{"type":"LineString","coordinates":[[12.594527,46.080529],[12.594446,46.08059],[12.594382,46.080614],[12.594294,46.080633],[12.594186,46.080665],[12.594071,46.080691],[12.593936,46.08071],[12.593743,46.080707],[12.59345,46.080691],[12.593175,46.080706],[12.593044,46.080728],[12.592891,46.080763],[12.592814,46.0808],[12.592678,46.080873],[12.592564,46.08096],[12.59249,46.08103]]}},{"type":"Feature","properties":{"u":472030113,"v":1770237384,"length":402.334,"highway":"unclassified"},"geometry":{"type":"LineString","coordinates":[[12.593248,46.082011],[12.593369,46.082073],[12.593834,46.082085],[12.594013,46.082083],[12.594383,46.082152],[12.594806,46.082203],[12.595929,46.082403],[12.596385,46.082478],[12.596643,46.082505],[12.596963,46.082504],[12.59737,46.082482],[12.597704,46.082445],[12.598329,46.082312]]}},{"type":"Feature","properties":{"u":472030113,"v":1682129971,"length":17.033,"highway":"tertiary"},"geometry":{"type":"LineString","coordinates":[[12.593248,46.082011],[12.593205,46.082088],[12.593143,46.082144]]}},{"type":"Feature","properties":{"u":1682129971,"v":1712512593,"length":232.67,"highway":"tertiary"},"geometry":{"type":"LineString","coordinates":[[12.593143,46.082144],[12.592997,46.082272],[12.592868,46.082387],[12.59263,46.08262],[12.592549,46.082729],[12.592478,46.08285],[12.592427,46.083044],[12.592402,46.083245],[12.592373,46.083657],[12.592328,46.083861],[12.59223,46.083994],[12.592161,46.084055]]}},{"type":"Feature","properties":{"u":1712512593,"v":3985039457,"length":182.941,"highway":"unclassified","maxspeed":50},"geometry":{"type":"LineString","coordinates":[[12.592161,46.084055],[12.592229,46.084079],[12.592296,46.084084],[12.59251,46.084069],[12.592852,46.084043],[12.593036,46.084052],[12.593388,46.084073],[12.593827,46.084106],[12.594174,46.084128],[12.59451,46.08417]]}},{"type":"Feature","properties":{"u":3985039457,"v":1712512623,"length":33.041,"highway":"unclassified","maxspeed":50},"geometry":{"type":"LineString","coordinates":[[12.59451,46.08417],[12.594926,46.084241]]}},{"type":"Feature","properties":{"u":1712515210,"v":1712515207,"length":45.995,"highway":"residential"},"geometry":{"type":"LineString","coordinates":[[12.591707,46.08626],[12.592236,46.086069]]}},{"type":"Feature","properties":{"u":1712524053,"v":1712524095,"length":138.788,"highway":"unclassified"},"geometry":{"type":"LineString","coordinates":[[12.596316,46.090055],[12.596038,46.090149],[12.595855,46.090204],[12.595789,46.090213],[12.595744,46.090213],[12.595646,46.090206],[12.595382,46.090183],[12.595114,46.090158],[12.594896,46.090161],[12.594832,46.090166],[12.594747,46.090228],[12.59465,46.090296]]}},{"type":"Feature","properties":{"u":1712523934,"v":1712523950,"length":278.563,"highway":"residential"},"geometry":{"type":"LineString","coordinates":[[12.593508,46.087036],[12.592817,46.087398],[12.592705,46.087271],[12.592651,46.087269],[12.591942,46.087632],[12.591952,46.087686],[12.591979,46.08774],[12.592135,46.087876],[12.592189,46.087895],[12.592271,46.087888],[12.592895,46.087551],[12.592912,46.0875],[12.592872,46.087455],[12.592817,46.087398]]}},{"type":"Feature","properties":{"u":1711461603,"v":1711461644,"length":255.903,"highway":"tertiary"},"geometry":{"type":"LineString","coordinates":[[12.591762,46.084397],[12.591773,46.084457],[12.591841,46.084579],[12.592043,46.084934],[12.59245,46.085432],[12.592681,46.085731],[12.592816,46.08596],[12.593072,46.086501]]}},{"type":"Feature","properties":{"u":481334478,"v":481334485,"length":242.672,"highway":"tertiary"},"geometry":{"type":"LineString","coordinates":[[12.594878,46.088038],[12.594903,46.088092],[12.595009,46.088274],[12.595139,46.08846],[12.595955,46.089586],[12.596269,46.089994]]}},{"type":"Feature","properties":{"u":1712534884,"v":1712534868,"length":116.499,"highway":"unclassified","maxspeed":50},"geometry":{"type":"LineString","coordinates":[[12.596579,46.090134],[12.596825,46.089986],[12.597192,46.089799],[12.597484,46.089674],[12.597715,46.089622],[12.597854,46.089597]]}},{"type":"Feature","properties":{"u":1712534924,"v":1712534888,"length":460.028,"highway":"unclassified","maxspeed":50},"geometry":{"type":"LineString","coordinates":[[12.600304,46.094456],[12.600562,46.094336],[12.601025,46.094126],[12.601279,46.094019],[12.601633,46.093921],[12.602003,46.093811],[12.602871,46.093533],[12.603284,46.093402],[12.603637,46.093291],[12.604674,46.092886],[12.605567,46.092526]]}},{"type":"Feature","properties":{"u":1712534924,"v":481334511,"length":202.063,"highway":"unclassified","maxspeed":50},"geometry":{"type":"LineString","coordinates":[[12.600304,46.094456],[12.600359,46.094519],[12.600456,46.094725],[12.600572,46.09492],[12.600633,46.095025],[12.600672,46.095551],[12.60064,46.095602],[12.60061,46.095646],[12.600587,46.095779],[12.600612,46.09589],[12.600807,46.096186]]}},{"type":"Feature","properties":{"u":1711474181,"v":481334511,"length":91.034,"highway":"unclassified"},"geometry":{"type":"LineString","coordinates":[[12.599636,46.096189],[12.59973,46.096164],[12.599799,46.096153],[12.600807,46.096186]]}},{"type":"Feature","properties":{"u":481334511,"v":481334525,"length":204.849,"highway":"unclassified"},"geometry":{"type":"LineString","coordinates":[[12.600807,46.096186],[12.601069,46.096291],[12.601776,46.096555],[12.602011,46.096663],[12.602258,46.096739],[12.602497,46.096827],[12.602652,46.096897],[12.602794,46.09698],[12.603061,46.097145]]}},{"type":"Feature","properties":{"u":481334525,"v":1769416928,"length":69.095,"highway":"unclassified"},"geometry":{"type":"LineString","coordinates":[[12.603061,46.097145],[12.603343,46.097236],[12.603637,46.097326],[12.603884,46.09739]]}},{"type":"Feature","properties":{"u":1769416928,"v":481334527,"length":33.202,"highway":"unclassified"},"geometry":{"type":"LineString","coordinates":[[12.603884,46.09739],[12.604079,46.097421],[12.604309,46.097432]]}},{"type":"Feature","properties":{"u":1712570503,"v":1712570498,"length":93.268,"highway":"unclassified","maxspeed":50},"geometry":{"type":"LineString","coordinates":[[12.595203,46.095236],[12.595078,46.095175],[12.594514,46.094644],[12.594441,46.094591]]}},{"type":"Feature","properties":{"u":1711490720,"v":1769416956,"length":160.361,"highway":"unclassified","maxspeed":50},"geometry":{"type":"LineString","coordinates":[[12.598766,46.096634],[12.598951,46.096813],[12.599144,46.097032],[12.599249,46.097091],[12.599567,46.097323],[12.599811,46.097431],[12.600133,46.097682],[12.60014,46.097696]]}},{"type":"Feature","properties":{"u":1769416956,"v":1712576206,"length":141.278,"highway":"unclassified","maxspeed":50},"geometry":{"type":"LineString","coordinates":[[12.60014,46.097696],[12.60023,46.097882],[12.600322,46.098091],[12.600325,46.098157],[12.600288,46.098207],[12.600205,46.098264],[12.599536,46.098723]]}},{"type":"Feature","properties":{"u":1712576186,"v":1712576217,"length":192.222,"highway":"unclassified"},"geometry":{"type":"LineString","coordinates":[[12.596802,46.097476],[12.596974,46.097728],[12.597035,46.097786],[12.597139,46.097937],[12.59733,46.09823],[12.597338,46.098258],[12.597327,46.098283],[12.597257,46.098357],[12.597203,46.098423],[12.596846,46.098804],[12.596732,46.098912],[12.59666,46.098977]]}},{"type":"Feature","properties":{"u":1712576217,"v":1712595733,"length":27.75,"highway":"unclassified"},"geometry":{"type":"LineString","coordinates":[[12.59666,46.098977],[12.596632,46.099043],[12.59661,46.099097],[12.59653,46.099138],[12.596459,46.099164]]}},{"type":"Feature","properties":{"u":1712576217,"v":1712576215,"length":39.34,"highway":"unclassified","maxspeed":50},"geometry":{"type":"LineString","coordinates":[[12.59666,46.098977],[12.596559,46.098899],[12.59647,46.098861],[12.596397,46.09887],[12.596256,46.098948]]}},{"type":"Feature","properties":{"u":1712576190,"v":1712576184,"length":95.001,"highway":"unclassified"},"geometry":{"type":"LineString","coordinates":[[12.596329,46.097693],[12.596224,46.097602],[12.596061,46.097524],[12.595866,46.097481],[12.595619,46.097451],[12.595298,46.097429],[12.595228,46.097466]]}},{"type":"Feature","properties":{"u":1711490728,"v":1712576193,"length":79.669,"highway":"unclassified"},"geometry":{"type":"LineString","coordinates":[[12.597946,46.097068],[12.598012,46.09718],[12.598137,46.097324],[12.598157,46.097378],[12.598148,46.097428],[12.598097,46.09751],[12.597946,46.097717]]}},{"type":"Feature","properties":{"u":1712580108,"v":1712576215,"length":111.851,"highway":"unclassified","maxspeed":50},"geometry":{"type":"LineString","coordinates":[[12.595616,46.098053],[12.595639,46.098163],[12.595743,46.098316],[12.595978,46.098582],[12.596102,46.098744],[12.596256,46.098948]]}},{"type":"Feature","properties":{"u":1712576215,"v":1712576222,"length":28.57,"highway":"unclassified","maxspeed":50},"geometry":{"type":"LineString","coordinates":[[12.596256,46.098948],[12.596445,46.099169]]}},{"type":"Feature","properties":{"u":1712576222,"v":2074560925,"length":116.361,"highway":"unclassified","maxspeed":50},"geometry":{"type":"LineString","coordinates":[[12.596445,46.099169],[12.596603,46.099372],[12.596609,46.099432],[12.596579,46.099532],[12.596478,46.099697],[12.596323,46.099956],[12.596254,46.100101],[12.596249,46.100142]]}},{"type":"Feature","properties":{"u":2074560925,"v":1712580169,"length":243.525,"highway":"unclassified","maxspeed":50},"geometry":{"type":"LineString","coordinates":[[12.596249,46.100142],[12.596246,46.100174],[12.596278,46.100257],[12.596344,46.100397],[12.596429,46.100543],[12.596569,46.100715],[12.596724,46.100927],[12.5968,46.101099],[12.596833,46.101266],[12.59687,46.101567],[12.596925,46.101939],[12.596948,46.102163],[12.596954,46.102246]]}},{"type":"Feature","properties":{"u":1712580169,"v":1712580187,"length":18.148,"highway":"unclassified","maxspeed":50},"geometry":{"type":"LineString","coordinates":[[12.596954,46.102246],[12.596966,46.102409]]}},{"type":"Feature","properties":{"u":1712580179,"v":1712580176,"length":11.199,"highway":"unclassified"},"geometry":{"type":"LineString","coordinates":[[12.596623,46.102359],[12.596694,46.10236],[12.596763,46.102341]]}},{"type":"Feature","properties":{"u":1712580187,"v":1712580212,"length":48.691,"highway":"unclassified"},"geometry":{"type":"LineString","coordinates":[[12.596966,46.102409],[12.597003,46.10255],[12.597026,46.102667],[12.597044,46.10276],[12.597029,46.102842]]}},{"type":"Feature","properties":{"u":1712580187,"v":1712580206,"length":21.023,"highway":"unclassified"},"geometry":{"type":"LineString","coordinates":[[12.596966,46.102409],[12.596911,46.102445],[12.596827,46.10248],[12.596728,46.102482]]}},{"type":"Feature","properties":{"u":1712580206,"v":1712580176,"length":16.534,"highway":"unclassified"},"geometry":{"type":"LineString","coordinates":[[12.596728,46.102482],[12.596717,46.102407],[12.596763,46.102341]]}},{"type":"Feature","properties":{"u":1712580176,"v":1712580169,"length":18.306,"highway":"unclassified"},"geometry":{"type":"LineString","coordinates":[[12.596763,46.102341],[12.596872,46.102295],[12.596918,46.102276],[12.596954,46.102246]]}},{"type":"Feature","properties":{"u":1712580106,"v":1712580108,"length":3.049,"highway":"tertiary"},"geometry":{"type":"LineString","coordinates":[[12.595582,46.098067],[12.595616,46.098053]]}},{"type":"Feature","properties":{"u":1712580108,"v":1684655465,"length":22.989,"highway":"tertiary"},"geometry":{"type":"LineString","coordinates":[[12.595616,46.098053],[12.595654,46.098037],[12.59576,46.097978],[12.595823,46.097909]]}},{"type":"Feature","properties":{"u":1684655465,"v":1712576184,"length":68.353,"highway":"tertiary"},"geometry":{"type":"LineString","coordinates":[[12.595823,46.097909],[12.595806,46.097853],[12.595736,46.097797],[12.595228,46.097466]]}},{"type":"Feature","properties":{"u":1712576184,"v":1684655442,"length":98.589,"highway":"tertiary"},"geometry":{"type":"LineString","coordinates":[[12.595228,46.097466],[12.595092,46.097378],[12.594705,46.097096],[12.59456,46.096938],[12.594504,46.096867],[12.594496,46.096767]]}},{"type":"Feature","properties":{"u":1684655442,"v":2952616138,"length":35.374,"highway":"tertiary"},"geometry":{"type":"LineString","coordinates":[[12.594496,46.096767],[12.594509,46.096449]]}},{"type":"Feature","properties":{"u":2952616138,"v":1712595712,"length":49.479,"highway":"tertiary"},"geometry":{"type":"LineString","coordinates":[[12.594509,46.096449],[12.594515,46.096307],[12.594596,46.096036],[12.594611,46.096012]]}},{"type":"Feature","properties":{"u":1712595712,"v":1711490683,"length":75.217,"highway":"tertiary"},"geometry":{"type":"LineString","coordinates":[[12.594611,46.096012],[12.594794,46.095699],[12.595073,46.095421]]}},{"type":"Feature","properties":{"u":1711490683,"v":1712570503,"length":23.122,"highway":"tertiary"},"geometry":{"type":"LineString","coordinates":[[12.595073,46.095421],[12.595126,46.095367],[12.595185,46.09529],[12.595203,46.095236]]}},{"type":"Feature","properties":{"u":1712570503,"v":1711477417,"length":109.552,"highway":"tertiary"},"geometry":{"type":"LineString","coordinates":[[12.595203,46.095236],[12.5953,46.095001],[12.595516,46.094529],[12.595614,46.094293]]}},{"type":"Feature","properties":{"u":1711477417,"v":1711490678,"length":24.888,"highway":"tertiary"},"geometry":{"type":"LineString","coordinates":[[12.595614,46.094293],[12.595642,46.094227],[12.595713,46.09408]]}},{"type":"Feature","properties":{"u":1711490678,"v":1711475452,"length":69.437,"highway":"tertiary"},"geometry":{"type":"LineString","coordinates":[[12.595713,46.09408],[12.595919,46.093658],[12.595995,46.093487]]}},{"type":"Feature","properties":{"u":1712595712,"v":1712595705,"length":91.729,"highway":"residential"},"geometry":{"type":"LineString","coordinates":[[12.594611,46.096012],[12.593695,46.095853],[12.59345,46.095844]]}},{"type":"Feature","properties":{"u":1712595733,"v":1712576222,"length":1.214,"highway":"unclassified"},"geometry":{"type":"LineString","coordinates":[[12.596459,46.099164],[12.596445,46.099169]]}},{"type":"Feature","properties":{"u":1712576222,"v":1712583166,"length":133.596,"highway":"unclassified"},"geometry":{"type":"LineString","coordinates":[[12.596445,46.099169],[12.59656,46.099193],[12.596689,46.099391],[12.59686,46.099552],[12.596967,46.099595],[12.597079,46.099607],[12.597154,46.099611],[12.5972,46.099641],[12.597425,46.099804],[12.597451,46.099813],[12.597486,46.099813],[12.597563,46.099801],[12.59773,46.099796]]}},{"type":"Feature","properties":{"u":475521928,"v":2859212841,"length":130.824,"highway":"unclassified"},"geometry":{"type":"LineString","coordinates":[[12.5788,46.085201],[12.578771,46.085173],[12.578495,46.084936],[12.578248,46.084598],[12.577967,46.084278],[12.577941,46.084261],[12.577886,46.084216]]}},{"type":"Feature","properties":{"u":2859212841,"v":2868883436,"length":45.894,"highway":"unclassified"},"geometry":{"type":"LineString","coordinates":[[12.577886,46.084216],[12.577855,46.08418],[12.577768,46.084032],[12.577663,46.083834]]}},{"type":"Feature","properties":{"u":2868883436,"v":2859209322,"length":4.865,"highway":"unclassified"},"geometry":{"type":"LineString","coordinates":[[12.577663,46.083834],[12.577641,46.083793]]}},{"type":"Feature","properties":{"u":2859209322,"v":475521919,"length":97.428,"highway":"unclassified"},"geometry":{"type":"LineString","coordinates":[[12.577641,46.083793],[12.57763,46.083773],[12.577402,46.08361],[12.576969,46.083294],[12.57687,46.083195],[12.576853,46.083165],[12.576852,46.083126]]}},{"type":"Feature","properties":{"u":471352944,"v":471352949,"length":24.715,"highway":"unclassified"},"geometry":{"type":"LineString","coordinates":[[12.578325,46.085619],[12.578265,46.085672],[12.578223,46.085707],[12.578194,46.085741],[12.578187,46.085761],[12.578183,46.085782],[12.578186,46.08581]]}},{"type":"Feature","properties":{"u":471352949,"v":471352982,"length":516.114,"highway":"unclassified"},"geometry":{"type":"LineString","coordinates":[[12.578186,46.08581],[12.578195,46.085825],[12.578221,46.085839],[12.57824,46.085845],[12.578263,46.085846],[12.578293,46.085839],[12.578321,46.085828],[12.578382,46.085802],[12.578528,46.085731],[12.578635,46.085681],[12.578713,46.085658],[12.578775,46.085656],[12.578832,46.085663],[12.578894,46.085675],[12.578984,46.085723],[12.579094,46.085859],[12.579179,46.085966],[12.579255,46.086066],[12.579391,46.08623],[12.579412,46.086273],[12.579418,46.086318],[12.579398,46.086343],[12.579374,46.08636],[12.579287,46.086375],[12.578922,46.086412],[12.578558,46.086446],[12.578418,46.086474],[12.578322,46.086523],[12.578069,46.086698],[12.577887,46.086905],[12.5778,46.087015],[12.577744,46.087083],[12.577676,46.087135],[12.577587,46.087158],[12.57709,46.087219],[12.577001,46.087233],[12.576938,46.087252],[12.576878,46.087296],[12.576855,46.087342],[12.576899,46.087633],[12.576851,46.087684],[12.576768,46.087717],[12.576626,46.087744],[12.575886,46.087788],[12.575775,46.087817]]}},{"type":"Feature","properties":{"u":1712606995,"v":1712607006,"length":331.145,"highway":"residential"},"geometry":{"type":"LineString","coordinates":[[12.578883,46.081976],[12.579555,46.082479],[12.579975,46.082823],[12.580291,46.083171],[12.580688,46.083458],[12.580701,46.083467],[12.581279,46.083926],[12.581706,46.08421]]}},{"type":"Feature","properties":{"u":1712610827,"v":1712610815,"length":213.293,"highway":"residential","maxspeed":50},"geometry":{"type":"LineString","coordinates":[[12.582568,46.076865],[12.58443,46.076052],[12.584908,46.075843]]}},{"type":"Feature","properties":{"u":1712610826,"v":1712610815,"length":149.598,"highway":"residential"},"geometry":{"type":"LineString","coordinates":[[12.586395,46.076695],[12.58608,46.076532],[12.585837,46.07641],[12.58563,46.076298],[12.58551,46.076227],[12.585394,46.076132],[12.585225,46.07599],[12.584908,46.075843]]}},{"type":"Feature","properties":{"u":1712610815,"v":1712610818,"length":267.824,"highway":"residential"},"geometry":{"type":"LineString","coordinates":[[12.584908,46.075843],[12.584793,46.075755],[12.58412,46.074987],[12.584053,46.07497],[12.58399,46.074991],[12.583941,46.075028],[12.582899,46.076039]]}},{"type":"Feature","properties":{"u":471490915,"v":471989597,"length":74.83,"highway":"residential","maxspeed":50},"geometry":{"type":"LineString","coordinates":[[12.591026,46.069076],[12.590958,46.068986],[12.590666,46.068627],[12.590649,46.068604],[12.590557,46.068487]]}},{"type":"Feature","properties":{"u":471992031,"v":471994270,"length":13.064,"highway":"secondary"},"geometry":{"type":"LineString","coordinates":[[12.588285,46.069418],[12.588149,46.069488]]}},{"type":"Feature","properties":{"u":471994270,"v":275047743,"length":133.845,"highway":"secondary"},"geometry":{"type":"LineString","coordinates":[[12.588149,46.069488],[12.588013,46.069563],[12.587518,46.069832],[12.586947,46.070143],[12.586784,46.070231]]}},{"type":"Feature","properties":{"u":1714184503,"v":1714184509,"length":85.844,"highway":"residential","maxspeed":50},"geometry":{"type":"LineString","coordinates":[[12.589204,46.071617],[12.589521,46.071806],[12.589777,46.071961],[12.589958,46.072054],[12.590075,46.072093]]}},{"type":"Feature","properties":{"u":1714184493,"v":1714184503,"length":68.419,"highway":"residential"},"geometry":{"type":"LineString","coordinates":[[12.588682,46.07112],[12.588798,46.07124],[12.58888,46.071326],[12.589204,46.071617]]}},{"type":"Feature","properties":{"u":1714184503,"v":1714184499,"length":47.859,"highway":"residential"},"geometry":{"type":"LineString","coordinates":[[12.589204,46.071617],[12.58892,46.071595],[12.588731,46.0716],[12.588589,46.071622]]}},{"type":"Feature","properties":{"u":1714185974,"v":1714185972,"length":65.024,"highway":"residential"},"geometry":{"type":"LineString","coordinates":[[12.589809,46.069335],[12.589736,46.069247],[12.589448,46.068807]]}},{"type":"Feature","properties":{"u":471994313,"v":471489302,"length":74.904,"highway":"residential","maxspeed":50},"geometry":{"type":"LineString","coordinates":[[12.586856,46.068509],[12.5868,46.068536],[12.58604,46.068874]]}},{"type":"Feature","properties":{"u":14106917057,"v":471486342,"length":87.158,"highway":"residential","maxspeed":50},"geometry":{"type":"LineString","coordinates":[[12.587866,46.066881],[12.58773,46.066746],[12.587612,46.066654],[12.587386,46.066505],[12.587214,46.066364],[12.587132,46.066288]]}},{"type":"Feature","properties":{"u":471486342,"v":471485447,"length":58.429,"highway":"residential","maxspeed":50},"geometry":{"type":"LineString","coordinates":[[12.587132,46.066288],[12.586977,46.066106],[12.586761,46.06583]]}},{"type":"Feature","properties":{"u":1658845934,"v":1658845937,"length":19.887,"highway":"unclassified"},"geometry":{"type":"LineString","coordinates":[[12.588918,46.067962],[12.588952,46.068029],[12.588946,46.068079],[12.5889,46.068127]]}},{"type":"Feature","properties":{"u":735499832,"v":471989544,"length":177.99,"highway":"unclassified"},"geometry":{"type":"LineString","coordinates":[[12.590451,46.06393],[12.5888,46.062812]]}},{"type":"Feature","properties":{"u":1714259212,"v":735499832,"length":47.815,"highway":"unclassified"},"geometry":{"type":"LineString","coordinates":[[12.590882,46.064239],[12.590451,46.06393]]}},{"type":"Feature","properties":{"u":1714257698,"v":1714259212,"length":43.585,"highway":"unclassified"},"geometry":{"type":"LineString","coordinates":[[12.591011,46.063861],[12.590967,46.063945],[12.59092,46.064027],[12.59089,46.064124],[12.590882,46.064239]]}},{"type":"Feature","properties":{"u":1714287016,"v":1714286986,"length":44.93,"highway":"unclassified"},"geometry":{"type":"LineString","coordinates":[[12.585416,46.070926],[12.585349,46.070866],[12.58507,46.070601]]}},{"type":"Feature","properties":{"u":1714288580,"v":1714288576,"length":143.296,"highway":"residential"},"geometry":{"type":"LineString","coordinates":[[12.578809,46.073949],[12.579904,46.072908]]}},{"type":"Feature","properties":{"u":1714288582,"v":1714288580,"length":41.187,"highway":"residential"},"geometry":{"type":"LineString","coordinates":[[12.579257,46.074147],[12.57915,46.07408],[12.578809,46.073949]]}},{"type":"Feature","properties":{"u":1714288580,"v":1714288572,"length":262.583,"highway":"residential"},"geometry":{"type":"LineString","coordinates":[[12.578809,46.073949],[12.578185,46.073752],[12.578197,46.073724],[12.578709,46.073137],[12.579199,46.072593],[12.579593,46.07214]]}},{"type":"Feature","properties":{"u":1714288921,"v":1714288917,"length":93.307,"highway":"residential"},"geometry":{"type":"LineString","coordinates":[[12.580632,46.072142],[12.581288,46.071437]]}},{"type":"Feature","properties":{"u":1094723503,"v":1714296699,"length":330.719,"highway":"unclassified"},"geometry":{"type":"LineString","coordinates":[[12.57659,46.083133],[12.576301,46.083156],[12.576115,46.083187],[12.57597,46.08324],[12.575834,46.083322],[12.575681,46.083467],[12.57544,46.083674],[12.575209,46.083853],[12.575096,46.083973],[12.57506,46.084058],[12.57501,46.084202],[12.574965,46.084347],[12.574774,46.084683],[12.574571,46.085107],[12.574281,46.085428]]}},{"type":"Feature","properties":{"u":483695871,"v":1721628038,"length":119.847,"highway":"unclassified","maxspeed":50},"geometry":{"type":"LineString","coordinates":[[12.579833,46.061391],[12.579958,46.061253],[12.580135,46.061019],[12.5803,46.060756],[12.580473,46.060476],[12.580504,46.060421]]}},{"type":"Feature","properties":{"u":1721628038,"v":471483290,"length":7.743,"highway":"unclassified","maxspeed":50},"geometry":{"type":"LineString","coordinates":[[12.580504,46.060421],[12.58054,46.060356]]}},{"type":"Feature","properties":{"u":1715951830,"v":483695888,"length":463.672,"highway":"unclassified"},"geometry":{"type":"LineString","coordinates":[[12.571778,46.060608],[12.571444,46.060913],[12.571223,46.061171],[12.570891,46.06161],[12.570504,46.061957],[12.570129,46.062212],[12.570021,46.062288],[12.569204,46.062397],[12.569126,46.062412],[12.56834,46.062565],[12.567943,46.062757],[12.567655,46.063104],[12.567524,46.063217]]}},{"type":"Feature","properties":{"u":471638424,"v":1715951830,"length":14.978,"highway":"unclassified"},"geometry":{"type":"LineString","coordinates":[[12.571894,46.0605],[12.571778,46.060608]]}},{"type":"Feature","properties":{"u":1715952945,"v":1269918513,"length":218.886,"highway":"unclassified"},"geometry":{"type":"LineString","coordinates":[[12.575731,46.068847],[12.575657,46.068853],[12.575275,46.06891],[12.575008,46.068937],[12.57477,46.06895],[12.574635,46.068985],[12.574456,46.069094],[12.574277,46.069196],[12.574091,46.06932],[12.573956,46.069421],[12.573824,46.069553],[12.57374,46.069652],[12.573627,46.069814],[12.57354,46.069887]]}},{"type":"Feature","properties":{"u":471493294,"v":1715952950,"length":12.273,"highway":"unclassified"},"geometry":{"type":"LineString","coordinates":[[12.580535,46.068989],[12.580412,46.069059]]}},{"type":"Feature","properties":{"u":1715952948,"v":1715952945,"length":6.427,"highway":"unclassified"},"geometry":{"type":"LineString","coordinates":[[12.575814,46.068842],[12.575731,46.068847]]}},{"type":"Feature","properties":{"u":1715952950,"v":2183152582,"length":34.704,"highway":"unclassified"},"geometry":{"type":"LineString","coordinates":[[12.580412,46.069059],[12.580307,46.069099],[12.580205,46.069132],[12.580072,46.069162],[12.579997,46.069176]]}},{"type":"Feature","properties":{"u":2183152582,"v":1715952948,"length":327.977,"highway":"unclassified"},"geometry":{"type":"LineString","coordinates":[[12.579997,46.069176],[12.579676,46.069235],[12.579319,46.069262],[12.577385,46.069025],[12.575952,46.068838],[12.575866,46.06884],[12.575814,46.068842]]}},{"type":"Feature","properties":{"u":1715954158,"v":2298254390,"length":26.301,"highway":"secondary"},"geometry":{"type":"LineString","coordinates":[[12.577901,46.082099],[12.577863,46.082052],[12.577736,46.081892]]}},{"type":"Feature","properties":{"u":2298254390,"v":275047734,"length":814.062,"highway":"secondary"},"geometry":{"type":"LineString","coordinates":[[12.577736,46.081892],[12.576792,46.080692],[12.576714,46.080545],[12.576666,46.080373],[12.576619,46.07932],[12.576577,46.077011],[12.576627,46.076782],[12.576797,46.076488],[12.577607,46.075521],[12.578009,46.074998]]}},{"type":"Feature","properties":{"u":275047724,"v":1715954158,"length":17.84,"highway":"secondary"},"geometry":{"type":"LineString","coordinates":[[12.578003,46.082243],[12.577901,46.082099]]}},{"type":"Feature","properties":{"u":1717475134,"v":13036917635,"length":183.849,"highway":"primary"},"geometry":{"type":"LineString","coordinates":[[12.603907,46.195668],[12.604202,46.195639],[12.604497,46.195604],[12.604789,46.195563],[12.60508,46.195516],[12.605368,46.195462],[12.605654,46.195403],[12.605937,46.195337],[12.606218,46.195266]]}},{"type":"Feature","properties":{"u":1717475131,"v":275052128,"length":264.144,"highway":"primary"},"geometry":{"type":"LineString","coordinates":[[12.595752,46.194247],[12.598328,46.195093],[12.598852,46.195266]]}},{"type":"Feature","properties":{"u":374195696,"v":374195651,"length":209.821,"highway":"tertiary"},"geometry":{"type":"LineString","coordinates":[[12.604199,46.195742],[12.604422,46.195749],[12.604621,46.19575],[12.604813,46.195765],[12.604954,46.195784],[12.60506,46.195811],[12.605147,46.195838],[12.605242,46.19587],[12.605307,46.195896],[12.605426,46.195947],[12.605926,46.196221],[12.606073,46.196306],[12.606211,46.196402],[12.606356,46.196535],[12.60645,46.196635]]}},{"type":"Feature","properties":{"u":374195651,"v":275051920,"length":77.71,"highway":"tertiary"},"geometry":{"type":"LineString","coordinates":[[12.60645,46.196635],[12.606617,46.196873],[12.606721,46.197085],[12.606842,46.197278]]}},{"type":"Feature","properties":{"u":275051920,"v":374195745,"length":30.442,"highway":"tertiary"},"geometry":{"type":"LineString","coordinates":[[12.606842,46.197278],[12.606924,46.197389],[12.606981,46.197431],[12.607074,46.197496]]}},{"type":"Feature","properties":{"u":1444386104,"v":275051950,"length":417.023,"highway":"tertiary"},"geometry":{"type":"LineString","coordinates":[[12.623376,46.201274],[12.623803,46.20102],[12.624118,46.200829],[12.624602,46.200519],[12.624667,46.200466],[12.624778,46.200401],[12.624859,46.200376],[12.624938,46.200375],[12.62503,46.200408],[12.625147,46.200503],[12.625236,46.200585],[12.62532,46.200624],[12.625436,46.200641],[12.625572,46.200637],[12.625728,46.200616],[12.625875,46.200583],[12.626071,46.200534],[12.626307,46.20045],[12.626361,46.200422],[12.626402,46.200374],[12.626494,46.200198],[12.626819,46.199897],[12.626916,46.199809],[12.627007,46.199755],[12.627118,46.199714],[12.627519,46.199624]]}},{"type":"Feature","properties":{"u":374195745,"v":1717480919,"length":13.234,"highway":"tertiary"},"geometry":{"type":"LineString","coordinates":[[12.607074,46.197496],[12.607212,46.197567]]}},{"type":"Feature","properties":{"u":1717480919,"v":275051922,"length":147.378,"highway":"tertiary"},"geometry":{"type":"LineString","coordinates":[[12.607212,46.197567],[12.608151,46.197935],[12.608525,46.198084],[12.608723,46.198152],[12.608892,46.198201]]}},{"type":"Feature","properties":{"u":275052657,"v":275052665,"length":1020.952,"highway":"primary"},"geometry":{"type":"LineString","coordinates":[[12.582273,46.192002],[12.587794,46.192004],[12.588843,46.192085],[12.59027,46.192349],[12.591435,46.192695],[12.594923,46.193967]]}},{"type":"Feature","properties":{"u":1714901249,"v":1721628112,"length":417.616,"highway":"unclassified"},"geometry":{"type":"LineString","coordinates":[[12.587279,46.060421],[12.587193,46.060504],[12.587106,46.060595],[12.587013,46.060681],[12.586926,46.060735],[12.586752,46.060817],[12.586548,46.060902],[12.586338,46.06099],[12.586195,46.061045],[12.586075,46.061091],[12.585956,46.061131],[12.585728,46.061209],[12.585529,46.061296],[12.585463,46.061338],[12.585412,46.061375],[12.585278,46.061513],[12.585173,46.061617],[12.585086,46.061689],[12.584946,46.061803],[12.58484,46.061858],[12.584728,46.061905],[12.584568,46.061948],[12.584458,46.061962],[12.584158,46.061993],[12.583884,46.062052],[12.583523,46.062126],[12.583155,46.062201],[12.582896,46.062258],[12.582806,46.062307]]}},{"type":"Feature","properties":{"u":1721628125,"v":1721630452,"length":319.792,"highway":"unclassified","maxspeed":50},"geometry":{"type":"LineString","coordinates":[[12.58515,46.064694],[12.584876,46.064409],[12.584581,46.064127],[12.584188,46.06378],[12.583869,46.06348],[12.583595,46.063162],[12.583323,46.062921],[12.583114,46.062728],[12.58291,46.062497],[12.582817,46.062327]]}},{"type":"Feature","properties":{"u":1721630452,"v":1721628112,"length":2.38,"highway":"unclassified","maxspeed":50},"geometry":{"type":"LineString","coordinates":[[12.582817,46.062327],[12.582806,46.062307]]}},{"type":"Feature","properties":{"u":1721628112,"v":1721628038,"length":285.386,"highway":"unclassified","maxspeed":50},"geometry":{"type":"LineString","coordinates":[[12.582806,46.062307],[12.582592,46.061963],[12.58239,46.061646],[12.582179,46.061362],[12.582055,46.061223],[12.581856,46.061059],[12.581546,46.060876],[12.581263,46.060753],[12.581204,46.060734],[12.581018,46.060692],[12.580872,46.060646],[12.580715,46.060563],[12.580552,46.060444],[12.580504,46.060421]]}},{"type":"Feature","properties":{"u":1721630452,"v":1721630467,"length":186.084,"highway":"unclassified"},"geometry":{"type":"LineString","coordinates":[[12.582817,46.062327],[12.582736,46.062387],[12.582605,46.062475],[12.582502,46.062587],[12.582383,46.062725],[12.582326,46.062787],[12.582306,46.062801],[12.582261,46.062803],[12.582182,46.062794],[12.582021,46.062765],[12.581731,46.062668],[12.581487,46.062615],[12.581169,46.062608],[12.580932,46.062592],[12.580815,46.062628]]}},{"type":"Feature","properties":{"u":483695871,"v":471486064,"length":54.947,"highway":"unclassified","maxspeed":50},"geometry":{"type":"LineString","coordinates":[[12.579833,46.061391],[12.579786,46.061448],[12.579727,46.061582],[12.579655,46.061682],[12.579514,46.061829]]}},{"type":"Feature","properties":{"u":1094681581,"v":483695871,"length":419.542,"highway":"unclassified","maxspeed":50},"geometry":{"type":"LineString","coordinates":[[12.576115,46.058687],[12.576187,46.058783],[12.576348,46.058937],[12.576479,46.059064],[12.576732,46.059278],[12.576975,46.059492],[12.577478,46.059934],[12.577676,46.060102],[12.577748,46.060162],[12.577828,46.060239],[12.577882,46.06029],[12.578017,46.060405],[12.578577,46.060688],[12.57881,46.060797],[12.578949,46.060853],[12.579094,46.060923],[12.579319,46.061057],[12.579596,46.061244],[12.579833,46.061391]]}},{"type":"Feature","properties":{"u":5124283756,"v":8262356593,"length":18.4,"highway":"tertiary"},"geometry":{"type":"LineString","coordinates":[[12.576562,46.060803],[12.576649,46.06086],[12.576691,46.06089],[12.576732,46.060919]]}},{"type":"Feature","properties":{"u":8262356593,"v":5124283757,"length":18.769,"highway":"tertiary"},"geometry":{"type":"LineString","coordinates":[[12.576732,46.060919],[12.576914,46.061031]]}},{"type":"Feature","properties":{"u":5124283757,"v":2852681225,"length":25.354,"highway":"tertiary"},"geometry":{"type":"LineString","coordinates":[[12.576914,46.061031],[12.577066,46.061129],[12.577155,46.061186]]}},{"type":"Feature","properties":{"u":2852681225,"v":475521911,"length":140.834,"highway":"tertiary"},"geometry":{"type":"LineString","coordinates":[[12.577155,46.061186],[12.577542,46.061422],[12.578033,46.061848],[12.578181,46.061978],[12.578327,46.062148]]}},{"type":"Feature","properties":{"u":1730087147,"v":1730087149,"length":7.091,"highway":"unclassified"},"geometry":{"type":"LineString","coordinates":[[12.715561,46.198578],[12.715512,46.198632]]}},{"type":"Feature","properties":{"u":1768726191,"v":1768726206,"length":694.203,"highway":"unclassified"},"geometry":{"type":"LineString","coordinates":[[12.644541,46.072517],[12.644636,46.073111],[12.644761,46.073955],[12.644787,46.074746],[12.644741,46.075851],[12.64473,46.076413],[12.644634,46.0771],[12.644546,46.077771],[12.644479,46.078287],[12.6445,46.078743]]}},{"type":"Feature","properties":{"u":1714296699,"v":1763012572,"length":21.031,"highway":"residential"},"geometry":{"type":"LineString","coordinates":[[12.574281,46.085428],[12.574302,46.08546],[12.5743,46.085523],[12.574319,46.085613]]}},{"type":"Feature","properties":{"u":1763014154,"v":2074542577,"length":2.685,"highway":"unclassified"},"geometry":{"type":"LineString","coordinates":[[12.590211,46.099199],[12.59018,46.09921]]}},{"type":"Feature","properties":{"u":2074542577,"v":1946136505,"length":92.759,"highway":"unclassified"},"geometry":{"type":"LineString","coordinates":[[12.59018,46.09921],[12.589347,46.099504],[12.589118,46.099601]]}},{"type":"Feature","properties":{"u":1946136505,"v":2074542581,"length":68.577,"highway":"unclassified"},"geometry":{"type":"LineString","coordinates":[[12.589118,46.099601],[12.58833,46.099887]]}},{"type":"Feature","properties":{"u":2074542581,"v":2074543651,"length":172.388,"highway":"unclassified"},"geometry":{"type":"LineString","coordinates":[[12.58833,46.099887],[12.588299,46.099898],[12.587101,46.100353],[12.586818,46.100465],[12.586566,46.100549],[12.58635,46.100603]]}},{"type":"Feature","properties":{"u":1763014153,"v":1763014154,"length":15.554,"highway":"unclassified"},"geometry":{"type":"LineString","coordinates":[[12.590402,46.099154],[12.590211,46.099199]]}},{"type":"Feature","properties":{"u":471352949,"v":1763014145,"length":105.359,"highway":"unclassified"},"geometry":{"type":"LineString","coordinates":[[12.578186,46.08581],[12.578004,46.085863],[12.577712,46.085936],[12.57747,46.085999],[12.577196,46.08607],[12.576931,46.086178]]}},{"type":"Feature","properties":{"u":1763014146,"v":1763014147,"length":70.926,"highway":"unclassified"},"geometry":{"type":"LineString","coordinates":[[12.593053,46.097524],[12.592428,46.097992]]}},{"type":"Feature","properties":{"u":1763014147,"v":1946136504,"length":155.064,"highway":"unclassified"},"geometry":{"type":"LineString","coordinates":[[12.592428,46.097992],[12.591736,46.098446],[12.591243,46.098741],[12.59092,46.098913]]}},{"type":"Feature","properties":{"u":1946136504,"v":1763014153,"length":48.234,"highway":"unclassified"},"geometry":{"type":"LineString","coordinates":[[12.59092,46.098913],[12.590498,46.099124],[12.590402,46.099154]]}},{"type":"Feature","properties":{"u":1768713142,"v":1768713161,"length":241.343,"highway":"unclassified"},"geometry":{"type":"LineString","coordinates":[[12.64933,46.071953],[12.649397,46.072242],[12.649461,46.07255],[12.649556,46.072696],[12.649612,46.072834],[12.649786,46.073074],[12.649896,46.073216],[12.650052,46.073706],[12.650152,46.07403]]}},{"type":"Feature","properties":{"u":1768713161,"v":1768713165,"length":41.247,"highway":"unclassified"},"geometry":{"type":"LineString","coordinates":[[12.650152,46.07403],[12.650237,46.074344],[12.65029,46.07438]]}},{"type":"Feature","properties":{"u":1768713139,"v":1768713140,"length":80.542,"highway":"unclassified"},"geometry":{"type":"LineString","coordinates":[[12.650563,46.071567],[12.650655,46.071808],[12.650695,46.071976],[12.650742,46.072279]]}},{"type":"Feature","properties":{"u":1768713160,"v":1768713149,"length":107.961,"highway":"residential"},"geometry":{"type":"LineString","coordinates":[[12.650566,46.073972],[12.650284,46.073021]]}},{"type":"Feature","properties":{"u":1768713165,"v":1768713162,"length":166.78,"highway":"unclassified"},"geometry":{"type":"LineString","coordinates":[[12.65029,46.07438],[12.650375,46.074385],[12.651947,46.074076],[12.652387,46.074041]]}},{"type":"Feature","properties":{"u":1768713161,"v":1768713160,"length":32.58,"highway":"residential"},"geometry":{"type":"LineString","coordinates":[[12.650152,46.07403],[12.650566,46.073972]]}},{"type":"Feature","properties":{"u":1768713160,"v":1768713150,"length":149.094,"highway":"residential"},"geometry":{"type":"LineString","coordinates":[[12.650566,46.073972],[12.650658,46.073959],[12.651221,46.073881],[12.651305,46.073847],[12.651343,46.073787],[12.651328,46.07369],[12.651149,46.073145],[12.651167,46.073058]]}},{"type":"Feature","properties":{"u":1768718879,"v":1768718869,"length":202.363,"highway":"unclassified"},"geometry":{"type":"LineString","coordinates":[[12.646171,46.072381],[12.645926,46.071351],[12.646172,46.071333],[12.646248,46.071298],[12.646292,46.071251],[12.646292,46.071165],[12.646201,46.070771]]}},{"type":"Feature","properties":{"u":1395939424,"v":1768765262,"length":8.285,"highway":"unclassified"},"geometry":{"type":"LineString","coordinates":[[12.644448,46.072501],[12.644342,46.072489]]}},{"type":"Feature","properties":{"u":1768765262,"v":735164444,"length":9.259,"highway":"unclassified"},"geometry":{"type":"LineString","coordinates":[[12.644342,46.072489],[12.644293,46.072487],[12.644223,46.072479]]}},{"type":"Feature","properties":{"u":735164444,"v":2872329186,"length":1207.413,"highway":"unclassified"},"geometry":{"type":"LineString","coordinates":[[12.644223,46.072479],[12.643734,46.072439],[12.643162,46.072388],[12.641853,46.072203],[12.641493,46.072138],[12.641105,46.072113],[12.640475,46.072176],[12.638549,46.072538],[12.637392,46.072769],[12.637125,46.072769],[12.636926,46.072748],[12.63546,46.072197],[12.634812,46.071941],[12.63463,46.071899],[12.634376,46.071907],[12.634085,46.071962],[12.633473,46.072151],[12.632952,46.072319],[12.632068,46.072542],[12.631468,46.072634],[12.630693,46.072718],[12.629274,46.072873]]}},{"type":"Feature","properties":{"u":1768726206,"v":1768726208,"length":8.13,"highway":"unclassified"},"geometry":{"type":"LineString","coordinates":[[12.6445,46.078743],[12.644506,46.078816]]}},{"type":"Feature","properties":{"u":1768726208,"v":1744420982,"length":134.278,"highway":"unclassified"},"geometry":{"type":"LineString","coordinates":[[12.644506,46.078816],[12.644551,46.079168],[12.644549,46.079374],[12.644506,46.079552],[12.644359,46.079853],[12.644265,46.079988]]}},{"type":"Feature","properties":{"u":1769416928,"v":1769422091,"length":37.517,"highway":"unclassified"},"geometry":{"type":"LineString","coordinates":[[12.603884,46.09739],[12.603657,46.097559],[12.603551,46.097636]]}},{"type":"Feature","properties":{"u":1769422091,"v":1769416956,"length":384.237,"highway":"unclassified"},"geometry":{"type":"LineString","coordinates":[[12.603551,46.097636],[12.603488,46.097681],[12.603295,46.097784],[12.603107,46.097912],[12.602918,46.098103],[12.602514,46.098478],[12.602205,46.098723],[12.602047,46.098835],[12.60189,46.098755],[12.601473,46.098428],[12.601026,46.098023],[12.600773,46.097784],[12.600689,46.097713],[12.600608,46.097696],[12.600473,46.09768],[12.600308,46.097676],[12.600191,46.097677],[12.60014,46.097696]]}},{"type":"Feature","properties":{"u":481334525,"v":1769422091,"length":67.726,"highway":"unclassified"},"geometry":{"type":"LineString","coordinates":[[12.603061,46.097145],[12.603221,46.097277],[12.603412,46.097409],[12.603523,46.097542],[12.603551,46.097636]]}},{"type":"Feature","properties":{"u":1769453999,"v":1769453998,"length":9.52,"highway":"secondary"},"geometry":{"type":"LineString","coordinates":[[12.620974,46.123534],[12.620965,46.123517],[12.62093,46.123454]]}},{"type":"Feature","properties":{"u":1769453998,"v":1769463366,"length":254.959,"highway":"secondary"},"geometry":{"type":"LineString","coordinates":[[12.62093,46.123454],[12.620633,46.122976],[12.620428,46.122644],[12.6203,46.12245],[12.620187,46.122345],[12.620026,46.122215],[12.619092,46.121596]]}},{"type":"Feature","properties":{"u":1769463366,"v":1769460832,"length":109.142,"highway":"secondary"},"geometry":{"type":"LineString","coordinates":[[12.619092,46.121596],[12.618843,46.121431],[12.618075,46.120913]]}},{"type":"Feature","properties":{"u":1769460832,"v":2936005613,"length":103.086,"highway":"secondary"},"geometry":{"type":"LineString","coordinates":[[12.618075,46.120913],[12.617773,46.12071],[12.617487,46.120538],[12.61703,46.120341]]}},{"type":"Feature","properties":{"u":2936005613,"v":1769473486,"length":71.645,"highway":"secondary"},"geometry":{"type":"LineString","coordinates":[[12.61703,46.120341],[12.616644,46.12015],[12.616293,46.119949]]}},{"type":"Feature","properties":{"u":1769457390,"v":1769457401,"length":146.245,"highway":"unclassified"},"geometry":{"type":"LineString","coordinates":[[12.618336,46.123289],[12.618553,46.123399],[12.618735,46.123492],[12.618863,46.123559],[12.618982,46.123627],[12.619101,46.123736],[12.619249,46.123903],[12.61929,46.123945],[12.619311,46.123965],[12.619383,46.123943],[12.619456,46.123903],[12.619568,46.123851],[12.61967,46.123811],[12.619726,46.123776]]}},{"type":"Feature","properties":{"u":1769457405,"v":1769457402,"length":5.202,"highway":"unclassified"},"geometry":{"type":"LineString","coordinates":[[12.619788,46.123839],[12.619753,46.123799]]}},{"type":"Feature","properties":{"u":1769457402,"v":1769457401,"length":3.297,"highway":"unclassified"},"geometry":{"type":"LineString","coordinates":[[12.619753,46.123799],[12.619726,46.123776]]}},{"type":"Feature","properties":{"u":1769457393,"v":1769457405,"length":98.246,"highway":"unclassified"},"geometry":{"type":"LineString","coordinates":[[12.62098,46.123543],[12.620885,46.123556],[12.620752,46.12358],[12.62049,46.123649],[12.62015,46.123735],[12.619952,46.123806],[12.61981,46.123844],[12.619788,46.123839]]}},{"type":"Feature","properties":{"u":1769460832,"v":1769460845,"length":134.733,"highway":"unclassified","maxspeed":50},"geometry":{"type":"LineString","coordinates":[[12.618075,46.120913],[12.617908,46.12096],[12.617695,46.12102],[12.617586,46.121048],[12.617298,46.121195],[12.617211,46.12124],[12.617028,46.121335],[12.616591,46.121539]]}},{"type":"Feature","properties":{"u":1769460845,"v":1769460876,"length":243.94,"highway":"unclassified","maxspeed":50},"geometry":{"type":"LineString","coordinates":[[12.616591,46.121539],[12.616593,46.121592],[12.616577,46.121657],[12.616539,46.121734],[12.616456,46.121831],[12.616424,46.121867],[12.616429,46.121896],[12.616461,46.121921],[12.616601,46.121997],[12.61685,46.122126],[12.617063,46.122227],[12.617239,46.122311],[12.617333,46.122358],[12.617408,46.122399],[12.617592,46.122501],[12.617635,46.122526],[12.617706,46.122568],[12.617887,46.122703],[12.618123,46.122914],[12.618225,46.123022],[12.618294,46.123066],[12.618355,46.123095]]}},{"type":"Feature","properties":{"u":1769461795,"v":1769460845,"length":136.157,"highway":"unclassified","maxspeed":50},"geometry":{"type":"LineString","coordinates":[[12.615323,46.120699],[12.615471,46.12077],[12.615753,46.120959],[12.615907,46.121059],[12.616144,46.121243],[12.616297,46.121389],[12.61638,46.121444],[12.616492,46.121502],[12.616591,46.121539]]}},{"type":"Feature","properties":{"u":1769463366,"v":1769463363,"length":48.763,"highway":"unclassified"},"geometry":{"type":"LineString","coordinates":[[12.619092,46.121596],[12.619262,46.121572],[12.619493,46.121575],[12.619721,46.121569]]}},{"type":"Feature","properties":{"u":1769463363,"v":2924645062,"length":343.034,"highway":"unclassified"},"geometry":{"type":"LineString","coordinates":[[12.619721,46.121569],[12.619949,46.121547],[12.620151,46.121506],[12.620401,46.121437],[12.620534,46.121422],[12.620677,46.121434],[12.620839,46.12147],[12.621026,46.121529],[12.621177,46.121615],[12.621423,46.121791],[12.621629,46.121944],[12.621725,46.121987],[12.621824,46.122008],[12.621975,46.122026],[12.622133,46.122015],[12.622328,46.121995],[12.622556,46.121977],[12.622765,46.121967],[12.622932,46.121964],[12.623273,46.121981],[12.62352,46.122002],[12.62369,46.122019],[12.623829,46.122032]]}},{"type":"Feature","properties":{"u":1769473481,"v":1769473466,"length":347.459,"highway":"unclassified"},"geometry":{"type":"LineString","coordinates":[[12.616763,46.119495],[12.616874,46.119518],[12.616978,46.119512],[12.617123,46.119485],[12.617322,46.119439],[12.617469,46.119423],[12.617625,46.119409],[12.617791,46.11942],[12.618015,46.119444],[12.618241,46.11946],[12.61841,46.119472],[12.618561,46.119469],[12.618842,46.119457],[12.619041,46.119435],[12.619726,46.119332],[12.620078,46.119284],[12.620291,46.119257],[12.620682,46.119197],[12.620833,46.119195],[12.620995,46.119193],[12.621133,46.119209],[12.621199,46.119219]]}},{"type":"Feature","properties":{"u":1769473481,"v":1769474851,"length":125.169,"highway":"unclassified","maxspeed":50},"geometry":{"type":"LineString","coordinates":[[12.616763,46.119495],[12.616727,46.119444],[12.616604,46.119368],[12.616457,46.119292],[12.616439,46.119254],[12.616476,46.1192],[12.616572,46.119065],[12.616619,46.118973],[12.616643,46.118866],[12.616625,46.11867],[12.616624,46.118495]]}},{"type":"Feature","properties":{"u":1769479278,"v":1769480228,"length":21.526,"highway":"unclassified"},"geometry":{"type":"LineString","coordinates":[[12.607928,46.11598],[12.60768,46.116069]]}},{"type":"Feature","properties":{"u":1769480228,"v":10736838285,"length":78.442,"highway":"unclassified"},"geometry":{"type":"LineString","coordinates":[[12.60768,46.116069],[12.606999,46.116246],[12.60674,46.116337]]}},{"type":"Feature","properties":{"u":10736838285,"v":2860748134,"length":159.706,"highway":"unclassified"},"geometry":{"type":"LineString","coordinates":[[12.60674,46.116337],[12.606205,46.116526],[12.606056,46.116576],[12.60585,46.116644],[12.60539,46.116716],[12.60514,46.116749],[12.605095,46.116753],[12.605052,46.116738],[12.605024,46.11672],[12.604999,46.116695],[12.604942,46.116642],[12.604887,46.116601]]}},{"type":"Feature","properties":{"u":1769479283,"v":1769479281,"length":3.831,"highway":"unclassified"},"geometry":{"type":"LineString","coordinates":[[12.604714,46.116266],[12.604706,46.116232]]}},{"type":"Feature","properties":{"u":1769480228,"v":498846127,"length":225.76,"highway":"unclassified","maxspeed":50},"geometry":{"type":"LineString","coordinates":[[12.60768,46.116069],[12.607738,46.116163],[12.608073,46.116566],[12.608421,46.116938],[12.608756,46.1172],[12.609223,46.117537],[12.609269,46.117574],[12.609412,46.117691]]}},{"type":"Feature","properties":{"u":2847348354,"v":1769484298,"length":330.11,"highway":"unclassified"},"geometry":{"type":"LineString","coordinates":[[12.602786,46.12063],[12.602976,46.120496],[12.603073,46.120447],[12.603196,46.120401],[12.603269,46.120384],[12.603309,46.120342],[12.603309,46.120297],[12.603279,46.12026],[12.603161,46.120228],[12.603003,46.120187],[12.602855,46.120143],[12.602737,46.120087],[12.602593,46.119966],[12.60245,46.119847],[12.602284,46.119695],[12.60215,46.119547],[12.602061,46.119442],[12.601949,46.119333],[12.601731,46.119097],[12.601624,46.118972],[12.601485,46.118784],[12.601369,46.118637],[12.601281,46.118492],[12.601242,46.118396]]}},{"type":"Feature","properties":{"u":1769484298,"v":1769484295,"length":24.415,"highway":"unclassified"},"geometry":{"type":"LineString","coordinates":[[12.601242,46.118396],[12.601116,46.118316],[12.600982,46.118276]]}},{"type":"Feature","properties":{"u":1769484295,"v":1769486247,"length":110.668,"highway":"unclassified","maxspeed":50},"geometry":{"type":"LineString","coordinates":[[12.600982,46.118276],[12.601292,46.118128],[12.602147,46.117722],[12.602166,46.117713]]}},{"type":"Feature","properties":{"u":1769486247,"v":1769486243,"length":121.815,"highway":"unclassified","maxspeed":50},"geometry":{"type":"LineString","coordinates":[[12.602166,46.117713],[12.602414,46.117598],[12.602651,46.117461],[12.602987,46.117263],[12.603389,46.117021]]}},{"type":"Feature","properties":{"u":1769486243,"v":1769494659,"length":73.923,"highway":"unclassified","maxspeed":50},"geometry":{"type":"LineString","coordinates":[[12.603389,46.117021],[12.603412,46.117007],[12.604113,46.116585]]}},{"type":"Feature","properties":{"u":1769494659,"v":1769479281,"length":60.252,"highway":"unclassified","maxspeed":50},"geometry":{"type":"LineString","coordinates":[[12.604113,46.116585],[12.60413,46.116576],[12.604706,46.116232]]}},{"type":"Feature","properties":{"u":1769479281,"v":1769484271,"length":206.56,"highway":"unclassified","maxspeed":50},"geometry":{"type":"LineString","coordinates":[[12.604706,46.116232],[12.605106,46.116],[12.605416,46.115834],[12.605533,46.115772],[12.60596,46.115572],[12.606417,46.115305],[12.606816,46.115089]]}},{"type":"Feature","properties":{"u":2860748124,"v":1769484280,"length":63.297,"highway":"unclassified"},"geometry":{"type":"LineString","coordinates":[[12.60455,46.116534],[12.604204,46.116737],[12.603957,46.116926]]}},{"type":"Feature","properties":{"u":1769484280,"v":1769486246,"length":40.308,"highway":"unclassified"},"geometry":{"type":"LineString","coordinates":[[12.603957,46.116926],[12.603562,46.117152],[12.603554,46.117157]]}},{"type":"Feature","properties":{"u":1769486246,"v":1769486250,"length":125.126,"highway":"unclassified"},"geometry":{"type":"LineString","coordinates":[[12.603554,46.117157],[12.603233,46.117346],[12.602682,46.117622],[12.602275,46.117849]]}},{"type":"Feature","properties":{"u":1769486250,"v":1769484298,"length":100.249,"highway":"unclassified"},"geometry":{"type":"LineString","coordinates":[[12.602275,46.117849],[12.602202,46.117891],[12.601959,46.118032],[12.601455,46.118282],[12.601242,46.118396]]}},{"type":"Feature","properties":{"u":1769484298,"v":402576269,"length":79.461,"highway":"unclassified"},"geometry":{"type":"LineString","coordinates":[[12.601242,46.118396],[12.601129,46.118457],[12.600676,46.118666],[12.600527,46.118753],[12.600435,46.118834]]}},{"type":"Feature","properties":{"u":1769486243,"v":1769486244,"length":3.02,"highway":"unclassified"},"geometry":{"type":"LineString","coordinates":[[12.603389,46.117021],[12.603417,46.11704]]}},{"type":"Feature","properties":{"u":1769486247,"v":1769486248,"length":3.142,"highway":"unclassified"},"geometry":{"type":"LineString","coordinates":[[12.602166,46.117713],[12.602185,46.117738]]}},{"type":"Feature","properties":{"u":1769486244,"v":1769486245,"length":12.456,"highway":"unclassified"},"geometry":{"type":"LineString","coordinates":[[12.603417,46.11704],[12.603517,46.117128]]}},{"type":"Feature","properties":{"u":1769486245,"v":1769486246,"length":4.305,"highway":"unclassified"},"geometry":{"type":"LineString","coordinates":[[12.603517,46.117128],[12.603554,46.117157]]}},{"type":"Feature","properties":{"u":1769486248,"v":1769486249,"length":9.903,"highway":"unclassified"},"geometry":{"type":"LineString","coordinates":[[12.602185,46.117738],[12.602247,46.117816]]}},{"type":"Feature","properties":{"u":1769486249,"v":1769486250,"length":4.257,"highway":"unclassified"},"geometry":{"type":"LineString","coordinates":[[12.602247,46.117816],[12.602275,46.117849]]}},{"type":"Feature","properties":{"u":1769486250,"v":2847288666,"length":119.833,"highway":"unclassified"},"geometry":{"type":"LineString","coordinates":[[12.602275,46.117849],[12.602397,46.117954],[12.602526,46.11806],[12.602582,46.11815],[12.602627,46.118282],[12.602713,46.1184],[12.602788,46.118493],[12.602904,46.118601],[12.603048,46.118771]]}},{"type":"Feature","properties":{"u":1769484280,"v":1769487247,"length":322.687,"highway":"unclassified","maxspeed":50},"geometry":{"type":"LineString","coordinates":[[12.603957,46.116926],[12.604055,46.117035],[12.604134,46.117163],[12.60423,46.117318],[12.604274,46.117433],[12.604305,46.117601],[12.604361,46.117753],[12.604429,46.117823],[12.604498,46.117889],[12.604653,46.117978],[12.604831,46.118141],[12.605103,46.118401],[12.605273,46.118567],[12.605429,46.118733],[12.605471,46.118817],[12.60548,46.119043],[12.605489,46.119201],[12.605528,46.119309],[12.605541,46.119353],[12.605554,46.119398],[12.605539,46.11951]]}},{"type":"Feature","properties":{"u":1769494659,"v":1769494603,"length":417.881,"highway":"unclassified"},"geometry":{"type":"LineString","coordinates":[[12.604113,46.116585],[12.604038,46.116483],[12.603942,46.116351],[12.603736,46.116077],[12.603562,46.115824],[12.603475,46.11573],[12.603317,46.115584],[12.603133,46.115389],[12.602995,46.115239],[12.60297,46.115174],[12.60297,46.115121],[12.603072,46.11497],[12.603176,46.114818],[12.603261,46.114667],[12.603343,46.114473],[12.603376,46.114372],[12.603416,46.114245],[12.603465,46.114106],[12.603532,46.113987],[12.60367,46.11383],[12.60382,46.113692],[12.603968,46.1136],[12.604188,46.113492],[12.6044,46.113362]]}},{"type":"Feature","properties":{"u":2860029501,"v":1769500222,"length":36.43,"highway":"unclassified"},"geometry":{"type":"LineString","coordinates":[[12.606368,46.111859],[12.606392,46.111822],[12.606442,46.111766],[12.606555,46.111668],[12.606633,46.111589]]}},{"type":"Feature","properties":{"u":1769500243,"v":1769500239,"length":77.413,"highway":"unclassified"},"geometry":{"type":"LineString","coordinates":[[12.604529,46.113441],[12.604738,46.113305],[12.604922,46.113197],[12.605128,46.113062],[12.605261,46.112965]]}},{"type":"Feature","properties":{"u":1769500239,"v":1769505401,"length":25.412,"highway":"unclassified"},"geometry":{"type":"LineString","coordinates":[[12.605261,46.112965],[12.605341,46.112918],[12.605455,46.112864],[12.605521,46.112825]]}},{"type":"Feature","properties":{"u":1769505401,"v":1769500233,"length":68.593,"highway":"unclassified"},"geometry":{"type":"LineString","coordinates":[[12.605521,46.112825],[12.605636,46.112756],[12.605746,46.11269],[12.606039,46.112484],[12.606153,46.112392]]}},{"type":"Feature","properties":{"u":1769500233,"v":1769500230,"length":31.42,"highway":"unclassified"},"geometry":{"type":"LineString","coordinates":[[12.606153,46.112392],[12.606314,46.112275],[12.606392,46.112217],[12.606422,46.112181]]}},{"type":"Feature","properties":{"u":1769505416,"v":1769505419,"length":10.457,"highway":"unclassified"},"geometry":{"type":"LineString","coordinates":[[12.607612,46.113401],[12.607551,46.113485]]}},{"type":"Feature","properties":{"u":1769505419,"v":1769505429,"length":25.721,"highway":"unclassified"},"geometry":{"type":"LineString","coordinates":[[12.607551,46.113485],[12.607538,46.113613],[12.607497,46.113712]]}},{"type":"Feature","properties":{"u":1769500233,"v":1769505403,"length":78.561,"highway":"unclassified"},"geometry":{"type":"LineString","coordinates":[[12.606153,46.112392],[12.606307,46.11249],[12.606702,46.112741],[12.606898,46.112874]]}},{"type":"Feature","properties":{"u":1769505389,"v":1769505396,"length":54.092,"highway":"unclassified"},"geometry":{"type":"LineString","coordinates":[[12.607529,46.112205],[12.607629,46.112241],[12.607792,46.112289],[12.608091,46.112404],[12.608151,46.112429]]}},{"type":"Feature","properties":{"u":1769505389,"v":1769505385,"length":39.834,"highway":"unclassified"},"geometry":{"type":"LineString","coordinates":[[12.607529,46.112205],[12.607482,46.112186],[12.607425,46.11215],[12.607279,46.112067],[12.607241,46.112052],[12.607205,46.112047],[12.607178,46.112054],[12.607147,46.112068],[12.607105,46.112087]]}},{"type":"Feature","properties":{"u":1769505401,"v":1769505409,"length":40.626,"highway":"unclassified"},"geometry":{"type":"LineString","coordinates":[[12.605521,46.112825],[12.605565,46.112936],[12.605669,46.11313],[12.605689,46.113171]]}},{"type":"Feature","properties":{"u":1769505409,"v":275047691,"length":124.92,"highway":"unclassified"},"geometry":{"type":"LineString","coordinates":[[12.605689,46.113171],[12.605771,46.113422],[12.605818,46.113594],[12.60585,46.113713],[12.605947,46.114106],[12.605941,46.114221],[12.605907,46.114272]]}},{"type":"Feature","properties":{"u":1769505414,"v":1769505408,"length":37.382,"highway":"unclassified"},"geometry":{"type":"LineString","coordinates":[[12.606161,46.113416],[12.606482,46.113164]]}},{"type":"Feature","properties":{"u":1769505409,"v":1769505414,"length":45.813,"highway":"unclassified"},"geometry":{"type":"LineString","coordinates":[[12.605689,46.113171],[12.605844,46.113261],[12.605977,46.113346],[12.606087,46.113397],[12.606161,46.113416]]}},{"type":"Feature","properties":{"u":1769505414,"v":1769505419,"length":113.216,"highway":"unclassified"},"geometry":{"type":"LineString","coordinates":[[12.606161,46.113416],[12.606374,46.113439],[12.606746,46.11351],[12.606936,46.11356],[12.607055,46.113589],[12.607145,46.113596],[12.607268,46.113589],[12.60738,46.113565],[12.607486,46.113521],[12.607551,46.113485]]}},{"type":"Feature","properties":{"u":1711509912,"v":1769507903,"length":16.605,"highway":"secondary"},"geometry":{"type":"LineString","coordinates":[[12.602334,46.112246],[12.602228,46.112116]]}},{"type":"Feature","properties":{"u":1769507903,"v":2851890366,"length":123.624,"highway":"secondary"},"geometry":{"type":"LineString","coordinates":[[12.602228,46.112116],[12.602172,46.112053],[12.602105,46.111866],[12.602104,46.111665],[12.60212,46.111021]]}},{"type":"Feature","properties":{"u":1769507905,"v":1769507929,"length":464.1,"highway":"unclassified"},"geometry":{"type":"LineString","coordinates":[[12.603239,46.112726],[12.60315,46.112783],[12.60307,46.112817],[12.602929,46.11283],[12.602633,46.11285],[12.60249,46.11286],[12.602206,46.112893],[12.601839,46.112893],[12.601408,46.112886],[12.601209,46.112918],[12.600735,46.113003],[12.600262,46.113077],[12.600123,46.113129],[12.600039,46.113188],[12.599948,46.113306],[12.59974,46.113611],[12.599519,46.113915],[12.599261,46.114223],[12.599195,46.114317],[12.599147,46.114396],[12.599112,46.114537],[12.599078,46.114643],[12.599025,46.114763],[12.598953,46.114875]]}},{"type":"Feature","properties":{"u":1712534888,"v":1770236680,"length":7.098,"highway":"unclassified","maxspeed":50},"geometry":{"type":"LineString","coordinates":[[12.605567,46.092526],[12.605649,46.092497]]}},{"type":"Feature","properties":{"u":4339928146,"v":1744415182,"length":774.079,"highway":"unclassified","maxspeed":50},"geometry":{"type":"LineString","coordinates":[[12.606675,46.092205],[12.60674,46.092177],[12.60721,46.091985],[12.607898,46.091718],[12.608473,46.091511],[12.60897,46.091358],[12.609388,46.091239],[12.610091,46.091081],[12.610148,46.091068],[12.610351,46.090996],[12.610923,46.090758],[12.611855,46.090412],[12.612696,46.090142],[12.613326,46.089951],[12.614232,46.089639],[12.614944,46.089386],[12.615156,46.089366],[12.615323,46.08935],[12.615747,46.089337]]}},{"type":"Feature","properties":{"u":727760739,"v":1770237073,"length":12.621,"highway":"unclassified"},"geometry":{"type":"LineString","coordinates":[[12.599198,46.085971],[12.599336,46.08591]]}},{"type":"Feature","properties":{"u":4352636537,"v":3985052062,"length":90.101,"highway":"unclassified"},"geometry":{"type":"LineString","coordinates":[[12.601046,46.085347],[12.601533,46.085172],[12.601871,46.085055],[12.602078,46.084968]]}},{"type":"Feature","properties":{"u":3985052062,"v":727760779,"length":2231.334,"highway":"unclassified"},"geometry":{"type":"LineString","coordinates":[[12.602078,46.084968],[12.602189,46.084921],[12.602449,46.084809],[12.602722,46.084686],[12.602921,46.08459],[12.603313,46.084322],[12.603987,46.083942],[12.604468,46.083675],[12.605254,46.08337],[12.605692,46.083208],[12.606083,46.083023],[12.606458,46.082809],[12.606692,46.082675],[12.607553,46.082216],[12.608189,46.081836],[12.608814,46.081451],[12.609317,46.081077],[12.609782,46.080735],[12.61029,46.080446],[12.610835,46.080152],[12.611031,46.080036],[12.611231,46.079917],[12.611728,46.079607],[12.612097,46.079393],[12.612744,46.079078],[12.613497,46.078789],[12.613897,46.078623],[12.614438,46.078398],[12.615128,46.078105],[12.615474,46.077971],[12.615754,46.077864],[12.616481,46.07765],[12.616988,46.077474],[12.617198,46.077396],[12.617593,46.077249],[12.61863,46.076763],[12.619394,46.07642],[12.620116,46.076068],[12.620977,46.075667],[12.621645,46.075346],[12.622302,46.075052],[12.623297,46.074582],[12.624129,46.074229],[12.624697,46.07394],[12.624732,46.073923],[12.625655,46.073485]]}},{"type":"Feature","properties":{"u":1770237384,"v":1770237383,"length":9.528,"highway":"unclassified"},"geometry":{"type":"LineString","coordinates":[[12.598329,46.082312],[12.598448,46.082289]]}},{"type":"Feature","properties":{"u":1770237383,"v":1712509037,"length":4.684,"highway":"unclassified"},"geometry":{"type":"LineString","coordinates":[[12.598448,46.082289],[12.598507,46.082279]]}},{"type":"Feature","properties":{"u":1770238779,"v":471484044,"length":27.549,"highway":"tertiary"},"geometry":{"type":"LineString","coordinates":[[12.597604,46.068696],[12.597761,46.068637],[12.597918,46.068578]]}},{"type":"Feature","properties":{"u":471484044,"v":5053228221,"length":588.162,"highway":"tertiary"},"geometry":{"type":"LineString","coordinates":[[12.597918,46.068578],[12.599088,46.068164],[12.600009,46.06785],[12.600164,46.067797],[12.600959,46.067644],[12.601195,46.0676],[12.601736,46.067499],[12.602695,46.067208],[12.60326,46.06698],[12.604456,46.066385],[12.604708,46.06626]]}},{"type":"Feature","properties":{"u":1770238780,"v":1770238779,"length":4.902,"highway":"tertiary"},"geometry":{"type":"LineString","coordinates":[[12.597546,46.068714],[12.597604,46.068696]]}},{"type":"Feature","properties":{"u":1812753138,"v":11828815506,"length":236.795,"highway":"residential"},"geometry":{"type":"LineString","coordinates":[[12.688978,46.060116],[12.688947,46.06121],[12.68916,46.061129],[12.689609,46.06099],[12.689951,46.060904],[12.690318,46.060805]]}},{"type":"Feature","properties":{"u":11828815506,"v":540415164,"length":52.461,"highway":"residential"},"geometry":{"type":"LineString","coordinates":[[12.690318,46.060805],[12.690456,46.060782],[12.690721,46.060747],[12.690987,46.060771]]}},{"type":"Feature","properties":{"u":1812813615,"v":295257089,"length":138.551,"highway":"residential"},"geometry":{"type":"LineString","coordinates":[[12.650735,46.077429],[12.65251,46.077238]]}},{"type":"Feature","properties":{"u":2142838634,"v":2142838664,"length":192.037,"highway":"residential"},"geometry":{"type":"LineString","coordinates":[[12.654362,46.07835],[12.654387,46.078418],[12.654484,46.078614],[12.654663,46.078878],[12.654748,46.078981],[12.654804,46.079036],[12.6549,46.079097],[12.655079,46.079163],[12.655864,46.079459],[12.655943,46.079486],[12.655991,46.079536]]}},{"type":"Feature","properties":{"u":1812847620,"v":1812847621,"length":141.008,"highway":"residential"},"geometry":{"type":"LineString","coordinates":[[12.701343,46.159606],[12.701368,46.160874]]}},{"type":"Feature","properties":{"u":1812847636,"v":1272075042,"length":162.728,"highway":"residential"},"geometry":{"type":"LineString","coordinates":[[12.700098,46.159554],[12.700243,46.161014]]}},{"type":"Feature","properties":{"u":1812875747,"v":1812875742,"length":196.749,"highway":"residential"},"geometry":{"type":"LineString","coordinates":[[12.691162,46.063293],[12.691323,46.063003],[12.691269,46.062906],[12.689319,46.062972]]}},{"type":"Feature","properties":{"u":1812883473,"v":1812883474,"length":129.135,"highway":"residential"},"geometry":{"type":"LineString","coordinates":[[12.654706,46.152932],[12.653529,46.153759]]}},{"type":"Feature","properties":{"u":1812883480,"v":1812883484,"length":46.619,"highway":"residential"},"geometry":{"type":"LineString","coordinates":[[12.630984,46.138958],[12.631475,46.138713]]}},{"type":"Feature","properties":{"u":1812883493,"v":1812883510,"length":137.337,"highway":"residential"},"geometry":{"type":"LineString","coordinates":[[12.661314,46.154961],[12.659642,46.15539]]}},{"type":"Feature","properties":{"u":1812883483,"v":1812883498,"length":102.051,"highway":"residential"},"geometry":{"type":"LineString","coordinates":[[12.658632,46.157621],[12.65966,46.157042]]}},{"type":"Feature","properties":{"u":1812883490,"v":1812883475,"length":80.511,"highway":"residential"},"geometry":{"type":"LineString","coordinates":[[12.660288,46.154282],[12.659317,46.15455]]}},{"type":"Feature","properties":{"u":1812883492,"v":1812883495,"length":86.322,"highway":"residential"},"geometry":{"type":"LineString","coordinates":[[12.65939,46.157866],[12.659323,46.157733],[12.660162,46.157476]]}},{"type":"Feature","properties":{"u":1812888044,"v":1812888011,"length":253.205,"highway":"residential"},"geometry":{"type":"LineString","coordinates":[[12.654222,46.101113],[12.653857,46.101172],[12.653445,46.101948],[12.651847,46.102383]]}},{"type":"Feature","properties":{"u":1821139695,"v":1821139694,"length":11.453,"highway":"residential"},"geometry":{"type":"LineString","coordinates":[[12.639169,46.144679],[12.639032,46.144719]]}},{"type":"Feature","properties":{"u":1444918140,"v":1444385502,"length":862.925,"highway":"residential"},"geometry":{"type":"LineString","coordinates":[[12.583051,46.196842],[12.583215,46.196826],[12.583482,46.196928],[12.583641,46.196928],[12.583799,46.196886],[12.584094,46.196828],[12.584216,46.196826],[12.584431,46.196857],[12.584855,46.197008],[12.585075,46.197072],[12.5853,46.197117],[12.585515,46.197084],[12.58564,46.197009],[12.585686,46.196903],[12.585774,46.196841],[12.585928,46.196821],[12.586109,46.196847],[12.586304,46.19698],[12.586518,46.197058],[12.5867,46.197046],[12.586926,46.197019],[12.587874,46.196833],[12.588091,46.196767],[12.588362,46.19677],[12.588567,46.19678],[12.588802,46.196854],[12.589082,46.197092],[12.589237,46.197232],[12.589367,46.19729],[12.589479,46.197317],[12.589725,46.197313],[12.589976,46.197271],[12.590411,46.197177],[12.590917,46.197144],[12.5911,46.197089],[12.591313,46.197005],[12.591417,46.197005],[12.591497,46.197046],[12.591539,46.197105],[12.591659,46.197181],[12.591742,46.197201],[12.591831,46.197116],[12.591846,46.197071],[12.591802,46.196989],[12.591716,46.196818],[12.591699,46.196781],[12.591645,46.19668],[12.591638,46.196566],[12.591409,46.196557],[12.591392,46.196514],[12.591251,46.196409]]}},{"type":"Feature","properties":{"u":1846910261,"v":13309595170,"length":354.583,"highway":"unclassified"},"geometry":{"type":"LineString","coordinates":[[12.706352,46.141394],[12.706048,46.141617],[12.705658,46.142063],[12.704153,46.143686],[12.704103,46.143751],[12.703845,46.144061]]}},{"type":"Feature","properties":{"u":282192085,"v":852887656,"length":43.867,"highway":"tertiary"},"geometry":{"type":"LineString","coordinates":[[12.692571,46.152966],[12.69291,46.152649]]}},{"type":"Feature","properties":{"u":852887656,"v":850910518,"length":289.79,"highway":"tertiary"},"geometry":{"type":"LineString","coordinates":[[12.69291,46.152649],[12.693135,46.152454],[12.693751,46.151894],[12.69426,46.15142],[12.695184,46.150573]]}},{"type":"Feature","properties":{"u":1865778290,"v":295280103,"length":61.296,"highway":"secondary"},"geometry":{"type":"LineString","coordinates":[[12.71145,46.168195],[12.711462,46.168287],[12.711462,46.16836],[12.711436,46.168519],[12.711376,46.168741]]}},{"type":"Feature","properties":{"u":295280103,"v":1423492648,"length":149.183,"highway":"secondary"},"geometry":{"type":"LineString","coordinates":[[12.711376,46.168741],[12.710932,46.169831],[12.710854,46.170033]]}},{"type":"Feature","properties":{"u":295280044,"v":9628893954,"length":69.422,"highway":"tertiary_link"},"geometry":{"type":"LineString","coordinates":[[12.712095,46.167046],[12.711998,46.167171],[12.711882,46.167285],[12.711754,46.167388],[12.711627,46.167474],[12.711534,46.167528]]}},{"type":"Feature","properties":{"u":1865778317,"v":1865778250,"length":17.918,"highway":"secondary"},"geometry":{"type":"LineString","coordinates":[[12.710902,46.167305],[12.711012,46.167447]]}},{"type":"Feature","properties":{"u":1866961615,"v":2191490727,"length":73.633,"highway":"residential"},"geometry":{"type":"LineString","coordinates":[[12.612133,46.200463],[12.612496,46.200604],[12.612667,46.200667],[12.612811,46.200699],[12.613006,46.200709]]}},{"type":"Feature","properties":{"u":912292111,"v":912296532,"length":26.568,"highway":"tertiary"},"geometry":{"type":"LineString","coordinates":[[12.658653,46.153282],[12.658533,46.153058]]}},{"type":"Feature","properties":{"u":912296532,"v":912296187,"length":158.32,"highway":"tertiary"},"geometry":{"type":"LineString","coordinates":[[12.658533,46.153058],[12.658409,46.15288],[12.658234,46.152631],[12.658113,46.152459],[12.658067,46.152394],[12.657806,46.152037],[12.657789,46.152015],[12.657595,46.151792]]}},{"type":"Feature","properties":{"u":1875944468,"v":1875944507,"length":704.1,"highway":"unclassified"},"geometry":{"type":"LineString","coordinates":[[12.643031,46.112081],[12.642672,46.112224],[12.642187,46.112435],[12.641557,46.112827],[12.640979,46.113176],[12.640932,46.113204],[12.640226,46.113811],[12.639822,46.114238],[12.639699,46.11433],[12.639684,46.114342],[12.63943,46.114531],[12.639255,46.114697],[12.639053,46.114962],[12.638913,46.115267],[12.638779,46.11551],[12.638606,46.115783],[12.638428,46.116013],[12.638241,46.116249],[12.63804,46.116376],[12.637384,46.116721],[12.637237,46.116791]]}},{"type":"Feature","properties":{"u":1875944435,"v":1875944438,"length":45.27,"highway":"unclassified"},"geometry":{"type":"LineString","coordinates":[[12.653106,46.106199],[12.652722,46.106507]]}},{"type":"Feature","properties":{"u":1875944438,"v":1875944468,"length":978.193,"highway":"unclassified"},"geometry":{"type":"LineString","coordinates":[[12.652722,46.106507],[12.651696,46.107201],[12.650365,46.108037],[12.64872,46.109107],[12.648219,46.10943],[12.647744,46.109588],[12.647229,46.109753],[12.646823,46.109876],[12.646466,46.110083],[12.646295,46.110198],[12.646191,46.110268],[12.645593,46.110749],[12.645416,46.110897],[12.645175,46.111032],[12.643655,46.111836],[12.643186,46.112002],[12.643031,46.112081]]}},{"type":"Feature","properties":{"u":1875944468,"v":1875944466,"length":9.838,"highway":"unclassified"},"geometry":{"type":"LineString","coordinates":[[12.643031,46.112081],[12.643001,46.111995]]}},{"type":"Feature","properties":{"u":1875944507,"v":1769453990,"length":154.452,"highway":"unclassified"},"geometry":{"type":"LineString","coordinates":[[12.637237,46.116791],[12.637037,46.116891],[12.636329,46.117172],[12.636005,46.117268],[12.635897,46.117291],[12.635794,46.117312],[12.635442,46.117388]]}},{"type":"Feature","properties":{"u":735499546,"v":1879094597,"length":518.771,"highway":"unclassified"},"geometry":{"type":"LineString","coordinates":[[12.654464,46.073229],[12.654637,46.073643],[12.654811,46.074123],[12.654929,46.074657],[12.654954,46.074728],[12.654987,46.074803],[12.655036,46.074849],[12.655089,46.074881],[12.6552,46.074927],[12.6553,46.074964],[12.655367,46.075],[12.655402,46.075043],[12.655431,46.075126],[12.65548,46.075297],[12.655499,46.075345],[12.655544,46.075378],[12.655594,46.075398],[12.655757,46.075433],[12.656041,46.075498],[12.656225,46.075543],[12.656419,46.075581],[12.656582,46.075589],[12.656667,46.075585],[12.65675,46.075573],[12.656862,46.075574],[12.656912,46.075577],[12.656959,46.075584],[12.657024,46.0756],[12.65708,46.075627],[12.657135,46.075662],[12.657175,46.075701],[12.657369,46.075961],[12.657898,46.076677]]}},{"type":"Feature","properties":{"u":1879094610,"v":2142834385,"length":217.431,"highway":"unclassified"},"geometry":{"type":"LineString","coordinates":[[12.654161,46.077877],[12.654657,46.077866],[12.654814,46.077861],[12.655286,46.077783],[12.655768,46.077676],[12.656229,46.07757],[12.656486,46.077496],[12.6567,46.077423],[12.656839,46.077353]]}},{"type":"Feature","properties":{"u":2142834385,"v":1879094597,"length":111.008,"highway":"unclassified"},"geometry":{"type":"LineString","coordinates":[[12.656839,46.077353],[12.657898,46.076677]]}},{"type":"Feature","properties":{"u":1879094597,"v":1879094585,"length":197.092,"highway":"unclassified"},"geometry":{"type":"LineString","coordinates":[[12.657898,46.076677],[12.658477,46.076273],[12.658901,46.076105],[12.659878,46.075569]]}},{"type":"Feature","properties":{"u":1444347338,"v":302033469,"length":1079.099,"highway":"unclassified"},"geometry":{"type":"LineString","coordinates":[[12.586168,46.192902],[12.58628,46.192879],[12.586589,46.192712],[12.58688,46.192538],[12.587045,46.192425],[12.587281,46.192289],[12.587526,46.192205],[12.587646,46.192204],[12.58773,46.192223],[12.5879,46.19236],[12.587967,46.192557],[12.588026,46.192634],[12.588138,46.192695],[12.588288,46.192686],[12.588454,46.192634],[12.588618,46.192638],[12.588736,46.192702],[12.588897,46.192699],[12.589057,46.192651],[12.589207,46.192634],[12.589452,46.192583],[12.589708,46.192529],[12.590092,46.192433],[12.590298,46.192427],[12.59042,46.192459],[12.590487,46.192562],[12.590487,46.19262],[12.590428,46.192671],[12.590249,46.192752],[12.589891,46.192802],[12.589671,46.192901],[12.589562,46.192995],[12.589571,46.193081],[12.589666,46.193101],[12.589923,46.193087],[12.590136,46.193052],[12.590354,46.193049],[12.5905,46.193081],[12.590697,46.193168],[12.591117,46.193261],[12.591406,46.193337],[12.591575,46.193381],[12.591909,46.193495],[12.592075,46.193577],[12.592088,46.193673],[12.591991,46.193706],[12.591859,46.193682],[12.591694,46.193568],[12.591612,46.193501],[12.591511,46.193445],[12.591411,46.19345],[12.591329,46.193487],[12.591278,46.193636],[12.591361,46.193689],[12.591789,46.193834],[12.592187,46.19393],[12.592608,46.193997],[12.593098,46.194086],[12.593499,46.194121],[12.594017,46.194178],[12.594546,46.194255]]}},{"type":"Feature","properties":{"u":1889582054,"v":1889582047,"length":123.303,"highway":"residential"},"geometry":{"type":"LineString","coordinates":[[12.720291,46.150111],[12.720238,46.150095],[12.71883,46.149658]]}},{"type":"Feature","properties":{"u":1889582075,"v":1889582057,"length":105.785,"highway":"residential"},"geometry":{"type":"LineString","coordinates":[[12.721246,46.148318],[12.719989,46.147935]]}},{"type":"Feature","properties":{"u":7260720358,"v":7260720343,"length":1010.128,"highway":"residential"},"geometry":{"type":"LineString","coordinates":[[12.713054,46.148231],[12.714529,46.146017],[12.71451,46.145843],[12.714422,46.145751],[12.712236,46.145041],[12.711997,46.145067],[12.711857,46.145174],[12.710427,46.147327],[12.710417,46.147461],[12.710541,46.147578],[12.712802,46.148305]]}},{"type":"Feature","properties":{"u":1682137587,"v":471989737,"length":93.075,"highway":"tertiary"},"geometry":{"type":"LineString","coordinates":[[12.591569,46.071538],[12.591718,46.071483],[12.592546,46.071049]]}},{"type":"Feature","properties":{"u":471989737,"v":1707957569,"length":45.826,"highway":"tertiary"},"geometry":{"type":"LineString","coordinates":[[12.592546,46.071049],[12.593033,46.070813]]}},{"type":"Feature","properties":{"u":1707957569,"v":471484310,"length":150.955,"highway":"tertiary"},"geometry":{"type":"LineString","coordinates":[[12.593033,46.070813],[12.593469,46.070602],[12.594604,46.070004]]}},{"type":"Feature","properties":{"u":471484310,"v":471484206,"length":143.936,"highway":"tertiary"},"geometry":{"type":"LineString","coordinates":[[12.594604,46.070004],[12.595328,46.069631],[12.596108,46.069238]]}},{"type":"Feature","properties":{"u":471484206,"v":1770238780,"length":125.307,"highway":"tertiary"},"geometry":{"type":"LineString","coordinates":[[12.596108,46.069238],[12.597147,46.06886],[12.597546,46.068714]]}},{"type":"Feature","properties":{"u":1658845941,"v":3854294383,"length":30.01,"highway":"secondary"},"geometry":{"type":"LineString","coordinates":[[12.589595,46.068736],[12.589674,46.068715],[12.589958,46.068639]]}},{"type":"Feature","properties":{"u":1714185972,"v":1658845941,"length":13.818,"highway":"secondary"},"geometry":{"type":"LineString","coordinates":[[12.589448,46.068807],[12.589595,46.068736]]}},{"type":"Feature","properties":{"u":1681723411,"v":1892315399,"length":75.744,"highway":"residential"},"geometry":{"type":"LineString","coordinates":[[12.593517,46.076504],[12.592703,46.076123]]}},{"type":"Feature","properties":{"u":1681723411,"v":1681723380,"length":95.15,"highway":"residential","maxspeed":50},"geometry":{"type":"LineString","coordinates":[[12.593517,46.076504],[12.593721,46.076195],[12.594,46.075861],[12.594078,46.075743]]}},{"type":"Feature","properties":{"u":1681707071,"v":472030099,"length":279.431,"highway":"tertiary"},"geometry":{"type":"LineString","coordinates":[[12.591418,46.07863],[12.591438,46.078691],[12.591762,46.079417],[12.592036,46.08007],[12.592327,46.080691],[12.59249,46.08103]]}},{"type":"Feature","properties":{"u":1892315369,"v":1682137587,"length":24.166,"highway":"unclassified","maxspeed":50},"geometry":{"type":"LineString","coordinates":[[12.591673,46.071743],[12.591569,46.071538]]}},{"type":"Feature","properties":{"u":1682137606,"v":472030068,"length":261.879,"highway":"residential"},"geometry":{"type":"LineString","coordinates":[[12.592513,46.073567],[12.592486,46.073723],[12.592496,46.073821],[12.592515,46.073897],[12.592515,46.073946],[12.592453,46.074005],[12.592259,46.074106],[12.591986,46.074235],[12.591854,46.074286],[12.591715,46.0743],[12.591417,46.074314],[12.5912,46.074336],[12.591054,46.074391],[12.590731,46.074545],[12.590115,46.074719],[12.589988,46.074749]]}},{"type":"Feature","properties":{"u":1658845937,"v":471488900,"length":27.638,"highway":"unclassified"},"geometry":{"type":"LineString","coordinates":[[12.5889,46.068127],[12.588814,46.068165],[12.588753,46.068171],[12.588686,46.068163],[12.588568,46.068131]]}},{"type":"Feature","properties":{"u":1712534884,"v":481334496,"length":16.751,"highway":"unclassified"},"geometry":{"type":"LineString","coordinates":[[12.596579,46.090134],[12.596601,46.090141],[12.596726,46.090243]]}},{"type":"Feature","properties":{"u":481334485,"v":1712524053,"length":7.691,"highway":"tertiary"},"geometry":{"type":"LineString","coordinates":[[12.596269,46.089994],[12.596316,46.090055]]}},{"type":"Feature","properties":{"u":1712524053,"v":481334491,"length":32.043,"highway":"tertiary"},"geometry":{"type":"LineString","coordinates":[[12.596316,46.090055],[12.596489,46.090317]]}},{"type":"Feature","properties":{"u":481334491,"v":481334484,"length":7.507,"highway":"tertiary"},"geometry":{"type":"LineString","coordinates":[[12.596489,46.090317],[12.59652,46.090381]]}},{"type":"Feature","properties":{"u":481334605,"v":1892343185,"length":815.374,"highway":"unclassified"},"geometry":{"type":"LineString","coordinates":[[12.633612,46.11758],[12.63338,46.117654],[12.632994,46.117765],[12.632685,46.11787],[12.63241,46.118006],[12.632269,46.118074],[12.632178,46.118193],[12.632098,46.118297],[12.632068,46.118364],[12.63202,46.118471],[12.63196,46.118722],[12.631925,46.118996],[12.631882,46.119208],[12.631846,46.119295],[12.631723,46.119429],[12.63142,46.119592],[12.631129,46.119743],[12.630646,46.11999],[12.630552,46.120092],[12.630484,46.120166],[12.630194,46.12041],[12.629824,46.120714],[12.62955,46.120922],[12.629326,46.121059],[12.628993,46.121218],[12.62849,46.12143],[12.628144,46.121558],[12.627913,46.121635],[12.627648,46.121691],[12.627059,46.121788],[12.626833,46.121824],[12.626489,46.121917],[12.626218,46.122013],[12.626055,46.122065]]}},{"type":"Feature","properties":{"u":737610454,"v":1894585978,"length":11.77,"highway":"unclassified"},"geometry":{"type":"LineString","coordinates":[[12.642016,46.134664],[12.642158,46.134625]]}},{"type":"Feature","properties":{"u":3783691251,"v":737610451,"length":1746.794,"highway":"unclassified"},"geometry":{"type":"LineString","coordinates":[[12.646254,46.132138],[12.646287,46.132109],[12.646844,46.131626],[12.647333,46.131177],[12.648116,46.130418],[12.648712,46.129885],[12.648772,46.129831],[12.649432,46.129244],[12.649767,46.128881],[12.650036,46.128483],[12.650225,46.128173],[12.650446,46.127813],[12.650522,46.127689],[12.650725,46.127392],[12.651101,46.126841],[12.651334,46.126506],[12.651775,46.125875],[12.651938,46.125564],[12.652068,46.12525],[12.652436,46.124217],[12.652596,46.123804],[12.652797,46.123461],[12.65328,46.122793],[12.653687,46.122161],[12.654159,46.121282],[12.654377,46.120576],[12.654617,46.119911],[12.655014,46.119085],[12.655153,46.118826],[12.655593,46.118004]]}},{"type":"Feature","properties":{"u":912283001,"v":3481946852,"length":43.482,"highway":"tertiary"},"geometry":{"type":"LineString","coordinates":[[12.658294,46.131633],[12.658293,46.131971],[12.65829,46.132024]]}},{"type":"Feature","properties":{"u":1894585929,"v":1894585928,"length":18.101,"highway":"unclassified"},"geometry":{"type":"LineString","coordinates":[[12.635145,46.117434],[12.635291,46.11741],[12.635374,46.117398]]}},{"type":"Feature","properties":{"u":1894585928,"v":1769453990,"length":5.358,"highway":"unclassified"},"geometry":{"type":"LineString","coordinates":[[12.635374,46.117398],[12.635442,46.117388]]}},{"type":"Feature","properties":{"u":1769453990,"v":481334637,"length":1933.981,"highway":"unclassified"},"geometry":{"type":"LineString","coordinates":[[12.635442,46.117388],[12.63548,46.117459],[12.63565,46.117802],[12.635863,46.118157],[12.635997,46.118358],[12.636269,46.118714],[12.636579,46.119069],[12.636607,46.119132],[12.636622,46.119197],[12.636616,46.119252],[12.636587,46.119312],[12.636434,46.119742],[12.636286,46.120283],[12.636181,46.120548],[12.636089,46.121035],[12.636013,46.121292],[12.635955,46.121513],[12.635837,46.121721],[12.635743,46.121926],[12.63557,46.122363],[12.635199,46.12324],[12.634847,46.124081],[12.634539,46.124756],[12.634472,46.12492],[12.634445,46.125085],[12.634434,46.125166],[12.634393,46.125247],[12.634317,46.125386],[12.634268,46.125471],[12.634197,46.125602],[12.634128,46.125768],[12.634003,46.126055],[12.633896,46.126343],[12.633802,46.126603],[12.633791,46.126757],[12.633765,46.126891],[12.633715,46.126998],[12.633654,46.127132],[12.633462,46.127729],[12.633337,46.127968],[12.633274,46.128091],[12.633244,46.12828],[12.633223,46.128754],[12.633246,46.130066],[12.633289,46.130674],[12.633383,46.131166],[12.633464,46.131582],[12.633512,46.131854],[12.633567,46.132005],[12.63361,46.132109],[12.633632,46.132431],[12.63364,46.132779],[12.633679,46.133031],[12.633704,46.133171],[12.63376,46.133577],[12.633786,46.133758],[12.633843,46.133882],[12.633884,46.134063],[12.633909,46.134239]]}},{"type":"Feature","properties":{"u":912312517,"v":912292703,"length":161.114,"highway":"residential"},"geometry":{"type":"LineString","coordinates":[[12.663402,46.161501],[12.663399,46.161636],[12.663328,46.161974],[12.66325,46.162314],[12.663132,46.162583],[12.66273,46.16279]]}},{"type":"Feature","properties":{"u":6532722874,"v":912303265,"length":10.009,"highway":"secondary"},"geometry":{"type":"LineString","coordinates":[[12.661459,46.160914],[12.661461,46.160824]]}},{"type":"Feature","properties":{"u":912303265,"v":912301623,"length":18.589,"highway":"secondary"},"geometry":{"type":"LineString","coordinates":[[12.661461,46.160824],[12.661472,46.160657]]}},{"type":"Feature","properties":{"u":912298892,"v":275048618,"length":222.211,"highway":"primary"},"geometry":{"type":"LineString","coordinates":[[12.662392,46.161229],[12.662279,46.16145],[12.662074,46.161892],[12.662049,46.161947],[12.66197,46.162075],[12.661848,46.162232],[12.661598,46.162513],[12.661375,46.162807],[12.661297,46.162931],[12.66125,46.162991],[12.661197,46.163037]]}},{"type":"Feature","properties":{"u":1425732614,"v":318680048,"length":303.359,"highway":"secondary"},"geometry":{"type":"LineString","coordinates":[[12.680508,46.161161],[12.679697,46.161525],[12.678966,46.161903],[12.677309,46.162751]]}},{"type":"Feature","properties":{"u":318680048,"v":3251180816,"length":514.952,"highway":"secondary"},"geometry":{"type":"LineString","coordinates":[[12.677309,46.162751],[12.676847,46.162988],[12.676679,46.163071],[12.676011,46.163406],[12.675351,46.163756],[12.67508,46.163871],[12.674977,46.163915],[12.674497,46.164002],[12.674199,46.164091],[12.673831,46.164275],[12.673593,46.164444],[12.673481,46.164558],[12.67336,46.164719],[12.67329,46.164902],[12.673299,46.16518],[12.673284,46.165481],[12.673185,46.165665],[12.673002,46.165864]]}},{"type":"Feature","properties":{"u":1902433126,"v":1902433171,"length":130.393,"highway":"residential"},"geometry":{"type":"LineString","coordinates":[[12.591924,46.072915],[12.591587,46.073009],[12.590356,46.073353]]}},{"type":"Feature","properties":{"u":1902433168,"v":3783403132,"length":39.065,"highway":"residential"},"geometry":{"type":"LineString","coordinates":[[12.592977,46.072203],[12.592498,46.072317]]}},{"type":"Feature","properties":{"u":3783403132,"v":1902433165,"length":39.556,"highway":"residential"},"geometry":{"type":"LineString","coordinates":[[12.592498,46.072317],[12.592023,46.072451]]}},{"type":"Feature","properties":{"u":1902433165,"v":1902433193,"length":19.015,"highway":"residential"},"geometry":{"type":"LineString","coordinates":[[12.592023,46.072451],[12.591783,46.07249]]}},{"type":"Feature","properties":{"u":2627519995,"v":1902484961,"length":114.798,"highway":"unclassified"},"geometry":{"type":"LineString","coordinates":[[12.728526,46.195577],[12.728557,46.195552],[12.728572,46.195523],[12.728577,46.195501],[12.728566,46.195484],[12.728532,46.195475],[12.728474,46.195479],[12.728425,46.195493],[12.728365,46.195512],[12.728314,46.195519],[12.728185,46.195511],[12.728079,46.195489],[12.727989,46.195458],[12.727828,46.195404],[12.727558,46.195317],[12.727475,46.195292],[12.727391,46.195266],[12.72732,46.19525]]}},{"type":"Feature","properties":{"u":1112362973,"v":1112363124,"length":120.357,"highway":"residential"},"geometry":{"type":"LineString","coordinates":[[12.707686,46.160364],[12.708116,46.160325],[12.709226,46.160182]]}},{"type":"Feature","properties":{"u":275048709,"v":763052280,"length":836.591,"highway":"secondary","maxspeed":70},"geometry":{"type":"LineString","coordinates":[[12.726358,46.176702],[12.726869,46.176914],[12.727928,46.177487],[12.730417,46.178848],[12.730449,46.178865],[12.730594,46.178944],[12.733314,46.18049],[12.733797,46.180658],[12.734299,46.180762],[12.734804,46.180786],[12.735244,46.180792]]}},{"type":"Feature","properties":{"u":1914045490,"v":1112363203,"length":19.001,"highway":"secondary"},"geometry":{"type":"LineString","coordinates":[[12.70625,46.160346],[12.706275,46.160516]]}},{"type":"Feature","properties":{"u":1112363203,"v":1112363485,"length":64.381,"highway":"secondary"},"geometry":{"type":"LineString","coordinates":[[12.706275,46.160516],[12.706324,46.161094]]}},{"type":"Feature","properties":{"u":1112363485,"v":1112363048,"length":70.316,"highway":"secondary"},"geometry":{"type":"LineString","coordinates":[[12.706324,46.161094],[12.706384,46.161725]]}},{"type":"Feature","properties":{"u":1112363048,"v":1112363457,"length":180.753,"highway":"secondary"},"geometry":{"type":"LineString","coordinates":[[12.706384,46.161725],[12.706386,46.161749],[12.706528,46.163229],[12.706539,46.163347]]}},{"type":"Feature","properties":{"u":1112363457,"v":1418745361,"length":103.86,"highway":"secondary"},"geometry":{"type":"LineString","coordinates":[[12.706539,46.163347],[12.706628,46.164279]]}},{"type":"Feature","properties":{"u":1418745361,"v":282192794,"length":69.098,"highway":"secondary"},"geometry":{"type":"LineString","coordinates":[[12.706628,46.164279],[12.706652,46.164551],[12.706679,46.16479],[12.706688,46.164899]]}},{"type":"Feature","properties":{"u":1425732612,"v":912298480,"length":49.179,"highway":"secondary"},"geometry":{"type":"LineString","coordinates":[[12.687493,46.160648],[12.686871,46.160548]]}},{"type":"Feature","properties":{"u":1941755053,"v":9890659934,"length":2.139,"highway":"secondary"},"geometry":{"type":"LineString","coordinates":[[12.711187,46.167685],[12.7112,46.167702]]}},{"type":"Feature","properties":{"u":275048691,"v":1865778290,"length":25.154,"highway":"secondary"},"geometry":{"type":"LineString","coordinates":[[12.711372,46.167976],[12.711425,46.168089],[12.71145,46.168195]]}},{"type":"Feature","properties":{"u":2074550694,"v":2074555186,"length":211.102,"highway":"unclassified","maxspeed":50},"geometry":{"type":"LineString","coordinates":[[12.590575,46.103621],[12.590768,46.103554],[12.590948,46.103485],[12.591076,46.103433],[12.591138,46.103392],[12.591163,46.103376],[12.591259,46.103269],[12.59138,46.103097],[12.591518,46.102921],[12.592068,46.102162],[12.592098,46.102113]]}},{"type":"Feature","properties":{"u":2074555186,"v":2074545830,"length":127.452,"highway":"unclassified","maxspeed":50},"geometry":{"type":"LineString","coordinates":[[12.592098,46.102113],[12.592369,46.101681],[12.592543,46.10137],[12.592703,46.101047]]}},{"type":"Feature","properties":{"u":2074545830,"v":2074560929,"length":87.099,"highway":"unclassified","maxspeed":50},"geometry":{"type":"LineString","coordinates":[[12.592703,46.101047],[12.592893,46.100708],[12.592985,46.100507],[12.593055,46.100304]]}},{"type":"Feature","properties":{"u":1946136502,"v":1946136505,"length":153.618,"highway":"residential"},"geometry":{"type":"LineString","coordinates":[[12.589812,46.100896],[12.589118,46.099601]]}},{"type":"Feature","properties":{"u":2074545838,"v":1946136504,"length":290.621,"highway":"residential"},"geometry":{"type":"LineString","coordinates":[[12.592155,46.101133],[12.592143,46.101072],[12.592139,46.100367],[12.592046,46.099599],[12.592031,46.099502],[12.592001,46.099448],[12.59092,46.098913]]}},{"type":"Feature","properties":{"u":1947848279,"v":1947848258,"length":312.463,"highway":"unclassified"},"geometry":{"type":"LineString","coordinates":[[12.643815,46.070849],[12.643697,46.070685],[12.643343,46.069911],[12.643206,46.069572],[12.642948,46.068991],[12.642841,46.068804],[12.642539,46.068185]]}},{"type":"Feature","properties":{"u":735164444,"v":1947848279,"length":184.639,"highway":"unclassified"},"geometry":{"type":"LineString","coordinates":[[12.644223,46.072479],[12.64418,46.071973],[12.64403,46.071452],[12.643944,46.071132],[12.643815,46.070849]]}},{"type":"Feature","properties":{"u":568114924,"v":568271205,"length":2734.469,"highway":"unclassified"},"geometry":{"type":"LineString","coordinates":[[12.698063,46.060175],[12.698189,46.06025],[12.698305,46.060306],[12.698453,46.060396],[12.698611,46.060501],[12.69872,46.060598],[12.698794,46.060663],[12.69928,46.061166],[12.699316,46.061204],[12.699351,46.061242],[12.699384,46.06128],[12.699417,46.061319],[12.699456,46.061355],[12.699488,46.061394],[12.699519,46.061434],[12.699549,46.061476],[12.699578,46.061516],[12.699605,46.061557],[12.699631,46.061598],[12.699656,46.06164],[12.699682,46.061681],[12.699706,46.061723],[12.699731,46.061764],[12.699756,46.061806],[12.699785,46.061846],[12.69981,46.061888],[12.699834,46.061929],[12.69986,46.061971],[12.699868,46.061985],[12.699894,46.062028],[12.699919,46.062069],[12.699945,46.062111],[12.69997,46.062152],[12.699996,46.062194],[12.700022,46.062235],[12.700048,46.062276],[12.700073,46.062318],[12.700104,46.062357],[12.700119,46.062379],[12.700187,46.06248],[12.700682,46.06317],[12.700712,46.06321],[12.700743,46.06325],[12.700774,46.063289],[12.700806,46.063328],[12.700839,46.063367],[12.700874,46.063405],[12.700908,46.063443],[12.700943,46.063481],[12.700978,46.063519],[12.701013,46.063557],[12.701048,46.063595],[12.701083,46.063633],[12.70112,46.06367],[12.702568,46.065217],[12.702599,46.065257],[12.702629,46.065296],[12.702659,46.065336],[12.702688,46.065377],[12.702716,46.065417],[12.702742,46.065459],[12.702763,46.065494],[12.702785,46.065537],[12.702805,46.06558],[12.702822,46.065624],[12.702839,46.065668],[12.702853,46.065712],[12.702867,46.065756],[12.702965,46.066121],[12.704128,46.070468],[12.704203,46.070733],[12.704212,46.070778],[12.704224,46.070822],[12.704224,46.070868],[12.704234,46.070912],[12.704247,46.070956],[12.704559,46.072105],[12.704571,46.07215],[12.704583,46.072194],[12.704613,46.072302],[12.705102,46.074089],[12.705109,46.074116],[12.705134,46.074217],[12.705158,46.07431],[12.705265,46.074708],[12.705311,46.074876],[12.705652,46.076131],[12.705878,46.076962],[12.70589,46.077007],[12.705901,46.077051],[12.706677,46.079947],[12.707203,46.081923],[12.707234,46.082028],[12.707614,46.083455],[12.707622,46.083488]]}},{"type":"Feature","properties":{"u":1961263326,"v":471993429,"length":78.049,"highway":"unclassified"},"geometry":{"type":"LineString","coordinates":[[12.587236,46.071062],[12.587172,46.071118],[12.586478,46.071525]]}},{"type":"Feature","properties":{"u":1961263330,"v":1961263367,"length":210.291,"highway":"unclassified"},"geometry":{"type":"LineString","coordinates":[[12.583696,46.071823],[12.583802,46.071957],[12.583844,46.072009],[12.584065,46.072254],[12.584141,46.072374],[12.584177,46.072504],[12.584152,46.072666],[12.584065,46.072872],[12.583972,46.07305],[12.583915,46.073161],[12.583885,46.073189],[12.583734,46.073276],[12.583424,46.07344]]}},{"type":"Feature","properties":{"u":1706412240,"v":1706412253,"length":250.406,"highway":"residential"},"geometry":{"type":"LineString","coordinates":[[12.585903,46.071884],[12.585016,46.072402],[12.586687,46.073269]]}},{"type":"Feature","properties":{"u":472023468,"v":1961286841,"length":52.203,"highway":"residential"},"geometry":{"type":"LineString","coordinates":[[12.580856,46.072733],[12.581027,46.072925],[12.581232,46.073123]]}},{"type":"Feature","properties":{"u":472023468,"v":1714288572,"length":117.645,"highway":"residential"},"geometry":{"type":"LineString","coordinates":[[12.580856,46.072733],[12.579593,46.07214]]}},{"type":"Feature","properties":{"u":1714288572,"v":9952614983,"length":35.355,"highway":"residential"},"geometry":{"type":"LineString","coordinates":[[12.579593,46.07214],[12.579203,46.071973]]}},{"type":"Feature","properties":{"u":472010885,"v":1961286815,"length":7.585,"highway":"unclassified"},"geometry":{"type":"LineString","coordinates":[[12.582137,46.072124],[12.582048,46.072153]]}},{"type":"Feature","properties":{"u":1961286815,"v":472010842,"length":85.613,"highway":"residential"},"geometry":{"type":"LineString","coordinates":[[12.582048,46.072153],[12.581883,46.072249],[12.581277,46.072582],[12.581162,46.072609]]}},{"type":"Feature","properties":{"u":472010842,"v":472023468,"length":27.386,"highway":"residential"},"geometry":{"type":"LineString","coordinates":[[12.581162,46.072609],[12.581029,46.072671],[12.580922,46.072711],[12.580856,46.072733]]}},{"type":"Feature","properties":{"u":1961286817,"v":275047739,"length":8.466,"highway":"secondary","maxspeed":50},"geometry":{"type":"LineString","coordinates":[[12.582303,46.072557],[12.582387,46.072508]]}},{"type":"Feature","properties":{"u":275047739,"v":472010855,"length":102.539,"highway":"secondary","maxspeed":50},"geometry":{"type":"LineString","coordinates":[[12.582387,46.072508],[12.583455,46.071959]]}},{"type":"Feature","properties":{"u":472010855,"v":472005487,"length":22.446,"highway":"secondary","maxspeed":50},"geometry":{"type":"LineString","coordinates":[[12.583455,46.071959],[12.58368,46.071831]]}},{"type":"Feature","properties":{"u":472005487,"v":1961263330,"length":1.521,"highway":"secondary","maxspeed":50},"geometry":{"type":"LineString","coordinates":[[12.58368,46.071831],[12.583696,46.071823]]}},{"type":"Feature","properties":{"u":1961263330,"v":1714287016,"length":166.007,"highway":"secondary","maxspeed":50},"geometry":{"type":"LineString","coordinates":[[12.583696,46.071823],[12.584664,46.071312],[12.585074,46.071095],[12.58523,46.071018],[12.585416,46.070926]]}},{"type":"Feature","properties":{"u":1714287016,"v":471993451,"length":34.0,"highway":"secondary","maxspeed":50},"geometry":{"type":"LineString","coordinates":[[12.585416,46.070926],[12.585768,46.070742]]}},{"type":"Feature","properties":{"u":471993451,"v":472003504,"length":15.846,"highway":"secondary","maxspeed":50},"geometry":{"type":"LineString","coordinates":[[12.585768,46.070742],[12.585937,46.070661]]}},{"type":"Feature","properties":{"u":472003504,"v":275047743,"length":80.967,"highway":"secondary","maxspeed":50},"geometry":{"type":"LineString","coordinates":[[12.585937,46.070661],[12.586526,46.070362],[12.586784,46.070231]]}},{"type":"Feature","properties":{"u":1094723290,"v":1341626836,"length":1314.718,"highway":"tertiary"},"geometry":{"type":"LineString","coordinates":[[12.5628,46.068734],[12.562707,46.068758],[12.562607,46.068806],[12.562556,46.06886],[12.562524,46.06892],[12.562517,46.068992],[12.56253,46.069065],[12.562577,46.069184],[12.562971,46.069629],[12.563141,46.069836],[12.564201,46.071107],[12.564594,46.07157],[12.565013,46.072012],[12.565587,46.072589],[12.565795,46.072815],[12.56583,46.072866],[12.56584,46.072924],[12.565817,46.072988],[12.565747,46.073058],[12.565668,46.073099],[12.565531,46.073137],[12.564768,46.073234],[12.564617,46.073277],[12.56431,46.073383],[12.564146,46.073473],[12.564032,46.073569],[12.563764,46.073825],[12.563684,46.073879],[12.563606,46.073898],[12.563532,46.073899],[12.563428,46.073872],[12.56338,46.073837],[12.563351,46.073804],[12.563336,46.073755],[12.563342,46.073692],[12.563518,46.073332],[12.56364,46.072952],[12.563629,46.072852],[12.563561,46.072775],[12.563458,46.072701],[12.563025,46.072409],[12.562918,46.07231],[12.562391,46.071886],[12.562338,46.07186],[12.562173,46.071813],[12.562095,46.071805],[12.561948,46.071819],[12.56135,46.071903],[12.561223,46.071913],[12.561074,46.071919],[12.560975,46.071911],[12.56089,46.071897],[12.560572,46.071823],[12.560375,46.071756],[12.560293,46.071724],[12.560113,46.071648],[12.560048,46.071634],[12.559913,46.071622],[12.559836,46.071621],[12.559526,46.071633],[12.559451,46.071626],[12.559386,46.071611],[12.559324,46.071595],[12.559223,46.071551],[12.559039,46.071454]]}},{"type":"Feature","properties":{"u":1341626836,"v":2210022056,"length":9009.118,"highway":"tertiary"},"geometry":{"type":"LineString","coordinates":[[12.559039,46.071454],[12.558694,46.07124],[12.558657,46.071218],[12.558599,46.071177],[12.558549,46.071145],[12.558501,46.071108],[12.558464,46.071085],[12.558423,46.071055],[12.558358,46.071017],[12.557639,46.070722],[12.557585,46.070713],[12.557086,46.070715],[12.556936,46.0707],[12.556484,46.070636],[12.556178,46.07057],[12.556052,46.070528],[12.555963,46.070474],[12.555729,46.070321],[12.555657,46.070294],[12.555573,46.07028],[12.555487,46.07028],[12.554965,46.070365],[12.554743,46.070397],[12.554174,46.070468],[12.554037,46.070499],[12.553418,46.070692],[12.553263,46.070722],[12.553107,46.070734],[12.552926,46.07071],[12.55248,46.070631],[12.552279,46.070611],[12.552027,46.070641],[12.551826,46.070695],[12.551744,46.070739],[12.551659,46.070798],[12.551302,46.071167],[12.551268,46.071232],[12.551259,46.071294],[12.551272,46.071444],[12.551298,46.071729],[12.551295,46.071803],[12.551248,46.071946],[12.551186,46.072024],[12.551062,46.072139],[12.55064,46.072467],[12.549148,46.073666],[12.548855,46.073918],[12.548755,46.073981],[12.548647,46.07402],[12.548249,46.074113],[12.548177,46.074136],[12.548131,46.074167],[12.547745,46.074496],[12.547675,46.074535],[12.547632,46.074549],[12.547581,46.074557],[12.547527,46.074562],[12.547375,46.074545],[12.547195,46.074524],[12.547004,46.074501],[12.54692,46.0745],[12.546841,46.074509],[12.546758,46.07453],[12.546546,46.074588],[12.546437,46.074599],[12.546316,46.074598],[12.546188,46.07458],[12.545603,46.074442],[12.545516,46.074431],[12.544671,46.074359],[12.5446,46.074363],[12.544541,46.074387],[12.54452,46.074416],[12.544526,46.074458],[12.544554,46.074488],[12.544655,46.074542],[12.544773,46.074607],[12.545396,46.074884],[12.545565,46.074954],[12.545903,46.075043],[12.545973,46.075075],[12.546041,46.075144],[12.54607,46.075196],[12.546089,46.075445],[12.546103,46.075504],[12.546252,46.075829],[12.546263,46.075906],[12.546266,46.07631],[12.546281,46.076364],[12.546321,46.076411],[12.546374,46.076441],[12.546478,46.076453],[12.546901,46.076442],[12.547007,46.076452],[12.547094,46.076473],[12.547378,46.07657],[12.547453,46.076588],[12.547726,46.076606],[12.547822,46.07662],[12.547906,46.076647],[12.547989,46.076705],[12.548186,46.076894],[12.548307,46.077044],[12.548365,46.077088],[12.548445,46.077129],[12.548549,46.077154],[12.548667,46.07717],[12.54886,46.077173],[12.548915,46.077185],[12.548956,46.077208],[12.548972,46.077235],[12.548971,46.077267],[12.548958,46.077298],[12.548925,46.077329],[12.548819,46.077358],[12.548196,46.077436],[12.548135,46.077439],[12.547686,46.077455],[12.547624,46.07746],[12.547532,46.077465],[12.547403,46.077495],[12.547206,46.07755],[12.547113,46.077585],[12.546971,46.077636],[12.546885,46.07767],[12.546614,46.077764],[12.546503,46.077798],[12.546416,46.077833],[12.546337,46.077872],[12.546253,46.077895],[12.546158,46.077907],[12.545829,46.077894],[12.545755,46.077879],[12.545557,46.077826],[12.545474,46.077789],[12.545283,46.077689],[12.545194,46.077651],[12.545105,46.077634],[12.544251,46.077522],[12.544136,46.077515],[12.543595,46.077524],[12.543522,46.077542],[12.543479,46.07757],[12.543455,46.0776],[12.543453,46.077632],[12.543468,46.077684],[12.543504,46.077737],[12.543662,46.077888],[12.543964,46.078042],[12.544223,46.07814],[12.544383,46.078204],[12.544873,46.078473],[12.545416,46.078875],[12.545607,46.078996],[12.545739,46.07908],[12.545924,46.079175],[12.546179,46.079305],[12.546383,46.079398],[12.546552,46.079461],[12.546769,46.079567],[12.546983,46.07967],[12.547211,46.079849],[12.547823,46.080186],[12.547863,46.080214],[12.547882,46.08025],[12.547885,46.080274],[12.547877,46.080312],[12.54782,46.08035],[12.547765,46.08036],[12.547702,46.080367],[12.547633,46.080352],[12.547397,46.080254],[12.547271,46.080209],[12.547137,46.080186],[12.546982,46.080172],[12.546771,46.08018],[12.546486,46.080211],[12.546096,46.080262],[12.545868,46.080285],[12.545665,46.08029],[12.545425,46.080276],[12.545218,46.080262],[12.545002,46.080228],[12.544823,46.080158],[12.544665,46.080079],[12.544514,46.080045],[12.544348,46.080023],[12.544156,46.07998],[12.543815,46.079822],[12.54366,46.079769],[12.543339,46.0797],[12.543275,46.079692],[12.5432,46.079671],[12.543158,46.079649],[12.542864,46.07954],[12.542712,46.079499],[12.542472,46.079456],[12.542342,46.079423],[12.541767,46.0792],[12.541559,46.079139],[12.541501,46.079114],[12.541275,46.078956],[12.541211,46.078928],[12.541016,46.078902],[12.540954,46.078886],[12.540197,46.078553],[12.540145,46.078519],[12.540053,46.078446],[12.539924,46.078391],[12.539862,46.078376],[12.53954,46.078333],[12.539463,46.078314],[12.53941,46.078279],[12.539032,46.077861],[12.538962,46.077801],[12.538885,46.077749],[12.538502,46.0776],[12.538334,46.077533],[12.538279,46.077518],[12.53823,46.077526],[12.538201,46.077553],[12.538188,46.077582],[12.538198,46.077624],[12.53823,46.07766],[12.538369,46.077772],[12.538429,46.077848],[12.538466,46.077939],[12.538543,46.078262],[12.538569,46.078365],[12.5386,46.078452],[12.538654,46.078551],[12.538807,46.078736],[12.538906,46.07881],[12.538983,46.078856],[12.539209,46.078969],[12.539327,46.079045],[12.54062,46.080153],[12.54067,46.080191],[12.541018,46.08039],[12.541116,46.080464],[12.541832,46.081121],[12.542565,46.082103],[12.542658,46.082228],[12.542679,46.082283],[12.542689,46.082345],[12.542675,46.082395],[12.542629,46.082456],[12.542601,46.082477],[12.542532,46.082509],[12.54244,46.082529],[12.542348,46.082529],[12.542259,46.082515],[12.542174,46.082472],[12.542082,46.082392],[12.541774,46.082034],[12.541337,46.081703],[12.540759,46.081328],[12.540303,46.081063],[12.538676,46.080279],[12.53858,46.080256],[12.538495,46.080248],[12.538392,46.080256],[12.538309,46.080281],[12.538229,46.080328],[12.538178,46.080384],[12.538156,46.080455],[12.538168,46.080521],[12.538201,46.080573],[12.538324,46.080676],[12.539022,46.081168],[12.539084,46.081236],[12.539119,46.081309],[12.539131,46.081398],[12.539121,46.081464],[12.539091,46.081517],[12.539044,46.081561],[12.538971,46.081605],[12.53888,46.081635],[12.538815,46.081644],[12.538799,46.081644],[12.538531,46.081638],[12.538072,46.081633],[12.53667,46.08169],[12.536542,46.081707],[12.5364,46.081746],[12.536263,46.081802],[12.53606,46.081908],[12.535957,46.081949],[12.535838,46.081977],[12.535698,46.08198],[12.53559,46.081968],[12.534833,46.081834],[12.534614,46.081808],[12.534344,46.081797],[12.533235,46.081789],[12.533151,46.081796],[12.532874,46.08183],[12.532779,46.081834],[12.532705,46.081826],[12.53261,46.081799],[12.531531,46.081411],[12.531388,46.081374],[12.531099,46.081329],[12.530968,46.081299],[12.530815,46.081221],[12.530497,46.081],[12.530418,46.080944],[12.530318,46.080843],[12.530265,46.080765],[12.530031,46.080395],[12.529974,46.080353],[12.52991,46.080333],[12.529836,46.080325],[12.529746,46.080329],[12.529685,46.080346],[12.529633,46.080386],[12.5296,46.080444],[12.529591,46.080508],[12.529605,46.080586],[12.529641,46.080646],[12.529803,46.080897],[12.529977,46.081169],[12.530101,46.081458],[12.530214,46.081771],[12.530596,46.082424],[12.530644,46.082559],[12.53066,46.082659],[12.530667,46.082786],[12.530653,46.082939],[12.530617,46.083076],[12.530512,46.083374],[12.530497,46.083453],[12.530499,46.08352],[12.530516,46.083579],[12.53057,46.083656],[12.530639,46.083707],[12.530731,46.083751],[12.530845,46.083789],[12.531404,46.083902],[12.531635,46.08395],[12.531826,46.083963],[12.532372,46.083979],[12.533005,46.084009],[12.533144,46.084034],[12.533228,46.084054],[12.533296,46.084087],[12.533305,46.084109],[12.533314,46.08415],[12.533316,46.084191],[12.533319,46.084227],[12.533297,46.084264],[12.533206,46.084323],[12.532922,46.084429],[12.532702,46.084486],[12.531749,46.084617],[12.53159,46.084629],[12.531337,46.084625],[12.529998,46.084485],[12.529892,46.084463],[12.529763,46.084422],[12.529659,46.084378],[12.529585,46.08433],[12.52884,46.083678],[12.528799,46.083627],[12.528766,46.083579],[12.528732,46.083502],[12.528722,46.083446],[12.528723,46.08338],[12.528768,46.083133],[12.528758,46.083053],[12.528738,46.082989],[12.52869,46.082913],[12.528649,46.082872],[12.528586,46.082822],[12.528284,46.08266],[12.527852,46.082414],[12.527569,46.082237],[12.526939,46.081719],[12.526323,46.081207],[12.525912,46.08087],[12.525773,46.080782],[12.525669,46.080721],[12.52556,46.080678],[12.52544,46.080654],[12.525319,46.080638],[12.525193,46.080632],[12.523774,46.080584],[12.523604,46.080572],[12.523402,46.080542],[12.523205,46.080497],[12.522943,46.08042],[12.522652,46.080312],[12.52209,46.080076],[12.521935,46.080028],[12.52179,46.079996],[12.521666,46.079979],[12.521567,46.079979],[12.52147,46.079995],[12.521368,46.080044],[12.521297,46.080118],[12.52128,46.080181],[12.521288,46.080246],[12.521331,46.080323],[12.521419,46.080414],[12.521521,46.080488],[12.521676,46.080563],[12.522911,46.081088],[12.524099,46.081736],[12.525341,46.082436],[12.525446,46.08251],[12.525504,46.082571],[12.525624,46.082743],[12.525674,46.082851],[12.525715,46.083029],[12.525758,46.083502],[12.525777,46.083625],[12.525826,46.083761],[12.525915,46.083929],[12.526008,46.084048],[12.526735,46.084891],[12.527235,46.085503],[12.527843,46.086501],[12.528027,46.086728],[12.528183,46.086977],[12.528286,46.087098],[12.528469,46.087285],[12.529085,46.08781],[12.529175,46.087931],[12.529219,46.088043],[12.529231,46.088152],[12.529216,46.088302],[12.529166,46.088478],[12.529002,46.088809],[12.528316,46.089878],[12.528247,46.089985],[12.528153,46.090187],[12.528052,46.090399]]}},{"type":"Feature","properties":{"u":2859201213,"v":471491591,"length":102.64,"highway":"unclassified"},"geometry":{"type":"LineString","coordinates":[[12.583589,46.066242],[12.583529,46.066276],[12.583452,46.066321],[12.583237,46.066468],[12.582721,46.066937]]}},{"type":"Feature","properties":{"u":471491591,"v":471493294,"length":283.868,"highway":"unclassified"},"geometry":{"type":"LineString","coordinates":[[12.582721,46.066937],[12.582421,46.06723],[12.582073,46.067585],[12.581846,46.067809],[12.581594,46.068045],[12.581409,46.068207],[12.58119,46.068399],[12.580722,46.068803],[12.580535,46.068989]]}},{"type":"Feature","properties":{"u":1961333452,"v":327186306,"length":20.172,"highway":"unclassified"},"geometry":{"type":"LineString","coordinates":[[12.572043,46.069557],[12.571914,46.069532],[12.571823,46.06947]]}},{"type":"Feature","properties":{"u":1961333454,"v":1961333432,"length":18.728,"highway":"tertiary_link"},"geometry":{"type":"LineString","coordinates":[[12.571378,46.069569],[12.571554,46.069453]]}},{"type":"Feature","properties":{"u":1961333432,"v":1961333424,"length":45.333,"highway":"tertiary_link"},"geometry":{"type":"LineString","coordinates":[[12.571554,46.069453],[12.571655,46.06935],[12.571756,46.069235],[12.571845,46.0691]]}},{"type":"Feature","properties":{"u":1961333458,"v":1961333454,"length":42.565,"highway":"tertiary_link"},"geometry":{"type":"LineString","coordinates":[[12.571794,46.069785],[12.571707,46.069683],[12.571626,46.069621],[12.571526,46.069591],[12.571378,46.069569]]}},{"type":"Feature","properties":{"u":1961341590,"v":1269918630,"length":598.435,"highway":"secondary"},"geometry":{"type":"LineString","coordinates":[[12.577963,46.074265],[12.577879,46.074176],[12.577742,46.074021],[12.577331,46.073632],[12.577044,46.07336],[12.576739,46.073051],[12.576508,46.072838],[12.576286,46.072626],[12.57599,46.072422],[12.575482,46.072189],[12.574949,46.071992],[12.574862,46.071957],[12.574303,46.071748],[12.572737,46.071158],[12.572398,46.071021],[12.572252,46.070945],[12.572163,46.070873]]}},{"type":"Feature","properties":{"u":1962230116,"v":703573268,"length":543.901,"highway":"unclassified"},"geometry":{"type":"LineString","coordinates":[[12.650119,46.060673],[12.650322,46.061076],[12.650544,46.061376],[12.650864,46.061731],[12.651025,46.061859],[12.65163,46.062466],[12.652649,46.063758],[12.653346,46.064562],[12.653461,46.064764],[12.653528,46.06493]]}},{"type":"Feature","properties":{"u":592629835,"v":2197381442,"length":12.197,"highway":"unclassified"},"geometry":{"type":"LineString","coordinates":[[12.704445,46.101704],[12.70438,46.101804]]}},{"type":"Feature","properties":{"u":912310486,"v":912305868,"length":118.007,"highway":"unclassified"},"geometry":{"type":"LineString","coordinates":[[12.685453,46.127045],[12.685356,46.12715],[12.685226,46.127195],[12.684036,46.127331]]}},{"type":"Feature","properties":{"u":1989494299,"v":1982850523,"length":142.089,"highway":"tertiary"},"geometry":{"type":"LineString","coordinates":[[12.687468,46.157741],[12.68779,46.157315],[12.688099,46.157],[12.688465,46.15667]]}},{"type":"Feature","properties":{"u":1982850523,"v":275047953,"length":257.39,"highway":"tertiary"},"geometry":{"type":"LineString","coordinates":[[12.688465,46.15667],[12.68874,46.156428],[12.689322,46.155885],[12.689612,46.155621],[12.689911,46.155344],[12.690012,46.155216],[12.69007,46.155107],[12.690096,46.154974],[12.690026,46.154722]]}},{"type":"Feature","properties":{"u":1989494301,"v":912303604,"length":42.125,"highway":"tertiary"},"geometry":{"type":"LineString","coordinates":[[12.687556,46.15777],[12.687309,46.158108]]}},{"type":"Feature","properties":{"u":552235528,"v":1989494299,"length":41.996,"highway":"tertiary"},"geometry":{"type":"LineString","coordinates":[[12.687219,46.158077],[12.687468,46.157741]]}},{"type":"Feature","properties":{"u":912303604,"v":912299394,"length":168.107,"highway":"tertiary"},"geometry":{"type":"LineString","coordinates":[[12.687309,46.158108],[12.686516,46.159187],[12.686318,46.159455]]}},{"type":"Feature","properties":{"u":912299394,"v":912298480,"length":135.964,"highway":"tertiary"},"geometry":{"type":"LineString","coordinates":[[12.686318,46.159455],[12.686275,46.159701],[12.686279,46.15988],[12.686357,46.16007],[12.686516,46.160261],[12.686871,46.160548]]}},{"type":"Feature","properties":{"u":1989495367,"v":2042128179,"length":189.948,"highway":"unclassified"},"geometry":{"type":"LineString","coordinates":[[12.68758,46.158186],[12.687473,46.158325],[12.687125,46.158655],[12.687072,46.158766],[12.687063,46.158892],[12.687162,46.159119],[12.687251,46.159249],[12.687343,46.159412],[12.687359,46.159579],[12.687338,46.159754]]}},{"type":"Feature","properties":{"u":2042128179,"v":1425732612,"length":101.104,"highway":"unclassified"},"geometry":{"type":"LineString","coordinates":[[12.687338,46.159754],[12.687318,46.15991],[12.687384,46.16017],[12.687447,46.160328],[12.687503,46.16049],[12.687493,46.160648]]}},{"type":"Feature","properties":{"u":1812847637,"v":1989495367,"length":39.714,"highway":"unclassified"},"geometry":{"type":"LineString","coordinates":[[12.687809,46.157866],[12.68758,46.158186]]}},{"type":"Feature","properties":{"u":1992071289,"v":2100239025,"length":210.024,"highway":"unclassified"},"geometry":{"type":"LineString","coordinates":[[12.654029,46.155638],[12.653986,46.155816],[12.654068,46.155895],[12.654275,46.156009],[12.654469,46.156054],[12.654683,46.156046],[12.654819,46.156044],[12.654948,46.156066],[12.655102,46.156158],[12.655227,46.156259],[12.655267,46.156313],[12.655247,46.156357],[12.655179,46.156444],[12.655091,46.156515],[12.654973,46.156633],[12.654878,46.156743],[12.654847,46.156793],[12.654818,46.156841]]}},{"type":"Feature","properties":{"u":2099773507,"v":1992064251,"length":57.943,"highway":"unclassified"},"geometry":{"type":"LineString","coordinates":[[12.657129,46.158638],[12.657225,46.158576],[12.657447,46.158382],[12.657611,46.158239]]}},{"type":"Feature","properties":{"u":912293149,"v":912308569,"length":11.721,"highway":"residential"},"geometry":{"type":"LineString","coordinates":[[12.697609,46.094398],[12.697457,46.094398]]}},{"type":"Feature","properties":{"u":8255978464,"v":11432293371,"length":53.594,"highway":"unclassified"},"geometry":{"type":"LineString","coordinates":[[12.711241,46.1953],[12.711095,46.19519],[12.711261,46.194984],[12.711319,46.194896]]}},{"type":"Feature","properties":{"u":2269228845,"v":2028278826,"length":188.556,"highway":"unclassified"},"geometry":{"type":"LineString","coordinates":[[12.715429,46.198427],[12.715453,46.198394],[12.71547,46.198355],[12.715466,46.19826],[12.715451,46.198184],[12.715455,46.198137],[12.715468,46.198103],[12.715502,46.19805],[12.715543,46.198],[12.71558,46.197969],[12.715621,46.197928],[12.715698,46.197865],[12.715763,46.197814],[12.71586,46.197761],[12.715969,46.197704],[12.71604,46.197671],[12.716116,46.197642],[12.716206,46.19762],[12.716308,46.197605],[12.716418,46.197588],[12.716504,46.197573],[12.716602,46.19755],[12.716705,46.197511],[12.716794,46.197469],[12.716898,46.197414],[12.717026,46.197344]]}},{"type":"Feature","properties":{"u":2037920341,"v":1421830306,"length":2413.257,"highway":"unclassified"},"geometry":{"type":"LineString","coordinates":[[12.751836,46.151727],[12.752337,46.152851],[12.75267,46.153951],[12.752606,46.154092],[12.752305,46.154345],[12.751577,46.155007],[12.751468,46.155117],[12.751481,46.155282],[12.751597,46.155407],[12.751855,46.155704],[12.752091,46.15595],[12.752273,46.156463],[12.752337,46.156819],[12.75233,46.157018],[12.752307,46.157586],[12.752294,46.157652],[12.752219,46.157711],[12.752071,46.157817],[12.751835,46.157958],[12.751481,46.15824],[12.751384,46.158374],[12.751222,46.158491],[12.751073,46.158523],[12.750846,46.158566],[12.750417,46.158588],[12.750224,46.158595],[12.750127,46.158648],[12.749979,46.158783],[12.749828,46.159043],[12.74972,46.159116],[12.749615,46.15916],[12.749539,46.159191],[12.74882,46.159422],[12.748046,46.159695],[12.747713,46.159918],[12.747597,46.160001],[12.747479,46.160091],[12.747327,46.160156],[12.747113,46.160178],[12.746771,46.160247],[12.746544,46.160357],[12.746384,46.160492],[12.746288,46.160611],[12.746245,46.160767],[12.746244,46.160981],[12.746222,46.161174],[12.746052,46.161406],[12.745816,46.16151],[12.745727,46.161548],[12.74561,46.161598],[12.745256,46.161687],[12.74487,46.161709],[12.744655,46.161731],[12.744204,46.161702],[12.743475,46.161761],[12.743217,46.161806],[12.743175,46.161954],[12.743067,46.162133],[12.742917,46.162341],[12.742702,46.162445],[12.742249,46.162535],[12.741694,46.162593],[12.740621,46.162638],[12.739741,46.162698],[12.739162,46.162757],[12.738561,46.162861],[12.737746,46.162965],[12.737102,46.162995],[12.73648,46.163039],[12.735986,46.163203],[12.735493,46.163396],[12.735173,46.163539],[12.734806,46.163827],[12.734549,46.16402],[12.734288,46.164208]]}},{"type":"Feature","properties":{"u":2042128172,"v":552235436,"length":258.266,"highway":"residential"},"geometry":{"type":"LineString","coordinates":[[12.686462,46.159101],[12.686224,46.159156],[12.685655,46.159298],[12.684754,46.159513],[12.684609,46.159608],[12.684531,46.1597],[12.684424,46.159918],[12.684316,46.16029],[12.684248,46.1605]]}},{"type":"Feature","properties":{"u":2042128118,"v":2042128179,"length":178.546,"highway":"residential"},"geometry":{"type":"LineString","coordinates":[[12.689638,46.159636],[12.68938,46.159681],[12.688625,46.159714],[12.688277,46.159765],[12.688025,46.159774],[12.687338,46.159754]]}},{"type":"Feature","properties":{"u":2584159035,"v":2042128143,"length":146.325,"highway":"residential"},"geometry":{"type":"LineString","coordinates":[[12.714049,46.158385],[12.714035,46.158445],[12.714178,46.158602],[12.714325,46.158923],[12.714336,46.159301],[12.714172,46.159637]]}},{"type":"Feature","properties":{"u":1902485010,"v":2627363188,"length":233.446,"highway":"unclassified"},"geometry":{"type":"LineString","coordinates":[[12.720308,46.193074],[12.720296,46.193177],[12.720296,46.193235],[12.720308,46.193296],[12.720333,46.193362],[12.720355,46.193405],[12.720386,46.19345],[12.720424,46.19349],[12.720474,46.193528],[12.720532,46.193573],[12.720608,46.193616],[12.720659,46.19365],[12.720692,46.193681],[12.720724,46.193714],[12.720749,46.19375],[12.720766,46.193784],[12.720783,46.193832],[12.720823,46.193965],[12.720897,46.194204],[12.720911,46.194247],[12.720928,46.194274],[12.720955,46.194313],[12.72098,46.194341],[12.721023,46.19438],[12.721092,46.194437],[12.721141,46.194474],[12.721191,46.194508],[12.721257,46.194561],[12.721296,46.194596],[12.721328,46.194631],[12.721356,46.194672],[12.721388,46.194719],[12.721432,46.194794],[12.721455,46.194848],[12.721468,46.19489],[12.721485,46.194936]]}},{"type":"Feature","properties":{"u":2042138009,"v":1902485044,"length":710.984,"highway":"unclassified"},"geometry":{"type":"LineString","coordinates":[[12.717833,46.196725],[12.717895,46.196661],[12.717952,46.196597],[12.717991,46.196546],[12.718016,46.196503],[12.718017,46.196464],[12.717996,46.196439],[12.717941,46.196421],[12.717888,46.196432],[12.717826,46.196466],[12.71778,46.196501],[12.717736,46.196547],[12.717669,46.196587],[12.717591,46.196617],[12.717494,46.196657],[12.717398,46.196693],[12.717334,46.196711],[12.717274,46.196712],[12.717192,46.196708],[12.7171,46.196696],[12.717001,46.196679],[12.716869,46.196638],[12.716798,46.196607],[12.716643,46.196518],[12.716585,46.196468],[12.716539,46.19642],[12.716524,46.196385],[12.716548,46.196368],[12.716603,46.196364],[12.716687,46.196362],[12.716782,46.196363],[12.716845,46.196363],[12.716894,46.196355],[12.71693,46.196337],[12.716966,46.196314],[12.717012,46.196276],[12.717159,46.196142],[12.717214,46.196091],[12.717248,46.196059],[12.71727,46.196026],[12.717285,46.195994],[12.717299,46.195961],[12.717299,46.195915],[12.717293,46.195835],[12.7173,46.195771],[12.71732,46.195716],[12.717347,46.195664],[12.717389,46.195613],[12.717441,46.195554],[12.717479,46.195505],[12.717527,46.195454],[12.717578,46.195396],[12.717685,46.195276],[12.717761,46.195203],[12.717834,46.195142],[12.717876,46.195114],[12.717937,46.19509],[12.718075,46.195039],[12.718113,46.195022],[12.71817,46.194987],[12.718212,46.194952],[12.718279,46.194892],[12.71859,46.19465],[12.718721,46.194546],[12.718794,46.194476],[12.718893,46.194383],[12.718934,46.194345],[12.719071,46.19419],[12.719185,46.194054],[12.71925,46.193972],[12.719298,46.193901],[12.719333,46.193845],[12.719371,46.193778],[12.719405,46.193722],[12.71945,46.19366],[12.719505,46.193598],[12.71956,46.193543],[12.719629,46.193477],[12.719697,46.193416],[12.719867,46.193264],[12.719914,46.193222],[12.719957,46.193169],[12.720074,46.192998],[12.72018,46.192837],[12.720285,46.192665],[12.720331,46.192577]]}},{"type":"Feature","properties":{"u":2272471007,"v":295349389,"length":51.511,"highway":"tertiary","maxspeed":50},"geometry":{"type":"LineString","coordinates":[[12.710748,46.192664],[12.710448,46.192526],[12.710162,46.192445]]}},{"type":"Feature","properties":{"u":2074542577,"v":2074542580,"length":281.738,"highway":"unclassified","maxspeed":50},"geometry":{"type":"LineString","coordinates":[[12.59018,46.09921],[12.590101,46.099116],[12.589976,46.099004],[12.5898,46.098884],[12.589708,46.098831],[12.589637,46.098818],[12.58955,46.098815],[12.589478,46.098833],[12.588856,46.09905],[12.587794,46.099427],[12.587092,46.099693]]}},{"type":"Feature","properties":{"u":2074542581,"v":2074542582,"length":51.307,"highway":"unclassified"},"geometry":{"type":"LineString","coordinates":[[12.58833,46.099887],[12.588575,46.100316]]}},{"type":"Feature","properties":{"u":2074543651,"v":2074543657,"length":183.683,"highway":"unclassified"},"geometry":{"type":"LineString","coordinates":[[12.58635,46.100603],[12.585766,46.100639],[12.5849,46.100682],[12.584094,46.100729],[12.583977,46.100744]]}},{"type":"Feature","properties":{"u":2074545846,"v":2074545860,"length":247.377,"highway":"unclassified","maxspeed":50},"geometry":{"type":"LineString","coordinates":[[12.591604,46.101219],[12.591502,46.101198],[12.591383,46.101151],[12.591225,46.101076],[12.591087,46.10102],[12.590968,46.100991],[12.590909,46.100983],[12.590845,46.100994],[12.590672,46.101062],[12.590185,46.101291],[12.589619,46.101542],[12.589587,46.101572],[12.589581,46.101605],[12.589605,46.101657],[12.589909,46.102111]]}},{"type":"Feature","properties":{"u":2074545848,"v":2074545846,"length":7.112,"highway":"unclassified","maxspeed":50},"geometry":{"type":"LineString","coordinates":[[12.591694,46.101205],[12.591604,46.101219]]}},{"type":"Feature","properties":{"u":2074545830,"v":2074545838,"length":43.321,"highway":"unclassified","maxspeed":50},"geometry":{"type":"LineString","coordinates":[[12.592703,46.101047],[12.592469,46.101085],[12.592155,46.101133]]}},{"type":"Feature","properties":{"u":2074545838,"v":2074545848,"length":36.434,"highway":"unclassified","maxspeed":50},"geometry":{"type":"LineString","coordinates":[[12.592155,46.101133],[12.591694,46.101205]]}},{"type":"Feature","properties":{"u":2074555186,"v":2074555352,"length":71.113,"highway":"unclassified","maxspeed":50},"geometry":{"type":"LineString","coordinates":[[12.592098,46.102113],[12.592307,46.102048],[12.592592,46.10193],[12.592865,46.101813],[12.5929,46.101799]]}},{"type":"Feature","properties":{"u":2074555352,"v":2074555165,"length":223.916,"highway":"unclassified","maxspeed":50},"geometry":{"type":"LineString","coordinates":[[12.5929,46.101799],[12.59318,46.101688],[12.593329,46.10161],[12.593417,46.101579],[12.593489,46.10156],[12.593563,46.10156],[12.593656,46.101574],[12.593771,46.101601],[12.593861,46.101615],[12.593977,46.101613],[12.59411,46.101587],[12.594313,46.101521],[12.594516,46.101448],[12.59467,46.101378],[12.59477,46.101316],[12.594901,46.101216],[12.595032,46.101131],[12.595145,46.101061],[12.595399,46.100971]]}},{"type":"Feature","properties":{"u":2074555353,"v":2074555352,"length":113.855,"highway":"unclassified","maxspeed":50},"geometry":{"type":"LineString","coordinates":[[12.593681,46.102668],[12.5929,46.101799]]}},{"type":"Feature","properties":{"u":2074560929,"v":1684655467,"length":157.123,"highway":"unclassified","maxspeed":50},"geometry":{"type":"LineString","coordinates":[[12.593055,46.100304],[12.593222,46.099826],[12.593358,46.099498],[12.593511,46.099268],[12.593586,46.099182],[12.593815,46.099021]]}},{"type":"Feature","properties":{"u":2074560938,"v":2074560925,"length":111.111,"highway":"unclassified","maxspeed":50},"geometry":{"type":"LineString","coordinates":[[12.59534,46.100908],[12.595501,46.100735],[12.595661,46.100566],[12.595799,46.100434],[12.595869,46.100382],[12.595987,46.10032],[12.596095,46.100249],[12.596249,46.100142]]}},{"type":"Feature","properties":{"u":2074573390,"v":481334497,"length":188.115,"highway":"unclassified","maxspeed":50},"geometry":{"type":"LineString","coordinates":[[12.596784,46.093445],[12.597113,46.093175],[12.598444,46.092206]]}},{"type":"Feature","properties":{"u":3868226364,"v":2078574772,"length":320.013,"highway":"unclassified","maxspeed":50},"geometry":{"type":"LineString","coordinates":[[12.661333,46.137458],[12.657749,46.138653],[12.657573,46.138653]]}},{"type":"Feature","properties":{"u":2100239257,"v":1263785154,"length":3871.734,"highway":"unclassified"},"geometry":{"type":"LineString","coordinates":[[12.656264,46.160701],[12.656139,46.160886],[12.656069,46.160975],[12.655948,46.16104],[12.655725,46.161101],[12.655424,46.1611],[12.655154,46.16126],[12.654788,46.161611],[12.654715,46.161782],[12.654709,46.162014],[12.654788,46.16249],[12.65476,46.162556],[12.654662,46.162788],[12.654279,46.16323],[12.653972,46.163388],[12.653502,46.163528],[12.653044,46.163583],[12.652717,46.163539],[12.652459,46.163478],[12.65214,46.16338],[12.651765,46.163243],[12.650993,46.162996],[12.650473,46.162795],[12.649023,46.162183],[12.648603,46.162005],[12.648363,46.161937],[12.648227,46.161909],[12.647732,46.161927],[12.647488,46.161895],[12.646503,46.161708],[12.646197,46.161565],[12.645608,46.161289],[12.64491,46.161131],[12.644179,46.161122],[12.643351,46.16104],[12.642817,46.160891],[12.64253,46.160765],[12.642299,46.160739],[12.642217,46.160775],[12.642161,46.160821],[12.642105,46.16089],[12.64209,46.16097],[12.642109,46.161048],[12.6421,46.161137],[12.642027,46.161182],[12.641927,46.161188],[12.641709,46.161162],[12.641323,46.161087],[12.641106,46.161007],[12.640888,46.160891],[12.640725,46.1608],[12.640529,46.160744],[12.640322,46.160687],[12.640165,46.160601],[12.639974,46.160476],[12.639485,46.160175],[12.638963,46.159881],[12.638576,46.159663],[12.638418,46.159561],[12.63807,46.159351],[12.63783,46.159222],[12.637464,46.159058],[12.637274,46.158984],[12.637178,46.158949],[12.636852,46.15886],[12.636692,46.158863],[12.636553,46.158877],[12.636499,46.15895],[12.636484,46.159038],[12.636514,46.159192],[12.636555,46.159265],[12.63664,46.15934],[12.636725,46.159417],[12.636772,46.159475],[12.63676,46.159566],[12.636681,46.159644],[12.636587,46.159689],[12.636435,46.159727],[12.63614,46.159736],[12.635946,46.159725],[12.635665,46.159707],[12.635287,46.159653],[12.635099,46.159634],[12.634957,46.159638],[12.634791,46.159641],[12.63449,46.159609],[12.634313,46.159568],[12.633955,46.159472],[12.633735,46.159399],[12.63352,46.159298],[12.6334,46.159212],[12.6333,46.15914],[12.633201,46.159058],[12.633041,46.158926],[12.632886,46.158788],[12.632674,46.158594],[12.632649,46.158571],[12.632498,46.158431],[12.632348,46.158301],[12.632257,46.15823],[12.632025,46.158126],[12.631794,46.158046],[12.631572,46.157974],[12.631272,46.157859],[12.631072,46.15779],[12.630907,46.157742],[12.630548,46.15769],[12.630266,46.157654],[12.629983,46.157642],[12.629892,46.157663],[12.629847,46.157676],[12.629821,46.157702],[12.629815,46.157756],[12.629827,46.157814],[12.629856,46.157862],[12.629969,46.157979],[12.630151,46.15817],[12.63021,46.158316],[12.630243,46.158433],[12.630241,46.158493],[12.630169,46.15876],[12.630069,46.15895],[12.629939,46.159096],[12.62975,46.159328],[12.629663,46.159431],[12.629457,46.159623],[12.629355,46.159731],[12.629235,46.159847],[12.629193,46.159849],[12.629137,46.159822],[12.629136,46.159785],[12.629252,46.159661],[12.62935,46.159518],[12.629418,46.159408],[12.629486,46.159257],[12.629502,46.15911],[12.629509,46.158907],[12.629526,46.158801],[12.629536,46.158676],[12.629506,46.158577],[12.629483,46.158537],[12.629233,46.158354],[12.629002,46.158246],[12.628902,46.1582],[12.628663,46.158096],[12.628412,46.158046],[12.628258,46.157998],[12.628107,46.157933],[12.628009,46.157844],[12.627915,46.157759],[12.627843,46.157682],[12.627617,46.157479],[12.627468,46.157384],[12.62739,46.157352],[12.627311,46.157335],[12.627217,46.157315],[12.626705,46.157213],[12.626455,46.15715],[12.625955,46.157033],[12.62577,46.15701],[12.625493,46.157027],[12.625371,46.156991],[12.625309,46.156951],[12.625287,46.156865],[12.625248,46.15681],[12.625195,46.156736],[12.625149,46.15666],[12.625114,46.156604],[12.624912,46.156265],[12.624822,46.156133],[12.62462,46.155897],[12.624465,46.155738],[12.624362,46.155603],[12.624356,46.155575],[12.624377,46.155535],[12.624419,46.1555],[12.624636,46.155414],[12.62481,46.155291],[12.625138,46.154954],[12.625139,46.154908],[12.62509,46.154895],[12.625019,46.154901],[12.624773,46.154955],[12.62447,46.154959],[12.624251,46.154922],[12.624123,46.15483],[12.623971,46.154639],[12.623842,46.15447],[12.62363,46.154213]]}},{"type":"Feature","properties":{"u":2100239235,"v":2100239257,"length":28.346,"highway":"unclassified"},"geometry":{"type":"LineString","coordinates":[[12.656437,46.160476],[12.656264,46.160701]]}},{"type":"Feature","properties":{"u":2100262633,"v":912307519,"length":57.706,"highway":"residential"},"geometry":{"type":"LineString","coordinates":[[12.659049,46.158712],[12.659004,46.158689],[12.658855,46.15822]]}},{"type":"Feature","properties":{"u":912307025,"v":912305987,"length":104.858,"highway":"residential"},"geometry":{"type":"LineString","coordinates":[[12.658148,46.162753],[12.658193,46.162738],[12.658258,46.162733],[12.658324,46.162741],[12.658383,46.162758],[12.658437,46.16279],[12.658469,46.162822],[12.658508,46.16287],[12.658613,46.163008],[12.658758,46.1632],[12.658936,46.163425]]}},{"type":"Feature","properties":{"u":1453428138,"v":318680014,"length":80.887,"highway":"unclassified"},"geometry":{"type":"LineString","coordinates":[[12.697998,46.166476],[12.697579,46.166498],[12.696959,46.166576]]}},{"type":"Feature","properties":{"u":318680014,"v":1423281689,"length":182.28,"highway":"unclassified"},"geometry":{"type":"LineString","coordinates":[[12.696959,46.166576],[12.696692,46.166531],[12.695773,46.166211],[12.695208,46.165984],[12.694836,46.165864]]}},{"type":"Feature","properties":{"u":2125321009,"v":2125321024,"length":15.267,"highway":"unclassified"},"geometry":{"type":"LineString","coordinates":[[12.698188,46.166467],[12.698188,46.166433],[12.698211,46.166402],[12.698251,46.166383],[12.698301,46.166379]]}},{"type":"Feature","properties":{"u":2125321024,"v":2125321016,"length":15.922,"highway":"unclassified"},"geometry":{"type":"LineString","coordinates":[[12.698301,46.166379],[12.698329,46.166384],[12.698354,46.166395],[12.698374,46.16641],[12.698386,46.166429],[12.69839,46.16645],[12.698386,46.16647],[12.698373,46.166488]]}},{"type":"Feature","properties":{"u":2627363188,"v":2627432256,"length":1966.815,"highway":"unclassified"},"geometry":{"type":"LineString","coordinates":[[12.721485,46.194936],[12.721531,46.194991],[12.721666,46.195131],[12.7217,46.195162],[12.721744,46.195193],[12.72178,46.195218],[12.721821,46.195241],[12.721868,46.195263],[12.721907,46.195277],[12.721972,46.195296],[12.722057,46.195315],[12.722185,46.195336],[12.722343,46.195374],[12.722441,46.195403],[12.722527,46.195437],[12.722727,46.195511],[12.722828,46.195544],[12.722891,46.195557],[12.72298,46.195575],[12.723058,46.195584],[12.72316,46.195592],[12.723301,46.195597],[12.723366,46.195605],[12.723417,46.19561],[12.723489,46.195621],[12.723543,46.195643],[12.723584,46.195666],[12.723625,46.195697],[12.723651,46.195739],[12.723681,46.195777],[12.723698,46.195825],[12.723712,46.195877],[12.723734,46.195999],[12.723744,46.196062],[12.723756,46.196092],[12.723783,46.196113],[12.723833,46.196135],[12.7239,46.196152],[12.723994,46.196168],[12.72407,46.196185],[12.724128,46.196201],[12.724271,46.196253],[12.724355,46.19628],[12.724444,46.196309],[12.724544,46.196336],[12.724634,46.196366],[12.724682,46.196388],[12.724723,46.196415],[12.724778,46.196468],[12.724837,46.196518],[12.724882,46.196547],[12.724924,46.196564],[12.724976,46.19658],[12.725147,46.196604],[12.725324,46.196627],[12.725417,46.196648],[12.725497,46.196675],[12.725579,46.196717],[12.725816,46.196835],[12.725903,46.196883],[12.725957,46.196912],[12.726011,46.19693],[12.726079,46.196931],[12.726171,46.196919],[12.726242,46.196902],[12.726318,46.196873],[12.726384,46.196847],[12.726487,46.196784],[12.726552,46.196755],[12.726636,46.196718],[12.726728,46.196678],[12.726792,46.196649],[12.726849,46.196628],[12.726949,46.196603],[12.727028,46.196584],[12.727102,46.196567],[12.727181,46.196562],[12.727241,46.196557],[12.727343,46.196557],[12.727514,46.196565],[12.72778,46.196581],[12.727873,46.196581],[12.727941,46.196579],[12.727996,46.196566],[12.728043,46.196552],[12.728083,46.19653],[12.728125,46.196512],[12.728169,46.196493],[12.728232,46.19647],[12.728279,46.19646],[12.72833,46.19646],[12.728511,46.196469],[12.728564,46.196468],[12.728598,46.19646],[12.728637,46.196441],[12.728666,46.196416],[12.728703,46.196385],[12.72875,46.196345],[12.728795,46.196314],[12.728832,46.196297],[12.728895,46.196272],[12.728945,46.196257],[12.729003,46.196237],[12.729087,46.196223],[12.729187,46.196207],[12.729324,46.196194],[12.729389,46.196185],[12.729468,46.196171],[12.729624,46.196132],[12.729849,46.196075],[12.73001,46.196019],[12.730079,46.19599],[12.73012,46.195963],[12.730167,46.195925],[12.730201,46.195894],[12.730231,46.195858],[12.730248,46.195825],[12.730254,46.1958],[12.730257,46.195755],[12.730246,46.195723],[12.730222,46.195689],[12.730189,46.195645],[12.730161,46.195593],[12.73017,46.195561],[12.730206,46.195531],[12.73026,46.19547],[12.730315,46.195412],[12.730336,46.195386],[12.730348,46.195357],[12.730344,46.195322],[12.730338,46.195267],[12.730335,46.195233],[12.730343,46.195197],[12.730364,46.195158],[12.730428,46.195127],[12.730535,46.195089],[12.730601,46.195059],[12.730654,46.195021],[12.73074,46.194973],[12.730804,46.194951],[12.730892,46.194926],[12.730992,46.194903],[12.731096,46.194859],[12.731274,46.194782],[12.731337,46.194756],[12.731393,46.194739],[12.731533,46.194701],[12.731627,46.194671],[12.731684,46.194648],[12.731731,46.194622],[12.731776,46.194589],[12.731816,46.19455],[12.731837,46.194522],[12.731908,46.194412],[12.731987,46.194315],[12.732065,46.194247],[12.732124,46.194201],[12.732176,46.194174],[12.732263,46.194141],[12.732362,46.194102],[12.732649,46.194016],[12.732746,46.193983],[12.732812,46.19396],[12.732862,46.193936],[12.732917,46.193899],[12.732964,46.193847],[12.73303,46.193743],[12.733064,46.193694],[12.733091,46.193664],[12.733136,46.193632],[12.733175,46.193597],[12.733257,46.19354],[12.733351,46.19349],[12.733394,46.193472],[12.733465,46.193456],[12.733711,46.193402],[12.733964,46.193343],[12.734009,46.193321],[12.734022,46.193287],[12.734003,46.19325],[12.733938,46.193139],[12.733879,46.193042],[12.73385,46.192966],[12.733827,46.192903],[12.733813,46.192857],[12.733801,46.192798],[12.733803,46.192742],[12.733823,46.192672],[12.733872,46.192606],[12.734049,46.192392],[12.734106,46.19234],[12.734155,46.19228],[12.734192,46.192232],[12.73421,46.19218],[12.734223,46.192128],[12.734235,46.192069],[12.73423,46.191998],[12.734222,46.191932],[12.734227,46.191856],[12.734252,46.191814],[12.734288,46.191776],[12.734343,46.191728],[12.734442,46.19165],[12.734485,46.191634],[12.734543,46.191625],[12.73459,46.191622],[12.734646,46.191622],[12.734714,46.191627],[12.734774,46.191641],[12.734817,46.191669],[12.73486,46.191713],[12.734898,46.191758],[12.734915,46.191797],[12.734922,46.191833],[12.734937,46.191986],[12.734958,46.192015],[12.73499,46.192029],[12.735024,46.192028],[12.735067,46.192015],[12.735105,46.191982],[12.735131,46.191941],[12.735157,46.191883],[12.735167,46.191818],[12.73517,46.19171],[12.735185,46.191648],[12.73521,46.191601],[12.73524,46.19156],[12.735253,46.191524],[12.735273,46.191464],[12.735288,46.19141],[12.735295,46.191356],[12.735293,46.191314],[12.735286,46.191269],[12.735266,46.19123],[12.735223,46.191202],[12.735165,46.191177],[12.735117,46.191164],[12.735041,46.191153],[12.734985,46.191146],[12.734869,46.191145],[12.734584,46.191151],[12.7345,46.191155],[12.734434,46.191146],[12.734393,46.191129],[12.734378,46.191105],[12.734388,46.191077],[12.734421,46.191058],[12.734508,46.191035],[12.734625,46.191005],[12.734731,46.190974],[12.73498,46.190898],[12.735119,46.190855],[12.735402,46.190751],[12.73552,46.190713],[12.735623,46.190685],[12.735788,46.19063],[12.735928,46.190574],[12.736174,46.190457],[12.736237,46.190429],[12.73629,46.190417],[12.736369,46.190401],[12.736451,46.190382],[12.736494,46.190374],[12.736568,46.190355],[12.736633,46.190353],[12.736728,46.190356],[12.736832,46.190368],[12.736951,46.190394],[12.737061,46.190416],[12.73715,46.190437],[12.737187,46.190467],[12.737194,46.190508],[12.737185,46.190547],[12.737141,46.190592],[12.737009,46.190695],[12.736975,46.19072]]}},{"type":"Feature","properties":{"u":1429391768,"v":2179576586,"length":270.288,"highway":"residential"},"geometry":{"type":"LineString","coordinates":[[12.679287,46.158303],[12.67932,46.15834],[12.679334,46.158425],[12.679332,46.158642],[12.679368,46.158831],[12.679417,46.159014],[12.67945,46.159178],[12.679455,46.15932],[12.679434,46.159419],[12.67942,46.159524],[12.679429,46.159672],[12.679409,46.159767],[12.679359,46.15991],[12.679275,46.160159],[12.679191,46.160345],[12.679161,46.160482],[12.679245,46.160602],[12.679322,46.160663]]}},{"type":"Feature","properties":{"u":2139009150,"v":2241425075,"length":321.144,"highway":"residential"},"geometry":{"type":"LineString","coordinates":[[12.560961,46.07223],[12.560189,46.072197],[12.559671,46.072158],[12.559254,46.07211],[12.558369,46.072104],[12.558108,46.072047],[12.557907,46.071973],[12.557917,46.071912],[12.558082,46.071819],[12.558296,46.071705],[12.558463,46.071616],[12.558553,46.071526],[12.558638,46.071467]]}},{"type":"Feature","properties":{"u":2241425075,"v":1341626836,"length":31.003,"highway":"residential"},"geometry":{"type":"LineString","coordinates":[[12.558638,46.071467],[12.558866,46.071453],[12.559039,46.071454]]}},{"type":"Feature","properties":{"u":912308569,"v":912302996,"length":999.452,"highway":"residential"},"geometry":{"type":"LineString","coordinates":[[12.697457,46.094398],[12.69713,46.094382],[12.695796,46.094315],[12.693181,46.094177],[12.691471,46.094087],[12.691381,46.094149],[12.691187,46.095284],[12.69089,46.095332],[12.690336,46.095395],[12.686078,46.094901]]}},{"type":"Feature","properties":{"u":2142834378,"v":2142834385,"length":105.483,"highway":"unclassified"},"geometry":{"type":"LineString","coordinates":[[12.657355,46.078231],[12.657303,46.078161],[12.657231,46.078028],[12.656961,46.077548],[12.656839,46.077353]]}},{"type":"Feature","properties":{"u":2142834378,"v":735499567,"length":83.711,"highway":"unclassified"},"geometry":{"type":"LineString","coordinates":[[12.657355,46.078231],[12.658433,46.078144]]}},{"type":"Feature","properties":{"u":1812813534,"v":735499567,"length":209.974,"highway":"unclassified"},"geometry":{"type":"LineString","coordinates":[[12.661087,46.077898],[12.660659,46.077864],[12.66019,46.077858],[12.659948,46.077857],[12.659685,46.07788],[12.659495,46.077908],[12.65924,46.077959],[12.658926,46.078044],[12.658753,46.078099],[12.658666,46.078122],[12.658433,46.078144]]}},{"type":"Feature","properties":{"u":2142838634,"v":735499842,"length":12.459,"highway":"residential"},"geometry":{"type":"LineString","coordinates":[[12.654362,46.07835],[12.65434,46.078239]]}},{"type":"Feature","properties":{"u":912291491,"v":912296263,"length":33.339,"highway":"unclassified"},"geometry":{"type":"LineString","coordinates":[[12.664579,46.149711],[12.664464,46.149576],[12.664361,46.149452]]}},{"type":"Feature","properties":{"u":2142857627,"v":2142857636,"length":184.914,"highway":"residential"},"geometry":{"type":"LineString","coordinates":[[12.683331,46.115322],[12.682932,46.115422],[12.680993,46.115163]]}},{"type":"Feature","properties":{"u":912298271,"v":2143808184,"length":334.46,"highway":"unclassified"},"geometry":{"type":"LineString","coordinates":[[12.660506,46.143229],[12.66055,46.143435],[12.660829,46.144008],[12.661226,46.144699],[12.661655,46.145294],[12.662234,46.14597]]}},{"type":"Feature","properties":{"u":2143808184,"v":912296263,"length":426.397,"highway":"unclassified"},"geometry":{"type":"LineString","coordinates":[[12.662234,46.14597],[12.663063,46.14689],[12.663899,46.148057],[12.664069,46.14846],[12.664146,46.148733],[12.664232,46.149172],[12.664232,46.149313],[12.664361,46.149452]]}},{"type":"Feature","properties":{"u":912306922,"v":2143808184,"length":422.956,"highway":"unclassified"},"geometry":{"type":"LineString","coordinates":[[12.657812,46.147503],[12.658782,46.147811],[12.65893,46.147813],[12.659305,46.147695],[12.660305,46.147217],[12.661861,46.146295],[12.662119,46.146094],[12.662234,46.14597]]}},{"type":"Feature","properties":{"u":2143808184,"v":2143813894,"length":381.56,"highway":"unclassified"},"geometry":{"type":"LineString","coordinates":[[12.662234,46.14597],[12.665701,46.145053],[12.666861,46.144746]]}},{"type":"Feature","properties":{"u":2143843984,"v":2143843981,"length":88.912,"highway":"residential"},"geometry":{"type":"LineString","coordinates":[[12.657662,46.14386],[12.656718,46.144181],[12.656621,46.144158]]}},{"type":"Feature","properties":{"u":13309530350,"v":13309530335,"length":60.136,"highway":"unclassified"},"geometry":{"type":"LineString","coordinates":[[12.678125,46.099379],[12.678141,46.099344],[12.678172,46.099315],[12.678216,46.099294],[12.678267,46.099285],[12.67832,46.099288],[12.678368,46.099302],[12.678406,46.099326],[12.678431,46.099358],[12.67844,46.099393],[12.678432,46.099428],[12.678409,46.09946],[12.678372,46.099485],[12.678326,46.0995],[12.678275,46.099504],[12.678224,46.099497]]}},{"type":"Feature","properties":{"u":665371608,"v":2143873504,"length":212.156,"highway":"unclassified"},"geometry":{"type":"LineString","coordinates":[[12.678675,46.101148],[12.677676,46.100858],[12.67755,46.100768],[12.677443,46.100308],[12.678225,46.100147]]}},{"type":"Feature","properties":{"u":2143873504,"v":665371605,"length":88.963,"highway":"unclassified"},"geometry":{"type":"LineString","coordinates":[[12.678225,46.100147],[12.679085,46.099973],[12.67934,46.099946]]}},{"type":"Feature","properties":{"u":2868971431,"v":8262356593,"length":256.111,"highway":"unclassified"},"geometry":{"type":"LineString","coordinates":[[12.574329,46.060999],[12.574291,46.060968],[12.574276,46.060934],[12.574284,46.060896],[12.574324,46.060859],[12.574377,46.060828],[12.574473,46.060768],[12.57455,46.060714],[12.574653,46.060639],[12.574701,46.060595],[12.574737,46.060551],[12.574749,46.060508],[12.574753,46.060464],[12.574755,46.060406],[12.574779,46.060362],[12.57483,46.060329],[12.574877,46.06031],[12.574943,46.060308],[12.575085,46.060344],[12.575215,46.060384],[12.575339,46.060426],[12.575472,46.060481],[12.576005,46.060693],[12.576495,46.060893],[12.576595,46.060909],[12.576732,46.060919]]}},{"type":"Feature","properties":{"u":2155862659,"v":2155862661,"length":178.764,"highway":"residential"},"geometry":{"type":"LineString","coordinates":[[12.584066,46.078728],[12.582808,46.079283],[12.582746,46.079341],[12.583232,46.079712]]}},{"type":"Feature","properties":{"u":2155862665,"v":2155862663,"length":65.672,"highway":"residential"},"geometry":{"type":"LineString","coordinates":[[12.584238,46.077889],[12.584947,46.078216]]}},{"type":"Feature","properties":{"u":2155862664,"v":2155862657,"length":54.566,"highway":"residential"},"geometry":{"type":"LineString","coordinates":[[12.580944,46.080308],[12.581379,46.080695]]}},{"type":"Feature","properties":{"u":2155868932,"v":2155868931,"length":40.048,"highway":"residential"},"geometry":{"type":"LineString","coordinates":[[12.612717,46.120467],[12.612362,46.120204]]}},{"type":"Feature","properties":{"u":2155868933,"v":2155868931,"length":57.666,"highway":"residential"},"geometry":{"type":"LineString","coordinates":[[12.611973,46.120647],[12.612362,46.120204]]}},{"type":"Feature","properties":{"u":2155868931,"v":2847402173,"length":33.183,"highway":"residential"},"geometry":{"type":"LineString","coordinates":[[12.612362,46.120204],[12.612588,46.11995]]}},{"type":"Feature","properties":{"u":2847402173,"v":498846119,"length":32.014,"highway":"residential"},"geometry":{"type":"LineString","coordinates":[[12.612588,46.11995],[12.612832,46.119717]]}},{"type":"Feature","properties":{"u":2155872411,"v":2155872409,"length":93.198,"highway":"unclassified"},"geometry":{"type":"LineString","coordinates":[[12.615282,46.12299],[12.614776,46.122584],[12.614637,46.122433],[12.614576,46.122318]]}},{"type":"Feature","properties":{"u":2179571371,"v":2251276076,"length":192.712,"highway":"residential"},"geometry":{"type":"LineString","coordinates":[[12.692275,46.14824],[12.691894,46.148038],[12.691304,46.147726],[12.690902,46.147514],[12.690287,46.147188]]}},{"type":"Feature","properties":{"u":3299183319,"v":1425732726,"length":29.997,"highway":"unclassified"},"geometry":{"type":"LineString","coordinates":[[12.712933,46.170272],[12.712881,46.17045],[12.712893,46.170481],[12.712897,46.170537]]}},{"type":"Feature","properties":{"u":2179620170,"v":2179620185,"length":41.854,"highway":"unclassified"},"geometry":{"type":"LineString","coordinates":[[12.71082,46.170122],[12.711289,46.170216],[12.711341,46.170203]]}},{"type":"Feature","properties":{"u":2179620185,"v":1425732715,"length":154.677,"highway":"unclassified"},"geometry":{"type":"LineString","coordinates":[[12.711341,46.170203],[12.711367,46.170167],[12.711874,46.168976],[12.711926,46.168873]]}},{"type":"Feature","properties":{"u":2155862656,"v":2183152582,"length":86.91,"highway":"residential"},"geometry":{"type":"LineString","coordinates":[[12.579953,46.069957],[12.579997,46.069176]]}},{"type":"Feature","properties":{"u":2211243544,"v":2211243565,"length":283.873,"highway":"residential"},"geometry":{"type":"LineString","coordinates":[[12.572409,46.065905],[12.572224,46.065981],[12.571954,46.066074],[12.571654,46.066185],[12.571507,46.066286],[12.571429,46.066445],[12.571437,46.066534],[12.571534,46.066899],[12.571601,46.067143],[12.571591,46.06802],[12.57158,46.068081]]}},{"type":"Feature","properties":{"u":2211243533,"v":2211243543,"length":403.626,"highway":"residential"},"geometry":{"type":"LineString","coordinates":[[12.576161,46.06321],[12.575371,46.063513],[12.575129,46.063698],[12.574928,46.06393],[12.574899,46.064007],[12.574731,46.064414],[12.574511,46.064672],[12.574282,46.064841],[12.574021,46.064975],[12.573108,46.065422],[12.572882,46.065536],[12.572683,46.065669],[12.572626,46.065717]]}},{"type":"Feature","properties":{"u":2211243565,"v":2211243566,"length":14.856,"highway":"residential"},"geometry":{"type":"LineString","coordinates":[[12.57158,46.068081],[12.571512,46.068206]]}},{"type":"Feature","properties":{"u":2211243532,"v":2211243533,"length":11.995,"highway":"residential"},"geometry":{"type":"LineString","coordinates":[[12.576298,46.063159],[12.576161,46.06321]]}},{"type":"Feature","properties":{"u":2211243566,"v":471638457,"length":5.453,"highway":"residential"},"geometry":{"type":"LineString","coordinates":[[12.571512,46.068206],[12.571455,46.068235]]}},{"type":"Feature","properties":{"u":2211243543,"v":2211243544,"length":26.782,"highway":"residential"},"geometry":{"type":"LineString","coordinates":[[12.572626,46.065717],[12.572409,46.065905]]}},{"type":"Feature","properties":{"u":483695884,"v":2211243532,"length":183.599,"highway":"residential"},"geometry":{"type":"LineString","coordinates":[[12.578491,46.062556],[12.578084,46.062748],[12.577706,46.062863],[12.577269,46.062943],[12.576865,46.063016],[12.576666,46.063049],[12.576479,46.063105],[12.576298,46.063159]]}},{"type":"Feature","properties":{"u":2251276075,"v":2251276074,"length":181.454,"highway":"residential"},"geometry":{"type":"LineString","coordinates":[[12.695373,46.149857],[12.694726,46.149519],[12.694134,46.149209],[12.693495,46.148872]]}},{"type":"Feature","properties":{"u":2251276074,"v":2179571371,"length":117.352,"highway":"residential"},"geometry":{"type":"LineString","coordinates":[[12.693495,46.148872],[12.692951,46.148593],[12.692275,46.14824]]}},{"type":"Feature","properties":{"u":2252120072,"v":2252120075,"length":247.865,"highway":"residential"},"geometry":{"type":"LineString","coordinates":[[12.689166,46.144065],[12.689296,46.143899],[12.689626,46.143479],[12.690034,46.143619],[12.69055,46.143523],[12.690904,46.143487],[12.691107,46.143478],[12.691294,46.143496],[12.691447,46.143535],[12.691618,46.143589],[12.691759,46.143647]]}},{"type":"Feature","properties":{"u":2252230345,"v":2252230377,"length":24.331,"highway":"residential"},"geometry":{"type":"LineString","coordinates":[[12.692276,46.140752],[12.692461,46.140843],[12.692531,46.140881]]}},{"type":"Feature","properties":{"u":2252230341,"v":2252235184,"length":78.401,"highway":"residential"},"geometry":{"type":"LineString","coordinates":[[12.69411,46.141466],[12.694123,46.141419],[12.694125,46.141374],[12.694112,46.141328],[12.694071,46.141284],[12.693479,46.140976]]}},{"type":"Feature","properties":{"u":2252235184,"v":2254265289,"length":66.947,"highway":"residential"},"geometry":{"type":"LineString","coordinates":[[12.693479,46.140976],[12.69288,46.14066],[12.692845,46.140655],[12.692811,46.140654],[12.692767,46.140664]]}},{"type":"Feature","properties":{"u":2252230402,"v":2252235186,"length":65.983,"highway":"residential"},"geometry":{"type":"LineString","coordinates":[[12.69292,46.140524],[12.692921,46.140545],[12.692929,46.140564],[12.692951,46.14058],[12.693555,46.140906]]}},{"type":"Feature","properties":{"u":2252235186,"v":2252230371,"length":74.314,"highway":"residential"},"geometry":{"type":"LineString","coordinates":[[12.693555,46.140906],[12.694179,46.141242],[12.694221,46.141254],[12.694265,46.141258],[12.694304,46.141256],[12.694347,46.141246]]}},{"type":"Feature","properties":{"u":2252235184,"v":2252235186,"length":9.74,"highway":"residential"},"geometry":{"type":"LineString","coordinates":[[12.693479,46.140976],[12.693555,46.140906]]}},{"type":"Feature","properties":{"u":1112363089,"v":1112363187,"length":147.48,"highway":"residential"},"geometry":{"type":"LineString","coordinates":[[12.71085,46.163786],[12.710851,46.163757],[12.710892,46.16246]]}},{"type":"Feature","properties":{"u":1112363187,"v":1112363040,"length":112.456,"highway":"residential"},"geometry":{"type":"LineString","coordinates":[[12.710892,46.16246],[12.710892,46.162001],[12.710864,46.161449]]}},{"type":"Feature","properties":{"u":8368040296,"v":833148996,"length":278.066,"highway":"unclassified"},"geometry":{"type":"LineString","coordinates":[[12.552301,46.185461],[12.552409,46.185442],[12.552979,46.185341],[12.553269,46.18529],[12.553404,46.185267],[12.553857,46.185119],[12.554441,46.184905],[12.554713,46.184799],[12.554853,46.184729],[12.555227,46.184459],[12.555385,46.184293]]}},{"type":"Feature","properties":{"u":833148996,"v":833148794,"length":1260.896,"highway":"unclassified"},"geometry":{"type":"LineString","coordinates":[[12.555385,46.184293],[12.555553,46.184293],[12.555646,46.184327],[12.555748,46.184474],[12.555847,46.184567],[12.556033,46.184601],[12.556553,46.184615],[12.557036,46.184628],[12.557082,46.184625],[12.558239,46.184549],[12.558594,46.184465],[12.558874,46.184393],[12.559193,46.184284],[12.559453,46.184148],[12.559644,46.184128],[12.55987,46.184167],[12.560179,46.184243],[12.561566,46.184736],[12.562124,46.184908],[12.56316,46.185321],[12.5633,46.185363],[12.563418,46.185363],[12.563678,46.185362],[12.563897,46.185403],[12.564044,46.185425],[12.564218,46.185483],[12.564407,46.185552],[12.564629,46.185652],[12.564868,46.185756],[12.564952,46.18578],[12.565131,46.185832],[12.565741,46.185919],[12.566903,46.186233],[12.567922,46.186523],[12.568394,46.18665],[12.568789,46.18673],[12.56917,46.18674],[12.569601,46.186734],[12.569833,46.186773],[12.57017,46.186833],[12.570549,46.186891]]}},{"type":"Feature","properties":{"u":295284374,"v":295280964,"length":9.686,"highway":"tertiary"},"geometry":{"type":"LineString","coordinates":[[12.710685,46.177733],[12.710614,46.177741],[12.710563,46.177753]]}},{"type":"Feature","properties":{"u":295284373,"v":295284374,"length":20.589,"highway":"tertiary"},"geometry":{"type":"LineString","coordinates":[[12.710951,46.177714],[12.710685,46.177733]]}},{"type":"Feature","properties":{"u":2272471002,"v":2622392623,"length":38.362,"highway":"unclassified"},"geometry":{"type":"LineString","coordinates":[[12.710663,46.19256],[12.710614,46.192498],[12.710561,46.192412],[12.710403,46.192268]]}},{"type":"Feature","properties":{"u":374195468,"v":374195651,"length":210.492,"highway":"primary_link","maxspeed":50},"geometry":{"type":"LineString","coordinates":[[12.604044,46.195869],[12.604169,46.195888],[12.604579,46.195912],[12.604849,46.195934],[12.604986,46.19595],[12.605122,46.19598],[12.605239,46.196021],[12.605365,46.196083],[12.605491,46.196149],[12.605725,46.196289],[12.60593,46.196407],[12.60617,46.196536],[12.606292,46.196593],[12.606386,46.196627],[12.60645,46.196635]]}},{"type":"Feature","properties":{"u":2282199166,"v":374195468,"length":18.693,"highway":"primary_link"},"geometry":{"type":"LineString","coordinates":[[12.603926,46.195727],[12.603946,46.195787],[12.603988,46.195826],[12.604044,46.195869]]}},{"type":"Feature","properties":{"u":2298254390,"v":2298254425,"length":70.573,"highway":"unclassified"},"geometry":{"type":"LineString","coordinates":[[12.577736,46.081892],[12.578387,46.081446]]}},{"type":"Feature","properties":{"u":2325426075,"v":2883443552,"length":463.629,"highway":"unclassified"},"geometry":{"type":"LineString","coordinates":[[12.580691,46.075903],[12.580669,46.075922],[12.580574,46.075999],[12.580504,46.07604],[12.580445,46.076083],[12.580378,46.07613],[12.580311,46.076174],[12.580255,46.076236],[12.580223,46.076292],[12.580223,46.076338],[12.580225,46.076388],[12.580279,46.076457],[12.580349,46.076511],[12.580448,46.076593],[12.580582,46.07671],[12.580754,46.076859],[12.58088,46.076967],[12.581014,46.077099],[12.581068,46.077174],[12.581095,46.077226],[12.581113,46.077302],[12.581103,46.077387],[12.581033,46.077594],[12.580977,46.077736],[12.580931,46.07787],[12.580869,46.077972],[12.580746,46.078094],[12.580617,46.078204],[12.580496,46.078303],[12.580307,46.078455],[12.580255,46.078464],[12.580196,46.078459],[12.579522,46.078025],[12.579471,46.077993],[12.579451,46.077964],[12.579458,46.07794],[12.57949,46.077904],[12.579755,46.077708]]}},{"type":"Feature","properties":{"u":2299390560,"v":835975159,"length":103.515,"highway":"residential"},"geometry":{"type":"LineString","coordinates":[[12.698833,46.14784],[12.699437,46.148167],[12.699682,46.148302],[12.699892,46.148413]]}},{"type":"Feature","properties":{"u":2299408598,"v":2299408602,"length":24.135,"highway":"residential"},"geometry":{"type":"LineString","coordinates":[[12.701197,46.144854],[12.70109,46.14465]]}},{"type":"Feature","properties":{"u":1429391632,"v":2179572118,"length":155.134,"highway":"residential"},"geometry":{"type":"LineString","coordinates":[[12.693751,46.151437],[12.693393,46.151765],[12.692607,46.152481],[12.692636,46.152563]]}},{"type":"Feature","properties":{"u":2179572118,"v":852887656,"length":23.271,"highway":"residential"},"geometry":{"type":"LineString","coordinates":[[12.692636,46.152563],[12.692771,46.152616],[12.69291,46.152649]]}},{"type":"Feature","properties":{"u":2179572118,"v":1429391664,"length":159.386,"highway":"residential"},"geometry":{"type":"LineString","coordinates":[[12.692636,46.152563],[12.692545,46.152694],[12.692481,46.15282],[12.692331,46.152954],[12.69218,46.153095],[12.691962,46.153246],[12.691844,46.153295],[12.691712,46.153316],[12.69144,46.153289],[12.691128,46.153281]]}},{"type":"Feature","properties":{"u":1982850523,"v":2306149945,"length":114.255,"highway":"unclassified"},"geometry":{"type":"LineString","coordinates":[[12.688465,46.15667],[12.688356,46.156583],[12.688286,46.156524],[12.688391,46.156507],[12.688496,46.156461],[12.688571,46.156388],[12.688785,46.156097],[12.68882,46.156052],[12.688855,46.15603],[12.688892,46.156015],[12.688933,46.156011],[12.688984,46.156009],[12.689034,46.156015],[12.689067,46.156026],[12.689088,46.156041]]}},{"type":"Feature","properties":{"u":2306149945,"v":2306149984,"length":18.032,"highway":"unclassified"},"geometry":{"type":"LineString","coordinates":[[12.689088,46.156041],[12.68927,46.156143]]}},{"type":"Feature","properties":{"u":2306149984,"v":2306149994,"length":114.638,"highway":"unclassified"},"geometry":{"type":"LineString","coordinates":[[12.68927,46.156143],[12.689297,46.156154],[12.68934,46.15616],[12.689381,46.156158],[12.689423,46.156152],[12.68945,46.156145],[12.689485,46.156128],[12.689515,46.156109],[12.689539,46.156087],[12.689566,46.156059],[12.689598,46.15602],[12.689692,46.155888],[12.689767,46.155781],[12.68986,46.155669],[12.689966,46.155563],[12.690005,46.155535],[12.690064,46.155526],[12.690112,46.155538],[12.690148,46.155567],[12.690171,46.155623]]}},{"type":"Feature","properties":{"u":2306158445,"v":2306158446,"length":57.936,"highway":"residential"},"geometry":{"type":"LineString","coordinates":[[12.700413,46.161526],[12.700332,46.161008]]}},{"type":"Feature","properties":{"u":1339677417,"v":2329489782,"length":44.184,"highway":"tertiary"},"geometry":{"type":"LineString","coordinates":[[12.616279,46.200918],[12.615934,46.200849],[12.615731,46.2008]]}},{"type":"Feature","properties":{"u":2329489782,"v":1339677494,"length":121.654,"highway":"tertiary"},"geometry":{"type":"LineString","coordinates":[[12.615731,46.2008],[12.615586,46.200773],[12.615298,46.200751],[12.615035,46.200776],[12.614935,46.200778],[12.614855,46.20076],[12.614685,46.20072],[12.614446,46.200688],[12.614204,46.200608]]}},{"type":"Feature","properties":{"u":2859201214,"v":2868962614,"length":84.924,"highway":"tertiary"},"geometry":{"type":"LineString","coordinates":[[12.583545,46.066019],[12.583524,46.066009],[12.583134,46.065818],[12.582615,46.065612]]}},{"type":"Feature","properties":{"u":2868962614,"v":475521916,"length":46.233,"highway":"tertiary"},"geometry":{"type":"LineString","coordinates":[[12.582615,46.065612],[12.582528,46.065577],[12.582135,46.065364]]}},{"type":"Feature","properties":{"u":833149835,"v":9666637540,"length":164.09,"highway":"unclassified"},"geometry":{"type":"LineString","coordinates":[[12.576661,46.189152],[12.576426,46.189051],[12.576148,46.188966],[12.576012,46.188876],[12.575924,46.188772],[12.575875,46.188723],[12.575802,46.188679],[12.575793,46.188674],[12.575629,46.188622],[12.575346,46.188546],[12.575233,46.188509],[12.575068,46.188454],[12.574934,46.188389],[12.574904,46.188372]]}},{"type":"Feature","properties":{"u":275052654,"v":2420136406,"length":32.803,"highway":"primary"},"geometry":{"type":"LineString","coordinates":[[12.579046,46.191548],[12.579442,46.191657]]}},{"type":"Feature","properties":{"u":2420136404,"v":1444917734,"length":47.866,"highway":"primary"},"geometry":{"type":"LineString","coordinates":[[12.577287,46.190846],[12.577808,46.191081]]}},{"type":"Feature","properties":{"u":2420136406,"v":275052657,"length":222.417,"highway":"primary"},"geometry":{"type":"LineString","coordinates":[[12.579442,46.191657],[12.579665,46.191711],[12.579868,46.191755],[12.580158,46.191812],[12.580495,46.191869],[12.580885,46.191923],[12.581192,46.191958],[12.581401,46.191974],[12.58149,46.191978],[12.581657,46.191986],[12.58196,46.191993],[12.582273,46.192002]]}},{"type":"Feature","properties":{"u":1444917734,"v":275052654,"length":108.919,"highway":"primary"},"geometry":{"type":"LineString","coordinates":[[12.577808,46.191081],[12.578319,46.191319],[12.57857,46.191391],[12.578931,46.191514],[12.579046,46.191548]]}},{"type":"Feature","properties":{"u":1423281601,"v":1423281583,"length":223.868,"highway":"residential"},"geometry":{"type":"LineString","coordinates":[[12.696633,46.162237],[12.696576,46.161422],[12.696535,46.161358],[12.694937,46.161144]]}},{"type":"Feature","properties":{"u":1423281583,"v":1423281581,"length":102.147,"highway":"residential"},"geometry":{"type":"LineString","coordinates":[[12.694937,46.161144],[12.694404,46.161074],[12.693638,46.160959]]}},{"type":"Feature","properties":{"u":1423281579,"v":1423281578,"length":60.874,"highway":"residential"},"geometry":{"type":"LineString","coordinates":[[12.692479,46.160804],[12.691703,46.1607]]}},{"type":"Feature","properties":{"u":1423281578,"v":1423281577,"length":32.646,"highway":"residential"},"geometry":{"type":"LineString","coordinates":[[12.691703,46.1607],[12.691289,46.160637]]}},{"type":"Feature","properties":{"u":1423281577,"v":1423281575,"length":24.615,"highway":"residential"},"geometry":{"type":"LineString","coordinates":[[12.691289,46.160637],[12.690977,46.160589]]}},{"type":"Feature","properties":{"u":1423281575,"v":1423281572,"length":41.401,"highway":"residential"},"geometry":{"type":"LineString","coordinates":[[12.690977,46.160589],[12.690452,46.160509]]}},{"type":"Feature","properties":{"u":2282199168,"v":1717475134,"length":37.669,"highway":"primary"},"geometry":{"type":"LineString","coordinates":[[12.60342,46.195701],[12.603685,46.195686],[12.603907,46.195668]]}},{"type":"Feature","properties":{"u":2275676184,"v":1717475133,"length":241.119,"highway":"unclassified"},"geometry":{"type":"LineString","coordinates":[[12.597823,46.194284],[12.597896,46.194289],[12.597971,46.194302],[12.598301,46.194363],[12.59863,46.194429],[12.59893,46.194497],[12.599125,46.194553],[12.599299,46.194607],[12.599505,46.194677],[12.599568,46.194696],[12.599837,46.194798],[12.600032,46.194849],[12.600296,46.194906],[12.600638,46.194969],[12.600767,46.195]]}},{"type":"Feature","properties":{"u":275051908,"v":2275676159,"length":107.742,"highway":"unclassified"},"geometry":{"type":"LineString","coordinates":[[12.595796,46.193995],[12.597095,46.194356]]}},{"type":"Feature","properties":{"u":1717475133,"v":1424067890,"length":26.853,"highway":"unclassified"},"geometry":{"type":"LineString","coordinates":[[12.600767,46.195],[12.601093,46.195086]]}},{"type":"Feature","properties":{"u":1424067890,"v":275051914,"length":16.094,"highway":"unclassified"},"geometry":{"type":"LineString","coordinates":[[12.601093,46.195086],[12.601287,46.19514]]}},{"type":"Feature","properties":{"u":2437193899,"v":2275676184,"length":33.428,"highway":"unclassified"},"geometry":{"type":"LineString","coordinates":[[12.597405,46.194359],[12.597649,46.1943],[12.597729,46.194289],[12.597823,46.194284]]}},{"type":"Feature","properties":{"u":2275676159,"v":2437193899,"length":24.187,"highway":"unclassified"},"geometry":{"type":"LineString","coordinates":[[12.597095,46.194356],[12.597247,46.194374],[12.597347,46.194369],[12.597405,46.194359]]}},{"type":"Feature","properties":{"u":275051950,"v":1444385892,"length":10.415,"highway":"tertiary"},"geometry":{"type":"LineString","coordinates":[[12.627519,46.199624],[12.627649,46.199598]]}},{"type":"Feature","properties":{"u":1444385892,"v":275051994,"length":697.007,"highway":"tertiary"},"geometry":{"type":"LineString","coordinates":[[12.627649,46.199598],[12.628404,46.199454],[12.62879,46.199396],[12.62927,46.199355],[12.629694,46.19934],[12.629797,46.199319],[12.629862,46.199288],[12.629895,46.199237],[12.629903,46.199169],[12.629895,46.198934],[12.629929,46.19875],[12.629968,46.198685],[12.630049,46.198642],[12.630126,46.198632],[12.630213,46.198641],[12.630345,46.198659],[12.630449,46.198664],[12.630819,46.19864],[12.631006,46.198614],[12.631163,46.198603],[12.63124,46.198613],[12.631286,46.198628],[12.631343,46.19866],[12.631561,46.198825],[12.631587,46.198844],[12.631617,46.198861],[12.631649,46.198874],[12.631685,46.198883],[12.631733,46.198888],[12.631788,46.198885],[12.631837,46.198874],[12.631882,46.198854],[12.6319,46.198833],[12.631904,46.198806],[12.631894,46.198763],[12.63185,46.198638],[12.631848,46.198605],[12.631858,46.198576],[12.631901,46.198515],[12.632069,46.198332],[12.632133,46.198261],[12.632187,46.198164],[12.632369,46.19785],[12.632391,46.197811],[12.632399,46.197771],[12.632395,46.197721],[12.632378,46.197674],[12.632349,46.197614],[12.632317,46.197541],[12.632111,46.197077],[12.632012,46.196881],[12.631967,46.196804],[12.631929,46.196759],[12.631877,46.196722],[12.631823,46.196697],[12.631753,46.196673],[12.631665,46.196657],[12.631585,46.19665],[12.631439,46.196664]]}},{"type":"Feature","properties":{"u":275052128,"v":275052667,"length":161.042,"highway":"primary"},"geometry":{"type":"LineString","coordinates":[[12.598852,46.195266],[12.599209,46.195365],[12.599479,46.195428],[12.599738,46.19548],[12.599907,46.195509],[12.600247,46.195562],[12.60087,46.195629]]}},{"type":"Feature","properties":{"u":475594745,"v":475594767,"length":343.59,"highway":"unclassified"},"geometry":{"type":"LineString","coordinates":[[12.565729,46.092988],[12.565571,46.092993],[12.565453,46.092965],[12.565349,46.092913],[12.565264,46.092846],[12.565167,46.092774],[12.565009,46.092735],[12.564638,46.092733],[12.564254,46.09273],[12.564071,46.092753],[12.563937,46.092826],[12.563801,46.09288],[12.56367,46.092905],[12.563053,46.093004],[12.562848,46.09305],[12.562709,46.093109],[12.562585,46.09315],[12.562496,46.093187],[12.562359,46.093169],[12.562064,46.093115],[12.561725,46.093048],[12.561586,46.093005]]}},{"type":"Feature","properties":{"u":475594778,"v":475594901,"length":2774.822,"highway":"unclassified"},"geometry":{"type":"LineString","coordinates":[[12.563102,46.092137],[12.563234,46.092052],[12.56344,46.091882],[12.563651,46.091769],[12.564043,46.091552],[12.564226,46.09146],[12.564334,46.091388],[12.564409,46.091328],[12.564437,46.091261],[12.564419,46.091205],[12.564352,46.091153],[12.564275,46.091114],[12.564143,46.091094],[12.563965,46.091054],[12.563779,46.091051],[12.563644,46.091054],[12.563228,46.091075],[12.563065,46.091083],[12.562962,46.091088],[12.562867,46.09108],[12.562722,46.091052],[12.56264,46.091011],[12.56256,46.090939],[12.562496,46.090836],[12.56247,46.090747],[12.562461,46.09065],[12.562472,46.090408],[12.56254,46.090086],[12.562605,46.089898],[12.562703,46.089733],[12.562808,46.089581],[12.562861,46.089483],[12.562876,46.089352],[12.562915,46.089007],[12.562963,46.08872],[12.562978,46.08859],[12.562963,46.088467],[12.5629,46.088233],[12.562816,46.08801],[12.562768,46.087809],[12.562637,46.087519],[12.562494,46.087292],[12.561862,46.086863],[12.561687,46.086687],[12.561507,46.086475],[12.561329,46.08621],[12.561241,46.086104],[12.561113,46.085978],[12.560522,46.085512],[12.560267,46.085352],[12.559979,46.085218],[12.559654,46.085037],[12.559347,46.084893],[12.559235,46.084864],[12.559174,46.084875],[12.559145,46.084895],[12.559123,46.084933],[12.559126,46.084992],[12.55919,46.08505],[12.559262,46.085094],[12.55935,46.0852],[12.559425,46.085324],[12.559452,46.08542],[12.559504,46.085553],[12.559595,46.085643],[12.559814,46.08578],[12.559892,46.085878],[12.559924,46.085972],[12.559911,46.086203],[12.560011,46.086439],[12.560067,46.086574],[12.56004,46.086885],[12.560012,46.087169],[12.55999,46.087301],[12.56001,46.08741],[12.560056,46.087609],[12.560074,46.087893],[12.560101,46.08817],[12.560142,46.088345],[12.560156,46.088461],[12.560205,46.088558],[12.560297,46.088745],[12.560361,46.088835],[12.560394,46.08891],[12.560403,46.088983],[12.560381,46.089015],[12.560353,46.089034],[12.56028,46.089039],[12.560225,46.089045],[12.560164,46.089023],[12.560102,46.088973],[12.560029,46.088831],[12.559918,46.088679],[12.559627,46.088271],[12.55933,46.087867],[12.558941,46.087318],[12.558811,46.087032],[12.558729,46.08688],[12.55865,46.086771],[12.558542,46.086673],[12.558454,46.086596],[12.558363,46.086553],[12.558157,46.086457],[12.557549,46.086245],[12.557198,46.086111],[12.556747,46.085775],[12.556272,46.085293],[12.556002,46.085142],[12.55588,46.085095],[12.55579,46.085073],[12.555661,46.085057],[12.555533,46.085037],[12.555451,46.085011],[12.555364,46.084927],[12.555343,46.084782],[12.555343,46.084623],[12.555312,46.084371],[12.555273,46.084112],[12.555227,46.083885],[12.555165,46.083697],[12.555028,46.083564],[12.554864,46.083478],[12.554709,46.083419],[12.554511,46.083419],[12.554355,46.083429],[12.554217,46.083478],[12.554077,46.083503],[12.553983,46.08347],[12.553934,46.083397],[12.553931,46.08334],[12.553959,46.083287],[12.554052,46.083199],[12.554148,46.083109],[12.554179,46.08305],[12.554201,46.082989],[12.554187,46.082924],[12.55414,46.082861],[12.553945,46.082732],[12.553823,46.082646],[12.553721,46.082557],[12.553661,46.082479],[12.553595,46.082395],[12.553538,46.082328],[12.553437,46.082265],[12.553288,46.082234],[12.553097,46.082214],[12.552866,46.082187],[12.5528,46.082143],[12.552727,46.082048],[12.552663,46.08191],[12.552606,46.081774],[12.552549,46.081708],[12.552489,46.081647],[12.552385,46.081596],[12.552261,46.081544],[12.552143,46.081502],[12.552073,46.081495]]}},{"type":"Feature","properties":{"u":2143813888,"v":2143813908,"length":14.499,"highway":"unclassified"},"geometry":{"type":"LineString","coordinates":[[12.667138,46.144669],[12.667326,46.144675]]}},{"type":"Feature","properties":{"u":2143813894,"v":2143813888,"length":22.994,"highway":"unclassified"},"geometry":{"type":"LineString","coordinates":[[12.666861,46.144746],[12.667138,46.144669]]}},{"type":"Feature","properties":{"u":912283001,"v":295279410,"length":318.182,"highway":"tertiary_link"},"geometry":{"type":"LineString","coordinates":[[12.658294,46.131633],[12.658295,46.131288],[12.658277,46.131099],[12.658269,46.131029],[12.658174,46.130174],[12.658053,46.12901],[12.658036,46.128778]]}},{"type":"Feature","properties":{"u":432815440,"v":432815610,"length":1920.885,"highway":"tertiary"},"geometry":{"type":"LineString","coordinates":[[12.666355,46.198233],[12.666379,46.198236],[12.666408,46.198233],[12.66643,46.198226],[12.666455,46.198202],[12.666492,46.198157],[12.666557,46.198078],[12.666598,46.198044],[12.666645,46.198019],[12.666684,46.198003],[12.666741,46.197989],[12.666847,46.197984],[12.666952,46.197989],[12.667045,46.198016],[12.667166,46.198071],[12.667407,46.198186],[12.667488,46.198208],[12.66769,46.198223],[12.66793,46.198214],[12.668036,46.1982],[12.668121,46.19818],[12.668206,46.198156],[12.668298,46.198149],[12.668406,46.198168],[12.668501,46.198193],[12.668677,46.198242],[12.669,46.198359],[12.669103,46.198397],[12.66918,46.198441],[12.669216,46.198479],[12.669271,46.19856],[12.669302,46.19862],[12.669328,46.198653],[12.66936,46.19867],[12.66941,46.198692],[12.66949,46.198698],[12.669583,46.19869],[12.669689,46.198655],[12.66978,46.198618],[12.669894,46.198583],[12.669959,46.198583],[12.670035,46.198579],[12.670099,46.198577],[12.670146,46.198584],[12.670215,46.198614],[12.670239,46.198648],[12.670238,46.198705],[12.670195,46.198778],[12.670172,46.198821],[12.670157,46.198884],[12.67017,46.198957],[12.67019,46.198995],[12.670218,46.199029],[12.670277,46.199064],[12.670329,46.19908],[12.670618,46.199117],[12.6709,46.19915],[12.671165,46.199172],[12.671289,46.19917],[12.671341,46.199153],[12.671365,46.199116],[12.671358,46.199083],[12.671314,46.199012],[12.671267,46.198975],[12.671182,46.198943],[12.671014,46.198875],[12.670979,46.198864],[12.670948,46.19885],[12.670923,46.198836],[12.670905,46.198805],[12.670907,46.198775],[12.670925,46.198748],[12.670981,46.198726],[12.671027,46.198726],[12.67106,46.198734],[12.671095,46.198758],[12.671263,46.198831],[12.671439,46.198883],[12.671755,46.198956],[12.671921,46.198993],[12.67201,46.199013],[12.672088,46.199046],[12.672158,46.199111],[12.672258,46.199204],[12.672312,46.19924],[12.672414,46.199275],[12.672757,46.199349],[12.67314,46.199435],[12.673412,46.199497],[12.67354,46.199537],[12.673605,46.199567],[12.673655,46.199595],[12.673709,46.199638],[12.673749,46.199683],[12.673792,46.199752],[12.673845,46.199853],[12.67386,46.199907],[12.673865,46.19995],[12.673861,46.200011],[12.673841,46.200055],[12.673808,46.200106],[12.673744,46.200195],[12.673727,46.20024],[12.673721,46.200278],[12.673736,46.200351],[12.673753,46.200424],[12.673773,46.200508],[12.673774,46.200571],[12.673762,46.200628],[12.673744,46.200674],[12.673729,46.200725],[12.673742,46.200787],[12.673777,46.200812],[12.673811,46.200828],[12.67386,46.200828],[12.673912,46.200817],[12.673937,46.200794],[12.673946,46.20075],[12.673958,46.200545],[12.673976,46.200491],[12.673999,46.200447],[12.674048,46.200392],[12.674174,46.200294],[12.674444,46.200031],[12.674498,46.199972],[12.674536,46.199926],[12.674541,46.199877],[12.674525,46.199816],[12.674492,46.199756],[12.674436,46.199671],[12.674435,46.199632],[12.674453,46.199599],[12.674489,46.199576],[12.674544,46.199574],[12.674608,46.199593],[12.674628,46.199616],[12.674656,46.199665],[12.67469,46.199756],[12.67473,46.199853],[12.674732,46.19993],[12.674716,46.199991],[12.674697,46.200033],[12.67461,46.20016],[12.674578,46.200223],[12.674552,46.200303],[12.674533,46.200383],[12.674522,46.200469],[12.674518,46.200501],[12.674529,46.20055],[12.674544,46.200574],[12.674587,46.200598],[12.674639,46.2006],[12.674685,46.200586],[12.674716,46.200569],[12.674725,46.200535],[12.674709,46.200484],[12.674697,46.200429],[12.674699,46.200374],[12.674711,46.200323],[12.674742,46.200262],[12.674777,46.200219],[12.675074,46.199946],[12.675104,46.199907],[12.675111,46.199858],[12.67511,46.199823],[12.675085,46.199751],[12.675074,46.199712],[12.675069,46.199663],[12.675091,46.199622],[12.675132,46.199597],[12.675195,46.199596],[12.675256,46.199605],[12.675302,46.199629],[12.675326,46.199661],[12.675341,46.19975],[12.675363,46.199776],[12.67541,46.199801],[12.675451,46.199852],[12.675485,46.199932],[12.675545,46.200092],[12.675563,46.200174],[12.675591,46.200253],[12.675635,46.200329],[12.675669,46.200375],[12.675729,46.200427],[12.675825,46.200483],[12.675937,46.200543],[12.675993,46.200584],[12.676021,46.20062],[12.67604,46.200659],[12.676036,46.200698],[12.676027,46.200743],[12.676001,46.200797],[12.675989,46.200843],[12.675998,46.200877],[12.676018,46.200913],[12.676075,46.200961],[12.676195,46.20105],[12.676237,46.201102],[12.676248,46.201136],[12.676238,46.201189],[12.676246,46.201223],[12.676254,46.201269],[12.676298,46.201294],[12.676356,46.2013],[12.676403,46.201284],[12.676439,46.201256],[12.676453,46.201206],[12.67644,46.201055],[12.67644,46.200845],[12.676451,46.200812],[12.676505,46.200771],[12.676734,46.200716],[12.676794,46.200687],[12.676811,46.200646],[12.676804,46.200589],[12.676786,46.200564],[12.676744,46.200533],[12.676652,46.200474],[12.676603,46.200428],[12.676568,46.200366],[12.676568,46.200277],[12.676576,46.200217],[12.6766,46.200165],[12.67662,46.200134],[12.676664,46.200115],[12.676709,46.200103],[12.676772,46.200122],[12.676796,46.200148],[12.676799,46.200181],[12.676785,46.200233],[12.676785,46.200291],[12.676804,46.200325],[12.676837,46.200366],[12.676906,46.200398],[12.677044,46.200462],[12.677122,46.200498],[12.677175,46.200538],[12.677318,46.200678],[12.677381,46.200736],[12.677425,46.200787],[12.677456,46.200845],[12.677454,46.20089],[12.677442,46.20093],[12.67742,46.200983],[12.677375,46.201065],[12.677358,46.20114],[12.677364,46.201192],[12.677385,46.201243],[12.677487,46.201409]]}},{"type":"Feature","properties":{"u":295349398,"v":295280947,"length":32.027,"highway":"tertiary","maxspeed":50},"geometry":{"type":"LineString","coordinates":[[12.703395,46.185067],[12.703514,46.184942],[12.703625,46.184827]]}},{"type":"Feature","properties":{"u":2622392646,"v":295349404,"length":18.043,"highway":"tertiary"},"geometry":{"type":"LineString","coordinates":[[12.711801,46.193527],[12.711685,46.193386]]}},{"type":"Feature","properties":{"u":2622392623,"v":2272471034,"length":21.743,"highway":"unclassified"},"geometry":{"type":"LineString","coordinates":[[12.710403,46.192268],[12.710264,46.192242],[12.710127,46.192228]]}},{"type":"Feature","properties":{"u":2622415108,"v":1730087172,"length":233.436,"highway":"unclassified"},"geometry":{"type":"LineString","coordinates":[[12.714691,46.199396],[12.714509,46.199519],[12.714459,46.19955],[12.714424,46.199565],[12.714391,46.199577],[12.714352,46.199581],[12.714301,46.199581],[12.713999,46.199539],[12.713801,46.199419],[12.713599,46.199318],[12.713493,46.199273],[12.713443,46.199258],[12.713383,46.199252],[12.713311,46.199251],[12.713227,46.199245],[12.713119,46.19923],[12.712983,46.199193],[12.712852,46.199142],[12.712761,46.1991],[12.712619,46.199032],[12.712466,46.198965],[12.712417,46.198944],[12.712365,46.198931],[12.712317,46.198925],[12.712254,46.198921],[12.712204,46.198919],[12.712146,46.198914],[12.712025,46.198898]]}},{"type":"Feature","properties":{"u":2622415070,"v":2622415068,"length":11.426,"highway":"tertiary","maxspeed":50},"geometry":{"type":"LineString","coordinates":[[12.714986,46.197929],[12.714907,46.197842]]}},{"type":"Feature","properties":{"u":2622415068,"v":2043398235,"length":380.511,"highway":"tertiary","maxspeed":50},"geometry":{"type":"LineString","coordinates":[[12.714907,46.197842],[12.714792,46.197724],[12.714725,46.19766],[12.714646,46.197601],[12.714582,46.197558],[12.714512,46.197522],[12.714443,46.197486],[12.714331,46.197448],[12.714182,46.197414],[12.713999,46.19739],[12.713775,46.197376],[12.713481,46.19738],[12.713304,46.197376],[12.713156,46.197361],[12.713016,46.197337],[12.712893,46.197313],[12.71277,46.197284],[12.712629,46.197251],[12.712492,46.197211],[12.712357,46.197163],[12.712232,46.197111],[12.712132,46.19706],[12.712036,46.197006],[12.71197,46.196958],[12.711898,46.196906],[12.711786,46.196806],[12.711706,46.196713],[12.711662,46.196642],[12.711635,46.196579],[12.711608,46.196504],[12.711597,46.196446],[12.71159,46.196398],[12.711586,46.196297],[12.711585,46.196214],[12.711597,46.196081],[12.711632,46.195933]]}},{"type":"Feature","properties":{"u":1730087149,"v":1730087151,"length":19.295,"highway":"unclassified"},"geometry":{"type":"LineString","coordinates":[[12.715512,46.198632],[12.71537,46.198775]]}},{"type":"Feature","properties":{"u":2622429149,"v":2622429188,"length":108.838,"highway":"residential"},"geometry":{"type":"LineString","coordinates":[[12.715924,46.201019],[12.716038,46.20107],[12.716092,46.201103],[12.716125,46.201137],[12.716149,46.201181],[12.716166,46.201226],[12.716178,46.201268],[12.71619,46.2013],[12.716212,46.201328],[12.716241,46.201359],[12.71627,46.201383],[12.716324,46.201408],[12.716363,46.201444],[12.716405,46.201486],[12.716424,46.201512],[12.716388,46.201537],[12.716358,46.201561],[12.71634,46.201594],[12.716328,46.201645],[12.716316,46.201693],[12.716298,46.201726],[12.716274,46.201749],[12.716231,46.201785],[12.716178,46.201804]]}},{"type":"Feature","properties":{"u":2622477468,"v":2622429188,"length":15.093,"highway":"tertiary","maxspeed":50},"geometry":{"type":"LineString","coordinates":[[12.716239,46.201933],[12.716178,46.201804]]}},{"type":"Feature","properties":{"u":2622429149,"v":1730087147,"length":279.334,"highway":"tertiary","maxspeed":50},"geometry":{"type":"LineString","coordinates":[[12.715924,46.201019],[12.715921,46.200988],[12.715918,46.200895],[12.71592,46.200755],[12.715916,46.200355],[12.715963,46.199755],[12.715977,46.199325],[12.715976,46.199201],[12.715959,46.199112],[12.715927,46.199035],[12.715881,46.198962],[12.715814,46.198872],[12.715634,46.198659],[12.715561,46.198578]]}},{"type":"Feature","properties":{"u":2028278826,"v":2627363349,"length":7.6,"highway":"unclassified"},"geometry":{"type":"LineString","coordinates":[[12.717026,46.197344],[12.717105,46.197303]]}},{"type":"Feature","properties":{"u":2627363349,"v":2042138009,"length":85.647,"highway":"unclassified"},"geometry":{"type":"LineString","coordinates":[[12.717105,46.197303],[12.7172,46.197249],[12.717303,46.197187],[12.717386,46.197126],[12.717478,46.197049],[12.717617,46.196928],[12.717712,46.196848],[12.717762,46.196798],[12.717833,46.196725]]}},{"type":"Feature","properties":{"u":1902484961,"v":1902485010,"length":685.351,"highway":"unclassified"},"geometry":{"type":"LineString","coordinates":[[12.72732,46.19525],[12.727259,46.195273],[12.727195,46.195316],[12.727132,46.195375],[12.727068,46.195433],[12.726985,46.195491],[12.726919,46.195538],[12.726814,46.195588],[12.726725,46.195626],[12.726638,46.195648],[12.726524,46.195654],[12.726451,46.195651],[12.726382,46.19564],[12.726288,46.195607],[12.726226,46.195582],[12.726155,46.195532],[12.726086,46.195466],[12.726037,46.195408],[12.726002,46.195361],[12.725977,46.195302],[12.725955,46.195255],[12.725927,46.195221],[12.725878,46.195196],[12.725791,46.195176],[12.7257,46.195167],[12.725629,46.195158],[12.725565,46.195145],[12.7255,46.195124],[12.725407,46.195087],[12.725333,46.195048],[12.725283,46.195026],[12.725229,46.195015],[12.725162,46.195017],[12.725055,46.195024],[12.724982,46.195027],[12.7249,46.195023],[12.724828,46.195012],[12.724738,46.19499],[12.724638,46.194955],[12.724419,46.194883],[12.724305,46.194855],[12.72421,46.194842],[12.724116,46.194833],[12.723965,46.19482],[12.723846,46.194808],[12.723771,46.1948],[12.723713,46.194768],[12.723477,46.194522],[12.723441,46.194475],[12.723431,46.194431],[12.723424,46.194281],[12.723415,46.194233],[12.723395,46.19419],[12.723348,46.194148],[12.723291,46.194113],[12.723112,46.194032],[12.72292,46.193944],[12.722724,46.193855],[12.72261,46.193799],[12.722495,46.193734],[12.722402,46.193669],[12.722301,46.193602],[12.7222,46.193554],[12.722025,46.193481],[12.721927,46.193436],[12.721834,46.193408],[12.721747,46.193396],[12.721642,46.193385],[12.721517,46.193379],[12.721389,46.193385],[12.721204,46.193401],[12.721026,46.193404],[12.720934,46.193396],[12.72083,46.193382],[12.720694,46.193353],[12.720602,46.193326],[12.720527,46.193296],[12.720456,46.193256],[12.720403,46.193207],[12.72036,46.193155],[12.720308,46.193074]]}},{"type":"Feature","properties":{"u":1902485010,"v":1902485044,"length":57.616,"highway":"unclassified"},"geometry":{"type":"LineString","coordinates":[[12.720308,46.193074],[12.720305,46.192971],[12.720313,46.192895],[12.720331,46.192826],[12.72036,46.192758],[12.720402,46.192672],[12.720374,46.192628],[12.720331,46.192577]]}},{"type":"Feature","properties":{"u":1902484971,"v":2627519672,"length":2138.543,"highway":"unclassified","maxspeed":50},"geometry":{"type":"LineString","coordinates":[[12.71924,46.189496],[12.719333,46.189529],[12.719391,46.189567],[12.719427,46.189622],[12.71948,46.189691],[12.719537,46.189777],[12.719647,46.189932],[12.719726,46.190059],[12.719845,46.190231],[12.719914,46.190337],[12.720012,46.190441],[12.7201,46.190515],[12.720202,46.1906],[12.720303,46.190659],[12.720421,46.190725],[12.720541,46.190791],[12.720691,46.190868],[12.720857,46.190959],[12.721001,46.191044],[12.721197,46.191169],[12.721549,46.191393],[12.721621,46.191474],[12.721678,46.191561],[12.721706,46.191646],[12.721732,46.191743],[12.72177,46.191863],[12.721813,46.191942],[12.721877,46.192008],[12.721941,46.192051],[12.72205,46.192107],[12.72215,46.192156],[12.722254,46.192197],[12.722359,46.192237],[12.722485,46.19225],[12.722605,46.192239],[12.722742,46.192215],[12.722913,46.192171],[12.723094,46.192107],[12.723146,46.192057],[12.723153,46.192007],[12.723137,46.191959],[12.723089,46.19191],[12.722985,46.191902],[12.722793,46.191967],[12.722677,46.192007],[12.722586,46.192026],[12.722498,46.192026],[12.722424,46.192009],[12.722352,46.191959],[12.7223,46.191891],[12.722257,46.191761],[12.722239,46.19163],[12.722197,46.191483],[12.722172,46.191398],[12.722122,46.191306],[12.722042,46.191176],[12.721968,46.191076],[12.721882,46.190995],[12.721764,46.190936],[12.721671,46.190898],[12.721569,46.190843],[12.721511,46.190775],[12.721511,46.190703],[12.72159,46.190656],[12.721699,46.19063],[12.72184,46.190642],[12.72195,46.190668],[12.722107,46.190732],[12.722278,46.190823],[12.722625,46.190995],[12.722865,46.191102],[12.723122,46.191205],[12.723324,46.191257],[12.723502,46.191298],[12.723707,46.191334],[12.723825,46.191349],[12.723991,46.191362],[12.724127,46.191358],[12.724213,46.191338],[12.724314,46.191311],[12.724479,46.19127],[12.724616,46.191227],[12.724752,46.191179],[12.724977,46.191076],[12.725204,46.190973],[12.725346,46.190922],[12.725448,46.190908],[12.725549,46.190916],[12.725612,46.190956],[12.725711,46.191044],[12.725762,46.191129],[12.725806,46.191217],[12.725843,46.191342],[12.725879,46.191449],[12.725936,46.191545],[12.726007,46.191598],[12.726119,46.191619],[12.726234,46.19157],[12.726308,46.191516],[12.72638,46.191443],[12.726525,46.191284],[12.726764,46.191035],[12.726898,46.190891],[12.726979,46.190832],[12.727068,46.190779],[12.727137,46.190743],[12.727249,46.190744],[12.727362,46.190782],[12.72745,46.190818],[12.727535,46.190856],[12.727612,46.190922],[12.727718,46.190998],[12.727788,46.191064],[12.727855,46.191128],[12.727899,46.19119],[12.727934,46.191286],[12.727972,46.19134],[12.728021,46.191409],[12.728073,46.191455],[12.728178,46.191491],[12.728358,46.191497],[12.728493,46.191426],[12.72854,46.191332],[12.728568,46.191237],[12.728574,46.191172],[12.728539,46.191087],[12.72852,46.190998],[12.728481,46.190899],[12.728458,46.19077],[12.728397,46.190601],[12.728335,46.19043],[12.728257,46.190198],[12.728229,46.190071],[12.728214,46.189971],[12.728222,46.189856],[12.728248,46.189756],[12.728294,46.189636],[12.728392,46.189433],[12.72848,46.189259],[12.728565,46.189109],[12.728637,46.189011],[12.728701,46.188943],[12.728787,46.188871],[12.72903,46.188718],[12.729103,46.188666],[12.729179,46.188597],[12.729259,46.188493],[12.729369,46.18818],[12.729406,46.188081],[12.729454,46.187995],[12.729624,46.187823],[12.729681,46.187753],[12.729718,46.187688],[12.729763,46.187598],[12.729801,46.187492],[12.729854,46.187291],[12.729921,46.187039],[12.729978,46.186885],[12.730019,46.186802],[12.730073,46.186714],[12.730381,46.186324],[12.730542,46.186114],[12.730729,46.185874],[12.731002,46.185526]]}},{"type":"Feature","properties":{"u":2627519672,"v":12970036735,"length":721.621,"highway":"unclassified","maxspeed":50},"geometry":{"type":"LineString","coordinates":[[12.731002,46.185526],[12.731234,46.185238],[12.731378,46.185069],[12.731481,46.184977],[12.731587,46.184871],[12.731708,46.184807],[12.731833,46.184732],[12.731961,46.184658],[12.732094,46.184587],[12.732255,46.18454],[12.732427,46.184484],[12.732923,46.184319],[12.733108,46.184218],[12.733231,46.18416],[12.733421,46.18408],[12.733701,46.183976],[12.734157,46.18382],[12.734551,46.183681],[12.734914,46.183568],[12.735136,46.183487],[12.73532,46.18336],[12.735423,46.18328],[12.735528,46.183175],[12.735884,46.182807],[12.736167,46.182535],[12.736263,46.182453],[12.736355,46.182388],[12.73645,46.182336],[12.736572,46.182291],[12.736737,46.182249],[12.737255,46.182144],[12.737802,46.182036],[12.73798,46.182003],[12.738085,46.181974],[12.738164,46.181942],[12.738246,46.181873],[12.738299,46.181815]]}},{"type":"Feature","properties":{"u":1902485044,"v":1902484971,"length":390.401,"highway":"unclassified","maxspeed":50},"geometry":{"type":"LineString","coordinates":[[12.720331,46.192577],[12.720398,46.192423],[12.720376,46.192355],[12.720499,46.192197],[12.720594,46.192038],[12.720624,46.191971],[12.720634,46.191898],[12.720638,46.191812],[12.720613,46.191714],[12.720589,46.19164],[12.720549,46.191564],[12.720425,46.191386],[12.720256,46.191187],[12.719967,46.190866],[12.719596,46.19048],[12.719357,46.190221],[12.719263,46.190089],[12.719152,46.189951],[12.719098,46.189861],[12.719043,46.189781],[12.71902,46.18971],[12.719016,46.189627],[12.719048,46.189574],[12.719119,46.189526],[12.719175,46.189499],[12.71924,46.189496]]}},{"type":"Feature","properties":{"u":2241425075,"v":2695368714,"length":128.531,"highway":"residential"},"geometry":{"type":"LineString","coordinates":[[12.558638,46.071467],[12.558549,46.071435],[12.558487,46.071394],[12.558378,46.071406],[12.558172,46.071492],[12.557964,46.071616],[12.55777,46.071699],[12.557536,46.071753],[12.557203,46.071881]]}},{"type":"Feature","properties":{"u":475594902,"v":2695370744,"length":2419.412,"highway":"unclassified"},"geometry":{"type":"LineString","coordinates":[[12.551952,46.081621],[12.55204,46.081772],[12.55217,46.081985],[12.552227,46.0821],[12.552225,46.082194],[12.552176,46.082282],[12.552154,46.082398],[12.552165,46.082441],[12.552219,46.08249],[12.55237,46.082561],[12.552585,46.082667],[12.552682,46.082756],[12.552787,46.08292],[12.552885,46.08307],[12.552955,46.083198],[12.553007,46.083336],[12.553011,46.083452],[12.552977,46.083552],[12.55285,46.083668],[12.55274,46.08376],[12.552732,46.08384],[12.552754,46.083914],[12.552816,46.083985],[12.552861,46.084044],[12.552897,46.084089],[12.552965,46.084142],[12.553124,46.084225],[12.55329,46.084317],[12.553362,46.08438],[12.553416,46.084469],[12.553436,46.084558],[12.553409,46.084718],[12.553424,46.084803],[12.55348,46.084878],[12.553534,46.084956],[12.553535,46.085033],[12.553519,46.085131],[12.553466,46.085269],[12.553412,46.085374],[12.55338,46.085475],[12.553366,46.085536],[12.553408,46.085633],[12.553513,46.08579],[12.553633,46.085979],[12.553783,46.086166],[12.553855,46.086242],[12.553953,46.08632],[12.554109,46.086443],[12.554202,46.086567],[12.554226,46.086681],[12.554274,46.086858],[12.554336,46.087027],[12.554463,46.087266],[12.554599,46.087509],[12.554695,46.087618],[12.55484,46.087736],[12.554955,46.087817],[12.55508,46.08789],[12.5552,46.087976],[12.555268,46.088083],[12.555317,46.088175],[12.555355,46.088288],[12.55538,46.088408],[12.555399,46.088531],[12.555446,46.088651],[12.555552,46.088784],[12.555691,46.088897],[12.555787,46.088967],[12.555872,46.089078],[12.555969,46.089247],[12.556218,46.089521],[12.55643,46.089805],[12.556658,46.090132],[12.556883,46.090447],[12.556949,46.090574],[12.556977,46.09064],[12.556949,46.090712],[12.556908,46.090715],[12.556877,46.090717],[12.556813,46.090684],[12.556792,46.090598],[12.556767,46.090507],[12.556689,46.090353],[12.556459,46.090099],[12.556275,46.089932],[12.556036,46.089734],[12.555606,46.089435],[12.555401,46.08928],[12.555242,46.089188],[12.554949,46.089038],[12.554833,46.088944],[12.554708,46.088794],[12.55455,46.08862],[12.554334,46.08846],[12.553958,46.088229],[12.553861,46.088154],[12.553775,46.088039],[12.553734,46.087946],[12.553676,46.087848],[12.553571,46.087761],[12.553383,46.087661],[12.553252,46.087602],[12.553133,46.087539],[12.553029,46.087459],[12.552884,46.087267],[12.552649,46.087012],[12.552473,46.086888],[12.552128,46.086659],[12.551781,46.086431],[12.551675,46.08634],[12.551649,46.08625],[12.5516,46.086135],[12.551531,46.086039],[12.551427,46.085937],[12.551267,46.085812],[12.55103,46.085683],[12.550745,46.085559],[12.550556,46.085513],[12.550332,46.085471],[12.550138,46.085439],[12.550044,46.085359],[12.549948,46.085256],[12.549805,46.085157],[12.549595,46.085096],[12.549383,46.085062],[12.549086,46.084986],[12.54873,46.084878],[12.548481,46.084787],[12.548195,46.08468],[12.547827,46.084539],[12.547619,46.084464],[12.547387,46.084362],[12.547107,46.084185],[12.546831,46.084046],[12.546532,46.083934],[12.546362,46.083842],[12.546211,46.083754],[12.545882,46.083639],[12.545569,46.083505],[12.545419,46.083404],[12.545286,46.083316],[12.545156,46.083244]]}},{"type":"Feature","properties":{"u":2723601384,"v":402568327,"length":29.325,"highway":"unclassified"},"geometry":{"type":"LineString","coordinates":[[12.567249,46.093033],[12.56722,46.093001],[12.567184,46.092904],[12.567164,46.092779]]}},{"type":"Feature","properties":{"u":1094723503,"v":475521919,"length":20.222,"highway":"unclassified"},"geometry":{"type":"LineString","coordinates":[[12.57659,46.083133],[12.576779,46.083128],[12.576852,46.083126]]}},{"type":"Feature","properties":{"u":1769505429,"v":2847291437,"length":140.428,"highway":"unclassified"},"geometry":{"type":"LineString","coordinates":[[12.607497,46.113712],[12.60705,46.114068],[12.606621,46.114436],[12.606368,46.114701]]}},{"type":"Feature","properties":{"u":2155872409,"v":2938056096,"length":107.321,"highway":"unclassified"},"geometry":{"type":"LineString","coordinates":[[12.614576,46.122318],[12.614724,46.122281],[12.614794,46.122253],[12.614794,46.12223],[12.614775,46.1222],[12.614729,46.12216],[12.614641,46.122093],[12.614547,46.122022],[12.614472,46.121957],[12.614351,46.121845],[12.61423,46.121738],[12.61411,46.121634],[12.614096,46.121624]]}},{"type":"Feature","properties":{"u":2847340347,"v":2851807800,"length":189.015,"highway":"unclassified"},"geometry":{"type":"LineString","coordinates":[[12.609455,46.116724],[12.609513,46.116672],[12.609574,46.116621],[12.609751,46.116484],[12.610001,46.116316],[12.61028,46.116132],[12.610452,46.116027],[12.610551,46.116016],[12.610692,46.116084],[12.610838,46.116136],[12.611006,46.116136],[12.611143,46.116127],[12.611289,46.116108],[12.611426,46.116078]]}},{"type":"Feature","properties":{"u":2847348298,"v":1769484289,"length":83.308,"highway":"unclassified"},"geometry":{"type":"LineString","coordinates":[[12.59909,46.118438],[12.599181,46.118386],[12.599237,46.11833],[12.599299,46.118252],[12.599398,46.118063],[12.599479,46.117913],[12.599548,46.117839],[12.599631,46.117819]]}},{"type":"Feature","properties":{"u":2847402171,"v":2847402173,"length":55.129,"highway":"residential"},"geometry":{"type":"LineString","coordinates":[[12.612009,46.119659],[12.612144,46.119726],[12.612294,46.1198],[12.612449,46.119882],[12.612588,46.11995]]}},{"type":"Feature","properties":{"u":1769505412,"v":2850790076,"length":340.21,"highway":"unclassified"},"geometry":{"type":"LineString","coordinates":[[12.607755,46.113312],[12.608029,46.113524],[12.608158,46.113624],[12.608282,46.113695],[12.608453,46.113739],[12.608668,46.11378],[12.608877,46.113814],[12.609177,46.113869],[12.609483,46.113918],[12.609751,46.113959],[12.610041,46.114007],[12.610352,46.114048],[12.610792,46.114096],[12.61121,46.11413],[12.611527,46.114163],[12.611851,46.114199]]}},{"type":"Feature","properties":{"u":1769505396,"v":1946093961,"length":50.76,"highway":"unclassified"},"geometry":{"type":"LineString","coordinates":[[12.608151,46.112429],[12.608287,46.112488],[12.608413,46.112542],[12.608555,46.112609],[12.608677,46.112699]]}},{"type":"Feature","properties":{"u":3822891966,"v":2850799992,"length":65.813,"highway":"unclassified"},"geometry":{"type":"LineString","coordinates":[[12.605154,46.112899],[12.605121,46.112879],[12.60504,46.112823],[12.604931,46.112741],[12.604824,46.112678],[12.604741,46.112614],[12.604639,46.11254],[12.604574,46.112468]]}},{"type":"Feature","properties":{"u":2851581308,"v":5053163363,"length":101.546,"highway":"unclassified"},"geometry":{"type":"LineString","coordinates":[[12.590084,46.073043],[12.591155,46.07261],[12.591222,46.072584]]}},{"type":"Feature","properties":{"u":2851581310,"v":2851581314,"length":148.065,"highway":"unclassified"},"geometry":{"type":"LineString","coordinates":[[12.588674,46.072702],[12.589025,46.073055],[12.589314,46.073386],[12.589522,46.073598],[12.589667,46.073837]]}},{"type":"Feature","properties":{"u":478712472,"v":2851741631,"length":109.815,"highway":"residential"},"geometry":{"type":"LineString","coordinates":[[12.586186,46.066861],[12.585955,46.066741],[12.585672,46.066591],[12.585517,46.066505],[12.585438,46.066438],[12.585336,46.06637],[12.585093,46.066232]]}},{"type":"Feature","properties":{"u":2851778260,"v":2851778267,"length":125.62,"highway":"unclassified"},"geometry":{"type":"LineString","coordinates":[[12.613927,46.118744],[12.613588,46.119081],[12.613545,46.119122],[12.613505,46.11912],[12.613454,46.119103],[12.613272,46.119016],[12.613001,46.11889],[12.612732,46.11877]]}},{"type":"Feature","properties":{"u":2852681225,"v":2852681226,"length":79.075,"highway":"residential"},"geometry":{"type":"LineString","coordinates":[[12.577155,46.061186],[12.576286,46.061563]]}},{"type":"Feature","properties":{"u":1875944438,"v":2853275099,"length":34.885,"highway":"unclassified"},"geometry":{"type":"LineString","coordinates":[[12.652722,46.106507],[12.652843,46.106449],[12.65293,46.106418],[12.652987,46.106413],[12.65304,46.106415],[12.653137,46.106417]]}},{"type":"Feature","properties":{"u":2855490243,"v":2855490261,"length":137.321,"highway":"unclassified"},"geometry":{"type":"LineString","coordinates":[[12.654373,46.062548],[12.654257,46.062533],[12.654142,46.062511],[12.654077,46.062485],[12.654039,46.062457],[12.654012,46.062424],[12.654009,46.062393],[12.654013,46.062342],[12.654039,46.062301],[12.654079,46.062261],[12.654145,46.06223],[12.654197,46.06222],[12.65426,46.062205],[12.654335,46.062174],[12.654378,46.062136],[12.654399,46.062105],[12.65444,46.062023],[12.654505,46.06186],[12.654549,46.061737],[12.654581,46.061638]]}},{"type":"Feature","properties":{"u":2859192545,"v":498850211,"length":18.368,"highway":"unclassified"},"geometry":{"type":"LineString","coordinates":[[12.598034,46.060696],[12.59808,46.06069],[12.598137,46.060693],[12.598197,46.060703],[12.598264,46.060722]]}},{"type":"Feature","properties":{"u":2859201226,"v":2859201230,"length":12.074,"highway":"tertiary"},"geometry":{"type":"LineString","coordinates":[[12.583879,46.0661],[12.583877,46.066127],[12.583864,46.066153],[12.583839,46.066174],[12.583807,46.066189]]}},{"type":"Feature","properties":{"u":2859201230,"v":2859201232,"length":6.044,"highway":"tertiary"},"geometry":{"type":"LineString","coordinates":[[12.583807,46.066189],[12.583769,46.066196],[12.58373,46.066195]]}},{"type":"Feature","properties":{"u":2859201232,"v":2859201216,"length":9.466,"highway":"tertiary"},"geometry":{"type":"LineString","coordinates":[[12.58373,46.066195],[12.583693,46.066186],[12.583662,46.066169],[12.583639,46.066143]]}},{"type":"Feature","properties":{"u":2859201216,"v":2859201219,"length":3.316,"highway":"tertiary"},"geometry":{"type":"LineString","coordinates":[[12.583639,46.066143],[12.583629,46.066114]]}},{"type":"Feature","properties":{"u":2859201219,"v":2859201222,"length":10.066,"highway":"tertiary"},"geometry":{"type":"LineString","coordinates":[[12.583629,46.066114],[12.583635,46.066084],[12.583655,46.066057],[12.583687,46.066037]]}},{"type":"Feature","properties":{"u":2859201222,"v":2859201223,"length":3.362,"highway":"tertiary"},"geometry":{"type":"LineString","coordinates":[[12.583687,46.066037],[12.583727,46.066025]]}},{"type":"Feature","properties":{"u":2859201223,"v":2859201218,"length":13.08,"highway":"tertiary"},"geometry":{"type":"LineString","coordinates":[[12.583727,46.066025],[12.58377,46.066024],[12.583812,46.066033],[12.583846,46.066051],[12.583868,46.066074]]}},{"type":"Feature","properties":{"u":2859201218,"v":2859201226,"length":3.013,"highway":"tertiary"},"geometry":{"type":"LineString","coordinates":[[12.583868,46.066074],[12.583879,46.0661]]}},{"type":"Feature","properties":{"u":2859201214,"v":2859201222,"length":11.137,"highway":"tertiary"},"geometry":{"type":"LineString","coordinates":[[12.583545,46.066019],[12.583687,46.066037]]}},{"type":"Feature","properties":{"u":2859201219,"v":2859201214,"length":12.393,"highway":"tertiary"},"geometry":{"type":"LineString","coordinates":[[12.583629,46.066114],[12.583545,46.066019]]}},{"type":"Feature","properties":{"u":1961333421,"v":2859201230,"length":12.01,"highway":"tertiary"},"geometry":{"type":"LineString","coordinates":[[12.583962,46.066199],[12.583807,46.066189]]}},{"type":"Feature","properties":{"u":2859201226,"v":1961333421,"length":12.735,"highway":"tertiary"},"geometry":{"type":"LineString","coordinates":[[12.583879,46.0661],[12.583962,46.066199]]}},{"type":"Feature","properties":{"u":2859201232,"v":2859201213,"length":12.068,"highway":"unclassified"},"geometry":{"type":"LineString","coordinates":[[12.58373,46.066195],[12.583589,46.066242]]}},{"type":"Feature","properties":{"u":2859201213,"v":2859201216,"length":11.665,"highway":"unclassified"},"geometry":{"type":"LineString","coordinates":[[12.583589,46.066242],[12.583639,46.066143]]}},{"type":"Feature","properties":{"u":2859201223,"v":2859201212,"length":14.162,"highway":"unclassified"},"geometry":{"type":"LineString","coordinates":[[12.583727,46.066025],[12.583884,46.065959]]}},{"type":"Feature","properties":{"u":2859201212,"v":2859201218,"length":12.847,"highway":"unclassified"},"geometry":{"type":"LineString","coordinates":[[12.583884,46.065959],[12.583868,46.066074]]}},{"type":"Feature","properties":{"u":2859209313,"v":2859209322,"length":136.836,"highway":"unclassified"},"geometry":{"type":"LineString","coordinates":[[12.578924,46.08301],[12.578325,46.083393],[12.578267,46.083453],[12.578211,46.083524],[12.57813,46.083619],[12.578065,46.083684],[12.577987,46.083734],[12.577853,46.083773],[12.577757,46.083781],[12.577641,46.083793]]}},{"type":"Feature","properties":{"u":2859211611,"v":2859211632,"length":160.706,"highway":"unclassified"},"geometry":{"type":"LineString","coordinates":[[12.579341,46.085076],[12.579443,46.085109],[12.57958,46.085186],[12.579665,46.085238],[12.579755,46.085297],[12.579822,46.085353],[12.579886,46.085408],[12.579965,46.085469],[12.580055,46.085535],[12.58016,46.085594],[12.580256,46.085642],[12.580338,46.085671],[12.580422,46.085691],[12.58053,46.085707],[12.580627,46.08574],[12.580717,46.08577],[12.580775,46.085802],[12.580822,46.085836],[12.580851,46.085892],[12.580889,46.08593],[12.580924,46.085959]]}},{"type":"Feature","properties":{"u":2859212841,"v":2859212849,"length":75.622,"highway":"unclassified"},"geometry":{"type":"LineString","coordinates":[[12.577886,46.084216],[12.577732,46.084299],[12.577615,46.084373],[12.577559,46.084438],[12.577495,46.08446],[12.577362,46.084479],[12.577253,46.084502],[12.577129,46.084536],[12.577074,46.084558]]}},{"type":"Feature","properties":{"u":2859212851,"v":2859212856,"length":30.256,"highway":"unclassified"},"geometry":{"type":"LineString","coordinates":[[12.579177,46.084542],[12.579107,46.084501],[12.579057,46.084463],[12.579004,46.084427],[12.578953,46.08439],[12.578903,46.084348]]}},{"type":"Feature","properties":{"u":402609945,"v":1714897799,"length":193.433,"highway":"unclassified"},"geometry":{"type":"LineString","coordinates":[[12.591809,46.094512],[12.590903,46.094761],[12.590436,46.094873],[12.58997,46.094988],[12.589755,46.095055],[12.589682,46.095078],[12.589637,46.095095],[12.589589,46.095114],[12.589554,46.095149],[12.589544,46.095191]]}},{"type":"Feature","properties":{"u":1769479283,"v":2861733895,"length":14.233,"highway":"unclassified"},"geometry":{"type":"LineString","coordinates":[[12.604714,46.116266],[12.604715,46.116394]]}},{"type":"Feature","properties":{"u":1769505403,"v":1769505416,"length":80.412,"highway":"unclassified"},"geometry":{"type":"LineString","coordinates":[[12.606898,46.112874],[12.607173,46.113075],[12.607428,46.113273],[12.607612,46.113401]]}},{"type":"Feature","properties":{"u":1769505403,"v":1769505389,"length":89.554,"highway":"unclassified"},"geometry":{"type":"LineString","coordinates":[[12.606898,46.112874],[12.606952,46.112826],[12.607038,46.112729],[12.607148,46.11257],[12.607257,46.112418],[12.607392,46.112307],[12.607529,46.112205]]}},{"type":"Feature","properties":{"u":1769484295,"v":1769484289,"length":116.871,"highway":"unclassified"},"geometry":{"type":"LineString","coordinates":[[12.600982,46.118276],[12.600778,46.118242],[12.600569,46.11818],[12.600317,46.118112],[12.60006,46.118029],[12.599846,46.117924],[12.599631,46.117819]]}},{"type":"Feature","properties":{"u":1769484289,"v":2847348288,"length":74.561,"highway":"unclassified"},"geometry":{"type":"LineString","coordinates":[[12.599631,46.117819],[12.599599,46.117767],[12.599591,46.117648],[12.599607,46.117542],[12.599677,46.117414],[12.599776,46.117302],[12.599865,46.117199]]}},{"type":"Feature","properties":{"u":2155872409,"v":2155872406,"length":114.024,"highway":"unclassified"},"geometry":{"type":"LineString","coordinates":[[12.614576,46.122318],[12.614269,46.122034],[12.613946,46.121819],[12.613793,46.121739],[12.613486,46.121659]]}},{"type":"Feature","properties":{"u":1711461617,"v":2868855809,"length":80.325,"highway":"residential"},"geometry":{"type":"LineString","coordinates":[[12.590865,46.085107],[12.591304,46.085093],[12.591381,46.085106],[12.591448,46.085138],[12.591489,46.085169],[12.591671,46.085401]]}},{"type":"Feature","properties":{"u":2868883436,"v":2868883445,"length":66.633,"highway":"unclassified"},"geometry":{"type":"LineString","coordinates":[[12.577663,46.083834],[12.577511,46.083915],[12.577377,46.083993],[12.577311,46.084037],[12.577242,46.084064],[12.57716,46.084067],[12.577103,46.084071],[12.577051,46.084077],[12.577012,46.084094],[12.576949,46.084137]]}},{"type":"Feature","properties":{"u":2868962614,"v":2868962619,"length":80.796,"highway":"residential"},"geometry":{"type":"LineString","coordinates":[[12.582615,46.065612],[12.582182,46.06592],[12.582158,46.065957],[12.582154,46.066002],[12.582178,46.066039],[12.58236,46.066153]]}},{"type":"Feature","properties":{"u":483695884,"v":475521916,"length":427.933,"highway":"tertiary"},"geometry":{"type":"LineString","coordinates":[[12.578491,46.062556],[12.578571,46.062723],[12.578735,46.063028],[12.578852,46.063203],[12.579024,46.063392],[12.579235,46.063589],[12.579434,46.063741],[12.579691,46.063911],[12.580181,46.06422],[12.582135,46.065364]]}},{"type":"Feature","properties":{"u":2868994889,"v":2155861041,"length":172.805,"highway":"residential"},"geometry":{"type":"LineString","coordinates":[[12.581497,46.074601],[12.581121,46.074736],[12.581092,46.074756],[12.581082,46.074774],[12.581064,46.075072],[12.581018,46.075554],[12.58092,46.07598]]}},{"type":"Feature","properties":{"u":2869308713,"v":2869308731,"length":255.696,"highway":"unclassified"},"geometry":{"type":"LineString","coordinates":[[12.597637,46.060983],[12.597482,46.060755],[12.597399,46.060646],[12.597321,46.060567],[12.597102,46.060376],[12.596916,46.060208],[12.59668,46.060011],[12.596529,46.059892],[12.596376,46.059769],[12.596293,46.059669],[12.596272,46.059614],[12.596272,46.059566],[12.5963,46.059522],[12.596444,46.059417],[12.596686,46.059276],[12.596737,46.059234],[12.596757,46.05921],[12.596767,46.059184],[12.596771,46.059131]]}},{"type":"Feature","properties":{"u":498850211,"v":2869312566,"length":139.496,"highway":"unclassified"},"geometry":{"type":"LineString","coordinates":[[12.598264,46.060722],[12.59842,46.060726],[12.598516,46.060716],[12.598651,46.060694],[12.59898,46.060641],[12.599291,46.060584],[12.59949,46.060551],[12.599675,46.060507],[12.599837,46.060453],[12.599986,46.060387]]}},{"type":"Feature","properties":{"u":375694512,"v":2872243798,"length":99.425,"highway":"unclassified"},"geometry":{"type":"LineString","coordinates":[[12.63554,46.138245],[12.634801,46.137512]]}},{"type":"Feature","properties":{"u":1769463363,"v":2872253307,"length":85.793,"highway":"unclassified"},"geometry":{"type":"LineString","coordinates":[[12.619721,46.121569],[12.619744,46.121628],[12.619785,46.121669],[12.619879,46.121742],[12.620083,46.121876],[12.620245,46.121983],[12.620369,46.122064],[12.620461,46.122134]]}},{"type":"Feature","properties":{"u":9881911766,"v":727760779,"length":51.22,"highway":"unclassified"},"geometry":{"type":"LineString","coordinates":[[12.626215,46.073247],[12.626086,46.073337],[12.625765,46.073451],[12.625655,46.073485]]}},{"type":"Feature","properties":{"u":2872875142,"v":2872875141,"length":25.25,"highway":"primary"},"geometry":{"type":"LineString","coordinates":[[12.659885,46.077747],[12.659784,46.077963]]}},{"type":"Feature","properties":{"u":2872875159,"v":2872875158,"length":11.343,"highway":"tertiary"},"geometry":{"type":"LineString","coordinates":[[12.652522,46.078277],[12.65252,46.078175]]}},{"type":"Feature","properties":{"u":2872875158,"v":735499765,"length":66.162,"highway":"tertiary"},"geometry":{"type":"LineString","coordinates":[[12.65252,46.078175],[12.652517,46.077823],[12.652515,46.07758]]}},{"type":"Feature","properties":{"u":735499765,"v":295257089,"length":38.031,"highway":"tertiary"},"geometry":{"type":"LineString","coordinates":[[12.652515,46.07758],[12.65251,46.077238]]}},{"type":"Feature","properties":{"u":295257089,"v":295257093,"length":329.361,"highway":"tertiary"},"geometry":{"type":"LineString","coordinates":[[12.65251,46.077238],[12.6525,46.076541],[12.652466,46.075492],[12.652423,46.074669],[12.652406,46.074277]]}},{"type":"Feature","properties":{"u":295257093,"v":1768713162,"length":26.283,"highway":"tertiary"},"geometry":{"type":"LineString","coordinates":[[12.652406,46.074277],[12.652387,46.074041]]}},{"type":"Feature","properties":{"u":1768713162,"v":3028055432,"length":141.375,"highway":"tertiary"},"geometry":{"type":"LineString","coordinates":[[12.652387,46.074041],[12.652378,46.073832],[12.652258,46.072951],[12.652226,46.072775]]}},{"type":"Feature","properties":{"u":3028055432,"v":2938090604,"length":46.119,"highway":"tertiary"},"geometry":{"type":"LineString","coordinates":[[12.652226,46.072775],[12.652171,46.072362]]}},{"type":"Feature","properties":{"u":2938090604,"v":295257098,"length":74.206,"highway":"tertiary"},"geometry":{"type":"LineString","coordinates":[[12.652171,46.072362],[12.65214,46.071695]]}},{"type":"Feature","properties":{"u":295257098,"v":735151787,"length":27.93,"highway":"tertiary"},"geometry":{"type":"LineString","coordinates":[[12.65214,46.071695],[12.652105,46.071445]]}},{"type":"Feature","properties":{"u":2872875141,"v":552178099,"length":728.737,"highway":"primary"},"geometry":{"type":"LineString","coordinates":[[12.659784,46.077963],[12.659722,46.078079],[12.659675,46.078168],[12.659595,46.07831],[12.659486,46.078505],[12.659368,46.078694],[12.659218,46.078902],[12.659077,46.079083],[12.658921,46.079257],[12.658753,46.079436],[12.658591,46.0796],[12.658266,46.079916],[12.657912,46.080228],[12.657486,46.080544],[12.65702,46.080833],[12.656486,46.08113],[12.656014,46.081371],[12.655445,46.081635],[12.654872,46.08187],[12.65414,46.08218],[12.653601,46.08239],[12.653335,46.082508]]}},{"type":"Feature","properties":{"u":2872916952,"v":2872916953,"length":26.529,"highway":"primary"},"geometry":{"type":"LineString","coordinates":[[12.657869,46.068466],[12.657955,46.068697]]}},{"type":"Feature","properties":{"u":2872916953,"v":2872875142,"length":1032.051,"highway":"primary"},"geometry":{"type":"LineString","coordinates":[[12.657955,46.068697],[12.658285,46.069527],[12.658474,46.070004],[12.658654,46.070474],[12.658821,46.070885],[12.658969,46.071267],[12.65921,46.071882],[12.659494,46.072607],[12.659776,46.073338],[12.659914,46.073754],[12.660027,46.07409],[12.660123,46.07445],[12.660213,46.074824],[12.660255,46.075089],[12.660286,46.075364],[12.660296,46.075514],[12.660304,46.075671],[12.660303,46.076029],[12.660254,46.076497],[12.660186,46.076853],[12.660124,46.07707],[12.660025,46.077368],[12.659957,46.077544],[12.659908,46.077688],[12.659885,46.077747]]}},{"type":"Feature","properties":{"u":2874262917,"v":2874262925,"length":185.643,"highway":"residential"},"geometry":{"type":"LineString","coordinates":[[12.591708,46.065899],[12.591743,46.065889],[12.591782,46.065885],[12.591821,46.065888],[12.591851,46.065895],[12.591878,46.065912],[12.591925,46.065965],[12.592106,46.066179],[12.592337,46.06646],[12.592991,46.067246]]}},{"type":"Feature","properties":{"u":472014908,"v":1961333421,"length":129.339,"highway":"tertiary"},"geometry":{"type":"LineString","coordinates":[[12.585166,46.06698],[12.585118,46.066928],[12.584973,46.066786],[12.584802,46.066622],[12.584679,46.066529],[12.58456,46.066454],[12.584351,46.066357],[12.58414,46.06627],[12.583985,46.066208],[12.583962,46.066199]]}},{"type":"Feature","properties":{"u":483695890,"v":483695888,"length":34.091,"highway":"unclassified"},"geometry":{"type":"LineString","coordinates":[[12.567103,46.063282],[12.567208,46.063291],[12.567315,46.063278],[12.56742,46.063254],[12.567524,46.063217]]}},{"type":"Feature","properties":{"u":483695888,"v":2882994271,"length":36.011,"highway":"unclassified"},"geometry":{"type":"LineString","coordinates":[[12.567524,46.063217],[12.567362,46.063338],[12.567292,46.063375],[12.567251,46.063398],[12.567181,46.063435]]}},{"type":"Feature","properties":{"u":2913968363,"v":2913968364,"length":40.308,"highway":"unclassified"},"geometry":{"type":"LineString","coordinates":[[12.658485,46.156013],[12.658077,46.15624]]}},{"type":"Feature","properties":{"u":2913968364,"v":2913968365,"length":66.92,"highway":"unclassified"},"geometry":{"type":"LineString","coordinates":[[12.658077,46.15624],[12.658603,46.156719]]}},{"type":"Feature","properties":{"u":2913968364,"v":2913968366,"length":82.282,"highway":"unclassified"},"geometry":{"type":"LineString","coordinates":[[12.658077,46.15624],[12.657333,46.155709]]}},{"type":"Feature","properties":{"u":2860748123,"v":2851807770,"length":50.96,"highway":"unclassified"},"geometry":{"type":"LineString","coordinates":[[12.604736,46.11666],[12.604768,46.116725],[12.604813,46.116788],[12.604904,46.11688],[12.605004,46.116991],[12.605036,46.11703],[12.605038,46.117062]]}},{"type":"Feature","properties":{"u":2924645062,"v":1769463382,"length":12.702,"highway":"unclassified"},"geometry":{"type":"LineString","coordinates":[[12.623829,46.122032],[12.623991,46.122053]]}},{"type":"Feature","properties":{"u":1769463382,"v":1769463386,"length":29.907,"highway":"unclassified"},"geometry":{"type":"LineString","coordinates":[[12.623991,46.122053],[12.624131,46.122077],[12.624258,46.122099],[12.624365,46.122124]]}},{"type":"Feature","properties":{"u":10053745873,"v":1892343185,"length":121.728,"highway":"unclassified"},"geometry":{"type":"LineString","coordinates":[[12.624657,46.122213],[12.624865,46.122307],[12.624964,46.122355],[12.62503,46.122374],[12.62511,46.122379],[12.625189,46.122371],[12.625244,46.122366],[12.625332,46.122337],[12.625732,46.12218],[12.62605,46.122073],[12.626055,46.122065]]}},{"type":"Feature","properties":{"u":1892343185,"v":1769463369,"length":16.468,"highway":"unclassified"},"geometry":{"type":"LineString","coordinates":[[12.626055,46.122065],[12.626065,46.122049],[12.626028,46.121964],[12.626006,46.121925]]}},{"type":"Feature","properties":{"u":1769463386,"v":1769463387,"length":9.837,"highway":"unclassified"},"geometry":{"type":"LineString","coordinates":[[12.624365,46.122124],[12.624487,46.12215]]}},{"type":"Feature","properties":{"u":2935996248,"v":1769457401,"length":83.82,"highway":"unclassified"},"geometry":{"type":"LineString","coordinates":[[12.619227,46.123107],[12.619495,46.123431],[12.619726,46.123776]]}},{"type":"Feature","properties":{"u":2936005602,"v":2936005608,"length":47.927,"highway":"unclassified"},"geometry":{"type":"LineString","coordinates":[[12.616127,46.120647],[12.616047,46.120596],[12.616026,46.120563],[12.615977,46.120431],[12.615924,46.12037],[12.615873,46.120331],[12.615807,46.120293]]}},{"type":"Feature","properties":{"u":2936005609,"v":2936005613,"length":60.968,"highway":"unclassified"},"geometry":{"type":"LineString","coordinates":[[12.616586,46.12079],[12.616715,46.120617],[12.616774,46.120542],[12.616844,46.120489],[12.61703,46.120341]]}},{"type":"Feature","properties":{"u":2938056096,"v":2938056095,"length":7.511,"highway":"unclassified"},"geometry":{"type":"LineString","coordinates":[[12.614096,46.121624],[12.614026,46.121577]]}},{"type":"Feature","properties":{"u":2938056095,"v":2847340349,"length":33.669,"highway":"unclassified"},"geometry":{"type":"LineString","coordinates":[[12.614026,46.121577],[12.613976,46.121542],[12.613884,46.121472],[12.613804,46.121403],[12.613739,46.121349]]}},{"type":"Feature","properties":{"u":2938090604,"v":2938090602,"length":39.291,"highway":"residential"},"geometry":{"type":"LineString","coordinates":[[12.652171,46.072362],[12.652489,46.07233],[12.652675,46.072311]]}},{"type":"Feature","properties":{"u":2860748123,"v":2942279124,"length":12.744,"highway":"unclassified"},"geometry":{"type":"LineString","coordinates":[[12.604736,46.11666],[12.604719,46.116546]]}},{"type":"Feature","properties":{"u":2942279124,"v":2861733895,"length":16.904,"highway":"unclassified"},"geometry":{"type":"LineString","coordinates":[[12.604719,46.116546],[12.604715,46.116394]]}},{"type":"Feature","properties":{"u":2860748134,"v":2942279124,"length":14.361,"highway":"unclassified"},"geometry":{"type":"LineString","coordinates":[[12.604887,46.116601],[12.604777,46.11656],[12.604719,46.116546]]}},{"type":"Feature","properties":{"u":2942279124,"v":2860748124,"length":13.366,"highway":"unclassified"},"geometry":{"type":"LineString","coordinates":[[12.604719,46.116546],[12.604618,46.116527],[12.60455,46.116534]]}},{"type":"Feature","properties":{"u":2942279119,"v":1769505385,"length":47.729,"highway":"unclassified"},"geometry":{"type":"LineString","coordinates":[[12.606486,46.112077],[12.606986,46.112085],[12.607105,46.112087]]}},{"type":"Feature","properties":{"u":2860029501,"v":2942279119,"length":27.742,"highway":"unclassified"},"geometry":{"type":"LineString","coordinates":[[12.606368,46.111859],[12.606348,46.111892],[12.606354,46.111937],[12.606466,46.11204],[12.606486,46.112077]]}},{"type":"Feature","properties":{"u":1879094610,"v":735499842,"length":43.037,"highway":"residential"},"geometry":{"type":"LineString","coordinates":[[12.654161,46.077877],[12.654239,46.077996],[12.654317,46.078114],[12.654337,46.078179],[12.65434,46.078239]]}},{"type":"Feature","properties":{"u":2952616137,"v":2952616138,"length":102.131,"highway":"unclassified"},"geometry":{"type":"LineString","coordinates":[[12.595731,46.096612],[12.595085,46.096616],[12.594967,46.096614],[12.59486,46.096637],[12.594771,46.096613],[12.594509,46.096449]]}},{"type":"Feature","properties":{"u":2978182639,"v":912311372,"length":152.503,"highway":"residential"},"geometry":{"type":"LineString","coordinates":[[12.638792,46.141922],[12.638255,46.142173],[12.637696,46.142491],[12.637587,46.142579],[12.637495,46.14271],[12.637428,46.142863]]}},{"type":"Feature","properties":{"u":912311372,"v":912307214,"length":21.999,"highway":"residential"},"geometry":{"type":"LineString","coordinates":[[12.637428,46.142863],[12.637372,46.143057]]}},{"type":"Feature","properties":{"u":912307214,"v":912291287,"length":76.204,"highway":"residential"},"geometry":{"type":"LineString","coordinates":[[12.637372,46.143057],[12.637294,46.143203],[12.637159,46.143357],[12.637022,46.143433],[12.636819,46.143481],[12.636712,46.143509]]}},{"type":"Feature","properties":{"u":2978182639,"v":912305927,"length":23.297,"highway":"residential"},"geometry":{"type":"LineString","coordinates":[[12.638792,46.141922],[12.638852,46.141808],[12.638933,46.14174]]}},{"type":"Feature","properties":{"u":2978182637,"v":2978182639,"length":20.188,"highway":"residential"},"geometry":{"type":"LineString","coordinates":[[12.639043,46.141877],[12.638929,46.141911],[12.638792,46.141922]]}},{"type":"Feature","properties":{"u":912295331,"v":912298271,"length":414.254,"highway":"unclassified"},"geometry":{"type":"LineString","coordinates":[[12.65804,46.140441],[12.658864,46.140494],[12.659069,46.140522],[12.659226,46.140559],[12.659439,46.140642],[12.659632,46.140792],[12.659812,46.14103],[12.659967,46.141369],[12.660096,46.14174],[12.660169,46.141946],[12.660326,46.142536],[12.660403,46.142837],[12.660506,46.143229]]}},{"type":"Feature","properties":{"u":912298271,"v":912296371,"length":5.321,"highway":"unclassified"},"geometry":{"type":"LineString","coordinates":[[12.660506,46.143229],[12.660519,46.143276]]}},{"type":"Feature","properties":{"u":2980754264,"v":2980754259,"length":24.88,"highway":"unclassified"},"geometry":{"type":"LineString","coordinates":[[12.657678,46.140488],[12.657544,46.140461],[12.657457,46.140419],[12.657415,46.140374]]}},{"type":"Feature","properties":{"u":2980754259,"v":2980754256,"length":23.133,"highway":"unclassified"},"geometry":{"type":"LineString","coordinates":[[12.657415,46.140374],[12.657477,46.140357],[12.657581,46.140331],[12.657704,46.14033]]}},{"type":"Feature","properties":{"u":912295331,"v":2980754264,"length":28.421,"highway":"unclassified"},"geometry":{"type":"LineString","coordinates":[[12.65804,46.140441],[12.657823,46.140462],[12.657678,46.140488]]}},{"type":"Feature","properties":{"u":295280975,"v":295280979,"length":39.827,"highway":"unclassified"},"geometry":{"type":"LineString","coordinates":[[12.710784,46.176554],[12.710756,46.176518],[12.710664,46.1764],[12.710634,46.176347],[12.710562,46.176231]]}},{"type":"Feature","properties":{"u":295280979,"v":1425733026,"length":54.768,"highway":"unclassified"},"geometry":{"type":"LineString","coordinates":[[12.710562,46.176231],[12.710604,46.175992],[12.710658,46.175857],[12.710676,46.175746]]}},{"type":"Feature","properties":{"u":1425733026,"v":295280986,"length":7.498,"highway":"unclassified"},"geometry":{"type":"LineString","coordinates":[[12.710676,46.175746],[12.710687,46.175679]]}},{"type":"Feature","properties":{"u":318680008,"v":3012718052,"length":108.461,"highway":"residential"},"geometry":{"type":"LineString","coordinates":[[12.699891,46.166837],[12.699843,46.166993],[12.699718,46.167172],[12.699042,46.167574]]}},{"type":"Feature","properties":{"u":295257098,"v":3028055430,"length":69.59,"highway":"residential"},"geometry":{"type":"LineString","coordinates":[[12.65214,46.071695],[12.652532,46.071686],[12.653029,46.071765]]}},{"type":"Feature","properties":{"u":745484894,"v":295257135,"length":32.538,"highway":"tertiary"},"geometry":{"type":"LineString","coordinates":[[12.652404,46.082465],[12.652542,46.082327],[12.652579,46.082205]]}},{"type":"Feature","properties":{"u":295257100,"v":295257101,"length":35.032,"highway":"tertiary"},"geometry":{"type":"LineString","coordinates":[[12.652041,46.070728],[12.652078,46.070414]]}},{"type":"Feature","properties":{"u":295257101,"v":735499769,"length":92.16,"highway":"tertiary"},"geometry":{"type":"LineString","coordinates":[[12.652078,46.070414],[12.652138,46.06992],[12.652203,46.06959]]}},{"type":"Feature","properties":{"u":735499769,"v":295257106,"length":236.502,"highway":"tertiary"},"geometry":{"type":"LineString","coordinates":[[12.652203,46.06959],[12.652275,46.069218],[12.652387,46.068813],[12.652653,46.068128],[12.6529,46.067522]]}},{"type":"Feature","properties":{"u":295257106,"v":735499636,"length":190.912,"highway":"tertiary"},"geometry":{"type":"LineString","coordinates":[[12.6529,46.067522],[12.652969,46.06733],[12.653116,46.066913],[12.65323,46.066359],[12.653305,46.06599],[12.653327,46.065878],[12.653336,46.065834]]}},{"type":"Feature","properties":{"u":735499636,"v":703573268,"length":101.635,"highway":"tertiary"},"geometry":{"type":"LineString","coordinates":[[12.653336,46.065834],[12.653469,46.065144],[12.653528,46.06493]]}},{"type":"Feature","properties":{"u":703573268,"v":2855490243,"length":272.813,"highway":"tertiary"},"geometry":{"type":"LineString","coordinates":[[12.653528,46.06493],[12.653703,46.064376],[12.654086,46.063376],[12.654373,46.062548]]}},{"type":"Feature","properties":{"u":2872329186,"v":1879089859,"length":1213.066,"highway":"tertiary"},"geometry":{"type":"LineString","coordinates":[[12.629274,46.072873],[12.629311,46.072939],[12.629425,46.073004],[12.629629,46.073133],[12.629886,46.073284],[12.630385,46.073586],[12.631386,46.074183],[12.631646,46.074345],[12.632301,46.074739],[12.632954,46.075139],[12.633365,46.075368],[12.633584,46.075465],[12.633808,46.075553],[12.634612,46.075843],[12.635756,46.07627],[12.636333,46.076493],[12.636879,46.076728],[12.639461,46.077862],[12.642143,46.079054]]}},{"type":"Feature","properties":{"u":1879089859,"v":275047779,"length":6.782,"highway":"tertiary"},"geometry":{"type":"LineString","coordinates":[[12.642143,46.079054],[12.642216,46.079088]]}},{"type":"Feature","properties":{"u":275047779,"v":1744420982,"length":187.063,"highway":"tertiary"},"geometry":{"type":"LineString","coordinates":[[12.642216,46.079088],[12.644265,46.079988]]}},{"type":"Feature","properties":{"u":1744420982,"v":735164419,"length":646.929,"highway":"tertiary"},"geometry":{"type":"LineString","coordinates":[[12.644265,46.079988],[12.644495,46.080084],[12.645272,46.080417],[12.645632,46.080539],[12.650228,46.08188],[12.650662,46.082008],[12.651027,46.082115],[12.651259,46.082214],[12.651825,46.082474]]}},{"type":"Feature","properties":{"u":735151788,"v":1768713139,"length":40.389,"highway":"unclassified"},"geometry":{"type":"LineString","coordinates":[[12.651053,46.071442],[12.650792,46.071494],[12.650563,46.071567]]}},{"type":"Feature","properties":{"u":1768713139,"v":1768713142,"length":104.385,"highway":"unclassified"},"geometry":{"type":"LineString","coordinates":[[12.650563,46.071567],[12.650359,46.071632],[12.649915,46.071764],[12.649501,46.071891],[12.64933,46.071953]]}},{"type":"Feature","properties":{"u":1768713142,"v":735164482,"length":3.644,"highway":"unclassified"},"geometry":{"type":"LineString","coordinates":[[12.64933,46.071953],[12.649288,46.071968]]}},{"type":"Feature","properties":{"u":735164482,"v":1768718879,"length":245.732,"highway":"unclassified"},"geometry":{"type":"LineString","coordinates":[[12.649288,46.071968],[12.648875,46.072077],[12.648528,46.072131],[12.647689,46.072239],[12.647054,46.072281],[12.646557,46.072316],[12.646171,46.072381]]}},{"type":"Feature","properties":{"u":1768718879,"v":1768726191,"length":128.03,"highway":"unclassified"},"geometry":{"type":"LineString","coordinates":[[12.646171,46.072381],[12.645799,46.072443],[12.645376,46.072511],[12.64519,46.07254],[12.644775,46.072544],[12.644541,46.072517]]}},{"type":"Feature","properties":{"u":1768726191,"v":1395939424,"length":7.391,"highway":"unclassified"},"geometry":{"type":"LineString","coordinates":[[12.644541,46.072517],[12.644448,46.072501]]}},{"type":"Feature","properties":{"u":3028055432,"v":3028056633,"length":74.227,"highway":"residential"},"geometry":{"type":"LineString","coordinates":[[12.652226,46.072775],[12.652662,46.072764],[12.652891,46.072797],[12.653183,46.072793]]}},{"type":"Feature","properties":{"u":3028227305,"v":3028227303,"length":39.422,"highway":"residential"},"geometry":{"type":"LineString","coordinates":[[12.582646,46.069581],[12.582376,46.06928]]}},{"type":"Feature","properties":{"u":3028227304,"v":3028227302,"length":37.781,"highway":"residential"},"geometry":{"type":"LineString","coordinates":[[12.58326,46.069318],[12.583017,46.069023]]}},{"type":"Feature","properties":{"u":2074543651,"v":1763018110,"length":537.733,"highway":"unclassified"},"geometry":{"type":"LineString","coordinates":[[12.58635,46.100603],[12.585266,46.101965],[12.584832,46.102514],[12.584736,46.10258],[12.584593,46.102607],[12.584212,46.102626],[12.583808,46.102683],[12.583421,46.102774],[12.583247,46.102873],[12.583206,46.102922],[12.583173,46.102961],[12.583134,46.103126],[12.583151,46.103304],[12.583264,46.103461],[12.583599,46.10391],[12.583755,46.104135],[12.583749,46.104178],[12.583741,46.104224]]}},{"type":"Feature","properties":{"u":1763014147,"v":3028227330,"length":119.201,"highway":"unclassified"},"geometry":{"type":"LineString","coordinates":[[12.592428,46.097992],[12.591108,46.097434]]}},{"type":"Feature","properties":{"u":3028227328,"v":3099472588,"length":164.915,"highway":"secondary"},"geometry":{"type":"LineString","coordinates":[[12.588016,46.090052],[12.58728,46.089482],[12.586588,46.088948]]}},{"type":"Feature","properties":{"u":3028227329,"v":3028227328,"length":19.226,"highway":"secondary"},"geometry":{"type":"LineString","coordinates":[[12.588182,46.090181],[12.588016,46.090052]]}},{"type":"Feature","properties":{"u":1684655467,"v":1763014146,"length":176.89,"highway":"secondary"},"geometry":{"type":"LineString","coordinates":[[12.593815,46.099021],[12.593544,46.098619],[12.593314,46.098153],[12.593053,46.097524]]}},{"type":"Feature","properties":{"u":1763014146,"v":1711490734,"length":9.146,"highway":"secondary"},"geometry":{"type":"LineString","coordinates":[[12.593053,46.097524],[12.59302,46.097445]]}},{"type":"Feature","properties":{"u":1711490734,"v":402609945,"length":339.24,"highway":"secondary"},"geometry":{"type":"LineString","coordinates":[[12.59302,46.097445],[12.592799,46.096914],[12.591809,46.094512]]}},{"type":"Feature","properties":{"u":402609945,"v":1711464344,"length":460.777,"highway":"secondary"},"geometry":{"type":"LineString","coordinates":[[12.591809,46.094512],[12.591379,46.09346],[12.590931,46.092407],[12.590649,46.092074],[12.590278,46.091805],[12.589122,46.09092]]}},{"type":"Feature","properties":{"u":1711464344,"v":3028227329,"length":109.577,"highway":"secondary"},"geometry":{"type":"LineString","coordinates":[[12.589122,46.09092],[12.588182,46.090181]]}},{"type":"Feature","properties":{"u":2847291437,"v":275047691,"length":59.488,"highway":"secondary"},"geometry":{"type":"LineString","coordinates":[[12.606368,46.114701],[12.606352,46.114688],[12.605907,46.114272]]}},{"type":"Feature","properties":{"u":275047691,"v":1769500243,"length":140.791,"highway":"secondary"},"geometry":{"type":"LineString","coordinates":[[12.605907,46.114272],[12.60523,46.113869],[12.604691,46.11354],[12.604529,46.113441]]}},{"type":"Feature","properties":{"u":1769500243,"v":1769494603,"length":13.268,"highway":"secondary"},"geometry":{"type":"LineString","coordinates":[[12.604529,46.113441],[12.6044,46.113362]]}},{"type":"Feature","properties":{"u":1769494603,"v":1402051581,"length":86.428,"highway":"secondary"},"geometry":{"type":"LineString","coordinates":[[12.6044,46.113362],[12.603943,46.113102],[12.603532,46.11287]]}},{"type":"Feature","properties":{"u":1402051581,"v":1769507905,"length":27.686,"highway":"secondary"},"geometry":{"type":"LineString","coordinates":[[12.603532,46.11287],[12.603239,46.112726]]}},{"type":"Feature","properties":{"u":1769507905,"v":1711509912,"length":88.059,"highway":"secondary"},"geometry":{"type":"LineString","coordinates":[[12.603239,46.112726],[12.602485,46.112353],[12.602388,46.112288],[12.602334,46.112246]]}},{"type":"Feature","properties":{"u":2851890366,"v":3140171518,"length":1050.175,"highway":"secondary"},"geometry":{"type":"LineString","coordinates":[[12.60212,46.111021],[12.602261,46.108357],[12.6022,46.108048],[12.602183,46.108004],[12.602094,46.107784],[12.601871,46.107535],[12.601607,46.107281],[12.600705,46.106497],[12.600498,46.106222],[12.60033,46.105804],[12.60007,46.105118],[12.59997,46.104701],[12.59976,46.104257],[12.599548,46.104029],[12.599318,46.103853],[12.598859,46.103636],[12.598598,46.103572],[12.598052,46.103431],[12.597805,46.103359],[12.597622,46.10328],[12.597409,46.103173],[12.597223,46.10304],[12.597186,46.103]]}},{"type":"Feature","properties":{"u":3099472588,"v":3099472589,"length":31.216,"highway":"secondary"},"geometry":{"type":"LineString","coordinates":[[12.586588,46.088948],[12.586313,46.088742]]}},{"type":"Feature","properties":{"u":3099472589,"v":275047722,"length":730.564,"highway":"secondary"},"geometry":{"type":"LineString","coordinates":[[12.586313,46.088742],[12.585458,46.088085],[12.585093,46.087786],[12.583359,46.086451],[12.583215,46.08634],[12.581614,46.085097],[12.580176,46.083983],[12.579998,46.083845]]}},{"type":"Feature","properties":{"u":275047722,"v":2859209313,"length":124.433,"highway":"secondary"},"geometry":{"type":"LineString","coordinates":[[12.579998,46.083845],[12.578992,46.083059],[12.578924,46.08301]]}},{"type":"Feature","properties":{"u":2859209313,"v":472029981,"length":92.751,"highway":"secondary"},"geometry":{"type":"LineString","coordinates":[[12.578924,46.08301],[12.578474,46.082681],[12.578129,46.082385]]}},{"type":"Feature","properties":{"u":472029981,"v":275047724,"length":18.541,"highway":"secondary"},"geometry":{"type":"LineString","coordinates":[[12.578129,46.082385],[12.578003,46.082243]]}},{"type":"Feature","properties":{"u":3117674862,"v":295284361,"length":121.362,"highway":"tertiary"},"geometry":{"type":"LineString","coordinates":[[12.720823,46.175401],[12.720456,46.17625],[12.720373,46.176447]]}},{"type":"Feature","properties":{"u":295284361,"v":965438284,"length":107.386,"highway":"tertiary"},"geometry":{"type":"LineString","coordinates":[[12.720373,46.176447],[12.719958,46.177369]]}},{"type":"Feature","properties":{"u":965438284,"v":295284364,"length":67.491,"highway":"tertiary"},"geometry":{"type":"LineString","coordinates":[[12.719958,46.177369],[12.719686,46.177946]]}},{"type":"Feature","properties":{"u":3117674863,"v":3117674862,"length":22.521,"highway":"tertiary"},"geometry":{"type":"LineString","coordinates":[[12.720907,46.175207],[12.720823,46.175401]]}},{"type":"Feature","properties":{"u":3140171518,"v":3140171517,"length":14.747,"highway":"secondary"},"geometry":{"type":"LineString","coordinates":[[12.597186,46.103],[12.597073,46.102893]]}},{"type":"Feature","properties":{"u":3140171517,"v":1712580212,"length":6.608,"highway":"secondary"},"geometry":{"type":"LineString","coordinates":[[12.597073,46.102893],[12.597029,46.102842]]}},{"type":"Feature","properties":{"u":1712580212,"v":275047706,"length":18.557,"highway":"secondary"},"geometry":{"type":"LineString","coordinates":[[12.597029,46.102842],[12.596898,46.102702]]}},{"type":"Feature","properties":{"u":3190278551,"v":912289610,"length":1415.058,"highway":"secondary"},"geometry":{"type":"LineString","coordinates":[[12.630636,46.137736],[12.630555,46.137642],[12.630437,46.137502],[12.629828,46.13682],[12.629536,46.136497],[12.629218,46.136173],[12.629061,46.136023],[12.628897,46.135867],[12.62857,46.135556],[12.628078,46.134887],[12.627631,46.134242],[12.627117,46.133481],[12.626573,46.132634],[12.626198,46.132049],[12.625844,46.131477],[12.623952,46.128416],[12.622651,46.126311]]}},{"type":"Feature","properties":{"u":3190278552,"v":3190278551,"length":14.446,"highway":"secondary"},"geometry":{"type":"LineString","coordinates":[[12.630731,46.137848],[12.630669,46.137775],[12.630636,46.137736]]}},{"type":"Feature","properties":{"u":3251180816,"v":3251180817,"length":51.839,"highway":"secondary"},"geometry":{"type":"LineString","coordinates":[[12.673002,46.165864],[12.672783,46.1661],[12.672647,46.16626]]}},{"type":"Feature","properties":{"u":402413415,"v":275048643,"length":753.205,"highway":"secondary"},"geometry":{"type":"LineString","coordinates":[[12.669058,46.169996],[12.668907,46.170145],[12.668686,46.170367],[12.66846,46.170632],[12.66809,46.170928],[12.667808,46.171154],[12.667535,46.171317],[12.667404,46.171453],[12.667218,46.171615],[12.666788,46.171844],[12.666573,46.172017],[12.666369,46.172137],[12.666146,46.172229],[12.665934,46.172332],[12.66556,46.172563],[12.665209,46.172734],[12.664866,46.172883],[12.664656,46.172949],[12.664401,46.173016],[12.664094,46.17311],[12.66362,46.17318],[12.663382,46.173237],[12.663023,46.173385],[12.662904,46.173443],[12.662801,46.173544],[12.662656,46.173631],[12.662443,46.173696],[12.662253,46.173738],[12.662034,46.17376],[12.661806,46.173785],[12.661584,46.173853],[12.661537,46.173858],[12.661489,46.173853],[12.661461,46.173839],[12.661446,46.173819]]}},{"type":"Feature","properties":{"u":3254200226,"v":3254200227,"length":63.78,"highway":"primary"},"geometry":{"type":"LineString","coordinates":[[12.719272,46.173437],[12.719724,46.173608],[12.719994,46.173718]]}},{"type":"Feature","properties":{"u":3254200227,"v":1425732842,"length":35.842,"highway":"primary"},"geometry":{"type":"LineString","coordinates":[[12.719994,46.173718],[12.720409,46.173864]]}},{"type":"Feature","properties":{"u":1425732842,"v":767943301,"length":23.378,"highway":"primary"},"geometry":{"type":"LineString","coordinates":[[12.720409,46.173864],[12.720682,46.173956]]}},{"type":"Feature","properties":{"u":3391379791,"v":3391379788,"length":22.64,"highway":"unclassified"},"geometry":{"type":"LineString","coordinates":[[12.684126,46.09911],[12.684071,46.09891]]}},{"type":"Feature","properties":{"u":869340476,"v":912284389,"length":127.457,"highway":"unclassified"},"geometry":{"type":"LineString","coordinates":[[12.684057,46.098843],[12.683908,46.09814],[12.683836,46.0978],[12.683816,46.097709]]}},{"type":"Feature","properties":{"u":665371602,"v":665371510,"length":204.907,"highway":"unclassified"},"geometry":{"type":"LineString","coordinates":[[12.680337,46.098581],[12.680382,46.09854],[12.68049,46.098535],[12.680708,46.098589],[12.680898,46.09862],[12.681097,46.098614],[12.681273,46.098573],[12.681431,46.09848],[12.681486,46.098369],[12.681541,46.097849],[12.68158,46.097479]]}},{"type":"Feature","properties":{"u":3391379785,"v":665371602,"length":11.931,"highway":"unclassified"},"geometry":{"type":"LineString","coordinates":[[12.680274,46.098679],[12.680337,46.098581]]}},{"type":"Feature","properties":{"u":568271511,"v":592629829,"length":79.752,"highway":"unclassified"},"geometry":{"type":"LineString","coordinates":[[12.70552,46.09842],[12.705491,46.098539],[12.705488,46.098554],[12.705457,46.098641],[12.705447,46.098685],[12.705436,46.09873],[12.705423,46.098774],[12.705411,46.098818],[12.705398,46.098862],[12.705386,46.098906],[12.705373,46.09895],[12.705361,46.098995],[12.705324,46.099124]]}},{"type":"Feature","properties":{"u":568271512,"v":568271511,"length":25.422,"highway":"unclassified"},"geometry":{"type":"LineString","coordinates":[[12.705586,46.098196],[12.70552,46.09842]]}},{"type":"Feature","properties":{"u":568271205,"v":568271222,"length":9.201,"highway":"unclassified"},"geometry":{"type":"LineString","coordinates":[[12.707622,46.083488],[12.707626,46.083511],[12.707638,46.08357]]}},{"type":"Feature","properties":{"u":3391379790,"v":592629806,"length":14.173,"highway":"unclassified"},"geometry":{"type":"LineString","coordinates":[[12.685866,46.099061],[12.685687,46.099032]]}},{"type":"Feature","properties":{"u":592629806,"v":540415207,"length":71.225,"highway":"unclassified"},"geometry":{"type":"LineString","coordinates":[[12.685687,46.099032],[12.684784,46.098897]]}},{"type":"Feature","properties":{"u":540415207,"v":869340476,"length":56.376,"highway":"unclassified"},"geometry":{"type":"LineString","coordinates":[[12.684784,46.098897],[12.684057,46.098843]]}},{"type":"Feature","properties":{"u":568271222,"v":568271235,"length":52.217,"highway":"unclassified"},"geometry":{"type":"LineString","coordinates":[[12.707638,46.08357],[12.70765,46.083607],[12.707662,46.08365],[12.707759,46.083973],[12.707774,46.08403]]}},{"type":"Feature","properties":{"u":3775337968,"v":3834337950,"length":24.983,"highway":"residential"},"geometry":{"type":"LineString","coordinates":[[12.692034,46.145558],[12.69223,46.145379]]}},{"type":"Feature","properties":{"u":3493141395,"v":3493141397,"length":110.008,"highway":"residential"},"geometry":{"type":"LineString","coordinates":[[12.660546,46.157993],[12.661656,46.157755],[12.661898,46.157832]]}},{"type":"Feature","properties":{"u":2252230359,"v":2252230377,"length":30.391,"highway":"residential"},"geometry":{"type":"LineString","coordinates":[[12.692559,46.141095],[12.692487,46.141052],[12.692441,46.141021],[12.69243,46.140991],[12.692441,46.140963],[12.692531,46.140881]]}},{"type":"Feature","properties":{"u":2252230377,"v":2254265289,"length":30.213,"highway":"residential"},"geometry":{"type":"LineString","coordinates":[[12.692531,46.140881],[12.692767,46.140664]]}},{"type":"Feature","properties":{"u":2254265289,"v":2252230402,"length":19.527,"highway":"residential"},"geometry":{"type":"LineString","coordinates":[[12.692767,46.140664],[12.69292,46.140524]]}},{"type":"Feature","properties":{"u":2252230402,"v":2252230365,"length":31.785,"highway":"residential"},"geometry":{"type":"LineString","coordinates":[[12.69292,46.140524],[12.693163,46.140293]]}},{"type":"Feature","properties":{"u":3507181235,"v":3507181214,"length":163.361,"highway":"residential"},"geometry":{"type":"LineString","coordinates":[[12.704238,46.158378],[12.704263,46.158373],[12.704299,46.158367],[12.704326,46.158361],[12.70437,46.158354],[12.704421,46.158346],[12.704465,46.15834],[12.704515,46.158332],[12.704543,46.158329],[12.704623,46.158325],[12.704794,46.158318],[12.704852,46.158316],[12.704924,46.158309],[12.705037,46.158299],[12.70514,46.158289],[12.705225,46.15828],[12.705355,46.158265],[12.705385,46.158263],[12.7055,46.158255],[12.705575,46.158249],[12.705616,46.158245],[12.705704,46.158235],[12.705795,46.158227],[12.705911,46.158216],[12.705953,46.158215],[12.706011,46.15822],[12.706053,46.15822],[12.706198,46.158211],[12.706339,46.158211]]}},{"type":"Feature","properties":{"u":1714288582,"v":2325426075,"length":230.367,"highway":"unclassified","maxspeed":50},"geometry":{"type":"LineString","coordinates":[[12.579257,46.074147],[12.579397,46.074222],[12.57968,46.074419],[12.579779,46.07456],[12.580068,46.075146],[12.580185,46.075389],[12.580312,46.075611],[12.580385,46.075707],[12.580544,46.075833],[12.580691,46.075903]]}},{"type":"Feature","properties":{"u":2325426075,"v":2155861041,"length":19.692,"highway":"unclassified","maxspeed":50},"geometry":{"type":"LineString","coordinates":[[12.580691,46.075903],[12.580732,46.075923],[12.58092,46.07598]]}},{"type":"Feature","properties":{"u":2155861041,"v":3783403136,"length":97.738,"highway":"unclassified","maxspeed":50},"geometry":{"type":"LineString","coordinates":[[12.58092,46.07598],[12.581327,46.076078],[12.581551,46.076154],[12.581703,46.076223],[12.582003,46.076412]]}},{"type":"Feature","properties":{"u":275047735,"v":3525606818,"length":20.039,"highway":"secondary","maxspeed":50},"geometry":{"type":"LineString","coordinates":[[12.57833,46.074674],[12.578264,46.074695],[12.578214,46.074702],[12.578135,46.074702],[12.578078,46.074699]]}},{"type":"Feature","properties":{"u":3579323822,"v":835756026,"length":16.03,"highway":"unclassified"},"geometry":{"type":"LineString","coordinates":[[12.696894,46.141611],[12.696763,46.141723]]}},{"type":"Feature","properties":{"u":3579323822,"v":779130152,"length":181.614,"highway":"unclassified"},"geometry":{"type":"LineString","coordinates":[[12.696894,46.141611],[12.696588,46.141442],[12.695037,46.140605]]}},{"type":"Feature","properties":{"u":3058794733,"v":745484912,"length":92.948,"highway":"primary"},"geometry":{"type":"LineString","coordinates":[[12.655246,46.061636],[12.655494,46.062454]]}},{"type":"Feature","properties":{"u":3783403136,"v":472023673,"length":15.838,"highway":"unclassified","maxspeed":50},"geometry":{"type":"LineString","coordinates":[[12.582003,46.076412],[12.582152,46.07651]]}},{"type":"Feature","properties":{"u":472023673,"v":1712610827,"length":51.182,"highway":"unclassified","maxspeed":50},"geometry":{"type":"LineString","coordinates":[[12.582152,46.07651],[12.58242,46.076699],[12.582568,46.076865]]}},{"type":"Feature","properties":{"u":1712610827,"v":2155862659,"length":237.636,"highway":"unclassified","maxspeed":50},"geometry":{"type":"LineString","coordinates":[[12.582568,46.076865],[12.583104,46.07766],[12.583192,46.077749],[12.583728,46.078344],[12.584066,46.078728]]}},{"type":"Feature","properties":{"u":2155862659,"v":472023735,"length":29.542,"highway":"unclassified","maxspeed":50},"geometry":{"type":"LineString","coordinates":[[12.584066,46.078728],[12.584265,46.078955]]}},{"type":"Feature","properties":{"u":3783403159,"v":3783403154,"length":141.907,"highway":"unclassified"},"geometry":{"type":"LineString","coordinates":[[12.584766,46.080284],[12.585041,46.080023],[12.585208,46.079964],[12.585453,46.079952],[12.585897,46.079963],[12.586393,46.079948]]}},{"type":"Feature","properties":{"u":735499862,"v":735499707,"length":442.364,"highway":"unclassified"},"geometry":{"type":"LineString","coordinates":[[12.604326,46.061095],[12.605044,46.061642],[12.605294,46.061679],[12.605624,46.061664],[12.605913,46.06158],[12.607046,46.060994],[12.607181,46.060961],[12.607312,46.060961],[12.607432,46.060986],[12.607546,46.061081],[12.608531,46.062107]]}},{"type":"Feature","properties":{"u":735499707,"v":1684677980,"length":116.222,"highway":"unclassified"},"geometry":{"type":"LineString","coordinates":[[12.608531,46.062107],[12.609368,46.062976]]}},{"type":"Feature","properties":{"u":1684677980,"v":1684676056,"length":17.594,"highway":"unclassified"},"geometry":{"type":"LineString","coordinates":[[12.609368,46.062976],[12.609498,46.063106]]}},{"type":"Feature","properties":{"u":1714184499,"v":12097449744,"length":80.426,"highway":"residential","maxspeed":50},"geometry":{"type":"LineString","coordinates":[[12.588589,46.071622],[12.588541,46.07176],[12.588416,46.07228],[12.5884,46.072333]]}},{"type":"Feature","properties":{"u":471989554,"v":471989561,"length":210.498,"highway":"residential"},"geometry":{"type":"LineString","coordinates":[[12.590276,46.064577],[12.589937,46.064816],[12.589764,46.064953],[12.589724,46.064986],[12.589696,46.065031],[12.589679,46.065084],[12.589673,46.065139],[12.589675,46.065172],[12.589686,46.065204],[12.589709,46.065247],[12.589748,46.065292],[12.589974,46.065506],[12.590384,46.065893],[12.590469,46.065974],[12.590609,46.066106]]}},{"type":"Feature","properties":{"u":471989561,"v":1682920412,"length":146.75,"highway":"residential"},"geometry":{"type":"LineString","coordinates":[[12.590609,46.066106],[12.590675,46.066178],[12.591067,46.066548],[12.591496,46.066953],[12.591706,46.067151],[12.591728,46.067173]]}},{"type":"Feature","properties":{"u":1682920412,"v":1685570371,"length":58.202,"highway":"residential"},"geometry":{"type":"LineString","coordinates":[[12.591728,46.067173],[12.591872,46.067313],[12.592083,46.06752],[12.592135,46.067611]]}},{"type":"Feature","properties":{"u":1685570371,"v":471487481,"length":4.187,"highway":"residential"},"geometry":{"type":"LineString","coordinates":[[12.592135,46.067611],[12.592155,46.067646]]}},{"type":"Feature","properties":{"u":1681728626,"v":1681723374,"length":377.518,"highway":"unclassified","maxspeed":50},"geometry":{"type":"LineString","coordinates":[[12.593603,46.076933],[12.593996,46.076903],[12.594942,46.076815],[12.595188,46.076783],[12.595295,46.076754],[12.595429,46.076685],[12.595586,46.076565],[12.595824,46.076344],[12.596043,46.076147],[12.596212,46.076009],[12.596353,46.075932],[12.59661,46.075834],[12.596856,46.075762],[12.597166,46.075698],[12.597607,46.07561],[12.59784,46.075572]]}},{"type":"Feature","properties":{"u":3822891967,"v":3822891966,"length":8.797,"highway":"unclassified"},"geometry":{"type":"LineString","coordinates":[[12.60524,46.112951],[12.605154,46.112899]]}},{"type":"Feature","properties":{"u":1769500239,"v":3822891967,"length":2.246,"highway":"unclassified"},"geometry":{"type":"LineString","coordinates":[[12.605261,46.112965],[12.60524,46.112951]]}},{"type":"Feature","properties":{"u":3824639518,"v":3824639517,"length":141.076,"highway":"residential"},"geometry":{"type":"LineString","coordinates":[[12.658313,46.086046],[12.6589,46.086034],[12.660142,46.086034]]}},{"type":"Feature","properties":{"u":835975111,"v":835975168,"length":91.096,"highway":"residential"},"geometry":{"type":"LineString","coordinates":[[12.698417,46.149928],[12.699059,46.14924]]}},{"type":"Feature","properties":{"u":835975168,"v":835975096,"length":57.321,"highway":"residential"},"geometry":{"type":"LineString","coordinates":[[12.699059,46.14924],[12.699465,46.148808]]}},{"type":"Feature","properties":{"u":835975096,"v":835975159,"length":54.874,"highway":"residential"},"geometry":{"type":"LineString","coordinates":[[12.699465,46.148808],[12.699892,46.148413]]}},{"type":"Feature","properties":{"u":835975159,"v":835975119,"length":70.807,"highway":"residential"},"geometry":{"type":"LineString","coordinates":[[12.699892,46.148413],[12.700391,46.147988],[12.700472,46.147919]]}},{"type":"Feature","properties":{"u":835975119,"v":835975088,"length":95.093,"highway":"residential"},"geometry":{"type":"LineString","coordinates":[[12.700472,46.147919],[12.701129,46.147195]]}},{"type":"Feature","properties":{"u":835975088,"v":3834359337,"length":277.783,"highway":"residential"},"geometry":{"type":"LineString","coordinates":[[12.701129,46.147195],[12.701437,46.146896],[12.701775,46.146548],[12.702007,46.146181],[12.702483,46.145619],[12.702776,46.145268],[12.702885,46.14514],[12.702974,46.145055]]}},{"type":"Feature","properties":{"u":3835789149,"v":3834600457,"length":9.119,"highway":"residential"},"geometry":{"type":"LineString","coordinates":[[12.692387,46.145084],[12.692485,46.14513]]}},{"type":"Feature","properties":{"u":3835789154,"v":3835789155,"length":2.824,"highway":"residential"},"geometry":{"type":"LineString","coordinates":[[12.692398,46.145134],[12.692386,46.145158]]}},{"type":"Feature","properties":{"u":3835789155,"v":3835789142,"length":17.49,"highway":"residential"},"geometry":{"type":"LineString","coordinates":[[12.692386,46.145158],[12.692363,46.145179],[12.692331,46.145193],[12.692294,46.1452],[12.692257,46.145198],[12.692222,46.145187],[12.692194,46.14517]]}},{"type":"Feature","properties":{"u":3835789142,"v":3880566752,"length":7.507,"highway":"residential"},"geometry":{"type":"LineString","coordinates":[[12.692194,46.14517],[12.692176,46.145146],[12.69217,46.145127],[12.692171,46.145106]]}},{"type":"Feature","properties":{"u":3880566752,"v":3835789145,"length":11.361,"highway":"residential"},"geometry":{"type":"LineString","coordinates":[[12.692171,46.145106],[12.692184,46.145082],[12.692207,46.145062],[12.692237,46.145048],[12.692273,46.145041]]}},{"type":"Feature","properties":{"u":3835789145,"v":3835789146,"length":2.859,"highway":"residential"},"geometry":{"type":"LineString","coordinates":[[12.692273,46.145041],[12.69231,46.145043]]}},{"type":"Feature","properties":{"u":3835789146,"v":3835789149,"length":7.694,"highway":"residential"},"geometry":{"type":"LineString","coordinates":[[12.69231,46.145043],[12.692341,46.145051],[12.692368,46.145066],[12.692387,46.145084]]}},{"type":"Feature","properties":{"u":3835789149,"v":3835789154,"length":5.686,"highway":"residential"},"geometry":{"type":"LineString","coordinates":[[12.692387,46.145084],[12.692398,46.145109],[12.692398,46.145134]]}},{"type":"Feature","properties":{"u":3834337950,"v":3835789142,"length":23.517,"highway":"residential"},"geometry":{"type":"LineString","coordinates":[[12.69223,46.145379],[12.692233,46.145331],[12.692228,46.145292],[12.692217,46.145258],[12.692208,46.145229],[12.692194,46.14517]]}},{"type":"Feature","properties":{"u":3835789155,"v":3834337950,"length":27.536,"highway":"residential"},"geometry":{"type":"LineString","coordinates":[[12.692386,46.145158],[12.692319,46.145285],[12.69223,46.145379]]}},{"type":"Feature","properties":{"u":779130061,"v":835975121,"length":76.125,"highway":"residential"},"geometry":{"type":"LineString","coordinates":[[12.698015,46.146617],[12.698515,46.146881],[12.698802,46.147031]]}},{"type":"Feature","properties":{"u":835975121,"v":835975114,"length":27.852,"highway":"residential"},"geometry":{"type":"LineString","coordinates":[[12.698802,46.147031],[12.699086,46.147186]]}},{"type":"Feature","properties":{"u":3839082877,"v":3839082878,"length":8.398,"highway":"residential"},"geometry":{"type":"LineString","coordinates":[[12.709751,46.172538],[12.709834,46.172489]]}},{"type":"Feature","properties":{"u":3840670259,"v":912307782,"length":197.93,"highway":"secondary"},"geometry":{"type":"LineString","coordinates":[[12.651784,46.153029],[12.651634,46.152874],[12.651033,46.152299],[12.650665,46.152045],[12.650367,46.151865],[12.650118,46.151738],[12.650083,46.151712]]}},{"type":"Feature","properties":{"u":912307782,"v":912303842,"length":111.6,"highway":"secondary"},"geometry":{"type":"LineString","coordinates":[[12.650083,46.151712],[12.649905,46.151585],[12.649697,46.151374],[12.649285,46.151026],[12.649149,46.15095]]}},{"type":"Feature","properties":{"u":912312036,"v":912293707,"length":303.195,"highway":"residential"},"geometry":{"type":"LineString","coordinates":[[12.677198,46.097651],[12.676991,46.097705],[12.676672,46.097793],[12.676207,46.097925],[12.675938,46.097989],[12.67574,46.098005],[12.675467,46.097974],[12.675161,46.09783],[12.674902,46.097734],[12.67463,46.097683],[12.67389,46.097532],[12.673504,46.097503]]}},{"type":"Feature","properties":{"u":912292632,"v":3445307007,"length":248.042,"highway":"secondary"},"geometry":{"type":"LineString","coordinates":[[12.647432,46.150214],[12.647222,46.150127],[12.646689,46.149923],[12.646174,46.149782],[12.645708,46.149585],[12.645264,46.149417],[12.644664,46.149093]]}},{"type":"Feature","properties":{"u":3839082071,"v":3839082877,"length":7.806,"highway":"residential"},"geometry":{"type":"LineString","coordinates":[[12.709672,46.172582],[12.709751,46.172538]]}},{"type":"Feature","properties":{"u":3839082878,"v":3839082069,"length":67.631,"highway":"residential"},"geometry":{"type":"LineString","coordinates":[[12.709834,46.172489],[12.710132,46.172338],[12.710409,46.172523],[12.710498,46.172583]]}},{"type":"Feature","properties":{"u":1902433171,"v":2851581308,"length":40.354,"highway":"residential"},"geometry":{"type":"LineString","coordinates":[[12.590356,46.073353],[12.590084,46.073043]]}},{"type":"Feature","properties":{"u":2851581308,"v":1902433129,"length":89.755,"highway":"residential"},"geometry":{"type":"LineString","coordinates":[[12.590084,46.073043],[12.589794,46.072721],[12.589455,46.072364]]}},{"type":"Feature","properties":{"u":3854294383,"v":1685570388,"length":41.985,"highway":"secondary"},"geometry":{"type":"LineString","coordinates":[[12.589958,46.068639],[12.590104,46.068603],[12.59047,46.068511]]}},{"type":"Feature","properties":{"u":1685570388,"v":471989597,"length":7.223,"highway":"secondary"},"geometry":{"type":"LineString","coordinates":[[12.59047,46.068511],[12.590557,46.068487]]}},{"type":"Feature","properties":{"u":471989597,"v":471487481,"length":154.777,"highway":"secondary"},"geometry":{"type":"LineString","coordinates":[[12.590557,46.068487],[12.591136,46.0682],[12.591774,46.067859],[12.592155,46.067646]]}},{"type":"Feature","properties":{"u":471487481,"v":2874262925,"length":78.346,"highway":"secondary"},"geometry":{"type":"LineString","coordinates":[[12.592155,46.067646],[12.592456,46.067503],[12.592991,46.067246]]}},{"type":"Feature","properties":{"u":2874262925,"v":735499572,"length":70.32,"highway":"secondary"},"geometry":{"type":"LineString","coordinates":[[12.592991,46.067246],[12.593132,46.067179],[12.593728,46.066874]]}},{"type":"Feature","properties":{"u":735499572,"v":472234391,"length":31.155,"highway":"secondary"},"geometry":{"type":"LineString","coordinates":[[12.593728,46.066874],[12.59401,46.066724],[12.594049,46.066704]]}},{"type":"Feature","properties":{"u":912282926,"v":912297730,"length":36.045,"highway":"unclassified"},"geometry":{"type":"LineString","coordinates":[[12.664425,46.157852],[12.663975,46.157941]]}},{"type":"Feature","properties":{"u":912297730,"v":318694398,"length":28.679,"highway":"unclassified"},"geometry":{"type":"LineString","coordinates":[[12.663975,46.157941],[12.663817,46.15798],[12.663625,46.158029]]}},{"type":"Feature","properties":{"u":3880566752,"v":3775337966,"length":48.985,"highway":"residential"},"geometry":{"type":"LineString","coordinates":[[12.692171,46.145106],[12.691828,46.145437],[12.69179,46.145417]]}},{"type":"Feature","properties":{"u":3887381430,"v":810477587,"length":30.519,"highway":"residential"},"geometry":{"type":"LineString","coordinates":[[12.559129,46.190091],[12.559076,46.189819]]}},{"type":"Feature","properties":{"u":1444918085,"v":3887381800,"length":301.847,"highway":"unclassified"},"geometry":{"type":"LineString","coordinates":[[12.569471,46.194511],[12.569462,46.194438],[12.569507,46.194405],[12.569628,46.194405],[12.569735,46.194451],[12.569912,46.194576],[12.570167,46.194702],[12.5703,46.194748],[12.570442,46.194753],[12.570664,46.194701],[12.570832,46.194685],[12.571048,46.194626],[12.5712,46.194529],[12.571424,46.194429],[12.57157,46.194379],[12.571808,46.194357],[12.571958,46.194318],[12.572135,46.194299],[12.572224,46.1943],[12.572283,46.194337],[12.572284,46.194433],[12.572289,46.194493],[12.572381,46.194541],[12.572484,46.194566],[12.572658,46.194548]]}},{"type":"Feature","properties":{"u":1444918211,"v":1444918145,"length":646.398,"highway":"unclassified"},"geometry":{"type":"LineString","coordinates":[[12.577308,46.198394],[12.577648,46.198378],[12.57822,46.198346],[12.57867,46.198284],[12.57973,46.198132],[12.580527,46.198012],[12.581232,46.197934],[12.581835,46.197814],[12.581999,46.197787],[12.582065,46.197817],[12.582152,46.197925],[12.582277,46.198089],[12.582387,46.198141],[12.583017,46.198192],[12.583099,46.19818],[12.583109,46.198136],[12.583074,46.198098],[12.58297,46.198032],[12.582902,46.19797],[12.58287,46.197876],[12.582872,46.197751],[12.582927,46.197529],[12.582974,46.19746],[12.583064,46.197447],[12.583154,46.197475],[12.583264,46.19751],[12.583369,46.19751],[12.583381,46.197455],[12.583342,46.197409],[12.583223,46.197332],[12.583052,46.197229],[12.583016,46.197137]]}},{"type":"Feature","properties":{"u":1423281866,"v":1423281861,"length":21.425,"highway":"residential"},"geometry":{"type":"LineString","coordinates":[[12.704493,46.169311],[12.704652,46.169228],[12.70472,46.1692]]}},{"type":"Feature","properties":{"u":6414683935,"v":3994572887,"length":14.118,"highway":"unclassified"},"geometry":{"type":"LineString","coordinates":[[12.661708,46.158435],[12.661687,46.158439],[12.661531,46.158468]]}},{"type":"Feature","properties":{"u":295257116,"v":745484872,"length":680.919,"highway":"primary"},"geometry":{"type":"LineString","coordinates":[[12.656186,46.055075],[12.656103,46.055245],[12.656015,46.055452],[12.655929,46.055659],[12.655861,46.055869],[12.655814,46.056066],[12.655784,46.056219],[12.655649,46.057062],[12.655463,46.058025],[12.655272,46.058989],[12.655096,46.05992],[12.655061,46.060293],[12.655088,46.060673],[12.655141,46.061129]]}},{"type":"Feature","properties":{"u":2872329191,"v":2872329186,"length":230.3,"highway":"tertiary"},"geometry":{"type":"LineString","coordinates":[[12.626341,46.073248],[12.626497,46.073219],[12.627062,46.073115],[12.627336,46.073081],[12.629274,46.072873]]}},{"type":"Feature","properties":{"u":665371540,"v":665371536,"length":33.898,"highway":"residential"},"geometry":{"type":"LineString","coordinates":[[12.686097,46.094797],[12.685662,46.094753]]}},{"type":"Feature","properties":{"u":665371536,"v":3960406621,"length":38.744,"highway":"residential"},"geometry":{"type":"LineString","coordinates":[[12.685662,46.094753],[12.685898,46.094706],[12.686123,46.09462]]}},{"type":"Feature","properties":{"u":1947733638,"v":1947733643,"length":69.108,"highway":"unclassified"},"geometry":{"type":"LineString","coordinates":[[12.662124,46.134509],[12.661378,46.134854]]}},{"type":"Feature","properties":{"u":1947733643,"v":912311986,"length":302.677,"highway":"unclassified"},"geometry":{"type":"LineString","coordinates":[[12.661378,46.134854],[12.660432,46.135306],[12.658688,46.136148],[12.658157,46.136412]]}},{"type":"Feature","properties":{"u":3985052057,"v":3985052062,"length":65.602,"highway":"residential"},"geometry":{"type":"LineString","coordinates":[[12.60151,46.08481],[12.601804,46.084706],[12.601839,46.084692],[12.601867,46.084693],[12.601884,46.0847],[12.602078,46.084968]]}},{"type":"Feature","properties":{"u":3985097140,"v":3985151860,"length":149.053,"highway":"residential"},"geometry":{"type":"LineString","coordinates":[[12.594326,46.067394],[12.592762,46.068181]]}},{"type":"Feature","properties":{"u":3985151860,"v":471490915,"length":166.855,"highway":"residential"},"geometry":{"type":"LineString","coordinates":[[12.592762,46.068181],[12.591026,46.069076]]}},{"type":"Feature","properties":{"u":1714184493,"v":1714184499,"length":56.425,"highway":"residential","maxspeed":50},"geometry":{"type":"LineString","coordinates":[[12.588682,46.07112],[12.588682,46.071242],[12.588589,46.071622]]}},{"type":"Feature","properties":{"u":3985034889,"v":3986351030,"length":122.217,"highway":"residential"},"geometry":{"type":"LineString","coordinates":[[12.600116,46.084842],[12.600109,46.084791],[12.600134,46.084753],[12.600181,46.08473],[12.600223,46.08472],[12.600833,46.084628],[12.600877,46.084621],[12.600894,46.084607],[12.600894,46.084589],[12.600889,46.084572],[12.600869,46.084518],[12.600831,46.08443],[12.600796,46.084347],[12.60077,46.084295],[12.600794,46.08426],[12.600853,46.084226],[12.600902,46.084213]]}},{"type":"Feature","properties":{"u":3985034889,"v":3985034891,"length":83.124,"highway":"residential"},"geometry":{"type":"LineString","coordinates":[[12.600116,46.084842],[12.600153,46.084885],[12.600608,46.085507]]}},{"type":"Feature","properties":{"u":3028227328,"v":3997694437,"length":64.099,"highway":"residential"},"geometry":{"type":"LineString","coordinates":[[12.588016,46.090052],[12.58796,46.090101],[12.587947,46.090138],[12.587938,46.090184],[12.587936,46.090219],[12.587952,46.090276],[12.587971,46.090322],[12.588008,46.090365],[12.58807,46.090438],[12.588217,46.090553]]}},{"type":"Feature","properties":{"u":3997694437,"v":3997694438,"length":19.086,"highway":"residential"},"geometry":{"type":"LineString","coordinates":[[12.588217,46.090553],[12.588368,46.090689]]}},{"type":"Feature","properties":{"u":3997694438,"v":3997696760,"length":440.331,"highway":"residential"},"geometry":{"type":"LineString","coordinates":[[12.588368,46.090689],[12.588433,46.090755],[12.588466,46.090818],[12.588495,46.090892],[12.588482,46.090955],[12.588414,46.090989],[12.588323,46.090994],[12.588215,46.090987],[12.588109,46.090962],[12.58789,46.090966],[12.587667,46.090988],[12.586931,46.091124],[12.586566,46.091218],[12.586215,46.091327],[12.58588,46.091412],[12.585817,46.091449],[12.58571,46.091692],[12.585623,46.091979],[12.585596,46.092202],[12.58551,46.092265],[12.585135,46.092507],[12.585001,46.092682],[12.584953,46.092808],[12.584947,46.092987]]}},{"type":"Feature","properties":{"u":564881457,"v":564881456,"length":30.685,"highway":"tertiary"},"geometry":{"type":"LineString","coordinates":[[12.708951,46.148397],[12.708835,46.148133]]}},{"type":"Feature","properties":{"u":564881456,"v":1110870280,"length":28.95,"highway":"tertiary"},"geometry":{"type":"LineString","coordinates":[[12.708835,46.148133],[12.708964,46.148229],[12.709043,46.148281],[12.70911,46.148308]]}},{"type":"Feature","properties":{"u":4252110490,"v":1889582069,"length":28.973,"highway":"secondary"},"geometry":{"type":"LineString","coordinates":[[12.709118,46.148908],[12.709076,46.148735],[12.709034,46.148655]]}},{"type":"Feature","properties":{"u":564881459,"v":4252110490,"length":30.841,"highway":"secondary"},"geometry":{"type":"LineString","coordinates":[[12.709302,46.148665],[12.709222,46.148731],[12.709175,46.148804],[12.709118,46.148908]]}},{"type":"Feature","properties":{"u":1110870297,"v":4252110503,"length":245.463,"highway":"unclassified"},"geometry":{"type":"LineString","coordinates":[[12.709445,46.148469],[12.70949,46.148544],[12.709556,46.148591],[12.709631,46.148638],[12.70974,46.148701],[12.710038,46.148852],[12.710242,46.148957],[12.710413,46.149033],[12.710594,46.149097],[12.710756,46.149155],[12.711418,46.149381],[12.712126,46.14961]]}},{"type":"Feature","properties":{"u":4252110503,"v":4252110504,"length":180.665,"highway":"unclassified"},"geometry":{"type":"LineString","coordinates":[[12.712126,46.14961],[12.714232,46.150325]]}},{"type":"Feature","properties":{"u":4252110504,"v":4252110505,"length":182.358,"highway":"unclassified"},"geometry":{"type":"LineString","coordinates":[[12.714232,46.150325],[12.716354,46.151052]]}},{"type":"Feature","properties":{"u":4252110505,"v":1889582048,"length":86.94,"highway":"unclassified"},"geometry":{"type":"LineString","coordinates":[[12.716354,46.151052],[12.717085,46.151308],[12.717158,46.151326],[12.717224,46.151332],[12.717278,46.151332],[12.717346,46.151333],[12.717387,46.151323]]}},{"type":"Feature","properties":{"u":4252110504,"v":1421830032,"length":10.59,"highway":"unclassified"},"geometry":{"type":"LineString","coordinates":[[12.714232,46.150325],[12.71417,46.15041]]}},{"type":"Feature","properties":{"u":655372397,"v":4252110503,"length":10.655,"highway":"unclassified"},"geometry":{"type":"LineString","coordinates":[[12.712065,46.149696],[12.712126,46.14961]]}},{"type":"Feature","properties":{"u":4252110506,"v":4252110505,"length":10.992,"highway":"unclassified"},"geometry":{"type":"LineString","coordinates":[[12.716289,46.15114],[12.716354,46.151052]]}},{"type":"Feature","properties":{"u":1110870267,"v":1110870315,"length":25.934,"highway":"secondary"},"geometry":{"type":"LineString","coordinates":[[12.709232,46.148311],[12.709344,46.148247],[12.709451,46.148137]]}},{"type":"Feature","properties":{"u":1110870315,"v":1889582016,"length":30.603,"highway":"secondary"},"geometry":{"type":"LineString","coordinates":[[12.709451,46.148137],[12.709439,46.148266],[12.709415,46.148411]]}},{"type":"Feature","properties":{"u":4352637348,"v":4352637333,"length":112.357,"highway":"unclassified","maxspeed":50},"geometry":{"type":"LineString","coordinates":[[12.598207,46.091972],[12.598306,46.091922],[12.598698,46.091752],[12.599065,46.091677],[12.599532,46.091575]]}},{"type":"Feature","properties":{"u":912308520,"v":912312742,"length":55.088,"highway":"unclassified"},"geometry":{"type":"LineString","coordinates":[[12.678531,46.094367],[12.678791,46.094343],[12.679242,46.094321]]}},{"type":"Feature","properties":{"u":912308520,"v":912302974,"length":54.689,"highway":"unclassified"},"geometry":{"type":"LineString","coordinates":[[12.678531,46.094367],[12.678544,46.094331],[12.678671,46.094042],[12.678793,46.093915]]}},{"type":"Feature","properties":{"u":498846088,"v":2936005608,"length":53.554,"highway":"unclassified","maxspeed":50},"geometry":{"type":"LineString","coordinates":[[12.616262,46.119929],[12.615807,46.120293]]}},{"type":"Feature","properties":{"u":2936005608,"v":1769461795,"length":58.599,"highway":"unclassified","maxspeed":50},"geometry":{"type":"LineString","coordinates":[[12.615807,46.120293],[12.615654,46.120414],[12.615541,46.120521],[12.615323,46.120699]]}},{"type":"Feature","properties":{"u":1769461795,"v":498846099,"length":66.516,"highway":"unclassified","maxspeed":50},"geometry":{"type":"LineString","coordinates":[[12.615323,46.120699],[12.61525,46.120759],[12.614914,46.120984],[12.614759,46.121071],[12.614688,46.121101]]}},{"type":"Feature","properties":{"u":498846099,"v":498846098,"length":45.94,"highway":"unclassified","maxspeed":50},"geometry":{"type":"LineString","coordinates":[[12.614688,46.121101],[12.614105,46.121187]]}},{"type":"Feature","properties":{"u":498846098,"v":2847340349,"length":33.832,"highway":"unclassified","maxspeed":50},"geometry":{"type":"LineString","coordinates":[[12.614105,46.121187],[12.613938,46.121235],[12.613739,46.121349]]}},{"type":"Feature","properties":{"u":2847340349,"v":2155872406,"length":39.728,"highway":"unclassified","maxspeed":50},"geometry":{"type":"LineString","coordinates":[[12.613739,46.121349],[12.613696,46.121383],[12.613562,46.121554],[12.613486,46.121659]]}},{"type":"Feature","properties":{"u":2155872406,"v":2133633325,"length":233.356,"highway":"unclassified","maxspeed":50},"geometry":{"type":"LineString","coordinates":[[12.613486,46.121659],[12.613445,46.121714],[12.613177,46.122093],[12.61304,46.12241],[12.612926,46.122736],[12.612861,46.122843],[12.612825,46.122901],[12.612478,46.12317],[12.612181,46.123318],[12.612012,46.123419]]}},{"type":"Feature","properties":{"u":2627519988,"v":2627519995,"length":15.378,"highway":"unclassified"},"geometry":{"type":"LineString","coordinates":[[12.72869,46.195503],[12.728639,46.195529],[12.728608,46.195552],[12.728572,46.195569],[12.728526,46.195577]]}},{"type":"Feature","properties":{"u":1444385297,"v":4472385864,"length":202.095,"highway":"residential"},"geometry":{"type":"LineString","coordinates":[[12.633724,46.195408],[12.633848,46.195369],[12.634034,46.195332],[12.634137,46.195317],[12.634304,46.195303],[12.634596,46.195297],[12.634892,46.195274],[12.635034,46.195266],[12.635201,46.195242],[12.635323,46.19522],[12.635464,46.19521],[12.63577,46.195196],[12.635955,46.195192],[12.636082,46.195198],[12.636309,46.195233]]}},{"type":"Feature","properties":{"u":1444386053,"v":1444386030,"length":24.081,"highway":"residential"},"geometry":{"type":"LineString","coordinates":[[12.613644,46.200476],[12.613933,46.200393]]}},{"type":"Feature","properties":{"u":1339677532,"v":1444386053,"length":15.932,"highway":"residential"},"geometry":{"type":"LineString","coordinates":[[12.613728,46.200603],[12.613686,46.200574],[12.613644,46.200476]]}},{"type":"Feature","properties":{"u":1339677498,"v":2191490727,"length":29.983,"highway":"residential"},"geometry":{"type":"LineString","coordinates":[[12.612934,46.200444],[12.613006,46.200709]]}},{"type":"Feature","properties":{"u":2191490727,"v":1339677430,"length":21.869,"highway":"residential"},"geometry":{"type":"LineString","coordinates":[[12.613006,46.200709],[12.613038,46.200803],[12.613043,46.20082],[12.613162,46.200812]]}},{"type":"Feature","properties":{"u":1339677430,"v":1339677493,"length":133.577,"highway":"residential"},"geometry":{"type":"LineString","coordinates":[[12.613162,46.200812],[12.613296,46.201083],[12.613472,46.201302],[12.613666,46.201577],[12.613719,46.201767],[12.613734,46.201847],[12.61373,46.201931]]}},{"type":"Feature","properties":{"u":4537860106,"v":4537860104,"length":58.137,"highway":"residential"},"geometry":{"type":"LineString","coordinates":[[12.659262,46.149455],[12.658884,46.149775],[12.658937,46.149878]]}},{"type":"Feature","properties":{"u":4537860116,"v":4537860115,"length":90.091,"highway":"residential"},"geometry":{"type":"LineString","coordinates":[[12.659693,46.149682],[12.660514,46.149105]]}},{"type":"Feature","properties":{"u":432818914,"v":565077439,"length":382.042,"highway":"unclassified"},"geometry":{"type":"LineString","coordinates":[[12.685798,46.171186],[12.686027,46.171271],[12.686243,46.171364],[12.686575,46.171437],[12.686595,46.171442],[12.686746,46.171478],[12.686964,46.171576],[12.687256,46.171742],[12.687513,46.17179],[12.687728,46.171801],[12.688003,46.171796],[12.688492,46.171784],[12.688947,46.171784],[12.689453,46.17182],[12.689513,46.171824],[12.690074,46.171887],[12.690494,46.171982]]}},{"type":"Feature","properties":{"u":1112362923,"v":1914045621,"length":217.51,"highway":"primary","maxspeed":70},"geometry":{"type":"LineString","coordinates":[[12.718969,46.17062],[12.718772,46.170885],[12.718613,46.171126],[12.718504,46.171325],[12.71836,46.171604],[12.718147,46.172006],[12.717946,46.17244]]}},{"type":"Feature","properties":{"u":295280671,"v":3282034260,"length":77.366,"highway":"secondary"},"geometry":{"type":"LineString","coordinates":[[12.710564,46.170935],[12.710765,46.170912],[12.711114,46.17088],[12.711445,46.170865],[12.711562,46.17086]]}},{"type":"Feature","properties":{"u":3282034260,"v":295280466,"length":22.946,"highway":"secondary"},"geometry":{"type":"LineString","coordinates":[[12.711562,46.17086],[12.711644,46.170858],[12.711858,46.170878]]}},{"type":"Feature","properties":{"u":275052240,"v":1444347338,"length":1106.214,"highway":"unclassified"},"geometry":{"type":"LineString","coordinates":[[12.577829,46.189381],[12.577944,46.189407],[12.578095,46.189454],[12.578226,46.189508],[12.578327,46.189559],[12.57848,46.189658],[12.578639,46.18976],[12.579125,46.190038],[12.579406,46.190164],[12.579655,46.190266],[12.580016,46.190402],[12.580055,46.19044],[12.580096,46.190479],[12.580261,46.190556],[12.580496,46.190625],[12.580903,46.19075],[12.581222,46.190822],[12.58139,46.190827],[12.581758,46.190912],[12.582214,46.191089],[12.58229,46.191121],[12.582508,46.191213],[12.582751,46.19137],[12.582829,46.19144],[12.582953,46.19155],[12.583004,46.191586],[12.583147,46.191689],[12.583231,46.191738],[12.583341,46.191775],[12.583506,46.191756],[12.58371,46.191663],[12.58378,46.191565],[12.583778,46.19146],[12.583702,46.19131],[12.583564,46.191162],[12.583471,46.191091],[12.583305,46.190975],[12.583212,46.190877],[12.583096,46.190762],[12.582969,46.190664],[12.582927,46.190565],[12.582959,46.190523],[12.583008,46.190501],[12.583109,46.190487],[12.583215,46.190541],[12.583361,46.190616],[12.5835,46.190705],[12.583683,46.190778],[12.583993,46.190841],[12.584556,46.190964],[12.584698,46.191035],[12.584948,46.191156],[12.585261,46.191276],[12.5854,46.191347],[12.585516,46.191425],[12.58555,46.191552],[12.585552,46.191802],[12.585602,46.191903],[12.585722,46.191987],[12.585896,46.192094],[12.585946,46.192164],[12.585933,46.192701],[12.585964,46.192822],[12.586052,46.192896],[12.586168,46.192902]]}},{"type":"Feature","properties":{"u":1684672630,"v":5053228233,"length":22.01,"highway":"tertiary"},"geometry":{"type":"LineString","coordinates":[[12.605212,46.066363],[12.605125,46.066311],[12.605059,46.066282],[12.604979,46.06625]]}},{"type":"Feature","properties":{"u":5053228221,"v":5053228232,"length":16.007,"highway":"tertiary"},"geometry":{"type":"LineString","coordinates":[[12.604708,46.06626],[12.604771,46.066196],[12.604809,46.066135]]}},{"type":"Feature","properties":{"u":471487480,"v":5053228221,"length":16.221,"highway":"tertiary"},"geometry":{"type":"LineString","coordinates":[[12.604914,46.066232],[12.604817,46.066241],[12.604708,46.06626]]}},{"type":"Feature","properties":{"u":471487480,"v":1684672620,"length":6.94,"highway":"tertiary"},"geometry":{"type":"LineString","coordinates":[[12.604914,46.066232],[12.604881,46.066218],[12.604846,46.066192]]}},{"type":"Feature","properties":{"u":471487479,"v":1684672603,"length":22.632,"highway":"unclassified"},"geometry":{"type":"LineString","coordinates":[[12.604885,46.06584],[12.604984,46.06591],[12.605109,46.06597]]}},{"type":"Feature","properties":{"u":5053228231,"v":471487479,"length":21.779,"highway":"unclassified"},"geometry":{"type":"LineString","coordinates":[[12.604823,46.066031],[12.604854,46.065948],[12.604885,46.06584]]}},{"type":"Feature","properties":{"u":5053228227,"v":5053228237,"length":14.622,"highway":"tertiary"},"geometry":{"type":"LineString","coordinates":[[12.605355,46.065982],[12.605287,46.066029],[12.605233,46.066082]]}},{"type":"Feature","properties":{"u":5053228226,"v":5053228227,"length":14.595,"highway":"tertiary"},"geometry":{"type":"LineString","coordinates":[[12.605168,46.065997],[12.605262,46.065996],[12.605355,46.065982]]}},{"type":"Feature","properties":{"u":5053228227,"v":1684676071,"length":410.077,"highway":"tertiary"},"geometry":{"type":"LineString","coordinates":[[12.605355,46.065982],[12.605906,46.065749],[12.606848,46.065337],[12.607815,46.06492],[12.6087,46.064568],[12.609516,46.064289],[12.60998,46.064184]]}},{"type":"Feature","properties":{"u":1684676071,"v":735499581,"length":32.076,"highway":"tertiary"},"geometry":{"type":"LineString","coordinates":[[12.60998,46.064184],[12.610375,46.064094]]}},{"type":"Feature","properties":{"u":5053228231,"v":1684672603,"length":24.832,"highway":"tertiary"},"geometry":{"type":"LineString","coordinates":[[12.604823,46.066031],[12.604865,46.065999],[12.60492,46.06597],[12.605013,46.065962],[12.605109,46.06597]]}},{"type":"Feature","properties":{"u":5124283757,"v":2868962665,"length":102.162,"highway":"unclassified","maxspeed":50},"geometry":{"type":"LineString","coordinates":[[12.576914,46.061031],[12.576963,46.060991],[12.577048,46.060938],[12.577143,46.060878],[12.57725,46.06081],[12.577272,46.060803],[12.577289,46.060798],[12.577336,46.060808],[12.577383,46.060845],[12.577683,46.061061],[12.577868,46.061193]]}},{"type":"Feature","properties":{"u":1444918072,"v":1444918074,"length":11.69,"highway":"unclassified"},"geometry":{"type":"LineString","coordinates":[[12.565452,46.194254],[12.565584,46.194306]]}},{"type":"Feature","properties":{"u":1444918026,"v":1444918072,"length":143.774,"highway":"unclassified"},"geometry":{"type":"LineString","coordinates":[[12.564233,46.193275],[12.564388,46.193404],[12.565012,46.193912],[12.565338,46.194178],[12.565452,46.194254]]}},{"type":"Feature","properties":{"u":295280030,"v":1111421352,"length":119.289,"highway":"primary","maxspeed":70},"geometry":{"type":"LineString","coordinates":[[12.715096,46.161702],[12.715246,46.161788],[12.71573,46.161947],[12.71648,46.162174]]}},{"type":"Feature","properties":{"u":1111421352,"v":1112362950,"length":210.062,"highway":"primary","maxspeed":70},"geometry":{"type":"LineString","coordinates":[[12.71648,46.162174],[12.717367,46.162454],[12.71897,46.162945]]}},{"type":"Feature","properties":{"u":1112362950,"v":275047830,"length":139.373,"highway":"primary","maxspeed":70},"geometry":{"type":"LineString","coordinates":[[12.71897,46.162945],[12.719204,46.163013],[12.72027,46.163347],[12.720494,46.163422],[12.720617,46.163464]]}},{"type":"Feature","properties":{"u":5780882642,"v":295280030,"length":13.02,"highway":"primary"},"geometry":{"type":"LineString","coordinates":[[12.715076,46.161594],[12.715094,46.161609],[12.715106,46.161627],[12.715112,46.161642],[12.715114,46.161652],[12.715112,46.161671],[12.715106,46.161687],[12.715096,46.161702]]}},{"type":"Feature","properties":{"u":295280030,"v":5780883177,"length":13.536,"highway":"primary"},"geometry":{"type":"LineString","coordinates":[[12.715096,46.161702],[12.715083,46.161714],[12.715072,46.161722],[12.715057,46.16173],[12.715036,46.161738],[12.715015,46.161743],[12.714993,46.161745],[12.714973,46.161745],[12.714943,46.16174]]}},{"type":"Feature","properties":{"u":5780883177,"v":5780883166,"length":15.061,"highway":"primary"},"geometry":{"type":"LineString","coordinates":[[12.714943,46.16174],[12.714936,46.161738],[12.71492,46.161732],[12.714906,46.161726],[12.714895,46.161719],[12.714879,46.161705],[12.714868,46.161691],[12.714862,46.161678],[12.714861,46.161675],[12.714859,46.161651],[12.714861,46.161641],[12.714864,46.16163]]}},{"type":"Feature","properties":{"u":5780883166,"v":5780883175,"length":15.852,"highway":"primary"},"geometry":{"type":"LineString","coordinates":[[12.714864,46.16163],[12.714873,46.161616],[12.714884,46.161604],[12.714903,46.16159],[12.714921,46.161581],[12.714947,46.161573],[12.714968,46.161569],[12.714992,46.161569],[12.715013,46.16157],[12.71503,46.161574]]}},{"type":"Feature","properties":{"u":5780883175,"v":5780882642,"length":4.215,"highway":"primary"},"geometry":{"type":"LineString","coordinates":[[12.71503,46.161574],[12.71505,46.16158],[12.715076,46.161594]]}},{"type":"Feature","properties":{"u":1914045529,"v":5780883166,"length":5.524,"highway":"primary"},"geometry":{"type":"LineString","coordinates":[[12.714799,46.161609],[12.714864,46.16163]]}},{"type":"Feature","properties":{"u":912294850,"v":665371507,"length":12.516,"highway":"unclassified"},"geometry":{"type":"LineString","coordinates":[[12.683577,46.097115],[12.68368,46.097028]]}},{"type":"Feature","properties":{"u":665371506,"v":912289982,"length":18.697,"highway":"unclassified"},"geometry":{"type":"LineString","coordinates":[[12.683076,46.097238],[12.683316,46.097214]]}},{"type":"Feature","properties":{"u":912297273,"v":912309073,"length":59.912,"highway":"residential"},"geometry":{"type":"LineString","coordinates":[[12.682814,46.096721],[12.682838,46.096886],[12.682875,46.097026],[12.682999,46.09724]]}},{"type":"Feature","properties":{"u":564874584,"v":564874586,"length":18.561,"highway":"tertiary"},"geometry":{"type":"LineString","coordinates":[[12.68316,46.132725],[12.683378,46.132796]]}},{"type":"Feature","properties":{"u":564874586,"v":849594104,"length":310.098,"highway":"tertiary"},"geometry":{"type":"LineString","coordinates":[[12.683378,46.132796],[12.683414,46.132809],[12.684188,46.133061],[12.684951,46.133313],[12.685709,46.133559],[12.686584,46.133851],[12.687012,46.133994]]}},{"type":"Feature","properties":{"u":6174606049,"v":912311675,"length":25.578,"highway":"unclassified"},"geometry":{"type":"LineString","coordinates":[[12.683054,46.13268],[12.682963,46.132679],[12.682726,46.132709]]}},{"type":"Feature","properties":{"u":810477548,"v":810477555,"length":264.152,"highway":"residential"},"geometry":{"type":"LineString","coordinates":[[12.560547,46.189743],[12.56066,46.189779],[12.560845,46.189805],[12.560857,46.189807],[12.560954,46.189826],[12.561141,46.189864],[12.561198,46.189875],[12.561414,46.18992],[12.561584,46.190036],[12.561664,46.190086],[12.561753,46.190106],[12.562054,46.19015],[12.562303,46.190192],[12.562481,46.190239],[12.562633,46.190287],[12.562759,46.190371],[12.562877,46.190491],[12.56293,46.190632],[12.562966,46.190805],[12.562997,46.190886],[12.563015,46.190935],[12.563046,46.191017]]}},{"type":"Feature","properties":{"u":6521598200,"v":6521598202,"length":42.387,"highway":"residential","maxspeed":50},"geometry":{"type":"LineString","coordinates":[[12.584578,46.064734],[12.584411,46.064876],[12.58422,46.065023]]}},{"type":"Feature","properties":{"u":6521598202,"v":6521598203,"length":16.915,"highway":"residential","maxspeed":50},"geometry":{"type":"LineString","coordinates":[[12.58422,46.065023],[12.584093,46.065147]]}},{"type":"Feature","properties":{"u":6521598202,"v":6521598205,"length":23.298,"highway":"residential","maxspeed":50},"geometry":{"type":"LineString","coordinates":[[12.58422,46.065023],[12.584086,46.064941],[12.583987,46.06489]]}},{"type":"Feature","properties":{"u":6521598205,"v":6521606627,"length":84.254,"highway":"residential","maxspeed":50},"geometry":{"type":"LineString","coordinates":[[12.583987,46.06489],[12.583747,46.064845],[12.583337,46.064828],[12.583093,46.064839],[12.582921,46.064892]]}},{"type":"Feature","properties":{"u":912306899,"v":912296990,"length":73.299,"highway":"residential"},"geometry":{"type":"LineString","coordinates":[[12.662791,46.160284],[12.662513,46.160255],[12.662336,46.160213],[12.662117,46.160168],[12.661895,46.16013],[12.661869,46.160127]]}},{"type":"Feature","properties":{"u":912296850,"v":6532722874,"length":16.236,"highway":"secondary"},"geometry":{"type":"LineString","coordinates":[[12.661456,46.16106],[12.661459,46.160914]]}},{"type":"Feature","properties":{"u":912298892,"v":912312517,"length":85.955,"highway":"residential"},"geometry":{"type":"LineString","coordinates":[[12.662392,46.161229],[12.662422,46.16123],[12.662435,46.161225],[12.662463,46.161209],[12.662505,46.161208],[12.662845,46.161302],[12.663131,46.161405],[12.663402,46.161501]]}},{"type":"Feature","properties":{"u":912290833,"v":2642228491,"length":94.606,"highway":"residential"},"geometry":{"type":"LineString","coordinates":[[12.663787,46.163206],[12.663751,46.163352],[12.663644,46.163587],[12.663536,46.163823],[12.663545,46.163889],[12.663596,46.163909],[12.663743,46.163911]]}},{"type":"Feature","properties":{"u":6580019407,"v":6580019406,"length":54.414,"highway":"unclassified"},"geometry":{"type":"LineString","coordinates":[[12.718625,46.163872],[12.717922,46.163823]]}},{"type":"Feature","properties":{"u":1444917334,"v":275052586,"length":23.418,"highway":"residential"},"geometry":{"type":"LineString","coordinates":[[12.558316,46.190557],[12.55844,46.190617],[12.558498,46.190658],[12.558533,46.1907]]}},{"type":"Feature","properties":{"u":2195445824,"v":1425732614,"length":58.969,"highway":"unclassified"},"geometry":{"type":"LineString","coordinates":[[12.679832,46.160912],[12.680009,46.160979],[12.680508,46.161161]]}},{"type":"Feature","properties":{"u":552235423,"v":552235436,"length":108.538,"highway":"residential"},"geometry":{"type":"LineString","coordinates":[[12.683898,46.161436],[12.684064,46.161222],[12.684235,46.160545],[12.684248,46.1605]]}},{"type":"Feature","properties":{"u":1425732619,"v":552235423,"length":10.452,"highway":"residential"},"geometry":{"type":"LineString","coordinates":[[12.683784,46.161487],[12.683898,46.161436]]}},{"type":"Feature","properties":{"u":1425732632,"v":1425732637,"length":22.527,"highway":"residential"},"geometry":{"type":"LineString","coordinates":[[12.687243,46.161733],[12.687134,46.161921]]}},{"type":"Feature","properties":{"u":1425732637,"v":1423281600,"length":29.557,"highway":"residential"},"geometry":{"type":"LineString","coordinates":[[12.687134,46.161921],[12.687016,46.162073],[12.686964,46.162159]]}},{"type":"Feature","properties":{"u":1425732612,"v":1425732632,"length":122.528,"highway":"residential"},"geometry":{"type":"LineString","coordinates":[[12.687493,46.160648],[12.687476,46.160697],[12.687409,46.160897],[12.687332,46.161245],[12.687285,46.161648],[12.687243,46.161733]]}},{"type":"Feature","properties":{"u":1423281662,"v":326015151,"length":131.716,"highway":"unclassified"},"geometry":{"type":"LineString","coordinates":[[12.69787,46.164111],[12.698084,46.163793],[12.698564,46.163064],[12.698578,46.163033]]}},{"type":"Feature","properties":{"u":326015151,"v":1272075092,"length":49.634,"highway":"unclassified"},"geometry":{"type":"LineString","coordinates":[[12.698578,46.163033],[12.698724,46.162644],[12.698733,46.1626]]}},{"type":"Feature","properties":{"u":1272075092,"v":1272075081,"length":85.31,"highway":"unclassified"},"geometry":{"type":"LineString","coordinates":[[12.698733,46.1626],[12.698759,46.161833]]}},{"type":"Feature","properties":{"u":309428696,"v":318680004,"length":133.543,"highway":"unclassified"},"geometry":{"type":"LineString","coordinates":[[12.703143,46.166808],[12.702631,46.166744],[12.702126,46.166783],[12.701421,46.166805]]}},{"type":"Feature","properties":{"u":318680004,"v":1423281735,"length":73.736,"highway":"unclassified"},"geometry":{"type":"LineString","coordinates":[[12.701421,46.166805],[12.700465,46.166842]]}},{"type":"Feature","properties":{"u":1423281762,"v":1423281735,"length":42.763,"highway":"residential"},"geometry":{"type":"LineString","coordinates":[[12.700327,46.167212],[12.700392,46.167115],[12.700433,46.16696],[12.700465,46.166842]]}},{"type":"Feature","properties":{"u":295280664,"v":1423281861,"length":32.205,"highway":"unclassified"},"geometry":{"type":"LineString","coordinates":[[12.704906,46.169459],[12.704873,46.169407],[12.704767,46.169267],[12.704741,46.169237],[12.70472,46.1692]]}},{"type":"Feature","properties":{"u":295280671,"v":417137849,"length":77.256,"highway":"unclassified"},"geometry":{"type":"LineString","coordinates":[[12.710564,46.170935],[12.710256,46.170951],[12.710218,46.170953],[12.709629,46.170988],[12.709564,46.170991]]}},{"type":"Feature","properties":{"u":295280100,"v":1423492616,"length":147.385,"highway":"unclassified"},"geometry":{"type":"LineString","coordinates":[[12.710183,46.168578],[12.709848,46.169883]]}},{"type":"Feature","properties":{"u":1423492648,"v":2179620170,"length":10.237,"highway":"secondary"},"geometry":{"type":"LineString","coordinates":[[12.710854,46.170033],[12.71082,46.170122]]}},{"type":"Feature","properties":{"u":2179620170,"v":295280671,"length":92.911,"highway":"secondary"},"geometry":{"type":"LineString","coordinates":[[12.71082,46.170122],[12.710801,46.170172],[12.7106,46.17069],[12.710579,46.170748],[12.710567,46.170804],[12.710563,46.170854],[12.710564,46.170935]]}},{"type":"Feature","properties":{"u":1961333454,"v":1094723290,"length":730.425,"highway":"tertiary"},"geometry":{"type":"LineString","coordinates":[[12.571378,46.069569],[12.570996,46.069711],[12.57085,46.069738],[12.570685,46.069743],[12.570124,46.069721],[12.569984,46.069724],[12.569862,46.069739],[12.569214,46.069928],[12.568647,46.070043],[12.567827,46.070141],[12.567359,46.070183],[12.567134,46.070194],[12.566532,46.070159],[12.566261,46.070144],[12.565861,46.070129],[12.565589,46.07009],[12.565306,46.070059],[12.565136,46.070024],[12.565007,46.069977],[12.564935,46.06994],[12.564853,46.069896],[12.564139,46.069377],[12.563254,46.068818],[12.563158,46.068778],[12.563064,46.068752],[12.562955,46.068733],[12.562861,46.068728],[12.5628,46.068734]]}},{"type":"Feature","properties":{"u":2696812485,"v":1961333458,"length":44.242,"highway":"secondary"},"geometry":{"type":"LineString","coordinates":[[12.57177,46.070182],[12.571765,46.070026],[12.571794,46.069785]]}},{"type":"Feature","properties":{"u":1961333458,"v":1269918506,"length":4.132,"highway":"secondary"},"geometry":{"type":"LineString","coordinates":[[12.571794,46.069785],[12.571799,46.069748]]}},{"type":"Feature","properties":{"u":1269918630,"v":471638458,"length":11.237,"highway":"residential"},"geometry":{"type":"LineString","coordinates":[[12.572163,46.070873],[12.572067,46.070949]]}},{"type":"Feature","properties":{"u":1341626864,"v":471638463,"length":31.212,"highway":"residential"},"geometry":{"type":"LineString","coordinates":[[12.572274,46.071512],[12.572258,46.071545],[12.572012,46.071722]]}},{"type":"Feature","properties":{"u":475521919,"v":472029981,"length":128.597,"highway":"unclassified"},"geometry":{"type":"LineString","coordinates":[[12.576852,46.083126],[12.576879,46.083098],[12.576917,46.083072],[12.576998,46.083021],[12.577516,46.082728],[12.578129,46.082385]]}},{"type":"Feature","properties":{"u":2859211611,"v":475521928,"length":44.714,"highway":"unclassified","maxspeed":50},"geometry":{"type":"LineString","coordinates":[[12.579341,46.085076],[12.579304,46.085098],[12.579216,46.085109],[12.579045,46.085132],[12.57889,46.085161],[12.5788,46.085201]]}},{"type":"Feature","properties":{"u":2868849726,"v":2868849729,"length":50.467,"highway":"unclassified","maxspeed":50},"geometry":{"type":"LineString","coordinates":[[12.589881,46.085401],[12.589831,46.085516],[12.589809,46.08576],[12.589819,46.085849]]}},{"type":"Feature","properties":{"u":1712512593,"v":1711461603,"length":49.676,"highway":"tertiary"},"geometry":{"type":"LineString","coordinates":[[12.592161,46.084055],[12.59204,46.084136],[12.591874,46.084249],[12.591799,46.084327],[12.591773,46.084364],[12.591762,46.084397]]}},{"type":"Feature","properties":{"u":3985039457,"v":1712512627,"length":82.867,"highway":"unclassified","maxspeed":50},"geometry":{"type":"LineString","coordinates":[[12.59451,46.08417],[12.594452,46.084228],[12.594324,46.08432],[12.594001,46.084519],[12.593737,46.084685]]}},{"type":"Feature","properties":{"u":3985034891,"v":4352636537,"length":38.179,"highway":"unclassified"},"geometry":{"type":"LineString","coordinates":[[12.600608,46.085507],[12.600993,46.085366],[12.601046,46.085347]]}},{"type":"Feature","properties":{"u":1770237073,"v":3985034891,"length":107.926,"highway":"unclassified"},"geometry":{"type":"LineString","coordinates":[[12.599336,46.08591],[12.599893,46.085749],[12.600296,46.085622],[12.600608,46.085507]]}},{"type":"Feature","properties":{"u":1769423383,"v":4339928146,"length":5.011,"highway":"unclassified","maxspeed":50},"geometry":{"type":"LineString","coordinates":[[12.60662,46.092229],[12.606675,46.092205]]}},{"type":"Feature","properties":{"u":1770236680,"v":1769423383,"length":80.693,"highway":"unclassified","maxspeed":50},"geometry":{"type":"LineString","coordinates":[[12.605649,46.092497],[12.60645,46.092264],[12.606521,46.092254],[12.60662,46.092229]]}},{"type":"Feature","properties":{"u":3783691255,"v":3783691251,"length":31.329,"highway":"unclassified"},"geometry":{"type":"LineString","coordinates":[[12.646,46.132358],[12.646254,46.132138]]}},{"type":"Feature","properties":{"u":1894585978,"v":3783691255,"length":409.477,"highway":"unclassified"},"geometry":{"type":"LineString","coordinates":[[12.642158,46.134625],[12.64365,46.134194],[12.644555,46.133923],[12.644707,46.13385],[12.644891,46.133718],[12.645029,46.133536],[12.645485,46.132865],[12.645892,46.132455],[12.645918,46.132429],[12.646,46.132358]]}},{"type":"Feature","properties":{"u":912287486,"v":318694350,"length":133.256,"highway":"tertiary"},"geometry":{"type":"LineString","coordinates":[[12.654273,46.146316],[12.654222,46.146369],[12.654023,46.146648],[12.653885,46.146876],[12.653788,46.147107],[12.653772,46.147283],[12.653787,46.147442]]}},{"type":"Feature","properties":{"u":275047838,"v":295284241,"length":33.094,"highway":"primary"},"geometry":{"type":"LineString","coordinates":[[12.72172,46.174296],[12.721552,46.174314],[12.721483,46.174335],[12.721411,46.174382],[12.721376,46.174436]]}},{"type":"Feature","properties":{"u":4361151497,"v":767943277,"length":42.491,"highway":"secondary"},"geometry":{"type":"LineString","coordinates":[[12.721363,46.174491],[12.721412,46.174587],[12.721444,46.174631],[12.721476,46.174667],[12.721545,46.17475],[12.721584,46.174839]]}},{"type":"Feature","properties":{"u":7248237148,"v":7248237163,"length":157.014,"highway":"residential"},"geometry":{"type":"LineString","coordinates":[[12.716664,46.147992],[12.715776,46.149263]]}},{"type":"Feature","properties":{"u":7248237153,"v":7248237159,"length":345.12,"highway":"residential"},"geometry":{"type":"LineString","coordinates":[[12.716123,46.146312],[12.720185,46.147621]]}},{"type":"Feature","properties":{"u":1421830048,"v":1889582048,"length":13.768,"highway":"unclassified"},"geometry":{"type":"LineString","coordinates":[[12.717359,46.151442],[12.717352,46.151401],[12.717361,46.151361],[12.717387,46.151323]]}},{"type":"Feature","properties":{"u":1889582048,"v":1421830038,"length":13.935,"highway":"unclassified"},"geometry":{"type":"LineString","coordinates":[[12.717387,46.151323],[12.717428,46.151292],[12.717479,46.15127],[12.717537,46.151259]]}},{"type":"Feature","properties":{"u":1421830038,"v":7248261064,"length":17.112,"highway":"unclassified"},"geometry":{"type":"LineString","coordinates":[[12.717537,46.151259],[12.717598,46.15126],[12.717649,46.151271],[12.717695,46.151291],[12.717733,46.151317]]}},{"type":"Feature","properties":{"u":7248261064,"v":8195823255,"length":8.307,"highway":"unclassified"},"geometry":{"type":"LineString","coordinates":[[12.717733,46.151317],[12.717759,46.15135],[12.717772,46.151386]]}},{"type":"Feature","properties":{"u":8195823255,"v":7248261075,"length":27.113,"highway":"unclassified"},"geometry":{"type":"LineString","coordinates":[[12.717772,46.151386],[12.71777,46.151434],[12.717746,46.151478],[12.717702,46.151514],[12.71764,46.151541],[12.717568,46.151551]]}},{"type":"Feature","properties":{"u":7248261075,"v":1889582049,"length":17.048,"highway":"unclassified"},"geometry":{"type":"LineString","coordinates":[[12.717568,46.151551],[12.717495,46.151543],[12.717431,46.151519],[12.717382,46.15148]]}},{"type":"Feature","properties":{"u":1889582049,"v":1421830048,"length":4.582,"highway":"unclassified"},"geometry":{"type":"LineString","coordinates":[[12.717382,46.15148],[12.717359,46.151442]]}},{"type":"Feature","properties":{"u":7248237159,"v":7257441692,"length":177.698,"highway":"residential"},"geometry":{"type":"LineString","coordinates":[[12.720185,46.147621],[12.720874,46.146329],[12.720946,46.146248],[12.721015,46.14621],[12.721107,46.1462]]}},{"type":"Feature","properties":{"u":7257441692,"v":7257416973,"length":104.864,"highway":"residential"},"geometry":{"type":"LineString","coordinates":[[12.721107,46.1462],[12.721209,46.146192],[12.721383,46.146222],[12.721564,46.146259],[12.721794,46.14626],[12.722065,46.146255],[12.722444,46.146193]]}},{"type":"Feature","properties":{"u":7257441692,"v":7257441697,"length":55.869,"highway":"residential"},"geometry":{"type":"LineString","coordinates":[[12.721107,46.1462],[12.721189,46.14621],[12.721249,46.146227],[12.72129,46.146247],[12.721336,46.146279],[12.721363,46.146314],[12.721388,46.14636],[12.721391,46.146403],[12.721374,46.146442],[12.721331,46.146493],[12.721235,46.146551]]}},{"type":"Feature","properties":{"u":7260720340,"v":7248237163,"length":222.797,"highway":"residential"},"geometry":{"type":"LineString","coordinates":[[12.713159,46.14841],[12.715776,46.149263]]}},{"type":"Feature","properties":{"u":7248237163,"v":1889582052,"length":231.536,"highway":"residential"},"geometry":{"type":"LineString","coordinates":[[12.715776,46.149263],[12.718496,46.150149]]}},{"type":"Feature","properties":{"u":4252110503,"v":7248237165,"length":139.28,"highway":"residential"},"geometry":{"type":"LineString","coordinates":[[12.712126,46.14961],[12.7129,46.148478]]}},{"type":"Feature","properties":{"u":7260720362,"v":7260720358,"length":11.919,"highway":"residential"},"geometry":{"type":"LineString","coordinates":[[12.712903,46.148233],[12.712953,46.148223],[12.713004,46.148222],[12.713054,46.148231]]}},{"type":"Feature","properties":{"u":7260720358,"v":7260720340,"length":23.902,"highway":"residential"},"geometry":{"type":"LineString","coordinates":[[12.713054,46.148231],[12.713099,46.148249],[12.713135,46.148274],[12.713161,46.148304],[12.713174,46.148339],[12.713174,46.148375],[12.713159,46.14841]]}},{"type":"Feature","properties":{"u":7260720340,"v":7248237165,"length":23.724,"highway":"residential"},"geometry":{"type":"LineString","coordinates":[[12.713159,46.14841],[12.713134,46.14844],[12.713097,46.148464],[12.713051,46.148482],[12.713001,46.14849],[12.71295,46.148488],[12.7129,46.148478]]}},{"type":"Feature","properties":{"u":7248237165,"v":7260720343,"length":22.735,"highway":"residential"},"geometry":{"type":"LineString","coordinates":[[12.7129,46.148478],[12.712858,46.14846],[12.712825,46.148435],[12.712801,46.148405],[12.712789,46.148372],[12.71279,46.148338],[12.712802,46.148305]]}},{"type":"Feature","properties":{"u":7260720343,"v":7260720362,"length":11.396,"highway":"residential"},"geometry":{"type":"LineString","coordinates":[[12.712802,46.148305],[12.712827,46.148275],[12.712861,46.148251],[12.712903,46.148233]]}},{"type":"Feature","properties":{"u":471353066,"v":402568337,"length":811.649,"highway":"unclassified"},"geometry":{"type":"LineString","coordinates":[[12.577545,46.090668],[12.577471,46.09068],[12.577226,46.090715],[12.577092,46.090743],[12.576792,46.090848],[12.576666,46.090886],[12.57645,46.090944],[12.57609,46.091012],[12.575682,46.091047],[12.575321,46.09108],[12.575225,46.091078],[12.574965,46.091078],[12.574876,46.091087],[12.574773,46.091108],[12.574478,46.091223],[12.57429,46.091298],[12.574032,46.091382],[12.573819,46.091516],[12.573632,46.091621],[12.573522,46.09167],[12.573238,46.09179],[12.572868,46.091914],[12.57236,46.09205],[12.571877,46.092165],[12.571123,46.092343],[12.570706,46.092444],[12.570319,46.092479],[12.569937,46.092526],[12.569522,46.092617],[12.569277,46.092676],[12.569061,46.092701],[12.568766,46.09272],[12.568428,46.092743],[12.568093,46.092781],[12.56777,46.092914],[12.567714,46.092947]]}},{"type":"Feature","properties":{"u":7511316349,"v":7511316344,"length":81.885,"highway":"residential"},"geometry":{"type":"LineString","coordinates":[[12.655246,46.154091],[12.656017,46.153584]]}},{"type":"Feature","properties":{"u":7511316343,"v":7511316344,"length":41.61,"highway":"residential"},"geometry":{"type":"LineString","coordinates":[[12.656388,46.153856],[12.656017,46.153584]]}},{"type":"Feature","properties":{"u":7511316344,"v":7511316339,"length":57.848,"highway":"residential"},"geometry":{"type":"LineString","coordinates":[[12.656017,46.153584],[12.655501,46.153206]]}},{"type":"Feature","properties":{"u":7645378318,"v":9642627517,"length":72.289,"highway":"unclassified"},"geometry":{"type":"LineString","coordinates":[[12.707213,46.171314],[12.706734,46.170896],[12.706629,46.170805]]}},{"type":"Feature","properties":{"u":9642627517,"v":295280478,"length":26.447,"highway":"unclassified"},"geometry":{"type":"LineString","coordinates":[[12.706629,46.170805],[12.706652,46.170784],[12.706657,46.170751],[12.706646,46.170722],[12.706632,46.170696],[12.706594,46.170683],[12.706548,46.170676],[12.706511,46.170666],[12.706469,46.170655]]}},{"type":"Feature","properties":{"u":295280476,"v":7645378312,"length":12.027,"highway":"unclassified"},"geometry":{"type":"LineString","coordinates":[[12.707598,46.171363],[12.707581,46.171387],[12.707556,46.171411],[12.707496,46.171442]]}},{"type":"Feature","properties":{"u":7645378318,"v":295280476,"length":32.361,"highway":"unclassified"},"geometry":{"type":"LineString","coordinates":[[12.707213,46.171314],[12.707287,46.171353],[12.707364,46.17138],[12.707448,46.17139],[12.707511,46.171384],[12.707598,46.171363]]}},{"type":"Feature","properties":{"u":7645378312,"v":1423492741,"length":16.776,"highway":"unclassified"},"geometry":{"type":"LineString","coordinates":[[12.707496,46.171442],[12.707451,46.171483],[12.707424,46.171519],[12.707415,46.171555],[12.70741,46.171577]]}},{"type":"Feature","properties":{"u":1423492741,"v":7645378316,"length":21.113,"highway":"unclassified"},"geometry":{"type":"LineString","coordinates":[[12.70741,46.171577],[12.707267,46.171415]]}},{"type":"Feature","properties":{"u":7645378312,"v":7645378316,"length":19.015,"highway":"unclassified"},"geometry":{"type":"LineString","coordinates":[[12.707496,46.171442],[12.707447,46.171457],[12.7074,46.171455],[12.707326,46.17144],[12.707267,46.171415]]}},{"type":"Feature","properties":{"u":7645378316,"v":7645378318,"length":12.362,"highway":"unclassified"},"geometry":{"type":"LineString","coordinates":[[12.707267,46.171415],[12.707228,46.17138],[12.707217,46.171346],[12.707213,46.171314]]}},{"type":"Feature","properties":{"u":7710406136,"v":7710406146,"length":133.813,"highway":"residential"},"geometry":{"type":"LineString","coordinates":[[12.714198,46.169455],[12.714392,46.169602],[12.714714,46.169758],[12.715229,46.169902],[12.715702,46.170018]]}},{"type":"Feature","properties":{"u":7710406146,"v":7710406154,"length":56.31,"highway":"residential"},"geometry":{"type":"LineString","coordinates":[[12.715702,46.170018],[12.715931,46.170073],[12.716383,46.170202]]}},{"type":"Feature","properties":{"u":7710406154,"v":7710406141,"length":30.855,"highway":"residential"},"geometry":{"type":"LineString","coordinates":[[12.716383,46.170202],[12.716737,46.170332]]}},{"type":"Feature","properties":{"u":7710406146,"v":7710406147,"length":52.6,"highway":"residential"},"geometry":{"type":"LineString","coordinates":[[12.715702,46.170018],[12.715489,46.170252],[12.715509,46.170279],[12.715497,46.1703],[12.71545,46.1703],[12.715424,46.170277],[12.715421,46.170246],[12.715454,46.17024],[12.715489,46.170252]]}},{"type":"Feature","properties":{"u":7710406154,"v":7710406155,"length":37.328,"highway":"residential"},"geometry":{"type":"LineString","coordinates":[[12.716383,46.170202],[12.71612,46.170484]]}},{"type":"Feature","properties":{"u":472030099,"v":472030113,"length":125.299,"highway":"tertiary"},"geometry":{"type":"LineString","coordinates":[[12.59249,46.08103],[12.592632,46.081257],[12.592805,46.081429],[12.592992,46.081643],[12.593143,46.081792],[12.593208,46.081862],[12.59325,46.081944],[12.593248,46.082011]]}},{"type":"Feature","properties":{"u":1681707023,"v":1681707052,"length":123.693,"highway":"residential"},"geometry":{"type":"LineString","coordinates":[[12.59119,46.076968],[12.591327,46.077104],[12.591807,46.077583],[12.592135,46.077866]]}},{"type":"Feature","properties":{"u":7944782799,"v":275047835,"length":43.438,"highway":"secondary_link"},"geometry":{"type":"LineString","coordinates":[[12.717254,46.172744],[12.717423,46.172737],[12.717543,46.172739],[12.717655,46.172728],[12.717806,46.172688]]}},{"type":"Feature","properties":{"u":8256064719,"v":767943224,"length":21.847,"highway":"tertiary"},"geometry":{"type":"LineString","coordinates":[[12.721019,46.174771],[12.720994,46.174701],[12.72097,46.174641],[12.720942,46.174582]]}},{"type":"Feature","properties":{"u":295280478,"v":7952540809,"length":12.864,"highway":"unclassified"},"geometry":{"type":"LineString","coordinates":[[12.706469,46.170655],[12.706336,46.170585]]}},{"type":"Feature","properties":{"u":275047835,"v":275047836,"length":24.396,"highway":"primary","maxspeed":70},"geometry":{"type":"LineString","coordinates":[[12.717806,46.172688],[12.717679,46.172889]]}},{"type":"Feature","properties":{"u":275047835,"v":7944782792,"length":37.42,"highway":"primary_link"},"geometry":{"type":"LineString","coordinates":[[12.717806,46.172688],[12.717837,46.172781],[12.717871,46.172841],[12.717938,46.172909],[12.717997,46.172994]]}},{"type":"Feature","properties":{"u":745484872,"v":3058794733,"length":56.955,"highway":"primary"},"geometry":{"type":"LineString","coordinates":[[12.655141,46.061129],[12.655246,46.061636]]}},{"type":"Feature","properties":{"u":475594769,"v":475594778,"length":164.157,"highway":"unclassified"},"geometry":{"type":"LineString","coordinates":[[12.561527,46.09297],[12.561497,46.092908],[12.561501,46.092866],[12.561552,46.092812],[12.561744,46.092788],[12.561929,46.092758],[12.562083,46.092715],[12.562283,46.092581],[12.562403,46.092464],[12.562733,46.09229],[12.563102,46.092137]]}},{"type":"Feature","properties":{"u":475594767,"v":475594769,"length":5.987,"highway":"unclassified"},"geometry":{"type":"LineString","coordinates":[[12.561586,46.093005],[12.561527,46.09297]]}},{"type":"Feature","properties":{"u":8195823255,"v":8195823256,"length":246.603,"highway":"unclassified"},"geometry":{"type":"LineString","coordinates":[[12.717772,46.151386],[12.717821,46.151469],[12.717878,46.151531],[12.717963,46.151593],[12.718054,46.151646],[12.71817,46.151692],[12.720491,46.152488]]}},{"type":"Feature","properties":{"u":8195823256,"v":1421830091,"length":371.405,"highway":"unclassified"},"geometry":{"type":"LineString","coordinates":[[12.720491,46.152488],[12.720729,46.152585],[12.720933,46.15268],[12.721141,46.152755],[12.721321,46.152811],[12.721554,46.152867],[12.721814,46.152931],[12.722065,46.153013],[12.724549,46.153878],[12.724621,46.153896],[12.724646,46.153902],[12.724718,46.153915],[12.724775,46.153917],[12.724828,46.153914]]}},{"type":"Feature","properties":{"u":655372404,"v":8195823256,"length":8.937,"highway":"unclassified"},"geometry":{"type":"LineString","coordinates":[[12.720434,46.152558],[12.720491,46.152488]]}},{"type":"Feature","properties":{"u":1110905515,"v":1110905495,"length":82.945,"highway":"unclassified"},"geometry":{"type":"LineString","coordinates":[[12.725741,46.153331],[12.725546,46.153696],[12.725481,46.153769],[12.72538,46.153855],[12.725321,46.153905],[12.725279,46.153996]]}},{"type":"Feature","properties":{"u":1421830087,"v":1110905515,"length":80.336,"highway":"unclassified"},"geometry":{"type":"LineString","coordinates":[[12.72502,46.153842],[12.725168,46.153777],[12.725224,46.153749],[12.725305,46.153709],[12.725424,46.153621],[12.725741,46.153331]]}},{"type":"Feature","properties":{"u":7257416973,"v":7257441697,"length":101.295,"highway":"unclassified"},"geometry":{"type":"LineString","coordinates":[[12.722444,46.146193],[12.722211,46.146258],[12.721235,46.146551]]}},{"type":"Feature","properties":{"u":7257441697,"v":7248237159,"length":146.737,"highway":"unclassified"},"geometry":{"type":"LineString","coordinates":[[12.721235,46.146551],[12.720941,46.146678],[12.720752,46.146876],[12.720185,46.147621]]}},{"type":"Feature","properties":{"u":1421830038,"v":1889582052,"length":144.018,"highway":"unclassified"},"geometry":{"type":"LineString","coordinates":[[12.717537,46.151259],[12.71764,46.151174],[12.717738,46.151052],[12.718496,46.150149]]}},{"type":"Feature","properties":{"u":1889582052,"v":1889582047,"length":60.355,"highway":"unclassified"},"geometry":{"type":"LineString","coordinates":[[12.718496,46.150149],[12.71883,46.149658]]}},{"type":"Feature","properties":{"u":1889582047,"v":1889582057,"length":211.381,"highway":"unclassified"},"geometry":{"type":"LineString","coordinates":[[12.71883,46.149658],[12.719248,46.149057],[12.719989,46.147935]]}},{"type":"Feature","properties":{"u":1889582057,"v":7248237159,"length":38.04,"highway":"unclassified"},"geometry":{"type":"LineString","coordinates":[[12.719989,46.147935],[12.720185,46.147621]]}},{"type":"Feature","properties":{"u":1889582052,"v":7248261064,"length":142.747,"highway":"unclassified"},"geometry":{"type":"LineString","coordinates":[[12.718496,46.150149],[12.717851,46.151085],[12.717782,46.151195],[12.717733,46.151317]]}},{"type":"Feature","properties":{"u":8256065487,"v":8256065490,"length":23.484,"highway":"residential"},"geometry":{"type":"LineString","coordinates":[[12.722928,46.177819],[12.723036,46.177819],[12.723136,46.177819],[12.723233,46.17782]]}},{"type":"Feature","properties":{"u":810477592,"v":8318838733,"length":35.782,"highway":"residential"},"geometry":{"type":"LineString","coordinates":[[12.558541,46.19014],[12.558582,46.190111],[12.558662,46.190015],[12.558761,46.189859]]}},{"type":"Feature","properties":{"u":1721643260,"v":5124283756,"length":181.001,"highway":"tertiary"},"geometry":{"type":"LineString","coordinates":[[12.574888,46.059663],[12.575431,46.060026],[12.576228,46.060587],[12.576562,46.060803]]}},{"type":"Feature","properties":{"u":1711695029,"v":1711695027,"length":38.293,"highway":"unclassified"},"geometry":{"type":"LineString","coordinates":[[12.593413,46.089584],[12.593298,46.089553],[12.59322,46.089512],[12.593116,46.089431],[12.593041,46.089367]]}},{"type":"Feature","properties":{"u":1711464327,"v":1711695027,"length":30.538,"highway":"unclassified"},"geometry":{"type":"LineString","coordinates":[[12.593049,46.089093],[12.593033,46.089206],[12.593041,46.089367]]}},{"type":"Feature","properties":{"u":1711464327,"v":481334478,"length":189.54,"highway":"unclassified","maxspeed":50},"geometry":{"type":"LineString","coordinates":[[12.593049,46.089093],[12.593134,46.08896],[12.593369,46.088763],[12.593567,46.088646],[12.593851,46.088596],[12.5941,46.088541],[12.594252,46.088458],[12.594353,46.08838],[12.594878,46.088038]]}},{"type":"Feature","properties":{"u":1711461644,"v":1712523934,"length":68.714,"highway":"tertiary"},"geometry":{"type":"LineString","coordinates":[[12.593072,46.086501],[12.593139,46.086627],[12.593224,46.08675],[12.593508,46.087036]]}},{"type":"Feature","properties":{"u":1712523934,"v":481334478,"length":153.849,"highway":"tertiary"},"geometry":{"type":"LineString","coordinates":[[12.593508,46.087036],[12.593575,46.087104],[12.593779,46.087278],[12.593977,46.087435],[12.594878,46.088038]]}},{"type":"Feature","properties":{"u":1711461603,"v":1711461606,"length":98.754,"highway":"unclassified","maxspeed":50},"geometry":{"type":"LineString","coordinates":[[12.591762,46.084397],[12.591664,46.084391],[12.591518,46.084409],[12.590661,46.08481]]}},{"type":"Feature","properties":{"u":471352982,"v":402568148,"length":400.71,"highway":"unclassified"},"geometry":{"type":"LineString","coordinates":[[12.575775,46.087817],[12.575724,46.087858],[12.575693,46.087939],[12.575737,46.088159],[12.575762,46.088292],[12.575785,46.088412],[12.575759,46.088522],[12.575697,46.088558],[12.575593,46.088562],[12.575452,46.088533],[12.574945,46.08845],[12.574863,46.088454],[12.574818,46.088476],[12.574783,46.088518],[12.574765,46.088595],[12.574803,46.088894],[12.574775,46.088932],[12.574726,46.088955],[12.574663,46.088964],[12.574604,46.088939],[12.573965,46.088707],[12.57379,46.088677],[12.573715,46.088715],[12.573693,46.088765],[12.573702,46.088821],[12.573761,46.088893],[12.573816,46.088989],[12.573809,46.089037],[12.57377,46.089073],[12.573702,46.089108],[12.573578,46.089127],[12.57341,46.089139],[12.573134,46.08915],[12.573059,46.089164]]}},{"type":"Feature","properties":{"u":1269918630,"v":2696812485,"length":83.992,"highway":"secondary"},"geometry":{"type":"LineString","coordinates":[[12.572163,46.070873],[12.571987,46.070694],[12.571873,46.070529],[12.571806,46.070375],[12.57177,46.070206],[12.57177,46.070182]]}},{"type":"Feature","properties":{"u":471638457,"v":1341626624,"length":452.89,"highway":"secondary"},"geometry":{"type":"LineString","coordinates":[[12.571455,46.068235],[12.56977,46.066907],[12.56831,46.065758],[12.567969,46.065488],[12.567776,46.065311],[12.56764,46.065145]]}},{"type":"Feature","properties":{"u":475521911,"v":483695884,"length":47.145,"highway":"tertiary"},"geometry":{"type":"LineString","coordinates":[[12.578327,46.062148],[12.578377,46.062243],[12.578415,46.062346],[12.578454,46.062451],[12.578491,46.062556]]}},{"type":"Feature","properties":{"u":3506974002,"v":481334581,"length":349.44,"highway":"unclassified"},"geometry":{"type":"LineString","coordinates":[[12.622611,46.108864],[12.622875,46.109],[12.622944,46.109049],[12.622994,46.109111],[12.623036,46.109182],[12.623064,46.109258],[12.623136,46.109496],[12.623181,46.10966],[12.623206,46.10983],[12.623229,46.110124],[12.623263,46.110301],[12.623309,46.110415],[12.623361,46.110503],[12.623449,46.110619],[12.623646,46.110833],[12.623914,46.111121],[12.624244,46.111503],[12.624289,46.111557],[12.624309,46.111567],[12.624333,46.111572],[12.624357,46.111575],[12.624393,46.111567],[12.624443,46.111548]]}},{"type":"Feature","properties":{"u":1769473486,"v":1769473481,"length":63.077,"highway":"unclassified"},"geometry":{"type":"LineString","coordinates":[[12.616293,46.119949],[12.61632,46.119865],[12.616714,46.119527],[12.616763,46.119495]]}},{"type":"Feature","properties":{"u":1769473486,"v":498846088,"length":3.264,"highway":"secondary"},"geometry":{"type":"LineString","coordinates":[[12.616293,46.119949],[12.616262,46.119929]]}},{"type":"Feature","properties":{"u":498846088,"v":498846130,"length":138.814,"highway":"secondary"},"geometry":{"type":"LineString","coordinates":[[12.616262,46.119929],[12.615952,46.119741],[12.615781,46.119652],[12.614814,46.119189]]}},{"type":"Feature","properties":{"u":498846130,"v":2851778260,"length":84.399,"highway":"secondary"},"geometry":{"type":"LineString","coordinates":[[12.614814,46.119189],[12.614045,46.1188],[12.613927,46.118744]]}},{"type":"Feature","properties":{"u":2851778260,"v":2847325124,"length":366.377,"highway":"secondary"},"geometry":{"type":"LineString","coordinates":[[12.613927,46.118744],[12.613642,46.118609],[12.613246,46.118424],[12.611521,46.117641],[12.609945,46.116945]]}},{"type":"Feature","properties":{"u":2847325124,"v":2847340347,"length":45.06,"highway":"secondary"},"geometry":{"type":"LineString","coordinates":[[12.609945,46.116945],[12.609455,46.116724]]}},{"type":"Feature","properties":{"u":2847340347,"v":1769479278,"length":144.024,"highway":"secondary"},"geometry":{"type":"LineString","coordinates":[[12.609455,46.116724],[12.608657,46.116366],[12.608293,46.116188],[12.607928,46.11598]]}},{"type":"Feature","properties":{"u":1769479278,"v":1769484271,"length":131.019,"highway":"secondary"},"geometry":{"type":"LineString","coordinates":[[12.607928,46.11598],[12.607785,46.115873],[12.606839,46.115109],[12.606816,46.115089]]}},{"type":"Feature","properties":{"u":1769484271,"v":2847291437,"length":55.262,"highway":"secondary"},"geometry":{"type":"LineString","coordinates":[[12.606816,46.115089],[12.606368,46.114701]]}},{"type":"Feature","properties":{"u":1769505429,"v":1769505434,"length":77.183,"highway":"unclassified"},"geometry":{"type":"LineString","coordinates":[[12.607497,46.113712],[12.60757,46.113791],[12.60771,46.11392],[12.608129,46.114249]]}},{"type":"Feature","properties":{"u":1769505416,"v":1769505412,"length":14.814,"highway":"unclassified"},"geometry":{"type":"LineString","coordinates":[[12.607612,46.113401],[12.607755,46.113312]]}},{"type":"Feature","properties":{"u":1769505412,"v":1946093961,"length":98.525,"highway":"unclassified"},"geometry":{"type":"LineString","coordinates":[[12.607755,46.113312],[12.608036,46.113107],[12.608677,46.112699]]}},{"type":"Feature","properties":{"u":2942279119,"v":1769500230,"length":12.891,"highway":"unclassified"},"geometry":{"type":"LineString","coordinates":[[12.606486,46.112077],[12.606471,46.112134],[12.606422,46.112181]]}},{"type":"Feature","properties":{"u":2851869384,"v":1402051581,"length":340.4,"highway":"unclassified"},"geometry":{"type":"LineString","coordinates":[[12.605056,46.11018],[12.604849,46.110335],[12.604537,46.110602],[12.604409,46.110738],[12.60431,46.110871],[12.60412,46.111194],[12.603981,46.11138],[12.603741,46.111678],[12.603594,46.111854],[12.603451,46.112021],[12.60334,46.112147],[12.603308,46.112252],[12.60335,46.112406],[12.603426,46.11257],[12.603461,46.112634],[12.603529,46.112756],[12.603532,46.11287]]}},{"type":"Feature","properties":{"u":1711474181,"v":1711490720,"length":83.495,"highway":"unclassified"},"geometry":{"type":"LineString","coordinates":[[12.599636,46.096189],[12.599553,46.096229],[12.599229,46.096376],[12.599032,46.096474],[12.598766,46.096634]]}},{"type":"Feature","properties":{"u":1711490720,"v":1711490721,"length":17.496,"highway":"unclassified"},"geometry":{"type":"LineString","coordinates":[[12.598766,46.096634],[12.598565,46.096707]]}},{"type":"Feature","properties":{"u":1711475461,"v":1711475464,"length":35.448,"highway":"unclassified"},"geometry":{"type":"LineString","coordinates":[[12.597332,46.095292],[12.597254,46.095343],[12.597068,46.095459],[12.597007,46.095516]]}},{"type":"Feature","properties":{"u":1711475452,"v":1711474128,"length":28.275,"highway":"tertiary"},"geometry":{"type":"LineString","coordinates":[[12.595995,46.093487],[12.596103,46.093244]]}},{"type":"Feature","properties":{"u":1711474128,"v":1711695052,"length":89.679,"highway":"tertiary"},"geometry":{"type":"LineString","coordinates":[[12.596103,46.093244],[12.596139,46.093162],[12.596214,46.092982],[12.596287,46.092534],[12.596301,46.092452]]}},{"type":"Feature","properties":{"u":1711695052,"v":481334484,"length":231.684,"highway":"tertiary"},"geometry":{"type":"LineString","coordinates":[[12.596301,46.092452],[12.596452,46.091563],[12.596561,46.090765],[12.596568,46.090577],[12.59652,46.090381]]}},{"type":"Feature","properties":{"u":1711695052,"v":1712524101,"length":179.513,"highway":"unclassified"},"geometry":{"type":"LineString","coordinates":[[12.596301,46.092452],[12.596225,46.092422],[12.596165,46.092379],[12.595694,46.091812],[12.595154,46.091159],[12.595091,46.091084]]}},{"type":"Feature","properties":{"u":565077241,"v":1428188049,"length":42.363,"highway":"unclassified"},"geometry":{"type":"LineString","coordinates":[[12.681149,46.163838],[12.680948,46.163771],[12.680641,46.163693]]}},{"type":"Feature","properties":{"u":1428188049,"v":1429391856,"length":203.167,"highway":"unclassified"},"geometry":{"type":"LineString","coordinates":[[12.680641,46.163693],[12.680386,46.16363],[12.680223,46.163548],[12.680002,46.163435],[12.679717,46.163346],[12.679528,46.163294],[12.678753,46.163111],[12.678233,46.162974]]}},{"type":"Feature","properties":{"u":1429391856,"v":318680048,"length":75.409,"highway":"unclassified"},"geometry":{"type":"LineString","coordinates":[[12.678233,46.162974],[12.677867,46.162875],[12.677555,46.1628],[12.677309,46.162751]]}},{"type":"Feature","properties":{"u":565077282,"v":1154606454,"length":333.696,"highway":"unclassified"},"geometry":{"type":"LineString","coordinates":[[12.677914,46.165208],[12.677821,46.165273],[12.677845,46.165392],[12.677964,46.165573],[12.678192,46.166067],[12.678396,46.166415],[12.678491,46.166496],[12.67864,46.166593],[12.678803,46.166777],[12.679009,46.166943],[12.679081,46.167044],[12.679287,46.167171],[12.679498,46.167262],[12.679587,46.16731],[12.679649,46.167369],[12.679713,46.167433],[12.679747,46.167487],[12.679799,46.167567],[12.679856,46.167618],[12.67992,46.167637],[12.679989,46.167618]]}},{"type":"Feature","properties":{"u":1154605928,"v":432818914,"length":208.603,"highway":"unclassified"},"geometry":{"type":"LineString","coordinates":[[12.683811,46.170129],[12.683776,46.170168],[12.68375,46.170252],[12.683823,46.170322],[12.683995,46.170387],[12.684212,46.170464],[12.684346,46.170512],[12.684783,46.170654],[12.684967,46.170718],[12.68522,46.170808],[12.685609,46.17097],[12.685733,46.17105],[12.685798,46.171186]]}},{"type":"Feature","properties":{"u":3251180817,"v":402413415,"length":505.342,"highway":"secondary"},"geometry":{"type":"LineString","coordinates":[[12.672647,46.16626],[12.672607,46.166306],[12.67244,46.1666],[12.67223,46.167062],[12.672022,46.167417],[12.67167,46.1678],[12.671073,46.168411],[12.670762,46.168687],[12.67034,46.168961],[12.670129,46.169162],[12.669814,46.169431],[12.669058,46.169996]]}},{"type":"Feature","properties":{"u":318694398,"v":912309215,"length":7.91,"highway":"primary"},"geometry":{"type":"LineString","coordinates":[[12.663625,46.158029],[12.6636,46.158098]]}},{"type":"Feature","properties":{"u":275047646,"v":912310141,"length":30.553,"highway":"tertiary"},"geometry":{"type":"LineString","coordinates":[[12.660358,46.157645],[12.660313,46.157372]]}},{"type":"Feature","properties":{"u":318694350,"v":912306334,"length":121.626,"highway":"tertiary"},"geometry":{"type":"LineString","coordinates":[[12.653787,46.147442],[12.653886,46.14797],[12.653934,46.148387],[12.653998,46.148523]]}},{"type":"Feature","properties":{"u":912306334,"v":318694358,"length":165.762,"highway":"tertiary"},"geometry":{"type":"LineString","coordinates":[[12.653998,46.148523],[12.654572,46.148928],[12.655481,46.149603]]}},{"type":"Feature","properties":{"u":2125321009,"v":1453428138,"length":14.666,"highway":"unclassified"},"geometry":{"type":"LineString","coordinates":[[12.698188,46.166467],[12.697998,46.166476]]}},{"type":"Feature","properties":{"u":1453428138,"v":1423281811,"length":144.411,"highway":"residential"},"geometry":{"type":"LineString","coordinates":[[12.697998,46.166476],[12.697872,46.166674],[12.697793,46.166838],[12.697842,46.166954],[12.697926,46.167116],[12.697959,46.167229],[12.697877,46.167433],[12.697799,46.167625],[12.697826,46.167713]]}},{"type":"Feature","properties":{"u":1423281689,"v":1423281699,"length":42.617,"highway":"unclassified"},"geometry":{"type":"LineString","coordinates":[[12.694836,46.165864],[12.694638,46.166002],[12.694394,46.166086]]}},{"type":"Feature","properties":{"u":1423281689,"v":318680016,"length":19.321,"highway":"unclassified"},"geometry":{"type":"LineString","coordinates":[[12.694836,46.165864],[12.694609,46.16579]]}},{"type":"Feature","properties":{"u":1730087194,"v":2622415108,"length":10.642,"highway":"unclassified"},"geometry":{"type":"LineString","coordinates":[[12.714808,46.199345],[12.714691,46.199396]]}},{"type":"Feature","properties":{"u":1730087151,"v":1730087194,"length":78.331,"highway":"unclassified"},"geometry":{"type":"LineString","coordinates":[[12.71537,46.198775],[12.715339,46.198801],[12.715317,46.198848],[12.715304,46.198891],[12.715283,46.198944],[12.715245,46.199004],[12.715184,46.199069],[12.715132,46.199111],[12.714808,46.199345]]}},{"type":"Feature","properties":{"u":1730087147,"v":2269228845,"length":19.625,"highway":"tertiary","maxspeed":50},"geometry":{"type":"LineString","coordinates":[[12.715561,46.198578],[12.715429,46.198427]]}},{"type":"Feature","properties":{"u":2269228845,"v":2622415070,"length":65.038,"highway":"tertiary","maxspeed":50},"geometry":{"type":"LineString","coordinates":[[12.715429,46.198427],[12.715393,46.198391],[12.715139,46.198105],[12.714986,46.197929]]}},{"type":"Feature","properties":{"u":2043398235,"v":295283566,"length":15.832,"highway":"tertiary","maxspeed":50},"geometry":{"type":"LineString","coordinates":[[12.711632,46.195933],[12.711688,46.195796]]}},{"type":"Feature","properties":{"u":295281005,"v":295280657,"length":19.374,"highway":"unclassified"},"geometry":{"type":"LineString","coordinates":[[12.708802,46.172668],[12.70902,46.172581]]}},{"type":"Feature","properties":{"u":1865778250,"v":9890659932,"length":12.773,"highway":"secondary"},"geometry":{"type":"LineString","coordinates":[[12.711012,46.167447],[12.711091,46.167548]]}},{"type":"Feature","properties":{"u":1112362993,"v":295280044,"length":50.048,"highway":"tertiary"},"geometry":{"type":"LineString","coordinates":[[12.712336,46.166628],[12.712095,46.167046]]}},{"type":"Feature","properties":{"u":1112363378,"v":1112362972,"length":18.314,"highway":"residential"},"geometry":{"type":"LineString","coordinates":[[12.715361,46.168338],[12.715229,46.168475]]}},{"type":"Feature","properties":{"u":1112363000,"v":1112363121,"length":78.996,"highway":"residential"},"geometry":{"type":"LineString","coordinates":[[12.717158,46.16717],[12.716992,46.167266],[12.716233,46.167461]]}},{"type":"Feature","properties":{"u":1112363121,"v":1112363378,"length":118.551,"highway":"residential"},"geometry":{"type":"LineString","coordinates":[[12.716233,46.167461],[12.715722,46.167928],[12.715361,46.168338]]}},{"type":"Feature","properties":{"u":1112363240,"v":1112362923,"length":191.355,"highway":"residential"},"geometry":{"type":"LineString","coordinates":[[12.717952,46.16949],[12.717892,46.169787],[12.717816,46.170171],[12.717808,46.170297],[12.717868,46.170369],[12.718222,46.170522],[12.71839,46.170586],[12.718969,46.17062]]}},{"type":"Feature","properties":{"u":2258285539,"v":1112362923,"length":2.439,"highway":"primary","maxspeed":70},"geometry":{"type":"LineString","coordinates":[[12.718982,46.1706],[12.718969,46.17062]]}},{"type":"Feature","properties":{"u":2179576586,"v":1429391832,"length":9.268,"highway":"residential"},"geometry":{"type":"LineString","coordinates":[[12.679322,46.160663],[12.679404,46.160724]]}},{"type":"Feature","properties":{"u":447439406,"v":6414670882,"length":402.105,"highway":"tertiary"},"geometry":{"type":"LineString","coordinates":[[12.693617,46.136295],[12.69363,46.136352],[12.693629,46.136359],[12.693617,46.13645],[12.693561,46.136555],[12.693387,46.136814],[12.693264,46.136996],[12.693108,46.137247],[12.693043,46.13735],[12.692991,46.137467],[12.692967,46.137548],[12.692964,46.137692],[12.692949,46.137905],[12.692946,46.138086],[12.692906,46.138323],[12.692896,46.138379],[12.692818,46.138636],[12.692776,46.138751],[12.692663,46.139007],[12.692581,46.139173],[12.69254,46.139261],[12.692512,46.139341],[12.692513,46.13941],[12.692531,46.139467],[12.692575,46.139526],[12.692643,46.139581],[12.692702,46.139618],[12.692837,46.139688]]}},{"type":"Feature","properties":{"u":849594116,"v":447439406,"length":334.338,"highway":"tertiary"},"geometry":{"type":"LineString","coordinates":[[12.689803,46.134918],[12.690129,46.135028],[12.691068,46.135334],[12.691995,46.135646],[12.693029,46.135987],[12.693384,46.136105],[12.693491,46.136159],[12.693579,46.136227],[12.693617,46.136295]]}},{"type":"Feature","properties":{"u":2197381442,"v":1978418969,"length":52.785,"highway":"unclassified"},"geometry":{"type":"LineString","coordinates":[[12.70438,46.101804],[12.704075,46.102229]]}},{"type":"Feature","properties":{"u":592629829,"v":592629835,"length":295.612,"highway":"unclassified"},"geometry":{"type":"LineString","coordinates":[[12.705324,46.099124],[12.705195,46.09955],[12.70502,46.100167],[12.704841,46.100772],[12.704674,46.1013],[12.70458,46.101525],[12.704445,46.101704]]}},{"type":"Feature","properties":{"u":568271235,"v":568271368,"length":391.815,"highway":"unclassified"},"geometry":{"type":"LineString","coordinates":[[12.707774,46.08403],[12.707783,46.084062],[12.708264,46.085875],[12.708276,46.08592],[12.708288,46.085964],[12.708299,46.086008],[12.708627,46.087229],[12.708636,46.087273],[12.708643,46.087318],[12.708651,46.087363],[12.708657,46.087407],[12.708662,46.087452],[12.708659,46.087498]]}},{"type":"Feature","properties":{"u":8391390866,"v":8391390867,"length":121.433,"highway":"unclassified"},"geometry":{"type":"LineString","coordinates":[[12.5748,46.188317],[12.574234,46.1881],[12.573988,46.187977],[12.573787,46.187859],[12.573536,46.187677]]}},{"type":"Feature","properties":{"u":912303399,"v":912305785,"length":60.092,"highway":"residential"},"geometry":{"type":"LineString","coordinates":[[12.662869,46.160042],[12.662708,46.159973],[12.662545,46.159909],[12.662493,46.159877],[12.662457,46.159842],[12.662399,46.159763],[12.662337,46.159673]]}},{"type":"Feature","properties":{"u":912303407,"v":912304324,"length":12.694,"highway":"unclassified"},"geometry":{"type":"LineString","coordinates":[[12.661803,46.160402],[12.661965,46.160423]]}},{"type":"Feature","properties":{"u":1681723370,"v":8428802675,"length":147.433,"highway":"residential"},"geometry":{"type":"LineString","coordinates":[[12.59816,46.075542],[12.598166,46.075618],[12.59857,46.076173],[12.598612,46.076261],[12.598662,46.076521],[12.59881,46.076774]]}},{"type":"Feature","properties":{"u":565439710,"v":565439162,"length":70.991,"highway":"unclassified"},"geometry":{"type":"LineString","coordinates":[[12.691373,46.172572],[12.691437,46.172473],[12.691513,46.172367],[12.69159,46.172275],[12.691634,46.172204],[12.691679,46.172112],[12.691711,46.171983]]}},{"type":"Feature","properties":{"u":565439373,"v":565439162,"length":46.166,"highway":"unclassified"},"geometry":{"type":"LineString","coordinates":[[12.691702,46.171575],[12.691743,46.171664],[12.691751,46.171841],[12.691711,46.171983]]}},{"type":"Feature","properties":{"u":565522346,"v":565522380,"length":193.908,"highway":"unclassified"},"geometry":{"type":"LineString","coordinates":[[12.701366,46.172126],[12.70148,46.17225],[12.701593,46.172412],[12.701627,46.17252],[12.70169,46.172595],[12.701817,46.172711],[12.701883,46.172771],[12.701923,46.172836],[12.70195,46.1729],[12.701919,46.172944],[12.701816,46.172934],[12.701702,46.172827],[12.701405,46.172689],[12.701266,46.172613],[12.701147,46.172562],[12.701047,46.172543],[12.700967,46.172583]]}},{"type":"Feature","properties":{"u":565522275,"v":565522346,"length":257.172,"highway":"unclassified"},"geometry":{"type":"LineString","coordinates":[[12.7037,46.172817],[12.703545,46.172803],[12.703408,46.172796],[12.703197,46.172752],[12.703077,46.17274],[12.702952,46.172685],[12.70286,46.172629],[12.702614,46.172533],[12.702505,46.172495],[12.702388,46.17245],[12.702194,46.172338],[12.702099,46.172284],[12.70197,46.172204],[12.701792,46.172097],[12.70158,46.17196],[12.701506,46.171912],[12.701411,46.171864],[12.701292,46.171871],[12.701191,46.171915],[12.701197,46.171978],[12.701366,46.172126]]}},{"type":"Feature","properties":{"u":2185776566,"v":565439373,"length":523.634,"highway":"unclassified"},"geometry":{"type":"LineString","coordinates":[[12.695305,46.172081],[12.694998,46.171983],[12.694772,46.171886],[12.694553,46.171752],[12.694344,46.171577],[12.694168,46.171478],[12.693944,46.171435],[12.693429,46.171253],[12.693086,46.171105],[12.692802,46.170992],[12.692559,46.170888],[12.692336,46.170779],[12.692174,46.170674],[12.692033,46.170552],[12.691906,46.170448],[12.691761,46.170366],[12.691554,46.170332],[12.691462,46.170345],[12.691352,46.170365],[12.691221,46.170452],[12.691122,46.170555],[12.691091,46.170673],[12.691099,46.170789],[12.691139,46.1709],[12.6912,46.170969],[12.69125,46.171025],[12.691338,46.171112],[12.69143,46.171215],[12.69147,46.171303],[12.691538,46.171397],[12.691623,46.171482],[12.691702,46.171575]]}},{"type":"Feature","properties":{"u":565077439,"v":565439162,"length":98.885,"highway":"unclassified"},"geometry":{"type":"LineString","coordinates":[[12.690494,46.171982],[12.69061,46.171997],[12.690947,46.172043],[12.691436,46.172082],[12.691669,46.172037],[12.691711,46.171983]]}},{"type":"Feature","properties":{"u":565439333,"v":2185776566,"length":49.33,"highway":"unclassified"},"geometry":{"type":"LineString","coordinates":[[12.695898,46.172243],[12.695523,46.172118],[12.695305,46.172081]]}},{"type":"Feature","properties":{"u":3525606818,"v":1706412313,"length":6.123,"highway":"secondary"},"geometry":{"type":"LineString","coordinates":[[12.578078,46.074699],[12.578082,46.074644]]}},{"type":"Feature","properties":{"u":2293947188,"v":860315352,"length":272.112,"highway":"tertiary"},"geometry":{"type":"LineString","coordinates":[[12.643578,46.194914],[12.644806,46.195109],[12.644855,46.195119],[12.64491,46.195125],[12.644961,46.195121],[12.645016,46.195107],[12.645088,46.195078],[12.645306,46.194961],[12.645357,46.194937],[12.645404,46.194919],[12.645464,46.194902],[12.645536,46.194899],[12.645601,46.194903],[12.645664,46.194914],[12.645767,46.194933],[12.646571,46.195093],[12.646687,46.195125],[12.646808,46.195172],[12.646897,46.195217]]}},{"type":"Feature","properties":{"u":374196320,"v":2293947188,"length":542.056,"highway":"tertiary"},"geometry":{"type":"LineString","coordinates":[[12.638689,46.194829],[12.63906,46.194864],[12.639332,46.194909],[12.639525,46.194907],[12.639937,46.194861],[12.640188,46.194837],[12.640362,46.194827],[12.640451,46.194833],[12.640547,46.194852],[12.640923,46.194973],[12.641013,46.194989],[12.641129,46.194985],[12.641981,46.19485],[12.642051,46.194846],[12.642115,46.194853],[12.642177,46.194878],[12.642213,46.194897],[12.64227,46.19495],[12.642283,46.194993],[12.642285,46.195166],[12.642298,46.195206],[12.642314,46.195236],[12.642342,46.195258],[12.642383,46.195278],[12.642444,46.195293],[12.642603,46.195319],[12.643255,46.195411],[12.64339,46.195413],[12.643461,46.195398],[12.643509,46.195374],[12.64353,46.195317],[12.643525,46.195253],[12.643502,46.195228],[12.643448,46.195202],[12.643212,46.195138],[12.643072,46.195088],[12.643017,46.195061],[12.642985,46.195026],[12.642976,46.195],[12.642977,46.194968],[12.642998,46.194912],[12.643014,46.194884],[12.643043,46.194854],[12.643074,46.194843],[12.643125,46.194836],[12.643578,46.194914]]}},{"type":"Feature","properties":{"u":275052031,"v":275052036,"length":250.124,"highway":"tertiary"},"geometry":{"type":"LineString","coordinates":[[12.635855,46.196727],[12.63587,46.196792],[12.635906,46.196855],[12.636043,46.197036],[12.636398,46.197417],[12.636462,46.19746],[12.636529,46.197479],[12.636605,46.197478],[12.636691,46.19746],[12.63677,46.197428],[12.636812,46.1974],[12.636843,46.197354],[12.636845,46.197293],[12.636791,46.197076],[12.6367,46.1968],[12.636686,46.196714],[12.636691,46.196631],[12.636729,46.196555],[12.63677,46.196514],[12.636827,46.196482],[12.636928,46.196451],[12.637047,46.196428]]}},{"type":"Feature","properties":{"u":1341626619,"v":1706412234,"length":19.972,"highway":"secondary","maxspeed":70},"geometry":{"type":"LineString","coordinates":[[12.567532,46.064935],[12.567488,46.064758]]}},{"type":"Feature","properties":{"u":9761255922,"v":11329185507,"length":60.604,"highway":"unclassified"},"geometry":{"type":"LineString","coordinates":[[12.713109,46.170483],[12.713284,46.170446],[12.71386,46.17032]]}},{"type":"Feature","properties":{"u":1711506605,"v":1684655467,"length":96.175,"highway":"secondary"},"geometry":{"type":"LineString","coordinates":[[12.59436,46.099799],[12.593815,46.099021]]}},{"type":"Feature","properties":{"u":275047706,"v":1712580206,"length":27.753,"highway":"secondary"},"geometry":{"type":"LineString","coordinates":[[12.596898,46.102702],[12.596728,46.102482]]}},{"type":"Feature","properties":{"u":1712580206,"v":1712580179,"length":15.893,"highway":"secondary"},"geometry":{"type":"LineString","coordinates":[[12.596728,46.102482],[12.596623,46.102359]]}},{"type":"Feature","properties":{"u":1712580179,"v":2074555165,"length":180.924,"highway":"secondary"},"geometry":{"type":"LineString","coordinates":[[12.596623,46.102359],[12.595863,46.101475],[12.595399,46.100971]]}},{"type":"Feature","properties":{"u":2074555165,"v":2074560938,"length":8.353,"highway":"secondary"},"geometry":{"type":"LineString","coordinates":[[12.595399,46.100971],[12.59534,46.100908]]}},{"type":"Feature","properties":{"u":2074560938,"v":1711506605,"length":144.628,"highway":"secondary"},"geometry":{"type":"LineString","coordinates":[[12.59534,46.100908],[12.595154,46.100705],[12.59436,46.099799]]}},{"type":"Feature","properties":{"u":9162064041,"v":3299183319,"length":15.085,"highway":"unclassified"},"geometry":{"type":"LineString","coordinates":[[12.712989,46.170142],[12.712933,46.170272]]}},{"type":"Feature","properties":{"u":2179620175,"v":9162064041,"length":47.784,"highway":"unclassified"},"geometry":{"type":"LineString","coordinates":[[12.71315,46.169727],[12.71311,46.169837],[12.712989,46.170142]]}},{"type":"Feature","properties":{"u":912293044,"v":2100239527,"length":10.177,"highway":"primary"},"geometry":{"type":"LineString","coordinates":[[12.657892,46.16348],[12.658023,46.163492]]}},{"type":"Feature","properties":{"u":2100239527,"v":912305987,"length":70.794,"highway":"primary"},"geometry":{"type":"LineString","coordinates":[[12.658023,46.163492],[12.658131,46.163491],[12.658304,46.163483],[12.658551,46.163467],[12.65878,46.163443],[12.658936,46.163425]]}},{"type":"Feature","properties":{"u":912305987,"v":912294208,"length":73.941,"highway":"primary"},"geometry":{"type":"LineString","coordinates":[[12.658936,46.163425],[12.65987,46.163271]]}},{"type":"Feature","properties":{"u":912294208,"v":275048618,"length":105.781,"highway":"primary"},"geometry":{"type":"LineString","coordinates":[[12.65987,46.163271],[12.66068,46.163146],[12.660871,46.163114],[12.661062,46.163082],[12.661125,46.163067],[12.661197,46.163037]]}},{"type":"Feature","properties":{"u":8256064719,"v":3117674863,"length":50.222,"highway":"tertiary"},"geometry":{"type":"LineString","coordinates":[[12.721019,46.174771],[12.721034,46.174825],[12.721039,46.174882],[12.721031,46.174954],[12.721011,46.175007],[12.720907,46.175207]]}},{"type":"Feature","properties":{"u":9461732921,"v":9461732931,"length":15.603,"highway":"residential"},"geometry":{"type":"LineString","coordinates":[[12.72091,46.150203],[12.720854,46.150229],[12.720788,46.15024],[12.720721,46.150236]]}},{"type":"Feature","properties":{"u":9461732931,"v":9461732306,"length":7.153,"highway":"residential"},"geometry":{"type":"LineString","coordinates":[[12.720721,46.150236],[12.720677,46.150225],[12.720638,46.150208]]}},{"type":"Feature","properties":{"u":9461732306,"v":9461732310,"length":20.238,"highway":"residential"},"geometry":{"type":"LineString","coordinates":[[12.720638,46.150208],[12.720595,46.150173],[12.720569,46.150131],[12.720564,46.150086],[12.720579,46.150042]]}},{"type":"Feature","properties":{"u":9461732310,"v":9461732921,"length":57.136,"highway":"residential"},"geometry":{"type":"LineString","coordinates":[[12.720579,46.150042],[12.720614,46.150002],[12.720666,46.149972],[12.720729,46.149956],[12.720797,46.149954],[12.720861,46.149967],[12.720917,46.149994],[12.720956,46.150032],[12.720977,46.150076],[12.720975,46.150123],[12.720952,46.150167],[12.72091,46.150203]]}},{"type":"Feature","properties":{"u":9461732306,"v":1889582054,"length":28.824,"highway":"residential"},"geometry":{"type":"LineString","coordinates":[[12.720638,46.150208],[12.720291,46.150111]]}},{"type":"Feature","properties":{"u":1889582054,"v":9461732310,"length":24.102,"highway":"residential"},"geometry":{"type":"LineString","coordinates":[[12.720291,46.150111],[12.720375,46.150107],[12.720452,46.150096],[12.720523,46.150073],[12.720579,46.150042]]}},{"type":"Feature","properties":{"u":9461732930,"v":9461732931,"length":53.619,"highway":"residential"},"geometry":{"type":"LineString","coordinates":[[12.720433,46.150675],[12.720721,46.150236]]}},{"type":"Feature","properties":{"u":9461732947,"v":9461732933,"length":25.996,"highway":"residential"},"geometry":{"type":"LineString","coordinates":[[12.721899,46.148415],[12.721846,46.148444],[12.721783,46.14846],[12.721716,46.148461],[12.721652,46.148446],[12.721595,46.14842]]}},{"type":"Feature","properties":{"u":9461732933,"v":9461732936,"length":15.493,"highway":"residential"},"geometry":{"type":"LineString","coordinates":[[12.721595,46.14842],[12.72156,46.148379],[12.721542,46.148334],[12.721542,46.148289]]}},{"type":"Feature","properties":{"u":9461732936,"v":9461732947,"length":57.582,"highway":"residential"},"geometry":{"type":"LineString","coordinates":[[12.721542,46.148289],[12.721573,46.148244],[12.721619,46.148209],[12.721678,46.148186],[12.721744,46.148178],[12.721811,46.148185],[12.721871,46.148207],[12.721917,46.148241],[12.721944,46.148284],[12.721951,46.14833],[12.721935,46.148376],[12.721899,46.148415]]}},{"type":"Feature","properties":{"u":9461732933,"v":1889582075,"length":29.18,"highway":"residential"},"geometry":{"type":"LineString","coordinates":[[12.721595,46.14842],[12.721246,46.148318]]}},{"type":"Feature","properties":{"u":1889582075,"v":9461732936,"length":23.296,"highway":"residential"},"geometry":{"type":"LineString","coordinates":[[12.721246,46.148318],[12.721381,46.148319],[12.721474,46.148307],[12.721542,46.148289]]}},{"type":"Feature","properties":{"u":9461732972,"v":9461732960,"length":27.695,"highway":"unclassified"},"geometry":{"type":"LineString","coordinates":[[12.730879,46.154171],[12.730823,46.15419],[12.73076,46.154195],[12.730699,46.154185],[12.73065,46.154163],[12.730613,46.154132],[12.730589,46.154098]]}},{"type":"Feature","properties":{"u":9461732960,"v":9461732979,"length":22.932,"highway":"unclassified"},"geometry":{"type":"LineString","coordinates":[[12.730589,46.154098],[12.730588,46.154054],[12.730604,46.154015],[12.730636,46.153981],[12.730682,46.153956],[12.730737,46.153942]]}},{"type":"Feature","properties":{"u":9461732979,"v":9461732972,"length":38.255,"highway":"unclassified"},"geometry":{"type":"LineString","coordinates":[[12.730737,46.153942],[12.730795,46.153941],[12.730855,46.153953],[12.730905,46.153979],[12.73094,46.154015],[12.730955,46.154058],[12.730949,46.154101],[12.730923,46.15414],[12.730879,46.154171]]}},{"type":"Feature","properties":{"u":9461732960,"v":9461732956,"length":31.197,"highway":"unclassified"},"geometry":{"type":"LineString","coordinates":[[12.730589,46.154098],[12.730501,46.154033],[12.73038,46.153957],[12.730293,46.153907]]}},{"type":"Feature","properties":{"u":9461732956,"v":9461732979,"length":34.502,"highway":"unclassified"},"geometry":{"type":"LineString","coordinates":[[12.730293,46.153907],[12.730436,46.153928],[12.730562,46.153936],[12.730737,46.153942]]}},{"type":"Feature","properties":{"u":275052651,"v":2420136404,"length":29.945,"highway":"primary"},"geometry":{"type":"LineString","coordinates":[[12.576962,46.190698],[12.577287,46.190846]]}},{"type":"Feature","properties":{"u":302033469,"v":275051907,"length":76.13,"highway":"unclassified"},"geometry":{"type":"LineString","coordinates":[[12.594546,46.194255],[12.594737,46.194215],[12.594813,46.194187],[12.594899,46.194148],[12.595216,46.193954],[12.595276,46.1939],[12.595314,46.193852]]}},{"type":"Feature","properties":{"u":275051907,"v":1444347349,"length":68.616,"highway":"unclassified"},"geometry":{"type":"LineString","coordinates":[[12.595314,46.193852],[12.595344,46.193736],[12.595373,46.193666],[12.59538,46.19361],[12.595375,46.193549],[12.595307,46.193407],[12.595211,46.193262]]}},{"type":"Feature","properties":{"u":833149835,"v":275052239,"length":51.647,"highway":"unclassified"},"geometry":{"type":"LineString","coordinates":[[12.576661,46.189152],[12.576916,46.189242],[12.577049,46.189326],[12.577194,46.189426]]}},{"type":"Feature","properties":{"u":275052239,"v":275052240,"length":50.024,"highway":"unclassified"},"geometry":{"type":"LineString","coordinates":[[12.577194,46.189426],[12.577294,46.189391],[12.577547,46.189368],[12.577573,46.189369],[12.577679,46.189374],[12.577829,46.189381]]}},{"type":"Feature","properties":{"u":9628845563,"v":1812847637,"length":565.417,"highway":"unclassified"},"geometry":{"type":"LineString","coordinates":[[12.693766,46.155528],[12.693518,46.15564],[12.693156,46.155812],[12.692818,46.155976],[12.692597,46.156067],[12.692247,46.156201],[12.691934,46.156282],[12.691593,46.156344],[12.691372,46.156363],[12.691139,46.156346],[12.690974,46.156317],[12.690708,46.156274],[12.690475,46.156245],[12.690239,46.156222],[12.69003,46.156239],[12.68991,46.156268],[12.689746,46.156354],[12.689618,46.15646],[12.689486,46.156611],[12.689348,46.156767],[12.68904,46.157004],[12.688462,46.157415],[12.68809,46.157657],[12.6879,46.157785],[12.687854,46.157823],[12.687809,46.157866]]}},{"type":"Feature","properties":{"u":9628898116,"v":9628898115,"length":9.118,"highway":"residential"},"geometry":{"type":"LineString","coordinates":[[12.591251,46.196388],[12.591252,46.196306]]}},{"type":"Feature","properties":{"u":1444385502,"v":9628898116,"length":2.335,"highway":"residential"},"geometry":{"type":"LineString","coordinates":[[12.591251,46.196409],[12.591251,46.196388]]}},{"type":"Feature","properties":{"u":9629008888,"v":275051908,"length":9.113,"highway":"unclassified"},"geometry":{"type":"LineString","coordinates":[[12.595687,46.193963],[12.595796,46.193995]]}},{"type":"Feature","properties":{"u":9629008889,"v":9629008888,"length":9.042,"highway":"unclassified"},"geometry":{"type":"LineString","coordinates":[[12.595579,46.193931],[12.595687,46.193963]]}},{"type":"Feature","properties":{"u":9634993807,"v":9634993808,"length":65.598,"highway":"residential"},"geometry":{"type":"LineString","coordinates":[[12.708459,46.163373],[12.708462,46.163346],[12.708528,46.162785]]}},{"type":"Feature","properties":{"u":9642627517,"v":7952540809,"length":36.188,"highway":"unclassified"},"geometry":{"type":"LineString","coordinates":[[12.706629,46.170805],[12.706595,46.170811],[12.706562,46.17081],[12.706527,46.170797],[12.706507,46.170783],[12.706428,46.170704],[12.706336,46.170585]]}},{"type":"Feature","properties":{"u":565077340,"v":565077345,"length":36.613,"highway":"unclassified"},"geometry":{"type":"LineString","coordinates":[[12.680485,46.168223],[12.680472,46.168273],[12.680506,46.168303],[12.68059,46.168342],[12.680713,46.168371],[12.68081,46.168327]]}},{"type":"Feature","properties":{"u":1154606454,"v":565077340,"length":170.662,"highway":"unclassified"},"geometry":{"type":"LineString","coordinates":[[12.679989,46.167618],[12.680025,46.167549],[12.680046,46.167481],[12.680069,46.167415],[12.680112,46.16733],[12.680176,46.167312],[12.680276,46.167326],[12.680354,46.167373],[12.680382,46.167425],[12.680374,46.167502],[12.680367,46.167566],[12.680451,46.167641],[12.680562,46.167699],[12.680665,46.167773],[12.680722,46.16781],[12.680771,46.167871],[12.680793,46.167954],[12.680704,46.168042],[12.680633,46.168116],[12.680545,46.168174],[12.680485,46.168223]]}},{"type":"Feature","properties":{"u":9666637540,"v":8391390866,"length":10.074,"highway":"unclassified"},"geometry":{"type":"LineString","coordinates":[[12.574904,46.188372],[12.5748,46.188317]]}},{"type":"Feature","properties":{"u":833149580,"v":1447462482,"length":70.157,"highway":"unclassified"},"geometry":{"type":"LineString","coordinates":[[12.573405,46.187604],[12.573291,46.187543],[12.573171,46.1875],[12.572971,46.187446],[12.572752,46.187421],[12.572557,46.187411]]}},{"type":"Feature","properties":{"u":1447462482,"v":833148989,"length":166.723,"highway":"unclassified"},"geometry":{"type":"LineString","coordinates":[[12.572557,46.187411],[12.572008,46.187384],[12.571639,46.18738],[12.57125,46.187335],[12.571012,46.187286],[12.570883,46.18719],[12.57068,46.18694]]}},{"type":"Feature","properties":{"u":275047825,"v":9859784138,"length":287.879,"highway":"primary","maxspeed":70},"geometry":{"type":"LineString","coordinates":[[12.706184,46.158969],[12.706458,46.159053],[12.709605,46.160012]]}},{"type":"Feature","properties":{"u":912296187,"v":318694358,"length":293.028,"highway":"tertiary"},"geometry":{"type":"LineString","coordinates":[[12.657595,46.151792],[12.657536,46.15172],[12.657064,46.151227],[12.656459,46.150596],[12.656026,46.150143],[12.655702,46.149789],[12.655481,46.149603]]}},{"type":"Feature","properties":{"u":912311671,"v":912302862,"length":103.108,"highway":"residential"},"geometry":{"type":"LineString","coordinates":[[12.649383,46.150691],[12.649465,46.150631],[12.649492,46.150611],[12.649653,46.150492],[12.650098,46.150399],[12.650491,46.150323],[12.650555,46.150301]]}},{"type":"Feature","properties":{"u":912303842,"v":912311671,"length":33.975,"highway":"residential"},"geometry":{"type":"LineString","coordinates":[[12.649149,46.15095],[12.649383,46.150691]]}},{"type":"Feature","properties":{"u":3445307007,"v":4417658388,"length":85.582,"highway":"secondary"},"geometry":{"type":"LineString","coordinates":[[12.644664,46.149093],[12.644464,46.148985],[12.643791,46.148617]]}},{"type":"Feature","properties":{"u":4417658388,"v":375694262,"length":10.026,"highway":"secondary"},"geometry":{"type":"LineString","coordinates":[[12.643791,46.148617],[12.643689,46.148561]]}},{"type":"Feature","properties":{"u":1721628125,"v":471486069,"length":31.752,"highway":"residential","maxspeed":50},"geometry":{"type":"LineString","coordinates":[[12.58515,46.064694],[12.585075,46.064761],[12.585002,46.06485],[12.584991,46.064864],[12.584936,46.064937]]}},{"type":"Feature","properties":{"u":9879777661,"v":1721628125,"length":85.29,"highway":"residential","maxspeed":50},"geometry":{"type":"LineString","coordinates":[[12.586043,46.064249],[12.585969,46.064284],[12.585231,46.064622],[12.58515,46.064694]]}},{"type":"Feature","properties":{"u":9879790119,"v":9879777661,"length":45.021,"highway":"residential","maxspeed":50},"geometry":{"type":"LineString","coordinates":[[12.586516,46.064013],[12.586489,46.064033],[12.586208,46.064174],[12.586043,46.064249]]}},{"type":"Feature","properties":{"u":9879794545,"v":9879790119,"length":67.313,"highway":"residential","maxspeed":50},"geometry":{"type":"LineString","coordinates":[[12.58707,46.063546],[12.587038,46.063571],[12.586697,46.063877],[12.586516,46.064013]]}},{"type":"Feature","properties":{"u":471487869,"v":9879794545,"length":113.019,"highway":"residential","maxspeed":50},"geometry":{"type":"LineString","coordinates":[[12.588239,46.062935],[12.587756,46.063174],[12.587112,46.063514],[12.58707,46.063546]]}},{"type":"Feature","properties":{"u":9881862500,"v":9881862503,"length":59.605,"highway":"unclassified"},"geometry":{"type":"LineString","coordinates":[[12.625735,46.073421],[12.625727,46.073368],[12.625511,46.073019],[12.625491,46.072917]]}},{"type":"Feature","properties":{"u":727760779,"v":9881862500,"length":9.42,"highway":"unclassified"},"geometry":{"type":"LineString","coordinates":[[12.625655,46.073485],[12.625735,46.073421]]}},{"type":"Feature","properties":{"u":9881862500,"v":727760781,"length":31.174,"highway":"unclassified"},"geometry":{"type":"LineString","coordinates":[[12.625735,46.073421],[12.625832,46.073344],[12.625923,46.073276],[12.626017,46.073221]]}},{"type":"Feature","properties":{"u":9882083519,"v":9882083521,"length":14.387,"highway":"unclassified"},"geometry":{"type":"LineString","coordinates":[[12.588113,46.069094],[12.588133,46.069089],[12.588153,46.069088],[12.588173,46.069092],[12.58819,46.069101],[12.588202,46.069112],[12.588208,46.069126],[12.588208,46.06914],[12.588201,46.069154],[12.588188,46.069165]]}},{"type":"Feature","properties":{"u":1941755053,"v":9890659931,"length":13.568,"highway":"tertiary_link"},"geometry":{"type":"LineString","coordinates":[[12.711187,46.167685],[12.71129,46.167586]]}},{"type":"Feature","properties":{"u":9890659932,"v":9890659931,"length":15.896,"highway":"tertiary_link"},"geometry":{"type":"LineString","coordinates":[[12.711091,46.167548],[12.71129,46.167586]]}},{"type":"Feature","properties":{"u":9628893954,"v":9890659933,"length":21.009,"highway":"tertiary_link"},"geometry":{"type":"LineString","coordinates":[[12.711534,46.167528],[12.711378,46.167683]]}},{"type":"Feature","properties":{"u":9890659933,"v":9890659934,"length":13.872,"highway":"tertiary_link"},"geometry":{"type":"LineString","coordinates":[[12.711378,46.167683],[12.711277,46.167695],[12.7112,46.167702]]}},{"type":"Feature","properties":{"u":9890659938,"v":1865778281,"length":15.981,"highway":"tertiary_link"},"geometry":{"type":"LineString","coordinates":[[12.711363,46.16775],[12.711331,46.167892]]}},{"type":"Feature","properties":{"u":1865778281,"v":275048691,"length":9.86,"highway":"secondary"},"geometry":{"type":"LineString","coordinates":[[12.711331,46.167892],[12.711372,46.167976]]}},{"type":"Feature","properties":{"u":9890659933,"v":9890659938,"length":7.539,"highway":"tertiary_link"},"geometry":{"type":"LineString","coordinates":[[12.711378,46.167683],[12.711363,46.16775]]}},{"type":"Feature","properties":{"u":9890659931,"v":9628893954,"length":19.866,"highway":"tertiary_link"},"geometry":{"type":"LineString","coordinates":[[12.71129,46.167586],[12.711534,46.167528]]}},{"type":"Feature","properties":{"u":9890659932,"v":1941755053,"length":16.939,"highway":"secondary"},"geometry":{"type":"LineString","coordinates":[[12.711091,46.167548],[12.711116,46.167588],[12.711187,46.167685]]}},{"type":"Feature","properties":{"u":9890659934,"v":1865778281,"length":23.419,"highway":"secondary"},"geometry":{"type":"LineString","coordinates":[[12.7112,46.167702],[12.711218,46.16773],[12.711239,46.167764],[12.711331,46.167892]]}},{"type":"Feature","properties":{"u":9952607155,"v":1714257698,"length":15.359,"highway":"unclassified"},"geometry":{"type":"LineString","coordinates":[[12.591196,46.06381],[12.591011,46.063861]]}},{"type":"Feature","properties":{"u":1714257698,"v":735499832,"length":45.052,"highway":"unclassified"},"geometry":{"type":"LineString","coordinates":[[12.591011,46.063861],[12.590814,46.063921],[12.590612,46.063948],[12.590451,46.06393]]}},{"type":"Feature","properties":{"u":9952607156,"v":9952607155,"length":9.119,"highway":"unclassified"},"geometry":{"type":"LineString","coordinates":[[12.591306,46.06378],[12.591196,46.06381]]}},{"type":"Feature","properties":{"u":735499839,"v":2869308713,"length":16.484,"highway":"unclassified"},"geometry":{"type":"LineString","coordinates":[[12.597801,46.060888],[12.597637,46.060983]]}},{"type":"Feature","properties":{"u":2869308713,"v":9952607158,"length":270.652,"highway":"unclassified"},"geometry":{"type":"LineString","coordinates":[[12.597637,46.060983],[12.595817,46.06209],[12.595371,46.062314],[12.5949,46.062493]]}},{"type":"Feature","properties":{"u":9952607158,"v":9952607157,"length":9.053,"highway":"unclassified"},"geometry":{"type":"LineString","coordinates":[[12.5949,46.062493],[12.594797,46.062532]]}},{"type":"Feature","properties":{"u":9952607160,"v":471989527,"length":236.976,"highway":"unclassified"},"geometry":{"type":"LineString","coordinates":[[12.590923,46.058926],[12.590869,46.058972],[12.590537,46.059242],[12.590132,46.059483],[12.589779,46.059656],[12.589484,46.059885],[12.589413,46.060053],[12.589171,46.060447],[12.589144,46.060582]]}},{"type":"Feature","properties":{"u":471989527,"v":471989544,"length":267.462,"highway":"unclassified"},"geometry":{"type":"LineString","coordinates":[[12.589144,46.060582],[12.58948,46.061353],[12.58949,46.061848],[12.589282,46.062155],[12.588866,46.062502],[12.588819,46.062644],[12.5888,46.062812]]}},{"type":"Feature","properties":{"u":471989544,"v":471989548,"length":11.55,"highway":"unclassified"},"geometry":{"type":"LineString","coordinates":[[12.5888,46.062812],[12.58871,46.062895]]}},{"type":"Feature","properties":{"u":9952614983,"v":472023484,"length":8.317,"highway":"residential"},"geometry":{"type":"LineString","coordinates":[[12.579203,46.071973],[12.579111,46.071934]]}},{"type":"Feature","properties":{"u":10053745872,"v":10053745873,"length":6.174,"highway":"unclassified"},"geometry":{"type":"LineString","coordinates":[[12.624587,46.122186],[12.624657,46.122213]]}},{"type":"Feature","properties":{"u":1769463387,"v":10053745872,"length":8.685,"highway":"unclassified"},"geometry":{"type":"LineString","coordinates":[[12.624487,46.12215],[12.624587,46.122186]]}},{"type":"Feature","properties":{"u":10056193864,"v":912303712,"length":20.349,"highway":"primary"},"geometry":{"type":"LineString","coordinates":[[12.651609,46.099893],[12.651609,46.100076]]}},{"type":"Feature","properties":{"u":447401973,"v":10056193864,"length":1538.034,"highway":"primary"},"geometry":{"type":"LineString","coordinates":[[12.652398,46.086093],[12.652377,46.087023],[12.652355,46.087717],[12.652351,46.087833],[12.652327,46.088729],[12.652326,46.088766],[12.652267,46.09055],[12.652217,46.092593],[12.652175,46.093377],[12.651975,46.094216],[12.651807,46.094932],[12.651769,46.095091],[12.651632,46.095756],[12.651606,46.096415],[12.651619,46.097042],[12.651604,46.098136],[12.651609,46.099196],[12.651609,46.099893]]}},{"type":"Feature","properties":{"u":10736838285,"v":10736838286,"length":146.012,"highway":"residential"},"geometry":{"type":"LineString","coordinates":[[12.60674,46.116337],[12.607717,46.117462]]}},{"type":"Feature","properties":{"u":2272471007,"v":2272471002,"length":13.287,"highway":"unclassified"},"geometry":{"type":"LineString","coordinates":[[12.710748,46.192664],[12.710663,46.19256]]}},{"type":"Feature","properties":{"u":11348136924,"v":11348136925,"length":43.101,"highway":"residential"},"geometry":{"type":"LineString","coordinates":[[12.69208,46.162059],[12.691536,46.161968]]}},{"type":"Feature","properties":{"u":1423281630,"v":11348136927,"length":34.812,"highway":"residential"},"geometry":{"type":"LineString","coordinates":[[12.695163,46.163064],[12.695271,46.16276]]}},{"type":"Feature","properties":{"u":1444918140,"v":1444918145,"length":33.421,"highway":"residential"},"geometry":{"type":"LineString","coordinates":[[12.583051,46.196842],[12.582992,46.197043],[12.583016,46.197137]]}},{"type":"Feature","properties":{"u":11432293370,"v":2272471019,"length":149.992,"highway":"unclassified"},"geometry":{"type":"LineString","coordinates":[[12.711362,46.19474],[12.71137,46.194678],[12.711371,46.194566],[12.71132,46.194452],[12.711313,46.194363],[12.711349,46.194278],[12.711413,46.194148],[12.711438,46.194069],[12.711473,46.193951],[12.711492,46.193848],[12.711514,46.193755],[12.711557,46.193634],[12.711572,46.193418]]}},{"type":"Feature","properties":{"u":11432293371,"v":11432293370,"length":17.659,"highway":"unclassified"},"geometry":{"type":"LineString","coordinates":[[12.711319,46.194896],[12.711362,46.19474]]}},{"type":"Feature","properties":{"u":2043398235,"v":2622392724,"length":46.672,"highway":"unclassified"},"geometry":{"type":"LineString","coordinates":[[12.711632,46.195933],[12.7116,46.195901],[12.711572,46.195868],[12.711552,46.195793],[12.711546,46.195722],[12.711553,46.195642],[12.711555,46.195527]]}},{"type":"Feature","properties":{"u":2622392724,"v":8255978464,"length":34.946,"highway":"unclassified"},"geometry":{"type":"LineString","coordinates":[[12.711555,46.195527],[12.711241,46.1953]]}},{"type":"Feature","properties":{"u":1110905541,"v":655372440,"length":43.714,"highway":"tertiary"},"geometry":{"type":"LineString","coordinates":[[12.723071,46.156666],[12.723368,46.156331]]}},{"type":"Feature","properties":{"u":318694358,"v":318694360,"length":168.949,"highway":"residential","maxspeed":50},"geometry":{"type":"LineString","coordinates":[[12.655481,46.149603],[12.656621,46.148305]]}},{"type":"Feature","properties":{"u":318694360,"v":318694361,"length":37.704,"highway":"residential","maxspeed":50},"geometry":{"type":"LineString","coordinates":[[12.656621,46.148305],[12.656877,46.148016]]}},{"type":"Feature","properties":{"u":2125321016,"v":2125321009,"length":18.169,"highway":"unclassified"},"geometry":{"type":"LineString","coordinates":[[12.698373,46.166488],[12.698353,46.166504],[12.698328,46.166514],[12.6983,46.16652],[12.698271,46.166519],[12.698243,46.166513],[12.698218,46.166502],[12.6982,46.166486],[12.698188,46.166467]]}},{"type":"Feature","properties":{"u":11828815506,"v":11828815507,"length":79.578,"highway":"residential"},"geometry":{"type":"LineString","coordinates":[[12.690318,46.060805],[12.690276,46.060543],[12.690283,46.060294],[12.690312,46.060092]]}},{"type":"Feature","properties":{"u":912294539,"v":912310749,"length":486.667,"highway":"tertiary"},"geometry":{"type":"LineString","coordinates":[[12.684235,46.128133],[12.684301,46.128416],[12.684348,46.128661],[12.684337,46.128825],[12.684235,46.129087],[12.684101,46.12939],[12.683789,46.130128],[12.683589,46.130563],[12.683383,46.131044],[12.683214,46.131438],[12.683053,46.13182],[12.682908,46.132191],[12.682873,46.132359]]}},{"type":"Feature","properties":{"u":912310749,"v":6174606049,"length":40.346,"highway":"tertiary"},"geometry":{"type":"LineString","coordinates":[[12.682873,46.132359],[12.682881,46.132511],[12.682959,46.13262],[12.683054,46.13268]]}},{"type":"Feature","properties":{"u":6174606049,"v":564874584,"length":9.579,"highway":"tertiary"},"geometry":{"type":"LineString","coordinates":[[12.683054,46.13268],[12.68316,46.132725]]}},{"type":"Feature","properties":{"u":912294850,"v":912311041,"length":22.335,"highway":"unclassified"},"geometry":{"type":"LineString","coordinates":[[12.683577,46.097115],[12.68362,46.097166],[12.683667,46.097236],[12.683693,46.097298]]}},{"type":"Feature","properties":{"u":540415176,"v":11886513227,"length":867.007,"highway":"unclassified"},"geometry":{"type":"LineString","coordinates":[[12.689746,46.073722],[12.689475,46.074394],[12.689328,46.074837],[12.689214,46.075323],[12.68884,46.076329],[12.688576,46.077141],[12.688557,46.077201],[12.688269,46.078124],[12.688256,46.078454],[12.688283,46.078775],[12.688409,46.079341],[12.688535,46.079796],[12.688589,46.080251],[12.688585,46.08102],[12.688577,46.081377],[12.688577,46.081382]]}},{"type":"Feature","properties":{"u":11886513227,"v":11886513226,"length":14.465,"highway":"unclassified"},"geometry":{"type":"LineString","coordinates":[[12.688577,46.081382],[12.688584,46.081512]]}},{"type":"Feature","properties":{"u":835975111,"v":447439360,"length":97.862,"highway":"residential"},"geometry":{"type":"LineString","coordinates":[[12.698417,46.149928],[12.698133,46.150216],[12.697714,46.150661]]}},{"type":"Feature","properties":{"u":2299390560,"v":11946194852,"length":30.058,"highway":"residential"},"geometry":{"type":"LineString","coordinates":[[12.698833,46.14784],[12.698577,46.147636]]}},{"type":"Feature","properties":{"u":1421830110,"v":655372424,"length":47.862,"highway":"unclassified"},"geometry":{"type":"LineString","coordinates":[[12.725186,46.15415],[12.725077,46.154336],[12.724895,46.154528]]}},{"type":"Feature","properties":{"u":655372424,"v":1889582026,"length":40.309,"highway":"unclassified"},"geometry":{"type":"LineString","coordinates":[[12.724895,46.154528],[12.72494,46.154363],[12.724945,46.154265],[12.724936,46.154218],[12.724921,46.15417]]}},{"type":"Feature","properties":{"u":1423039770,"v":1110905581,"length":35.237,"highway":"unclassified"},"geometry":{"type":"LineString","coordinates":[[12.726222,46.152646],[12.726422,46.152361]]}},{"type":"Feature","properties":{"u":1110905581,"v":1423039751,"length":143.918,"highway":"unclassified"},"geometry":{"type":"LineString","coordinates":[[12.726422,46.152361],[12.727333,46.151231]]}},{"type":"Feature","properties":{"u":1423039751,"v":1423039721,"length":54.31,"highway":"unclassified"},"geometry":{"type":"LineString","coordinates":[[12.727333,46.151231],[12.727633,46.150789]]}},{"type":"Feature","properties":{"u":1423039721,"v":1423039715,"length":6.481,"highway":"unclassified"},"geometry":{"type":"LineString","coordinates":[[12.727633,46.150789],[12.727671,46.150737]]}},{"type":"Feature","properties":{"u":1423039715,"v":1423039713,"length":39.746,"highway":"unclassified"},"geometry":{"type":"LineString","coordinates":[[12.727671,46.150737],[12.727895,46.150415]]}},{"type":"Feature","properties":{"u":1423039713,"v":1846908306,"length":354.076,"highway":"unclassified"},"geometry":{"type":"LineString","coordinates":[[12.727895,46.150415],[12.728149,46.150078],[12.728948,46.148815],[12.729099,46.148562],[12.729045,46.148131],[12.728958,46.147643],[12.72883,46.147434]]}},{"type":"Feature","properties":{"u":1423039788,"v":1423039797,"length":48.591,"highway":"unclassified"},"geometry":{"type":"LineString","coordinates":[[12.726515,46.152808],[12.726301,46.152856],[12.726175,46.152908],[12.725969,46.153017]]}},{"type":"Feature","properties":{"u":1423039773,"v":1423039787,"length":49.805,"highway":"unclassified"},"geometry":{"type":"LineString","coordinates":[[12.72654,46.15264],[12.727108,46.152854]]}},{"type":"Feature","properties":{"u":1423039797,"v":1423039770,"length":45.625,"highway":"unclassified"},"geometry":{"type":"LineString","coordinates":[[12.725969,46.153017],[12.726222,46.152646]]}},{"type":"Feature","properties":{"u":11989660929,"v":11989660928,"length":57.672,"highway":"residential"},"geometry":{"type":"LineString","coordinates":[[12.700689,46.143116],[12.70024,46.143531]]}},{"type":"Feature","properties":{"u":11989660928,"v":11989660927,"length":57.228,"highway":"residential"},"geometry":{"type":"LineString","coordinates":[[12.70024,46.143531],[12.699993,46.143757],[12.699791,46.143941]]}},{"type":"Feature","properties":{"u":11989660932,"v":11989660930,"length":34.872,"highway":"residential"},"geometry":{"type":"LineString","coordinates":[[12.699419,46.143563],[12.699611,46.143665],[12.699485,46.143782]]}},{"type":"Feature","properties":{"u":11989660934,"v":11989660933,"length":15.561,"highway":"residential"},"geometry":{"type":"LineString","coordinates":[[12.7001,46.144104],[12.700223,46.143993]]}},{"type":"Feature","properties":{"u":11989660936,"v":11989660933,"length":22.886,"highway":"residential"},"geometry":{"type":"LineString","coordinates":[[12.699987,46.143868],[12.700223,46.143993]]}},{"type":"Feature","properties":{"u":11989660933,"v":11989660935,"length":26.054,"highway":"residential"},"geometry":{"type":"LineString","coordinates":[[12.700223,46.143993],[12.700492,46.144135]]}},{"type":"Feature","properties":{"u":2299413620,"v":835756012,"length":54.233,"highway":"residential"},"geometry":{"type":"LineString","coordinates":[[12.701046,46.144626],[12.700499,46.144319]]}},{"type":"Feature","properties":{"u":2299408602,"v":2299408604,"length":21.565,"highway":"residential"},"geometry":{"type":"LineString","coordinates":[[12.70109,46.14465],[12.701358,46.144706]]}},{"type":"Feature","properties":{"u":275048680,"v":912308261,"length":82.36,"highway":"secondary"},"geometry":{"type":"LineString","coordinates":[[12.685943,46.160457],[12.684874,46.160476]]}},{"type":"Feature","properties":{"u":912305041,"v":912295859,"length":9.25,"highway":"tertiary_link"},"geometry":{"type":"LineString","coordinates":[[12.68571,46.160051],[12.685718,46.159968]]}},{"type":"Feature","properties":{"u":912305041,"v":912308261,"length":80.025,"highway":"tertiary_link"},"geometry":{"type":"LineString","coordinates":[[12.68571,46.160051],[12.685539,46.16016],[12.68522,46.160319],[12.684874,46.160476]]}},{"type":"Feature","properties":{"u":912308261,"v":552235567,"length":30.212,"highway":"secondary"},"geometry":{"type":"LineString","coordinates":[[12.684874,46.160476],[12.684482,46.160486]]}},{"type":"Feature","properties":{"u":552235436,"v":1425732614,"length":299.96,"highway":"secondary"},"geometry":{"type":"LineString","coordinates":[[12.684248,46.1605],[12.683495,46.16056],[12.682717,46.160613],[12.682046,46.160724],[12.681269,46.160918],[12.680582,46.161127],[12.680508,46.161161]]}},{"type":"Feature","properties":{"u":552235567,"v":552235436,"length":18.089,"highway":"secondary"},"geometry":{"type":"LineString","coordinates":[[12.684482,46.160486],[12.684248,46.1605]]}},{"type":"Feature","properties":{"u":912298480,"v":275048680,"length":72.186,"highway":"secondary"},"geometry":{"type":"LineString","coordinates":[[12.686871,46.160548],[12.685943,46.160457]]}},{"type":"Feature","properties":{"u":7944782792,"v":3254200226,"length":109.84,"highway":"primary"},"geometry":{"type":"LineString","coordinates":[[12.717997,46.172994],[12.719018,46.173349],[12.719272,46.173437]]}},{"type":"Feature","properties":{"u":7944782799,"v":275047836,"length":36.482,"highway":"secondary"},"geometry":{"type":"LineString","coordinates":[[12.717254,46.172744],[12.717679,46.172889]]}},{"type":"Feature","properties":{"u":295284367,"v":295284259,"length":56.667,"highway":"tertiary"},"geometry":{"type":"LineString","coordinates":[[12.719474,46.178311],[12.719097,46.178367],[12.719079,46.178372],[12.718771,46.178456]]}},{"type":"Feature","properties":{"u":295284259,"v":295284263,"length":168.516,"highway":"tertiary"},"geometry":{"type":"LineString","coordinates":[[12.718771,46.178456],[12.718338,46.178569],[12.718092,46.178626],[12.7179,46.178671],[12.717747,46.178698],[12.717599,46.178717],[12.717407,46.178732],[12.717115,46.178737],[12.717087,46.178737],[12.716898,46.178732],[12.716648,46.178705]]}},{"type":"Feature","properties":{"u":295284263,"v":1425733120,"length":34.238,"highway":"tertiary"},"geometry":{"type":"LineString","coordinates":[[12.716648,46.178705],[12.716221,46.178619]]}},{"type":"Feature","properties":{"u":1425733120,"v":1425733114,"length":75.24,"highway":"tertiary"},"geometry":{"type":"LineString","coordinates":[[12.716221,46.178619],[12.715683,46.178499],[12.715293,46.178407]]}},{"type":"Feature","properties":{"u":1425733114,"v":1425733085,"length":346.438,"highway":"tertiary"},"geometry":{"type":"LineString","coordinates":[[12.715293,46.178407],[12.714361,46.178188],[12.714294,46.178172],[12.713887,46.178057],[12.713617,46.17798],[12.712621,46.177699],[12.712597,46.177693],[12.712082,46.177557],[12.711983,46.177531],[12.711897,46.177519],[12.711772,46.177512],[12.71164,46.177519],[12.711567,46.177529],[12.711475,46.177551],[12.711326,46.177607],[12.711207,46.177658],[12.711092,46.177697]]}},{"type":"Feature","properties":{"u":1425733085,"v":295284373,"length":11.02,"highway":"tertiary"},"geometry":{"type":"LineString","coordinates":[[12.711092,46.177697],[12.710951,46.177714]]}},{"type":"Feature","properties":{"u":912298224,"v":778888939,"length":150.515,"highway":"primary"},"geometry":{"type":"LineString","coordinates":[[12.66937,46.146711],[12.670431,46.147256],[12.670956,46.147501]]}},{"type":"Feature","properties":{"u":912302147,"v":912298224,"length":54.979,"highway":"primary"},"geometry":{"type":"LineString","coordinates":[[12.668696,46.146858],[12.669047,46.146749],[12.669203,46.14672],[12.66937,46.146711]]}},{"type":"Feature","properties":{"u":275047807,"v":912298224,"length":97.648,"highway":"primary"},"geometry":{"type":"LineString","coordinates":[[12.668407,46.14614],[12.66937,46.146711]]}},{"type":"Feature","properties":{"u":2980754259,"v":912289180,"length":45.832,"highway":"tertiary"},"geometry":{"type":"LineString","coordinates":[[12.657415,46.140374],[12.657321,46.140781]]}},{"type":"Feature","properties":{"u":2980754256,"v":912295331,"length":28.815,"highway":"unclassified"},"geometry":{"type":"LineString","coordinates":[[12.657704,46.14033],[12.657838,46.140388],[12.65804,46.140441]]}},{"type":"Feature","properties":{"u":2980754264,"v":912289180,"length":43.4,"highway":"unclassified"},"geometry":{"type":"LineString","coordinates":[[12.657678,46.140488],[12.657522,46.140569],[12.657398,46.140674],[12.657321,46.140781]]}},{"type":"Feature","properties":{"u":912289180,"v":318694337,"length":277.589,"highway":"tertiary"},"geometry":{"type":"LineString","coordinates":[[12.657321,46.140781],[12.657231,46.141158],[12.657198,46.141311],[12.657182,46.141485],[12.657203,46.141614],[12.657464,46.14246],[12.657545,46.142724],[12.657632,46.143057],[12.657632,46.143239]]}},{"type":"Feature","properties":{"u":318694337,"v":2143843981,"length":130.547,"highway":"tertiary"},"geometry":{"type":"LineString","coordinates":[[12.657632,46.143239],[12.657497,46.143497],[12.657286,46.143698],[12.656621,46.144158]]}},{"type":"Feature","properties":{"u":2143843981,"v":912311207,"length":258.114,"highway":"tertiary"},"geometry":{"type":"LineString","coordinates":[[12.656621,46.144158],[12.656235,46.14444],[12.655813,46.144744],[12.655436,46.145086],[12.655326,46.145186],[12.654732,46.145792],[12.654568,46.145983]]}},{"type":"Feature","properties":{"u":912311207,"v":912287486,"length":43.452,"highway":"tertiary"},"geometry":{"type":"LineString","coordinates":[[12.654568,46.145983],[12.654363,46.14622],[12.654273,46.146316]]}},{"type":"Feature","properties":{"u":912306120,"v":2980754259,"length":72.146,"highway":"tertiary"},"geometry":{"type":"LineString","coordinates":[[12.65756,46.139733],[12.657415,46.140374]]}},{"type":"Feature","properties":{"u":912295279,"v":912303669,"length":24.11,"highway":"unclassified"},"geometry":{"type":"LineString","coordinates":[[12.657941,46.136398],[12.657967,46.136496],[12.657943,46.136612]]}},{"type":"Feature","properties":{"u":912308859,"v":2078574772,"length":170.04,"highway":"tertiary"},"geometry":{"type":"LineString","coordinates":[[12.657609,46.137124],[12.657577,46.138445],[12.657573,46.138653]]}},{"type":"Feature","properties":{"u":2078574772,"v":912306120,"length":120.109,"highway":"tertiary"},"geometry":{"type":"LineString","coordinates":[[12.657573,46.138653],[12.65757,46.139588],[12.65756,46.139733]]}},{"type":"Feature","properties":{"u":912308859,"v":912298311,"length":73.723,"highway":"tertiary"},"geometry":{"type":"LineString","coordinates":[[12.657609,46.137124],[12.657612,46.136461]]}},{"type":"Feature","properties":{"u":912303669,"v":912308859,"length":62.85,"highway":"unclassified"},"geometry":{"type":"LineString","coordinates":[[12.657943,46.136612],[12.657766,46.13681],[12.657609,46.137124]]}},{"type":"Feature","properties":{"u":912295279,"v":912311986,"length":16.716,"highway":"unclassified"},"geometry":{"type":"LineString","coordinates":[[12.657941,46.136398],[12.658157,46.136412]]}},{"type":"Feature","properties":{"u":912311986,"v":912303669,"length":27.685,"highway":"unclassified"},"geometry":{"type":"LineString","coordinates":[[12.658157,46.136412],[12.657943,46.136612]]}},{"type":"Feature","properties":{"u":912298311,"v":912288978,"length":28.132,"highway":"tertiary"},"geometry":{"type":"LineString","coordinates":[[12.657612,46.136461],[12.657613,46.136208]]}},{"type":"Feature","properties":{"u":912294506,"v":912305093,"length":240.545,"highway":"primary"},"geometry":{"type":"LineString","coordinates":[[12.659348,46.13129],[12.660198,46.1324],[12.660827,46.133195]]}},{"type":"Feature","properties":{"u":912305093,"v":912293688,"length":160.189,"highway":"primary"},"geometry":{"type":"LineString","coordinates":[[12.660827,46.133195],[12.661663,46.134514]]}},{"type":"Feature","properties":{"u":912293688,"v":275047807,"length":1402.897,"highway":"primary"},"geometry":{"type":"LineString","coordinates":[[12.661663,46.134514],[12.661961,46.135041],[12.662518,46.136058],[12.662799,46.136564],[12.663054,46.137069],[12.663251,46.137488],[12.66343,46.137934],[12.663745,46.138813],[12.664039,46.139682],[12.664354,46.140548],[12.664545,46.140977],[12.664683,46.141271],[12.664989,46.141855],[12.665396,46.142526],[12.665972,46.143333],[12.666346,46.14385],[12.666733,46.144366],[12.667103,46.144832],[12.667347,46.145115],[12.667606,46.145391],[12.667901,46.145671],[12.668188,46.145954],[12.668407,46.14614]]}},{"type":"Feature","properties":{"u":3481946852,"v":912288978,"length":469.232,"highway":"tertiary"},"geometry":{"type":"LineString","coordinates":[[12.65829,46.132024],[12.658257,46.132669],[12.658243,46.132831],[12.658215,46.133037],[12.658091,46.133522],[12.657673,46.135165],[12.657615,46.135741],[12.657613,46.136208]]}},{"type":"Feature","properties":{"u":912310417,"v":912282927,"length":23.666,"highway":"primary"},"geometry":{"type":"LineString","coordinates":[[12.655825,46.117815],[12.655883,46.118024]]}},{"type":"Feature","properties":{"u":912305827,"v":665371479,"length":22.869,"highway":"unclassified"},"geometry":{"type":"LineString","coordinates":[[12.655954,46.117569],[12.656197,46.117451]]}},{"type":"Feature","properties":{"u":912297744,"v":665371476,"length":18.891,"highway":"primary"},"geometry":{"type":"LineString","coordinates":[[12.65575,46.117572],[12.655795,46.117739]]}},{"type":"Feature","properties":{"u":912304530,"v":665371476,"length":10.668,"highway":"unclassified"},"geometry":{"type":"LineString","coordinates":[[12.655687,46.117799],[12.655795,46.117739]]}},{"type":"Feature","properties":{"u":912302092,"v":737610451,"length":4.933,"highway":"unclassified"},"geometry":{"type":"LineString","coordinates":[[12.655655,46.117993],[12.655593,46.118004]]}},{"type":"Feature","properties":{"u":912282927,"v":295279410,"length":1207.519,"highway":"primary"},"geometry":{"type":"LineString","coordinates":[[12.655883,46.118024],[12.656531,46.121141],[12.657439,46.125143],[12.657698,46.126459],[12.657915,46.127983],[12.657934,46.128158],[12.658036,46.128778]]}},{"type":"Feature","properties":{"u":665371476,"v":912310417,"length":8.761,"highway":"primary"},"geometry":{"type":"LineString","coordinates":[[12.655795,46.117739],[12.655825,46.117815]]}},{"type":"Feature","properties":{"u":295255991,"v":745484872,"length":71.0,"highway":"tertiary"},"geometry":{"type":"LineString","coordinates":[[12.654684,46.061665],[12.65478,46.061542],[12.654949,46.061437],[12.655036,46.06136],[12.655098,46.061263],[12.655141,46.061129]]}},{"type":"Feature","properties":{"u":745484917,"v":745484915,"length":38.555,"highway":"tertiary"},"geometry":{"type":"LineString","coordinates":[[12.654865,46.061916],[12.654784,46.061935],[12.654685,46.061982],[12.654625,46.062028],[12.654513,46.062147]]}},{"type":"Feature","properties":{"u":745484912,"v":2872916952,"length":693.173,"highway":"primary"},"geometry":{"type":"LineString","coordinates":[[12.655494,46.062454],[12.655888,46.063445],[12.656061,46.063856],[12.656265,46.064374],[12.656477,46.064915],[12.656537,46.065073],[12.656727,46.065558],[12.656921,46.066069],[12.657363,46.067191],[12.657642,46.067903],[12.657869,46.068466]]}},{"type":"Feature","properties":{"u":2855490243,"v":745484915,"length":45.891,"highway":"tertiary"},"geometry":{"type":"LineString","coordinates":[[12.654373,46.062548],[12.654452,46.062302],[12.654513,46.062147]]}},{"type":"Feature","properties":{"u":1425732726,"v":9761255922,"length":17.394,"highway":"unclassified"},"geometry":{"type":"LineString","coordinates":[[12.712897,46.170537],[12.713109,46.170483]]}},{"type":"Feature","properties":{"u":12097449744,"v":471992049,"length":36.143,"highway":"residential","maxspeed":50},"geometry":{"type":"LineString","coordinates":[[12.5884,46.072333],[12.588379,46.072402],[12.588303,46.072651]]}},{"type":"Feature","properties":{"u":282192121,"v":835975091,"length":47.773,"highway":"tertiary"},"geometry":{"type":"LineString","coordinates":[[12.702754,46.143514],[12.703058,46.143673],[12.703254,46.143768]]}},{"type":"Feature","properties":{"u":835975086,"v":282192121,"length":42.748,"highway":"tertiary"},"geometry":{"type":"LineString","coordinates":[[12.702301,46.143292],[12.702754,46.143514]]}},{"type":"Feature","properties":{"u":835975116,"v":850910560,"length":16.93,"highway":"tertiary"},"geometry":{"type":"LineString","coordinates":[[12.702734,46.143825],[12.70256,46.143918]]}},{"type":"Feature","properties":{"u":835975091,"v":13309595170,"length":56.001,"highway":"tertiary"},"geometry":{"type":"LineString","coordinates":[[12.703254,46.143768],[12.703399,46.143834],[12.703845,46.144061]]}},{"type":"Feature","properties":{"u":13309595170,"v":13309595169,"length":8.629,"highway":"tertiary"},"geometry":{"type":"LineString","coordinates":[[12.703845,46.144061],[12.703891,46.144084],[12.703939,46.144103]]}},{"type":"Feature","properties":{"u":13309595169,"v":564881456,"length":588.041,"highway":"tertiary"},"geometry":{"type":"LineString","coordinates":[[12.703939,46.144103],[12.704373,46.144319],[12.704602,46.144446],[12.704776,46.144554],[12.704928,46.144672],[12.705054,46.144775],[12.705253,46.144942],[12.706671,46.146188],[12.707098,46.14657],[12.707841,46.147226],[12.708313,46.147637],[12.708625,46.147914],[12.70878,46.14807],[12.708835,46.148133]]}},{"type":"Feature","properties":{"u":850910560,"v":282192119,"length":45.629,"highway":"tertiary"},"geometry":{"type":"LineString","coordinates":[[12.70256,46.143918],[12.702114,46.144188]]}},{"type":"Feature","properties":{"u":850910523,"v":835975150,"length":19.014,"highway":"tertiary"},"geometry":{"type":"LineString","coordinates":[[12.702337,46.143799],[12.702416,46.143637]]}},{"type":"Feature","properties":{"u":275047821,"v":1418745276,"length":222.199,"highway":"primary","maxspeed":50},"geometry":{"type":"LineString","coordinates":[[12.69924,46.156884],[12.699753,46.157036],[12.701709,46.157614],[12.701891,46.157672]]}},{"type":"Feature","properties":{"u":1418745276,"v":3507181235,"length":197.08,"highway":"primary","maxspeed":50},"geometry":{"type":"LineString","coordinates":[[12.701891,46.157672],[12.703928,46.158284],[12.704238,46.158378]]}},{"type":"Feature","properties":{"u":3507181235,"v":275047825,"length":163.656,"highway":"primary","maxspeed":50},"geometry":{"type":"LineString","coordinates":[[12.704238,46.158378],[12.705893,46.158881],[12.706184,46.158969]]}},{"type":"Feature","properties":{"u":564881418,"v":779130053,"length":24.294,"highway":"tertiary"},"geometry":{"type":"LineString","coordinates":[[12.6992,46.141808],[12.699469,46.141922]]}},{"type":"Feature","properties":{"u":564881418,"v":779130220,"length":18.358,"highway":"unclassified"},"geometry":{"type":"LineString","coordinates":[[12.6992,46.141808],[12.699218,46.14186],[12.6992,46.141906],[12.699168,46.141966]]}},{"type":"Feature","properties":{"u":779130220,"v":779130242,"length":30.034,"highway":"unclassified"},"geometry":{"type":"LineString","coordinates":[[12.699168,46.141966],[12.699036,46.14208],[12.699014,46.142095],[12.698895,46.142156]]}},{"type":"Feature","properties":{"u":779130242,"v":779130226,"length":24.307,"highway":"unclassified"},"geometry":{"type":"LineString","coordinates":[[12.698895,46.142156],[12.698918,46.142029],[12.698933,46.141939]]}},{"type":"Feature","properties":{"u":779130226,"v":564881416,"length":34.159,"highway":"unclassified"},"geometry":{"type":"LineString","coordinates":[[12.698933,46.141939],[12.698914,46.141863],[12.698859,46.141765],[12.698757,46.141662]]}},{"type":"Feature","properties":{"u":779130053,"v":835975086,"length":266.197,"highway":"tertiary"},"geometry":{"type":"LineString","coordinates":[[12.699469,46.141922],[12.699852,46.142083],[12.700109,46.142213],[12.700294,46.142305],[12.700701,46.142499],[12.701185,46.142742],[12.70151,46.1429],[12.701944,46.143113],[12.702301,46.143292]]}},{"type":"Feature","properties":{"u":564881416,"v":564881418,"length":37.795,"highway":"tertiary"},"geometry":{"type":"LineString","coordinates":[[12.698757,46.141662],[12.6992,46.141808]]}},{"type":"Feature","properties":{"u":912285327,"v":912304058,"length":14.803,"highway":"tertiary"},"geometry":{"type":"LineString","coordinates":[[12.679975,46.09909],[12.680081,46.099201]]}},{"type":"Feature","properties":{"u":912297395,"v":912282605,"length":5.883,"highway":"unclassified"},"geometry":{"type":"LineString","coordinates":[[12.679832,46.099241],[12.679764,46.099265]]}},{"type":"Feature","properties":{"u":665371599,"v":912285327,"length":11.297,"highway":"tertiary"},"geometry":{"type":"LineString","coordinates":[[12.679897,46.099004],[12.679975,46.09909]]}},{"type":"Feature","properties":{"u":2032964496,"v":3391379785,"length":7.042,"highway":"unclassified"},"geometry":{"type":"LineString","coordinates":[[12.680224,46.098732],[12.680274,46.098679]]}},{"type":"Feature","properties":{"u":912312226,"v":912285327,"length":21.118,"highway":"unclassified"},"geometry":{"type":"LineString","coordinates":[[12.680088,46.098917],[12.679975,46.09909]]}},{"type":"Feature","properties":{"u":912307653,"v":665371601,"length":11.62,"highway":"unclassified"},"geometry":{"type":"LineString","coordinates":[[12.680036,46.098821],[12.680174,46.098779]]}},{"type":"Feature","properties":{"u":912304058,"v":912309632,"length":14.28,"highway":"tertiary"},"geometry":{"type":"LineString","coordinates":[[12.680081,46.099201],[12.680169,46.099314]]}},{"type":"Feature","properties":{"u":912299900,"v":665371599,"length":25.107,"highway":"tertiary"},"geometry":{"type":"LineString","coordinates":[[12.679728,46.098811],[12.679897,46.099004]]}},{"type":"Feature","properties":{"u":912309632,"v":13309595135,"length":627.567,"highway":"tertiary"},"geometry":{"type":"LineString","coordinates":[[12.680169,46.099314],[12.680454,46.099636],[12.681009,46.100248],[12.681653,46.100963],[12.682213,46.101609],[12.682517,46.102029],[12.682808,46.102513],[12.682944,46.102835],[12.683055,46.103146],[12.683162,46.103655],[12.683186,46.104271],[12.683166,46.104436]]}},{"type":"Feature","properties":{"u":13309595135,"v":13309595134,"length":7.815,"highway":"tertiary"},"geometry":{"type":"LineString","coordinates":[[12.683166,46.104436],[12.683157,46.104506]]}},{"type":"Feature","properties":{"u":13309595134,"v":869340474,"length":25.666,"highway":"tertiary"},"geometry":{"type":"LineString","coordinates":[[12.683157,46.104506],[12.683129,46.104736]]}},{"type":"Feature","properties":{"u":1110905600,"v":275047831,"length":69.007,"highway":"primary","maxspeed":70},"geometry":{"type":"LineString","coordinates":[[12.721232,46.163842],[12.721357,46.163993],[12.721418,46.164077],[12.721452,46.164127],[12.721481,46.164183],[12.72151,46.164268],[12.721556,46.164415]]}},{"type":"Feature","properties":{"u":1110905630,"v":1110905600,"length":8.394,"highway":"primary","maxspeed":70},"geometry":{"type":"LineString","coordinates":[[12.721164,46.163783],[12.721232,46.163842]]}},{"type":"Feature","properties":{"u":1110905539,"v":1110905474,"length":26.502,"highway":"unclassified"},"geometry":{"type":"LineString","coordinates":[[12.721417,46.163443],[12.721472,46.163376],[12.7215,46.16334],[12.721585,46.163235]]}},{"type":"Feature","properties":{"u":1110905544,"v":275047831,"length":85.571,"highway":"unclassified"},"geometry":{"type":"LineString","coordinates":[[12.721568,46.163649],[12.721573,46.163805],[12.721596,46.164219],[12.721597,46.164291],[12.721556,46.164415]]}},{"type":"Feature","properties":{"u":275047830,"v":1110905630,"length":55.663,"highway":"primary","maxspeed":70},"geometry":{"type":"LineString","coordinates":[[12.720617,46.163464],[12.720781,46.163526],[12.720921,46.163598],[12.720988,46.163644],[12.721063,46.163697],[12.721164,46.163783]]}},{"type":"Feature","properties":{"u":275047831,"v":1112363105,"length":88.975,"highway":"primary","maxspeed":70},"geometry":{"type":"LineString","coordinates":[[12.721556,46.164415],[12.721571,46.164508],[12.721587,46.164715],[12.721612,46.165214]]}},{"type":"Feature","properties":{"u":1112363105,"v":2258285539,"length":643.233,"highway":"primary","maxspeed":70},"geometry":{"type":"LineString","coordinates":[[12.721612,46.165214],[12.721673,46.165709],[12.721678,46.165928],[12.721672,46.166167],[12.721669,46.166189],[12.721653,46.166316],[12.721634,46.166416],[12.721599,46.166545],[12.721567,46.166647],[12.721506,46.1668],[12.721442,46.166948],[12.721377,46.167069],[12.721282,46.167231],[12.721033,46.167593],[12.720275,46.168697],[12.719944,46.169177],[12.71947,46.169881],[12.719044,46.170514],[12.718982,46.1706]]}},{"type":"Feature","properties":{"u":1681723374,"v":1681723366,"length":7.349,"highway":"residential","maxspeed":50},"geometry":{"type":"LineString","coordinates":[[12.59784,46.075572],[12.597935,46.075567]]}},{"type":"Feature","properties":{"u":275052042,"v":374196320,"length":203.807,"highway":"tertiary"},"geometry":{"type":"LineString","coordinates":[[12.638329,46.195253],[12.638334,46.19516],[12.638271,46.195089],[12.638122,46.195014],[12.638009,46.194967],[12.637935,46.19493],[12.637645,46.194692],[12.637576,46.194631],[12.637558,46.194608],[12.637547,46.194579],[12.637545,46.194545],[12.63756,46.194525],[12.637588,46.194508],[12.637626,46.194501],[12.637673,46.194504],[12.637743,46.194521],[12.637817,46.194552],[12.637892,46.19459],[12.638129,46.194705],[12.638301,46.194772],[12.638549,46.194814],[12.638689,46.194829]]}},{"type":"Feature","properties":{"u":275052036,"v":275052042,"length":181.357,"highway":"tertiary"},"geometry":{"type":"LineString","coordinates":[[12.637047,46.196428],[12.637325,46.19637],[12.637453,46.196331],[12.637559,46.196286],[12.637702,46.196202],[12.637996,46.196056],[12.638149,46.195946],[12.638243,46.195797],[12.638303,46.195669],[12.638329,46.195506],[12.638329,46.195253]]}},{"type":"Feature","properties":{"u":4472385864,"v":4472385991,"length":82.808,"highway":"residential"},"geometry":{"type":"LineString","coordinates":[[12.636309,46.195233],[12.636377,46.195259],[12.636382,46.195318],[12.636378,46.1954],[12.63645,46.195447],[12.636551,46.195504],[12.636656,46.195571],[12.636771,46.19566],[12.636805,46.195713],[12.636825,46.195827]]}},{"type":"Feature","properties":{"u":275051994,"v":1444385579,"length":44.821,"highway":"tertiary"},"geometry":{"type":"LineString","coordinates":[[12.631439,46.196664],[12.631039,46.196721],[12.630988,46.196726],[12.630943,46.196725],[12.630906,46.19672],[12.630869,46.19671]]}},{"type":"Feature","properties":{"u":1444385579,"v":1444385415,"length":62.005,"highway":"tertiary"},"geometry":{"type":"LineString","coordinates":[[12.630869,46.19671],[12.630841,46.196695],[12.630819,46.196677],[12.630805,46.196659],[12.630791,46.196635],[12.630654,46.19623],[12.630651,46.196206],[12.630655,46.196183]]}},{"type":"Feature","properties":{"u":1444385415,"v":1444385530,"length":119.15,"highway":"residential"},"geometry":{"type":"LineString","coordinates":[[12.630655,46.196183],[12.630462,46.196252],[12.63025,46.196312],[12.630064,46.196351],[12.629904,46.196379],[12.629689,46.196404],[12.629421,46.196419],[12.629265,46.19644],[12.629176,46.196466]]}},{"type":"Feature","properties":{"u":275051920,"v":2437193929,"length":11.755,"highway":"unclassified"},"geometry":{"type":"LineString","coordinates":[[12.606842,46.197278],[12.606792,46.197287],[12.606771,46.197285],[12.606752,46.197279],[12.606712,46.197249]]}},{"type":"Feature","properties":{"u":1444385594,"v":12518849986,"length":121.872,"highway":"unclassified"},"geometry":{"type":"LineString","coordinates":[[12.60554,46.196783],[12.605633,46.196903],[12.605674,46.19697],[12.605679,46.197001],[12.605665,46.197038],[12.605629,46.197062],[12.605587,46.197075],[12.605546,46.197072],[12.605505,46.197049],[12.605443,46.197005],[12.605376,46.196947],[12.605282,46.196856],[12.605136,46.196758],[12.604832,46.196581],[12.604806,46.196567]]}},{"type":"Feature","properties":{"u":12518849986,"v":1444385114,"length":26.258,"highway":"unclassified"},"geometry":{"type":"LineString","coordinates":[[12.604806,46.196567],[12.604539,46.19642]]}},{"type":"Feature","properties":{"u":275052240,"v":12538786975,"length":69.211,"highway":"unclassified"},"geometry":{"type":"LineString","coordinates":[[12.577829,46.189381],[12.577747,46.189495],[12.577555,46.189842],[12.577436,46.189934]]}},{"type":"Feature","properties":{"u":1711695025,"v":1711464327,"length":24.959,"highway":"unclassified","maxspeed":50},"geometry":{"type":"LineString","coordinates":[[12.592777,46.089214],[12.59285,46.089188],[12.593049,46.089093]]}},{"type":"Feature","properties":{"u":275047734,"v":3525606818,"length":33.786,"highway":"secondary"},"geometry":{"type":"LineString","coordinates":[[12.578009,46.074998],[12.578069,46.074815],[12.578078,46.074699]]}},{"type":"Feature","properties":{"u":327186306,"v":1961333424,"length":41.177,"highway":"secondary"},"geometry":{"type":"LineString","coordinates":[[12.571823,46.06947],[12.571845,46.0691]]}},{"type":"Feature","properties":{"u":1961333424,"v":471638457,"length":102.422,"highway":"secondary"},"geometry":{"type":"LineString","coordinates":[[12.571845,46.0691],[12.571827,46.06894],[12.571818,46.068857],[12.571802,46.068777],[12.57177,46.068689],[12.571729,46.068598],[12.571617,46.068423],[12.571455,46.068235]]}},{"type":"Feature","properties":{"u":1269918506,"v":327186306,"length":30.968,"highway":"secondary"},"geometry":{"type":"LineString","coordinates":[[12.571799,46.069748],[12.571823,46.06947]]}},{"type":"Feature","properties":{"u":1961333452,"v":1269918506,"length":28.421,"highway":"unclassified"},"geometry":{"type":"LineString","coordinates":[[12.572043,46.069557],[12.571959,46.069613],[12.571799,46.069748]]}},{"type":"Feature","properties":{"u":1961333432,"v":327186306,"length":21.848,"highway":"tertiary_link"},"geometry":{"type":"LineString","coordinates":[[12.571554,46.069453],[12.571668,46.069431],[12.571823,46.06947]]}},{"type":"Feature","properties":{"u":2882994271,"v":483695890,"length":18.046,"highway":"secondary","maxspeed":70},"geometry":{"type":"LineString","coordinates":[[12.567181,46.063435],[12.567103,46.063282]]}},{"type":"Feature","properties":{"u":483695890,"v":708223705,"length":611.324,"highway":"secondary","maxspeed":70},"geometry":{"type":"LineString","coordinates":[[12.567103,46.063282],[12.566961,46.063091],[12.566784,46.062911],[12.566582,46.062744],[12.561502,46.059827],[12.561173,46.05968]]}},{"type":"Feature","properties":{"u":1438711447,"v":1438711545,"length":405.245,"highway":"unclassified"},"geometry":{"type":"LineString","coordinates":[[12.560701,46.060285],[12.56063,46.060358],[12.560381,46.060614],[12.559698,46.061337],[12.559641,46.061398],[12.559544,46.061445],[12.559415,46.061462],[12.558594,46.061536],[12.557724,46.061626],[12.557559,46.061653],[12.557525,46.061685],[12.557545,46.061771],[12.557874,46.062441]]}},{"type":"Feature","properties":{"u":767943277,"v":1425732979,"length":24.161,"highway":"secondary"},"geometry":{"type":"LineString","coordinates":[[12.721584,46.174839],[12.72171,46.175038]]}},{"type":"Feature","properties":{"u":472030099,"v":1681666494,"length":149.324,"highway":"unclassified","maxspeed":50},"geometry":{"type":"LineString","coordinates":[[12.59249,46.08103],[12.592428,46.08108],[12.592323,46.081172],[12.592241,46.081221],[12.592156,46.081267],[12.591874,46.081413],[12.591492,46.081579],[12.591162,46.081691],[12.590938,46.081814]]}},{"type":"Feature","properties":{"u":1681666494,"v":12765991668,"length":254.406,"highway":"unclassified","maxspeed":50},"geometry":{"type":"LineString","coordinates":[[12.590938,46.081814],[12.590751,46.081811],[12.59057,46.081817],[12.590388,46.081804],[12.590174,46.081774],[12.589997,46.081724],[12.589734,46.081678],[12.589419,46.081599],[12.589085,46.081502],[12.588812,46.081436],[12.588569,46.08141],[12.588292,46.081393],[12.58802,46.081387],[12.587737,46.081368]]}},{"type":"Feature","properties":{"u":12765991668,"v":12765991669,"length":6.868,"highway":"unclassified","maxspeed":50},"geometry":{"type":"LineString","coordinates":[[12.587737,46.081368],[12.587651,46.081352]]}},{"type":"Feature","properties":{"u":12766049437,"v":472030042,"length":342.291,"highway":"tertiary"},"geometry":{"type":"LineString","coordinates":[[12.587171,46.075865],[12.587417,46.075619],[12.58758,46.07545],[12.587608,46.075421],[12.587648,46.075372],[12.5877,46.07531],[12.587744,46.075191],[12.58774,46.075146],[12.587741,46.074929],[12.587687,46.074699],[12.587597,46.074413],[12.587572,46.073914],[12.587622,46.073725],[12.587676,46.073626],[12.587833,46.073393],[12.587978,46.073244],[12.58818,46.073016]]}},{"type":"Feature","properties":{"u":472030042,"v":275047748,"length":11.238,"highway":"tertiary"},"geometry":{"type":"LineString","coordinates":[[12.58818,46.073016],[12.588261,46.072932]]}},{"type":"Feature","properties":{"u":1717475134,"v":2282199166,"length":6.722,"highway":"primary_link"},"geometry":{"type":"LineString","coordinates":[[12.603907,46.195668],[12.603926,46.195727]]}},{"type":"Feature","properties":{"u":13036917634,"v":2282199168,"length":21.674,"highway":"primary_link"},"geometry":{"type":"LineString","coordinates":[[12.603692,46.19575],[12.603592,46.195726],[12.60342,46.195701]]}},{"type":"Feature","properties":{"u":13036917635,"v":13314529804,"length":10.535,"highway":"primary"},"geometry":{"type":"LineString","coordinates":[[12.606218,46.195266],[12.606344,46.195229]]}},{"type":"Feature","properties":{"u":912299158,"v":13048672807,"length":60.878,"highway":"residential"},"geometry":{"type":"LineString","coordinates":[[12.67815,46.095844],[12.678452,46.095888],[12.678686,46.095939],[12.678767,46.09596],[12.678826,46.096055]]}},{"type":"Feature","properties":{"u":13048672812,"v":13048672819,"length":177.431,"highway":"residential"},"geometry":{"type":"LineString","coordinates":[[12.680333,46.096789],[12.680221,46.096838],[12.680186,46.096899],[12.680088,46.097744],[12.680056,46.098074],[12.680053,46.098166],[12.680074,46.098224],[12.680207,46.09828]]}},{"type":"Feature","properties":{"u":3391379788,"v":869340476,"length":7.528,"highway":"unclassified"},"geometry":{"type":"LineString","coordinates":[[12.684071,46.09891],[12.684063,46.098873],[12.684057,46.098843]]}},{"type":"Feature","properties":{"u":2032964536,"v":3391379791,"length":4.31,"highway":"unclassified"},"geometry":{"type":"LineString","coordinates":[[12.684137,46.099148],[12.684126,46.09911]]}},{"type":"Feature","properties":{"u":3751713975,"v":912291173,"length":9.708,"highway":"tertiary"},"geometry":{"type":"LineString","coordinates":[[12.672023,46.093515],[12.67213,46.093561]]}},{"type":"Feature","properties":{"u":912291173,"v":13309530317,"length":28.728,"highway":"residential"},"geometry":{"type":"LineString","coordinates":[[12.67213,46.093561],[12.672237,46.093561],[12.672486,46.093625]]}},{"type":"Feature","properties":{"u":13309530317,"v":13309530315,"length":11.914,"highway":"residential"},"geometry":{"type":"LineString","coordinates":[[12.672486,46.093625],[12.672631,46.093662]]}},{"type":"Feature","properties":{"u":13309530318,"v":13309530317,"length":12.204,"highway":"residential"},"geometry":{"type":"LineString","coordinates":[[12.672355,46.093676],[12.672402,46.093638],[12.672486,46.093625]]}},{"type":"Feature","properties":{"u":13309530315,"v":13309530322,"length":15.605,"highway":"residential"},"geometry":{"type":"LineString","coordinates":[[12.672631,46.093662],[12.672521,46.093691],[12.672479,46.093742]]}},{"type":"Feature","properties":{"u":13309530335,"v":2143873504,"length":72.323,"highway":"unclassified"},"geometry":{"type":"LineString","coordinates":[[12.678224,46.099497],[12.678214,46.099562],[12.678225,46.100147]]}},{"type":"Feature","properties":{"u":13309595132,"v":869340474,"length":27.22,"highway":"unclassified"},"geometry":{"type":"LineString","coordinates":[[12.683256,46.104514],[12.683185,46.104698],[12.683129,46.104736]]}},{"type":"Feature","properties":{"u":13309595132,"v":13309595134,"length":7.812,"highway":"unclassified"},"geometry":{"type":"LineString","coordinates":[[12.683256,46.104514],[12.683202,46.104516],[12.683157,46.104506]]}},{"type":"Feature","properties":{"u":13309595130,"v":13309595132,"length":4.146,"highway":"unclassified"},"geometry":{"type":"LineString","coordinates":[[12.68327,46.104478],[12.683256,46.104514]]}},{"type":"Feature","properties":{"u":13309595135,"v":13309595137,"length":10.766,"highway":"unclassified"},"geometry":{"type":"LineString","coordinates":[[12.683166,46.104436],[12.683237,46.10444],[12.683296,46.104416]]}},{"type":"Feature","properties":{"u":13309595137,"v":13309595130,"length":7.18,"highway":"unclassified"},"geometry":{"type":"LineString","coordinates":[[12.683296,46.104416],[12.68327,46.104478]]}},{"type":"Feature","properties":{"u":275052680,"v":4218114116,"length":9.113,"highway":"primary"},"geometry":{"type":"LineString","coordinates":[[12.632604,46.165657],[12.632671,46.165635],[12.632711,46.165622]]}},{"type":"Feature","properties":{"u":13314529804,"v":275052149,"length":4.009,"highway":"primary"},"geometry":{"type":"LineString","coordinates":[[12.606344,46.195229],[12.606392,46.195215]]}},{"type":"Feature","properties":{"u":1112363518,"v":1112363040,"length":68.15,"highway":"residential"},"geometry":{"type":"LineString","coordinates":[[12.710814,46.160838],[12.710835,46.160907],[12.710841,46.161006],[12.710864,46.161449]]}},{"type":"Feature","properties":{"u":1112363105,"v":1112363327,"length":934.128,"highway":"unclassified"},"geometry":{"type":"LineString","coordinates":[[12.721612,46.165214],[12.721747,46.165231],[12.722349,46.165269],[12.723161,46.165286],[12.724324,46.165323],[12.724688,46.165292],[12.725145,46.165185],[12.725569,46.165016],[12.725846,46.164972],[12.726351,46.164952],[12.727348,46.164955],[12.728554,46.164875],[12.731753,46.164851],[12.732573,46.164852],[12.732789,46.164827],[12.73358,46.164639]]}},{"type":"Feature","properties":{"u":1112363327,"v":13622761981,"length":2.806,"highway":"unclassified"},"geometry":{"type":"LineString","coordinates":[[12.73358,46.164639],[12.733615,46.164632]]}},{"type":"Feature","properties":{"u":13622761986,"v":1117723954,"length":36.825,"highway":"tertiary"},"geometry":{"type":"LineString","coordinates":[[12.733547,46.154624],[12.733488,46.154632],[12.733261,46.154661],[12.733083,46.154701]]}},{"type":"Feature","properties":{"u":13622761985,"v":13622761986,"length":3.628,"highway":"tertiary"},"geometry":{"type":"LineString","coordinates":[[12.733593,46.154617],[12.733547,46.154624]]}},{"type":"Feature","properties":{"u":9890662012,"v":295280476,"length":30.784,"highway":"unclassified"},"geometry":{"type":"LineString","coordinates":[[12.707924,46.171203],[12.707797,46.17126],[12.707598,46.171363]]}},{"type":"Feature","properties":{"u":2299408602,"v":2299413620,"length":4.314,"highway":"residential"},"geometry":{"type":"LineString","coordinates":[[12.70109,46.14465],[12.701046,46.144626]]}},{"type":"Feature","properties":{"u":13753540057,"v":1112362950,"length":51.567,"highway":"residential"},"geometry":{"type":"LineString","coordinates":[[12.71868,46.163363],[12.71897,46.162945]]}},{"type":"Feature","properties":{"u":13753540057,"v":1112363229,"length":292.394,"highway":"residential"},"geometry":{"type":"LineString","coordinates":[[12.71868,46.163363],[12.719972,46.163752],[12.720288,46.163872],[12.720573,46.164059],[12.720724,46.164211],[12.720835,46.164362],[12.720892,46.164532],[12.720925,46.164932],[12.720938,46.165135]]}},{"type":"Feature","properties":{"u":13753572432,"v":13753572433,"length":38.04,"highway":"residential"},"geometry":{"type":"LineString","coordinates":[[12.713305,46.171375],[12.713093,46.171684]]}},{"type":"Feature","properties":{"u":275048707,"v":965438403,"length":138.669,"highway":"secondary","maxspeed":50},"geometry":{"type":"LineString","coordinates":[[12.723249,46.175916],[12.724939,46.176347]]}},{"type":"Feature","properties":{"u":965438403,"v":275048709,"length":116.189,"highway":"secondary","maxspeed":50},"geometry":{"type":"LineString","coordinates":[[12.724939,46.176347],[12.72623,46.176664],[12.726358,46.176702]]}},{"type":"Feature","properties":{"u":13754339408,"v":275047843,"length":199.974,"highway":"primary","maxspeed":70},"geometry":{"type":"LineString","coordinates":[[12.724247,46.174929],[12.724256,46.174931],[12.725211,46.175166],[12.725385,46.175193],[12.725627,46.175212],[12.725764,46.175218],[12.725857,46.175219],[12.725982,46.175213],[12.726114,46.175195],[12.72622,46.175166],[12.72634,46.175122],[12.726452,46.175078],[12.726597,46.175003],[12.72667,46.174953]]}},{"type":"Feature","properties":{"u":13754512225,"v":13754512230,"length":85.915,"highway":"unclassified","maxspeed":20},"geometry":{"type":"LineString","coordinates":[[12.696282,46.164715],[12.696417,46.164543],[12.696495,46.164414],[12.696571,46.164268],[12.696627,46.164096],[12.696642,46.163991]]}},{"type":"Feature","properties":{"u":471486347,"v":14106917057,"length":50.884,"highway":"residential","maxspeed":50},"geometry":{"type":"LineString","coordinates":[[12.588244,46.067256],[12.587866,46.066881]]}}]}
